game_pk,pitcher,episode_id,onset_pitch,end_pitch,onset_pa,end_pa,game_date,dataset_split,actual_data_source,label_confirmed_pitch,onset_pa_event,window_blended_xwoba,collapse_reason,onset_pa_blended_xwoba,xwoba_source,onset_window_pas,duration_pitches,duration_pas,recognition_delay_pitches,pre_onset_pas_in_window,onset_during_calibration,protocol_warning_opportunities,mechanics_warning_opportunities
716352,650633,1,13,25,4,8,2023-10-01,train,mlb_statcast,14,home_run,0.651,xwOBA,1.669282051282051,persisted_estimated_woba_value,3,13,5,1,2,True,0,0
716352,650633,2,56,71,16,19,2023-10-01,train,mlb_statcast,57,home_run,0.955,xwOBA,1.8348,persisted_estimated_woba_value,3,16,4,1,2,False,15,15
716353,668881,1,21,28,6,7,2023-10-01,train,mlb_statcast,27,hit_by_pitch,0.499,xwOBA,0.726005,persisted_estimated_woba_value,3,8,2,6,2,False,0,0
716353,668881,2,49,60,12,15,2023-10-01,train,mlb_statcast,50,double,0.477,xwOBA,0.909,persisted_estimated_woba_value,3,12,4,1,2,False,15,15
716353,668881,3,76,81,21,21,2023-10-01,train,mlb_statcast,81,single,0.583,xwOBA,0.927,persisted_estimated_woba_value,3,6,1,5,2,False,15,15
716353,668881,4,88,88,23,23,2023-10-01,train,mlb_statcast,88,field_out,0.467,xwOBA,0.4726999999999999,persisted_estimated_woba_value,3,1,1,0,2,False,15,15
716358,664299,1,15,20,5,5,2023-10-01,train,mlb_statcast,20,single,0.496,xwOBA,0.918,persisted_estimated_woba_value,3,6,1,5,2,True,0,0
716358,664299,2,70,73,21,21,2023-10-01,train,mlb_statcast,73,single,0.489,xwOBA,0.956,persisted_estimated_woba_value,3,4,1,3,2,False,15,15
716360,641540,1,21,22,8,8,2023-10-01,train,mlb_statcast,22,single,0.497,xwOBA,0.807,persisted_estimated_woba_value,3,2,1,1,2,False,0,0
716360,641540,2,44,54,14,15,2023-10-01,train,mlb_statcast,47,single,0.462,xwOBA,0.813,persisted_estimated_woba_value,3,11,2,3,2,False,15,14
716361,593958,1,7,11,3,3,2023-10-01,train,mlb_statcast,11,single,0.481,xwOBA,0.72,persisted_estimated_woba_value,3,5,1,4,2,True,0,0
716361,593958,2,60,70,17,19,2023-10-01,train,mlb_statcast,62,home_run,0.608,xwOBA,1.5334000000000003,persisted_estimated_woba_value,3,11,3,2,2,False,15,15
716361,593958,3,73,75,21,21,2023-10-01,train,mlb_statcast,75,double,0.452,xwOBA,0.6355714285714285,persisted_estimated_woba_value,3,3,1,2,2,False,15,15
716369,675911,1,19,24,6,6,2023-09-30,train,mlb_statcast,24,walk,0.529,xwOBA,0.695903,persisted_estimated_woba_value,3,6,1,5,2,True,0,0
716369,675911,2,40,46,10,11,2023-09-30,train,mlb_statcast,43,field_out,0.451,xwOBA,0.422,persisted_estimated_woba_value,3,7,2,3,2,False,15,15
716369,675911,3,92,94,25,25,2023-09-30,train,mlb_statcast,94,field_out,0.593,xwOBA,0.457,persisted_estimated_woba_value,3,3,1,2,2,False,15,15
716377,502043,1,20,31,6,7,2023-09-30,train,mlb_statcast,26,walk,0.525,xwOBA,0.695903,persisted_estimated_woba_value,3,12,2,6,2,True,0,0
716377,502043,2,37,48,11,14,2023-09-30,train,mlb_statcast,39,single,0.569,xwOBA,0.7751,persisted_estimated_woba_value,3,12,4,2,2,False,15,15
716377,502043,3,51,56,16,16,2023-09-30,train,mlb_statcast,56,field_out,0.465,xwOBA,0.305,persisted_estimated_woba_value,3,6,1,5,2,False,15,15
716385,543294,1,58,61,19,19,2023-09-29,train,mlb_statcast,61,walk,0.523,xwOBA,0.695903,persisted_estimated_woba_value,3,4,1,3,2,False,15,15
716391,656302,1,31,42,6,8,2023-09-29,train,mlb_statcast,33,single,0.491,xwOBA,0.938,persisted_estimated_woba_value,3,12,3,2,2,False,10,10
716391,656302,2,91,95,20,20,2023-09-29,train,mlb_statcast,95,field_out,0.549,xwOBA,0.516,persisted_estimated_woba_value,3,5,1,4,2,False,15,14
716392,579328,1,37,39,12,12,2023-09-29,train,mlb_statcast,39,field_out,0.528,xwOBA,0.694,persisted_estimated_woba_value,3,3,1,2,2,False,15,12
716392,579328,2,67,76,19,20,2023-09-29,train,mlb_statcast,68,home_run,1.069,xwOBA+barrels,1.9678461538461536,persisted_estimated_woba_value,3,10,2,1,2,False,15,14
716396,669203,1,37,42,11,12,2023-09-28,train,mlb_statcast,37,double,0.524,xwOBA,0.627,persisted_estimated_woba_value,3,6,2,0,2,False,15,15
716396,669203,2,48,66,14,18,2023-09-28,train,mlb_statcast,51,single,0.501,xwOBA,0.807,persisted_estimated_woba_value,3,19,5,3,2,False,15,15
716398,665795,1,4,10,2,3,2023-09-29,train,mlb_statcast,8,walk,0.786,xwOBA,0.695903,persisted_estimated_woba_value,2,7,2,4,1,True,0,0
716398,665795,2,35,36,10,10,2023-09-29,train,mlb_statcast,36,single,0.625,xwOBA,0.899,persisted_estimated_woba_value,3,2,1,1,2,False,14,14
716398,665795,3,42,44,12,12,2023-09-29,train,mlb_statcast,44,field_out,0.487,xwOBA,0.561,persisted_estimated_woba_value,3,3,1,2,2,False,15,15
716398,665795,4,59,67,19,19,2023-09-29,train,mlb_statcast,67,walk,0.516,xwOBA,0.695903,persisted_estimated_woba_value,3,9,1,8,2,False,15,15
716401,666142,1,18,23,6,7,2023-09-28,train,mlb_statcast,19,field_out,0.584,xwOBA,0.473,persisted_estimated_woba_value,3,6,2,1,2,True,0,0
716401,666142,2,84,96,25,27,2023-09-28,train,mlb_statcast,89,walk,0.561,xwOBA,0.695903,persisted_estimated_woba_value,3,13,3,5,2,False,15,15
716402,519242,1,8,21,3,5,2023-09-28,train,mlb_statcast,16,home_run,0.797,xwOBA,1.8184285714285708,persisted_estimated_woba_value,3,14,3,8,2,True,0,0
716402,519242,2,34,38,9,11,2023-09-28,train,mlb_statcast,34,single,0.538,xwOBA,0.904,persisted_estimated_woba_value,3,5,3,0,2,False,13,13
716402,519242,3,45,53,13,13,2023-09-28,train,mlb_statcast,53,walk,0.555,xwOBA,0.695903,persisted_estimated_woba_value,3,9,1,8,2,False,15,15
716404,656849,1,50,57,11,12,2023-09-28,train,mlb_statcast,50,single,0.486,xwOBA,0.762,persisted_estimated_woba_value,3,8,2,0,2,False,15,15
716404,656849,2,67,68,15,15,2023-09-28,train,mlb_statcast,68,field_out,0.473,xwOBA,0.6251600000000002,persisted_estimated_woba_value,3,2,1,1,2,False,15,15
716404,656849,3,80,85,20,20,2023-09-28,train,mlb_statcast,85,walk,0.488,xwOBA+BB/HBP,0.695903,persisted_estimated_woba_value,3,6,1,5,2,False,15,15
716409,554430,1,23,24,6,6,2023-09-28,train,mlb_statcast,24,single,0.473,xwOBA,0.661,persisted_estimated_woba_value,3,2,1,1,2,False,2,2
716409,554430,2,56,60,14,14,2023-09-28,train,mlb_statcast,60,field_out,0.502,xwOBA,0.506,persisted_estimated_woba_value,3,5,1,4,2,False,15,15
716411,666129,1,13,23,3,5,2023-09-27,train,mlb_statcast,18,home_run,0.893,xwOBA,1.9843333333333333,persisted_estimated_woba_value,3,11,3,5,2,True,0,0
716411,666129,2,29,35,7,7,2023-09-27,train,mlb_statcast,35,walk,0.535,xwOBA,0.695903,persisted_estimated_woba_value,3,7,1,6,2,False,8,8
716411,666129,3,55,68,13,15,2023-09-27,train,mlb_statcast,60,home_run,0.789,xwOBA,1.6648043478260868,persisted_estimated_woba_value,3,14,3,5,2,False,15,15
716413,543037,1,31,46,11,13,2023-09-27,train,mlb_statcast,31,field_out,0.532,xwOBA,1.3596212121212112,persisted_estimated_woba_value,3,16,3,0,2,False,10,10
716413,543037,2,55,62,16,17,2023-09-27,train,mlb_statcast,57,field_out,0.541,xwOBA,1.0031739130434782,persisted_estimated_woba_value,3,8,2,2,2,False,15,15
716415,670912,1,11,23,4,5,2023-09-27,train,mlb_statcast,17,walk,0.5,xwOBA,0.695903,persisted_estimated_woba_value,3,13,2,6,2,True,0,0
716415,670912,2,51,52,13,13,2023-09-27,train,mlb_statcast,52,double,0.539,xwOBA,0.906,persisted_estimated_woba_value,3,2,1,1,2,False,15,15
716415,670912,3,58,71,15,18,2023-09-27,train,mlb_statcast,65,walk,0.534,xwOBA,0.695903,persisted_estimated_woba_value,3,14,4,7,2,False,15,15
716415,670912,4,74,90,20,24,2023-09-27,train,mlb_statcast,75,home_run,0.813,xwOBA,1.6079264705882348,persisted_estimated_woba_value,3,17,5,1,2,False,15,15
716420,641540,1,59,61,16,16,2023-09-27,train,mlb_statcast,61,field_out,0.543,xwOBA,0.643,persisted_estimated_woba_value,3,3,1,2,2,False,15,15
716425,664299,1,37,47,9,10,2023-09-26,train,mlb_statcast,43,field_out,0.574,xwOBA,0.408,persisted_estimated_woba_value,3,11,2,6,2,False,15,15
716425,664299,2,51,55,12,12,2023-09-26,train,mlb_statcast,55,walk,0.476,xwOBA+BB/HBP,0.695903,persisted_estimated_woba_value,3,5,1,4,2,False,15,15
716425,664299,3,87,91,20,20,2023-09-26,train,mlb_statcast,91,walk,0.497,xwOBA,0.695903,persisted_estimated_woba_value,3,5,1,4,2,False,15,15
716426,640455,1,97,100,24,24,2023-09-27,train,mlb_statcast,100,home_run,0.513,xwOBA,1.5334000000000003,persisted_estimated_woba_value,3,4,1,3,2,False,15,14
716431,592332,1,5,28,2,5,2023-09-26,train,mlb_statcast,10,walk,0.693,xwOBA,0.695903,persisted_estimated_woba_value,2,24,4,5,1,True,0,0
716431,592332,2,75,79,20,20,2023-09-26,train,mlb_statcast,79,field_out,0.622,xwOBA,0.566,persisted_estimated_woba_value,3,5,1,4,2,False,15,15
716431,592332,3,85,87,22,22,2023-09-26,train,mlb_statcast,87,double,0.468,xwOBA,0.787,persisted_estimated_woba_value,3,3,1,2,2,False,15,15
716431,650633,1,45,54,11,12,2023-09-26,train,mlb_statcast,48,walk,0.486,xwOBA+BB/HBP,0.695903,persisted_estimated_woba_value,3,10,2,3,2,False,15,15
716432,605400,1,77,88,20,22,2023-09-26,train,mlb_statcast,78,home_run,0.689,xwOBA,1.875545454545455,persisted_estimated_woba_value,3,12,3,1,2,False,15,15
716433,681857,1,3,14,2,3,2023-09-26,train,mlb_statcast,8,walk,0.794,xwOBA,0.695903,persisted_estimated_woba_value,2,12,2,5,1,True,0,0
716433,681857,2,33,38,9,9,2023-09-26,train,mlb_statcast,38,walk,0.538,xwOBA,0.695903,persisted_estimated_woba_value,3,6,1,5,2,False,12,12
716433,681857,3,81,88,20,22,2023-09-26,train,mlb_statcast,81,triple,0.65,xwOBA+barrels,0.916,persisted_estimated_woba_value,3,8,3,0,2,False,15,15
716435,668881,1,36,42,9,10,2023-09-26,train,mlb_statcast,39,double,0.483,xwOBA,0.4196666666666666,persisted_estimated_woba_value,3,7,2,3,2,False,15,15
716435,668881,2,47,60,13,16,2023-09-26,train,mlb_statcast,51,home_run,0.511,xwOBA,0.8694594594594595,persisted_estimated_woba_value,3,14,4,4,2,False,15,15
716435,668881,3,68,70,18,18,2023-09-26,train,mlb_statcast,70,single,0.583,xwOBA,0.926,persisted_estimated_woba_value,3,3,1,2,2,False,15,15
716440,663776,1,7,16,3,4,2023-09-25,train,mlb_statcast,10,walk,0.503,xwOBA,0.695903,persisted_estimated_woba_value,3,10,2,3,2,True,0,0
716440,663776,2,18,40,6,10,2023-09-25,train,mlb_statcast,22,single,0.452,xwOBA,0.833,persisted_estimated_woba_value,3,23,5,4,2,True,0,0
716440,663776,3,55,65,14,15,2023-09-25,train,mlb_statcast,59,walk,0.49,xwOBA+BB/HBP,0.695903,persisted_estimated_woba_value,3,11,2,4,2,False,15,13
716441,657277,1,4,10,2,2,2023-09-25,train,mlb_statcast,10,double,0.466,xwOBA,0.679,persisted_estimated_woba_value,2,7,1,6,1,True,0,0
716441,657277,2,16,24,6,7,2023-09-25,train,mlb_statcast,22,field_out,0.473,xwOBA,0.455,persisted_estimated_woba_value,3,9,2,6,2,True,0,0
716441,657277,3,100,105,31,32,2023-09-25,train,mlb_statcast,103,single,0.603,xwOBA,0.886,persisted_estimated_woba_value,3,6,2,3,2,False,15,15
716442,593958,1,34,45,10,12,2023-09-24,train,mlb_statcast,35,double,0.453,xwOBA,0.867,persisted_estimated_woba_value,3,12,3,1,2,False,13,13
716442,593958,2,52,54,16,16,2023-09-24,train,mlb_statcast,54,single,0.616,xwOBA,0.855,persisted_estimated_woba_value,3,3,1,2,2,False,15,15
716442,593958,3,63,69,18,18,2023-09-24,train,mlb_statcast,69,walk,0.517,xwOBA,0.695903,persisted_estimated_woba_value,3,7,1,6,2,False,15,15
716447,665795,1,78,84,22,22,2023-09-24,train,mlb_statcast,84,hit_by_pitch,0.517,xwOBA,0.726005,persisted_estimated_woba_value,3,7,1,6,2,False,15,15
716450,502043,1,51,53,13,13,2023-09-24,train,mlb_statcast,53,field_out,0.535,xwOBA,0.406,persisted_estimated_woba_value,3,3,1,2,2,False,15,15
716450,502043,2,64,72,18,20,2023-09-24,train,mlb_statcast,65,field_out,0.48,xwOBA,0.507,persisted_estimated_woba_value,3,9,3,1,2,False,15,15
716452,579328,1,14,22,4,6,2023-09-24,train,mlb_statcast,15,single,0.51,xwOBA,0.869,persisted_estimated_woba_value,3,9,3,1,2,True,0,0
716452,579328,2,49,68,12,17,2023-09-24,train,mlb_statcast,49,single,0.588,xwOBA,0.7478400000000002,persisted_estimated_woba_value,3,20,6,0,2,False,15,15
716454,650911,1,63,63,15,15,2023-09-24,train,mlb_statcast,63,single,0.678,xwOBA,0.86,persisted_estimated_woba_value,3,1,1,0,2,False,15,15
716454,650911,2,76,87,20,22,2023-09-24,train,mlb_statcast,78,home_run,0.895,xwOBA,1.7829090909090908,persisted_estimated_woba_value,3,12,3,2,2,False,15,15
716466,554430,1,16,22,5,5,2023-09-23,train,mlb_statcast,22,walk,0.455,xwOBA,0.695903,persisted_estimated_woba_value,3,7,1,6,2,True,0,0
716466,554430,2,25,29,7,7,2023-09-23,train,mlb_statcast,29,fielders_choice,0.498,xwOBA,0.334,persisted_estimated_woba_value,3,5,1,4,2,False,4,4
716466,554430,3,89,95,26,28,2023-09-23,train,mlb_statcast,90,single,0.47,xwOBA,0.588,persisted_estimated_woba_value,3,7,3,1,2,False,15,14
716467,675911,1,38,49,12,15,2023-09-24,train,mlb_statcast,42,double,0.59,xwOBA,0.874,persisted_estimated_woba_value,3,12,4,4,2,False,15,15
716467,675911,2,89,95,25,25,2023-09-24,train,mlb_statcast,95,walk,0.481,xwOBA,0.695903,persisted_estimated_woba_value,3,7,1,6,2,False,15,15
716468,656302,1,59,63,16,16,2023-09-23,train,mlb_statcast,63,double,0.523,xwOBA,0.908,persisted_estimated_woba_value,3,5,1,4,2,False,15,15
716469,573186,1,20,25,5,6,2023-09-23,train,mlb_statcast,22,field_out,0.579,xwOBA,0.421,persisted_estimated_woba_value,3,6,2,2,2,True,0,0
716469,573186,2,58,62,14,14,2023-09-23,train,mlb_statcast,62,walk,0.501,xwOBA,0.695903,persisted_estimated_woba_value,3,5,1,4,2,False,15,15
716473,666142,1,6,39,2,8,2023-09-22,train,mlb_statcast,10,force_out,0.493,xwOBA,0.291,persisted_estimated_woba_value,2,34,7,4,1,True,0,0
716473,666142,2,55,57,14,15,2023-09-22,train,mlb_statcast,55,triple,0.635,xwOBA,1.168227272727273,persisted_estimated_woba_value,3,3,2,0,2,False,15,15
716473,666142,3,79,87,22,23,2023-09-22,train,mlb_statcast,85,walk,0.464,xwOBA+BB/HBP,0.695903,persisted_estimated_woba_value,3,9,2,6,2,False,15,15
716474,640455,1,33,33,9,9,2023-09-22,train,mlb_statcast,33,single,0.461,xwOBA,0.525,persisted_estimated_woba_value,3,1,1,0,2,False,12,12
716474,640455,2,41,54,11,14,2023-09-22,train,mlb_statcast,43,field_out,0.622,xwOBA,1.1678297872340424,persisted_estimated_woba_value,3,14,4,2,2,False,15,15
716477,641540,1,47,49,14,16,2023-09-22,train,mlb_statcast,47,force_out,0.47,xwOBA,0.662,persisted_estimated_woba_value,3,3,3,0,2,False,15,15
716477,641540,2,67,76,21,23,2023-09-22,train,mlb_statcast,69,home_run,0.907,xwOBA,1.5405238095238094,persisted_estimated_woba_value,3,10,3,2,2,False,15,14
716478,519242,1,18,30,4,6,2023-09-22,train,mlb_statcast,20,field_out,0.656,xwOBA,1.1250399999999996,persisted_estimated_woba_value,3,13,3,2,2,True,0,0
716482,669203,1,3,20,2,4,2023-09-22,train,mlb_statcast,9,single,0.541,xwOBA,0.845,persisted_estimated_woba_value,2,18,3,6,1,True,0,0
716490,656849,1,5,17,2,4,2023-09-21,train,mlb_statcast,11,walk,0.696,xwOBA+BB/HBP,0.695903,persisted_estimated_woba_value,2,13,3,6,1,True,0,0
716490,656849,2,21,26,6,6,2023-09-21,train,mlb_statcast,26,single,0.5,xwOBA,0.592,persisted_estimated_woba_value,3,6,1,5,2,False,0,0
716490,656849,3,51,70,12,14,2023-09-21,train,mlb_statcast,57,home_run,0.584,xwOBA,1.0987333333333331,persisted_estimated_woba_value,3,20,3,6,2,False,15,15
716493,543294,1,5,6,2,2,2023-09-21,train,mlb_statcast,6,field_out,0.586,xwOBA,0.976860465116279,persisted_estimated_woba_value,2,2,1,1,1,True,0,0
716493,543294,2,19,29,6,7,2023-09-21,train,mlb_statcast,25,walk,0.468,xwOBA,0.695903,persisted_estimated_woba_value,3,11,2,6,2,True,0,0
716493,543294,3,72,83,20,23,2023-09-21,train,mlb_statcast,72,field_out,0.672,xwOBA,0.878,persisted_estimated_woba_value,3,12,4,0,2,False,15,14
716493,670912,1,15,19,4,4,2023-09-21,train,mlb_statcast,19,walk,0.453,xwOBA,0.695903,persisted_estimated_woba_value,3,5,1,4,2,True,0,0
716493,670912,2,37,41,11,11,2023-09-21,train,mlb_statcast,41,walk,0.493,xwOBA,0.695903,persisted_estimated_woba_value,3,5,1,4,2,False,15,15
716493,670912,3,46,49,13,13,2023-09-21,train,mlb_statcast,49,walk,0.464,xwOBA+BB/HBP,0.695903,persisted_estimated_woba_value,3,4,1,3,2,False,15,15
716493,670912,4,62,73,18,21,2023-09-21,train,mlb_statcast,63,single,0.545,xwOBA,0.781,persisted_estimated_woba_value,3,12,4,1,2,False,15,15
716493,670912,5,83,86,27,27,2023-09-21,train,mlb_statcast,86,field_out,0.465,xwOBA,0.39,persisted_estimated_woba_value,3,4,1,3,2,False,15,15
716494,681857,1,21,23,5,5,2023-09-20,train,mlb_statcast,23,field_out,0.562,xwOBA,0.661,persisted_estimated_woba_value,3,3,1,2,2,False,0,0
716494,681857,2,48,57,13,14,2023-09-20,train,mlb_statcast,53,walk,0.584,xwOBA,0.695903,persisted_estimated_woba_value,3,10,2,5,2,False,15,15
716494,681857,3,86,94,21,22,2023-09-20,train,mlb_statcast,88,home_run,0.649,xwOBA,1.8826071428571427,persisted_estimated_woba_value,3,9,2,2,2,False,15,15
716499,657277,1,51,60,11,14,2023-09-20,train,mlb_statcast,54,walk,0.46,xwOBA,0.695903,persisted_estimated_woba_value,3,10,4,3,2,False,15,15
716499,657277,2,68,70,16,16,2023-09-20,train,mlb_statcast,70,single,0.47,xwOBA,0.894,persisted_estimated_woba_value,3,3,1,2,2,False,15,15
716499,657277,3,77,77,21,21,2023-09-20,train,mlb_statcast,77,field_out,0.635,xwOBA,0.806,persisted_estimated_woba_value,3,1,1,0,2,False,15,15
716499,657277,4,82,94,23,25,2023-09-20,train,mlb_statcast,90,walk,0.562,xwOBA,0.695903,persisted_estimated_woba_value,3,13,3,8,2,False,15,15
716501,650644,1,4,12,2,4,2023-09-20,train,mlb_statcast,8,single,0.862,xwOBA,0.923,persisted_estimated_woba_value,2,9,3,4,1,True,0,0
716501,650644,2,38,47,10,12,2023-09-20,train,mlb_statcast,40,hit_by_pitch,0.544,xwOBA,0.726005,persisted_estimated_woba_value,3,10,3,2,2,False,15,15
716501,650644,3,54,55,14,14,2023-09-20,train,mlb_statcast,55,single,0.677,xwOBA,1.1678297872340424,persisted_estimated_woba_value,3,2,1,1,2,False,15,15
716502,592332,1,14,22,3,4,2023-09-20,train,mlb_statcast,18,walk,0.464,xwOBA+BB/HBP,0.695903,persisted_estimated_woba_value,3,9,2,4,2,True,0,0
716502,592332,2,53,60,12,13,2023-09-20,train,mlb_statcast,57,single,0.524,xwOBA,0.224,persisted_estimated_woba_value,3,8,2,4,2,False,15,15
716502,650633,1,39,43,11,12,2023-09-20,train,mlb_statcast,40,single,0.479,xwOBA,0.376,persisted_estimated_woba_value,3,5,2,1,2,False,15,15
716506,668881,1,28,28,8,8,2023-09-20,train,mlb_statcast,28,single,0.451,xwOBA,0.6,persisted_estimated_woba_value,3,1,1,0,2,False,7,7
716509,605400,1,54,65,14,16,2023-09-20,train,mlb_statcast,59,field_out,0.565,xwOBA,0.781,persisted_estimated_woba_value,3,12,3,5,2,False,15,15
716509,605400,2,70,73,18,19,2023-09-20,train,mlb_statcast,70,single,0.704,xwOBA,0.766,persisted_estimated_woba_value,3,4,2,0,2,False,15,15
716509,605400,3,91,94,24,24,2023-09-20,train,mlb_statcast,94,field_out,0.493,xwOBA,0.5,persisted_estimated_woba_value,3,4,1,3,2,False,15,15
716514,502043,1,12,25,4,6,2023-09-19,train,mlb_statcast,17,home_run,0.537,xwOBA,1.5254000000000008,persisted_estimated_woba_value,3,14,3,5,2,True,0,0
716514,502043,2,43,54,11,13,2023-09-19,train,mlb_statcast,48,home_run,0.492,xwOBA,0.5614545454545454,persisted_estimated_woba_value,3,12,3,5,2,False,15,15
716514,502043,3,61,63,15,15,2023-09-19,train,mlb_statcast,63,field_out,0.451,xwOBA,0.5487142857142858,persisted_estimated_woba_value,3,3,1,2,2,False,15,15
716517,671106,1,5,22,2,5,2023-09-19,train,mlb_statcast,8,single,0.51,xwOBA,0.88,persisted_estimated_woba_value,2,18,4,3,1,True,0,0
716517,671106,2,44,61,11,14,2023-09-19,train,mlb_statcast,45,grounded_into_double_play,0.559,xwOBA,0.591,persisted_estimated_woba_value,3,18,4,1,2,False,15,15
716521,650911,1,2,3,2,2,2023-09-19,train,mlb_statcast,3,field_out,0.617,xwOBA,0.108,persisted_estimated_woba_value,2,2,1,1,1,True,0,0
716521,650911,2,12,21,5,6,2023-09-19,train,mlb_statcast,17,walk,0.529,xwOBA,0.695903,persisted_estimated_woba_value,3,10,2,5,2,True,0,0
716521,650911,3,47,59,14,17,2023-09-19,train,mlb_statcast,48,single,0.567,xwOBA,0.85,persisted_estimated_woba_value,3,13,4,1,2,False,15,15
716521,675911,1,71,86,19,23,2023-09-19,train,mlb_statcast,73,single,0.478,xwOBA,0.773,persisted_estimated_woba_value,3,16,5,2,2,False,15,15
716523,666129,1,7,7,2,2,2023-09-19,train,mlb_statcast,7,double,0.48,xwOBA,0.781,persisted_estimated_woba_value,2,1,1,0,1,True,0,0
716523,666129,2,47,50,12,12,2023-09-19,train,mlb_statcast,50,single,0.551,xwOBA,0.944,persisted_estimated_woba_value,3,4,1,3,2,False,15,15
716524,663776,1,3,15,2,4,2023-09-19,train,mlb_statcast,5,home_run,0.817,xwOBA,1.193945454545454,persisted_estimated_woba_value,2,13,3,2,1,True,0,0
716524,663776,2,19,26,6,7,2023-09-19,train,mlb_statcast,22,double,0.476,xwOBA,0.784,persisted_estimated_woba_value,3,8,2,3,2,True,0,0
716524,663776,3,86,91,19,19,2023-09-19,train,mlb_statcast,91,walk,0.464,xwOBA+BB/HBP,0.695903,persisted_estimated_woba_value,3,6,1,5,2,False,15,13
716528,593958,1,16,26,4,6,2023-09-18,train,mlb_statcast,19,home_run,0.702,xwOBA,1.3167931034482756,persisted_estimated_woba_value,3,11,3,3,2,True,0,0
716528,593958,2,42,69,11,15,2023-09-18,train,mlb_statcast,46,single,0.567,xwOBA,0.773,persisted_estimated_woba_value,3,28,5,4,2,False,15,15
716529,663903,1,52,56,15,17,2023-09-18,train,mlb_statcast,54,home_run,0.791,xwOBA,1.3167931034482756,persisted_estimated_woba_value,3,5,3,2,2,False,15,15
716532,554430,1,2,10,2,4,2023-09-18,train,mlb_statcast,3,home_run,0.97,xwOBA,1.654295454545455,persisted_estimated_woba_value,2,9,3,1,1,True,0,0
716532,554430,2,50,55,13,13,2023-09-18,train,mlb_statcast,55,walk,0.456,xwOBA,0.695903,persisted_estimated_woba_value,3,6,1,5,2,False,15,14
716532,554430,3,84,90,21,21,2023-09-18,train,mlb_statcast,90,walk,0.534,xwOBA,0.695903,persisted_estimated_woba_value,3,7,1,6,2,False,15,15
716535,665795,1,57,67,16,18,2023-09-18,train,mlb_statcast,61,walk,0.474,xwOBA,0.695903,persisted_estimated_woba_value,3,11,3,4,2,False,15,15
716536,669194,1,54,64,11,13,2023-09-17,train,mlb_statcast,57,walk,0.545,xwOBA,0.695903,persisted_estimated_woba_value,3,11,3,3,2,False,15,15
716540,640455,1,19,28,6,7,2023-09-17,train,mlb_statcast,23,single,0.542,xwOBA,0.834,persisted_estimated_woba_value,3,10,2,4,2,True,0,0
716540,640455,2,55,56,15,15,2023-09-17,train,mlb_statcast,56,force_out,0.482,xwOBA,0.574,persisted_estimated_woba_value,3,2,1,1,2,False,15,15
716540,640455,3,81,87,23,24,2023-09-17,train,mlb_statcast,84,home_run,0.797,xwOBA,1.4801764705882352,persisted_estimated_woba_value,3,7,2,3,2,False,15,15
716542,656302,1,69,87,18,20,2023-09-17,train,mlb_statcast,77,walk,0.51,xwOBA,0.695903,persisted_estimated_woba_value,3,19,3,8,2,False,15,14
716554,542881,1,9,18,2,3,2023-09-16,train,mlb_statcast,14,single,0.759,xwOBA,0.822,persisted_estimated_woba_value,2,10,2,5,1,True,0,0
716554,542881,2,38,44,8,9,2023-09-16,train,mlb_statcast,42,field_out,0.518,xwOBA,0.234,persisted_estimated_woba_value,3,7,2,4,2,False,15,15
716554,542881,3,67,70,16,16,2023-09-16,train,mlb_statcast,70,field_out,0.5,xwOBA,0.395,persisted_estimated_woba_value,3,4,1,3,2,False,15,14
716554,542881,4,81,84,20,20,2023-09-16,train,mlb_statcast,84,field_out,0.453,xwOBA,0.631,persisted_estimated_woba_value,3,4,1,3,2,False,15,15
716558,543294,1,14,18,4,4,2023-09-16,train,mlb_statcast,18,field_out,0.497,xwOBA,0.367,persisted_estimated_woba_value,3,5,1,4,2,True,0,0
716558,543294,2,40,45,12,14,2023-09-16,train,mlb_statcast,41,triple,0.845,xwOBA,1.6155178571428572,persisted_estimated_woba_value,3,6,3,1,2,False,15,14
716558,543294,3,50,57,18,19,2023-09-16,train,mlb_statcast,53,field_out,0.457,xwOBA,0.5922857142857143,persisted_estimated_woba_value,3,8,2,3,2,False,15,15
716558,543294,4,70,73,24,24,2023-09-16,train,mlb_statcast,73,single,0.705,xwOBA,0.854,persisted_estimated_woba_value,3,4,1,3,2,False,15,13
716559,669203,1,23,33,7,9,2023-09-16,train,mlb_statcast,26,home_run,0.682,xwOBA,1.6155178571428572,persisted_estimated_woba_value,3,11,3,3,2,False,2,2
716559,669203,2,44,44,13,13,2023-09-16,train,mlb_statcast,44,single,0.468,xwOBA,0.893,persisted_estimated_woba_value,3,1,1,0,2,False,15,15
716559,669203,3,80,80,21,21,2023-09-16,train,mlb_statcast,80,single,0.453,xwOBA,0.662,persisted_estimated_woba_value,3,1,1,0,2,False,15,15
716559,669203,4,88,101,23,25,2023-09-16,train,mlb_statcast,91,walk,0.567,xwOBA,0.695903,persisted_estimated_woba_value,3,14,3,3,2,False,15,15
716560,666142,1,39,55,12,14,2023-09-16,train,mlb_statcast,45,field_out,0.51,xwOBA,0.795,persisted_estimated_woba_value,3,17,3,6,2,False,15,15
716560,666142,2,61,73,16,19,2023-09-16,train,mlb_statcast,65,home_run,0.645,xwOBA,1.9335714285714287,persisted_estimated_woba_value,3,13,4,4,2,False,15,15
716560,666142,3,100,101,27,27,2023-09-16,train,mlb_statcast,101,single,0.519,xwOBA,0.86,persisted_estimated_woba_value,3,2,1,1,2,False,15,15
716562,641540,1,19,37,7,10,2023-09-16,train,mlb_statcast,22,single,0.66,xwOBA,0.723,persisted_estimated_woba_value,3,19,4,3,2,True,0,0
716562,641540,2,47,55,14,15,2023-09-16,train,mlb_statcast,49,field_out,0.478,xwOBA,0.504,persisted_estimated_woba_value,3,9,2,2,2,False,15,14
716566,519242,1,18,18,5,5,2023-09-16,train,mlb_statcast,18,field_out,0.472,xwOBA,0.72,persisted_estimated_woba_value,3,1,1,0,2,True,0,0
716566,519242,2,34,38,12,12,2023-09-16,train,mlb_statcast,38,walk,0.522,xwOBA,0.695903,persisted_estimated_woba_value,3,5,1,4,2,False,13,13
716571,657277,1,6,12,2,2,2023-09-15,train,mlb_statcast,12,grounded_into_double_play,0.512,xwOBA,0.113,persisted_estimated_woba_value,2,7,1,6,1,True,0,0
716571,657277,2,93,96,25,25,2023-09-15,train,mlb_statcast,96,single,0.568,xwOBA,0.861,persisted_estimated_woba_value,3,4,1,3,2,False,15,15
716572,605400,1,3,3,2,2,2023-09-15,train,mlb_statcast,3,field_out,0.621,xwOBA,0.9407777777777776,persisted_estimated_woba_value,2,1,1,0,1,True,0,0
716572,605400,2,25,30,9,9,2023-09-15,train,mlb_statcast,30,field_out,0.464,xwOBA,0.243,persisted_estimated_woba_value,3,6,1,5,2,False,4,4
716574,656849,1,82,90,21,23,2023-09-15,train,mlb_statcast,82,home_run,0.577,xwOBA,1.6619384615384611,persisted_estimated_woba_value,3,9,3,0,2,False,15,15
716574,656849,2,92,95,25,25,2023-09-15,train,mlb_statcast,95,walk,0.533,xwOBA,0.695903,persisted_estimated_woba_value,3,4,1,3,2,False,15,15
716574,668881,1,96,98,22,22,2023-09-15,train,mlb_statcast,98,home_run,0.824,xwOBA,1.9365,persisted_estimated_woba_value,3,3,1,2,2,False,15,15
716577,664299,1,7,13,2,2,2023-09-15,train,mlb_statcast,13,walk,0.598,xwOBA,0.695903,persisted_estimated_woba_value,2,7,1,6,1,True,0,0
716577,664299,2,47,52,12,12,2023-09-15,train,mlb_statcast,52,sac_fly,0.511,xwOBA,0.603,persisted_estimated_woba_value,3,6,1,5,2,False,15,15
716577,664299,3,61,71,15,17,2023-09-15,train,mlb_statcast,64,home_run,0.819,xwOBA,2.0,persisted_estimated_woba_value,3,11,3,3,2,False,15,15
716577,664299,4,79,81,20,21,2023-09-15,train,mlb_statcast,80,home_run,0.564,xwOBA,1.6922058823529416,persisted_estimated_woba_value,3,3,2,1,2,False,15,15
716579,543037,1,7,21,2,4,2023-09-15,train,mlb_statcast,14,walk,0.696,xwOBA+BB/HBP,0.695903,persisted_estimated_woba_value,2,15,3,7,1,True,0,0
716579,543037,2,41,45,11,12,2023-09-15,train,mlb_statcast,44,single,0.493,xwOBA,0.622,persisted_estimated_woba_value,3,5,2,3,2,False,15,15
716579,670912,1,20,33,4,6,2023-09-15,train,mlb_statcast,24,walk,0.464,xwOBA+BB/HBP,0.695903,persisted_estimated_woba_value,3,14,3,4,2,True,0,0
716579,670912,2,42,45,8,8,2023-09-15,train,mlb_statcast,45,walk,0.488,xwOBA,0.695903,persisted_estimated_woba_value,3,4,1,3,2,False,15,15
716579,670912,3,55,68,12,14,2023-09-15,train,mlb_statcast,60,walk,0.543,xwOBA,0.695903,persisted_estimated_woba_value,3,14,3,5,2,False,15,15
716583,656427,1,42,64,11,15,2023-09-15,train,mlb_statcast,43,home_run,0.633,xwOBA,1.7289354838709676,persisted_estimated_woba_value,3,23,5,1,2,False,15,13
716583,656427,2,78,79,19,19,2023-09-15,train,mlb_statcast,79,single,0.523,xwOBA,0.76,persisted_estimated_woba_value,3,2,1,1,2,False,15,14
716584,681857,1,61,70,13,15,2023-09-14,train,mlb_statcast,64,walk,0.467,xwOBA+BB/HBP,0.695903,persisted_estimated_woba_value,3,10,3,3,2,False,15,15
716584,681857,2,84,94,19,22,2023-09-14,train,mlb_statcast,84,single,0.615,xwOBA,0.723,persisted_estimated_woba_value,3,11,4,0,2,False,15,15
716586,650644,1,14,28,4,6,2023-09-14,train,mlb_statcast,19,home_run,0.563,xwOBA,1.6895999999999998,persisted_estimated_woba_value,3,15,3,5,2,True,0,0
716586,650644,2,51,67,11,13,2023-09-14,train,mlb_statcast,54,home_run,0.9,xwOBA,1.80595652173913,persisted_estimated_woba_value,3,17,3,3,2,False,15,15
716587,592332,1,3,16,2,4,2023-09-14,train,mlb_statcast,4,home_run,0.843,xwOBA,1.4787142857142852,persisted_estimated_woba_value,2,14,3,1,1,True,0,0
716587,592332,2,43,43,12,12,2023-09-14,train,mlb_statcast,43,field_out,0.598,xwOBA,0.543,persisted_estimated_woba_value,3,1,1,0,2,False,15,15
716587,592332,3,53,62,15,17,2023-09-14,train,mlb_statcast,53,home_run,0.666,xwOBA,1.6668333333333336,persisted_estimated_woba_value,3,10,3,0,2,False,15,15
716587,592332,4,81,90,22,23,2023-09-14,train,mlb_statcast,82,field_out,0.494,xwOBA,0.408,persisted_estimated_woba_value,3,10,2,1,2,False,15,15
716587,592332,5,97,101,25,25,2023-09-14,train,mlb_statcast,101,walk,0.464,xwOBA+BB/HBP,0.695903,persisted_estimated_woba_value,3,5,1,4,2,False,15,15
716592,666129,1,35,52,10,13,2023-09-13,train,mlb_statcast,40,double,0.521,xwOBA,1.001,persisted_estimated_woba_value,3,18,4,5,2,False,14,14
716592,666129,2,54,58,15,15,2023-09-13,train,mlb_statcast,58,field_out,0.496,xwOBA,0.634,persisted_estimated_woba_value,3,5,1,4,2,False,15,15
716594,579328,1,46,73,12,17,2023-09-13,train,mlb_statcast,47,single,0.535,xwOBA,0.832,persisted_estimated_woba_value,3,28,6,1,2,False,15,15
716594,579328,2,85,89,21,22,2023-09-13,train,mlb_statcast,88,home_run,0.762,xwOBA,1.0587272727272727,persisted_estimated_woba_value,3,5,2,3,2,False,15,15
716597,650633,1,6,20,2,5,2023-09-14,train,mlb_statcast,7,single,0.552,xwOBA,1.10325,persisted_estimated_woba_value,2,15,4,1,1,True,0,0
716597,650633,2,37,58,10,14,2023-09-14,train,mlb_statcast,42,double,0.466,xwOBA,1.0440256410256414,persisted_estimated_woba_value,3,22,5,5,2,False,15,0
716601,593958,1,14,24,6,7,2023-09-13,train,mlb_statcast,19,walk,0.558,xwOBA,0.695903,persisted_estimated_woba_value,3,11,2,5,2,True,0,0
716601,593958,2,56,65,15,17,2023-09-13,train,mlb_statcast,61,walk,0.464,xwOBA+BB/HBP,0.695903,persisted_estimated_woba_value,3,10,3,5,2,False,15,15
716603,650911,1,2,13,2,5,2023-09-13,train,mlb_statcast,2,double,0.697,xwOBA,0.749,persisted_estimated_woba_value,2,12,4,0,1,True,0,0
716603,650911,2,33,34,12,12,2023-09-13,train,mlb_statcast,34,sac_fly,0.501,xwOBA,0.5060588235294117,persisted_estimated_woba_value,3,2,1,1,2,False,12,12
716603,675911,1,14,22,3,3,2023-09-13,train,mlb_statcast,22,walk,0.502,xwOBA+BB/HBP,0.695903,persisted_estimated_woba_value,3,9,1,8,2,True,0,0
716603,675911,2,27,31,5,5,2023-09-13,train,mlb_statcast,31,single,0.53,xwOBA,0.893,persisted_estimated_woba_value,3,5,1,4,2,False,6,6
716604,502043,1,15,18,4,4,2023-09-13,train,mlb_statcast,18,field_out,0.495,xwOBA,0.246,persisted_estimated_woba_value,3,4,1,3,2,True,0,0
716604,502043,2,40,51,10,12,2023-09-13,train,mlb_statcast,43,field_out,0.599,xwOBA,1.684482758620689,persisted_estimated_woba_value,3,12,3,3,2,False,15,15
716604,502043,3,60,70,14,16,2023-09-13,train,mlb_statcast,60,home_run,0.469,xwOBA,1.326280487804878,persisted_estimated_woba_value,3,11,3,0,2,False,15,15
716605,671106,1,5,12,2,3,2023-09-13,train,mlb_statcast,7,single,0.718,xwOBA,0.597,persisted_estimated_woba_value,2,8,2,2,1,True,0,0
716605,671106,2,22,31,6,8,2023-09-13,train,mlb_statcast,27,walk,0.535,xwOBA,0.695903,persisted_estimated_woba_value,3,10,3,5,2,False,1,1
716606,663776,1,22,27,7,8,2023-09-12,train,mlb_statcast,25,double,0.692,xwOBA,0.867,persisted_estimated_woba_value,3,6,2,3,2,False,1,1
716606,663776,2,36,51,11,14,2023-09-12,train,mlb_statcast,37,field_out,0.5,xwOBA,1.3822264150943395,persisted_estimated_woba_value,3,16,4,1,2,False,15,15
716606,663776,3,53,59,16,18,2023-09-12,train,mlb_statcast,55,single,0.468,xwOBA,0.886,persisted_estimated_woba_value,3,7,3,2,2,False,15,15
716611,656302,1,99,102,21,21,2023-09-12,train,mlb_statcast,102,single,0.467,xwOBA,0.705,persisted_estimated_woba_value,3,4,1,3,2,False,15,15
716611,663903,1,2,21,2,5,2023-09-12,train,mlb_statcast,5,walk,0.71,xwOBA,0.695903,persisted_estimated_woba_value,2,20,4,3,1,True,0,0
716611,663903,2,73,76,25,25,2023-09-12,train,mlb_statcast,76,field_out,0.507,xwOBA,0.179,persisted_estimated_woba_value,3,4,1,3,2,False,15,15
716615,669194,1,55,65,15,17,2023-09-12,train,mlb_statcast,57,home_run,0.987,xwOBA,2.0,persisted_estimated_woba_value,3,11,3,2,2,False,15,15
716615,669194,2,82,84,22,22,2023-09-12,train,mlb_statcast,84,home_run,0.941,xwOBA,1.96325,persisted_estimated_woba_value,3,3,1,2,2,False,15,15
716618,554430,1,35,41,8,8,2023-09-12,train,mlb_statcast,41,walk,0.571,xwOBA,0.695903,persisted_estimated_woba_value,3,7,1,6,2,False,14,14
716618,554430,2,73,82,18,21,2023-09-12,train,mlb_statcast,73,single,0.609,xwOBA,0.927,persisted_estimated_woba_value,3,10,4,0,2,False,15,15
716618,554430,3,88,89,23,23,2023-09-12,train,mlb_statcast,89,home_run,0.549,xwOBA,0.6188333333333333,persisted_estimated_woba_value,3,2,1,1,2,False,15,15
716619,640455,1,7,20,2,4,2023-09-12,train,mlb_statcast,7,single,0.661,xwOBA,0.627,persisted_estimated_woba_value,2,14,3,0,1,True,0,0
716619,640455,2,74,78,22,22,2023-09-12,train,mlb_statcast,78,hit_by_pitch,0.588,xwOBA,0.726005,persisted_estimated_woba_value,3,5,1,4,2,False,15,15
716625,607536,1,27,32,9,9,2023-09-11,train,mlb_statcast,32,single,0.574,xwOBA,0.904,persisted_estimated_woba_value,3,6,1,5,2,False,6,6
716625,607536,2,35,37,11,11,2023-09-11,train,mlb_statcast,37,field_out,0.561,xwOBA,0.758,persisted_estimated_woba_value,3,3,1,2,2,False,14,14
716625,607536,3,41,69,13,21,2023-09-11,train,mlb_statcast,42,field_out,0.477,xwOBA,0.603,persisted_estimated_woba_value,3,29,9,1,2,False,15,15
716630,641540,1,18,23,6,7,2023-09-11,train,mlb_statcast,22,walk,0.527,xwOBA,0.695903,persisted_estimated_woba_value,3,6,2,4,2,True,0,0
716630,641540,2,37,37,11,11,2023-09-11,train,mlb_statcast,37,field_out,0.661,xwOBA,0.8868461538461541,persisted_estimated_woba_value,3,1,1,0,2,False,15,14
716630,641540,3,66,72,19,20,2023-09-11,train,mlb_statcast,69,single,0.567,xwOBA,0.944,persisted_estimated_woba_value,3,7,2,3,2,False,15,13
716638,543294,1,38,51,9,12,2023-09-10,train,mlb_statcast,41,field_out,0.552,xwOBA,0.792,persisted_estimated_woba_value,3,14,4,3,2,False,15,15
716638,543294,2,64,65,18,18,2023-09-10,train,mlb_statcast,65,double_play,0.559,xwOBA,0.591,persisted_estimated_woba_value,3,2,1,1,2,False,15,15
716638,543294,3,68,74,20,22,2023-09-10,train,mlb_statcast,70,single,0.496,xwOBA,0.892,persisted_estimated_woba_value,3,7,3,2,2,False,15,15
716641,666142,1,28,32,6,6,2023-09-10,train,mlb_statcast,32,walk,0.504,xwOBA+BB/HBP,0.695903,persisted_estimated_woba_value,3,5,1,4,2,False,7,7
716641,666142,2,54,58,12,12,2023-09-10,train,mlb_statcast,58,walk,0.508,xwOBA,0.695903,persisted_estimated_woba_value,3,5,1,4,2,False,15,14
716641,666142,3,63,66,14,14,2023-09-10,train,mlb_statcast,66,field_out,0.452,xwOBA,0.65992,persisted_estimated_woba_value,3,4,1,3,2,False,15,15
716641,666142,4,95,105,22,23,2023-09-10,train,mlb_statcast,101,walk,0.464,xwOBA+BB/HBP,0.695903,persisted_estimated_woba_value,3,11,2,6,2,False,15,15
716642,668881,1,64,72,14,15,2023-09-10,train,mlb_statcast,68,walk,0.495,xwOBA,0.695903,persisted_estimated_woba_value,3,9,2,4,2,False,15,15
716646,543037,1,25,43,6,8,2023-09-10,train,mlb_statcast,29,single,0.554,xwOBA,0.869,persisted_estimated_woba_value,3,19,3,4,2,False,4,4
716646,669203,1,60,68,15,16,2023-09-10,train,mlb_statcast,62,field_out,0.546,xwOBA,0.519,persisted_estimated_woba_value,3,9,2,2,2,False,15,15
716649,664299,1,23,30,6,6,2023-09-09,train,mlb_statcast,30,walk,0.488,xwOBA,0.695903,persisted_estimated_woba_value,3,8,1,7,2,False,2,2
716649,664299,2,63,82,16,19,2023-09-09,train,mlb_statcast,64,home_run,0.635,xwOBA,0.9298,persisted_estimated_woba_value,3,20,4,1,2,False,15,15
716650,542881,1,2,20,2,6,2023-09-09,train,mlb_statcast,4,home_run,0.918,xwOBA,1.2835000000000003,persisted_estimated_woba_value,2,19,5,2,1,True,0,0
716650,542881,2,37,44,12,14,2023-09-09,train,mlb_statcast,37,home_run,0.555,xwOBA,1.6079264705882348,persisted_estimated_woba_value,3,8,3,0,2,False,15,15
716650,542881,3,66,67,23,23,2023-09-09,train,mlb_statcast,67,field_out,0.474,xwOBA,0.426,persisted_estimated_woba_value,3,2,1,1,2,False,15,15
716651,670912,1,6,10,2,3,2023-09-09,train,mlb_statcast,7,field_out,0.515,xwOBA,0.335,persisted_estimated_woba_value,2,5,2,1,1,True,0,0
716651,670912,2,48,57,11,13,2023-09-09,train,mlb_statcast,49,single,0.889,xwOBA,1.767909090909091,persisted_estimated_woba_value,3,10,3,1,2,False,15,15
716651,670912,3,88,92,20,21,2023-09-09,train,mlb_statcast,90,single,0.479,xwOBA,0.489,persisted_estimated_woba_value,3,5,2,2,2,False,15,15
716653,605400,1,75,84,18,20,2023-09-09,train,mlb_statcast,76,double,0.697,xwOBA,0.926,persisted_estimated_woba_value,3,10,3,1,2,False,15,15
716654,656849,1,6,12,2,3,2023-09-09,train,mlb_statcast,7,single,0.749,xwOBA,0.772,persisted_estimated_woba_value,2,7,2,1,1,True,0,0
716654,656849,2,38,39,11,12,2023-09-09,train,mlb_statcast,38,field_out,0.563,xwOBA,0.478,persisted_estimated_woba_value,3,2,2,0,2,False,15,15
716654,656849,3,80,96,25,27,2023-09-09,train,mlb_statcast,86,single,0.703,xwOBA,0.899,persisted_estimated_woba_value,3,17,3,6,2,False,15,15
716656,650644,1,7,30,2,7,2023-09-09,train,mlb_statcast,9,single,0.729,xwOBA,0.762,persisted_estimated_woba_value,2,24,6,2,1,True,0,0
716656,650644,2,48,54,13,13,2023-09-09,train,mlb_statcast,54,walk,0.461,xwOBA,0.695903,persisted_estimated_woba_value,3,7,1,6,2,False,15,15
716659,650633,1,43,50,11,13,2023-09-09,train,mlb_statcast,45,field_out,0.884,xwOBA,1.729,persisted_estimated_woba_value,3,8,3,2,2,False,15,0
716659,650633,2,67,74,18,19,2023-09-09,train,mlb_statcast,70,field_out,0.538,xwOBA,1.2253636363636369,persisted_estimated_woba_value,3,8,2,3,2,False,15,0
716661,592332,1,52,63,16,18,2023-09-09,train,mlb_statcast,52,home_run,0.885,xwOBA,2.0,persisted_estimated_woba_value,3,12,3,0,2,False,15,15
716663,657277,1,60,65,15,15,2023-09-09,train,mlb_statcast,65,walk,0.463,xwOBA,0.695903,persisted_estimated_woba_value,3,6,1,5,2,False,15,15
716663,657277,2,89,93,21,21,2023-09-09,train,mlb_statcast,93,grounded_into_double_play,0.578,xwOBA,0.436,persisted_estimated_woba_value,3,5,1,4,2,False,15,15
716664,519242,1,48,59,10,11,2023-09-09,train,mlb_statcast,54,walk,0.464,xwOBA+BB/HBP,0.695903,persisted_estimated_woba_value,3,12,2,6,2,False,15,15
716664,519242,2,64,68,14,14,2023-09-09,train,mlb_statcast,68,home_run,0.567,xwOBA,1.1250399999999996,persisted_estimated_woba_value,3,5,1,4,2,False,15,15
716664,519242,3,71,79,16,19,2023-09-09,train,mlb_statcast,72,double,0.528,xwOBA,0.404,persisted_estimated_woba_value,3,9,4,1,2,False,15,15
716664,656427,1,6,18,2,4,2023-09-09,train,mlb_statcast,10,single,0.558,xwOBA,0.872,persisted_estimated_woba_value,2,13,3,4,1,True,0,0
716664,656427,2,35,36,9,9,2023-09-09,train,mlb_statcast,36,single,0.473,xwOBA,0.531,persisted_estimated_woba_value,3,2,1,1,2,False,14,12
716664,656427,3,70,82,17,19,2023-09-09,train,mlb_statcast,75,double,0.522,xwOBA,0.87,persisted_estimated_woba_value,3,13,3,5,2,False,15,15
716667,671106,1,13,26,3,5,2023-09-08,train,mlb_statcast,15,single,0.45,xwOBA,0.915,persisted_estimated_woba_value,3,14,3,2,2,True,0,0
716670,622663,1,24,29,7,7,2023-09-08,train,mlb_statcast,29,walk,0.474,xwOBA+BB/HBP,0.695903,persisted_estimated_woba_value,3,6,1,5,2,False,3,3
716670,622663,2,61,63,14,14,2023-09-08,train,mlb_statcast,63,home_run,0.538,xwOBA,1.1575471698113204,persisted_estimated_woba_value,3,3,1,2,2,False,15,15
716670,622663,3,66,68,16,16,2023-09-08,train,mlb_statcast,68,field_out,0.491,xwOBA,0.22,persisted_estimated_woba_value,3,3,1,2,2,False,15,15
716675,681857,1,19,24,5,5,2023-09-08,train,mlb_statcast,24,field_out,0.462,xwOBA,0.039,persisted_estimated_woba_value,3,6,1,5,2,True,0,0
716675,681857,2,46,48,12,12,2023-09-08,train,mlb_statcast,48,hit_by_pitch,0.521,xwOBA,0.726005,persisted_estimated_woba_value,3,3,1,2,2,False,15,15
716675,681857,3,99,104,23,23,2023-09-08,train,mlb_statcast,104,home_run,0.725,xwOBA,1.2253636363636369,persisted_estimated_woba_value,3,6,1,5,2,False,15,15
716679,650911,1,12,26,3,5,2023-09-08,train,mlb_statcast,15,double,0.559,xwOBA,0.915,persisted_estimated_woba_value,3,15,3,3,2,True,0,0
716679,650911,2,56,57,13,13,2023-09-08,train,mlb_statcast,57,single,0.457,xwOBA,0.758,persisted_estimated_woba_value,3,2,1,1,2,False,15,15
716681,666142,1,77,77,16,16,2023-09-04,train,mlb_statcast,77,hit_by_pitch,0.57,xwOBA,0.726005,persisted_estimated_woba_value,3,1,1,0,2,False,15,15
716682,666129,1,8,12,2,2,2023-09-07,train,mlb_statcast,12,field_out,0.465,xwOBA,0.235,persisted_estimated_woba_value,2,5,1,4,1,True,0,0
716682,666129,2,43,56,10,13,2023-09-07,train,mlb_statcast,45,hit_by_pitch,0.54,xwOBA,0.726005,persisted_estimated_woba_value,3,14,4,2,2,False,15,15
716682,666129,3,79,92,17,18,2023-09-07,train,mlb_statcast,85,single,0.478,xwOBA,0.61,persisted_estimated_woba_value,3,14,2,6,2,False,15,14
716685,669194,1,10,31,3,6,2023-09-07,train,mlb_statcast,17,walk,0.484,xwOBA+BB/HBP,0.695903,persisted_estimated_woba_value,3,22,4,7,2,True,0,0
716685,669194,2,40,47,9,11,2023-09-07,train,mlb_statcast,41,field_out,0.494,xwOBA,1.193945454545454,persisted_estimated_woba_value,3,8,3,1,2,False,15,11
716685,669194,3,51,54,13,13,2023-09-07,train,mlb_statcast,54,field_out,0.522,xwOBA,0.711,persisted_estimated_woba_value,3,4,1,3,2,False,15,12
716685,669194,4,60,68,15,17,2023-09-07,train,mlb_statcast,62,triple,0.682,xwOBA,1.3343833333333337,persisted_estimated_woba_value,3,9,3,2,2,False,15,12
716686,593958,1,12,27,5,7,2023-09-07,train,mlb_statcast,18,walk,0.584,xwOBA,0.69,event_weight_fallback,3,16,3,6,2,True,0,0
716686,593958,2,40,55,11,13,2023-09-07,train,mlb_statcast,41,field_out,0.642,xwOBA,1.0031739130434782,persisted_estimated_woba_value,3,16,3,1,2,False,15,15
716686,593958,3,59,59,15,15,2023-09-07,train,mlb_statcast,59,single,0.463,xwOBA,0.5,persisted_estimated_woba_value,3,1,1,0,2,False,15,15
716686,593958,4,61,65,17,19,2023-09-07,train,mlb_statcast,61,double,0.477,xwOBA,0.908,persisted_estimated_woba_value,3,5,3,0,2,False,15,15
716689,675911,1,7,17,2,4,2023-09-06,train,mlb_statcast,7,home_run,1.152,xwOBA,1.6079264705882348,persisted_estimated_woba_value,2,11,3,0,1,True,0,0
716689,675911,2,27,28,8,8,2023-09-06,train,mlb_statcast,28,double,0.558,xwOBA,0.944,persisted_estimated_woba_value,3,2,1,1,2,False,6,6
716689,675911,3,51,52,14,14,2023-09-06,train,mlb_statcast,52,single,0.514,xwOBA,0.34,persisted_estimated_woba_value,3,2,1,1,2,False,15,15
716690,502043,1,8,8,4,4,2023-09-06,train,mlb_statcast,8,grounded_into_double_play,0.492,xwOBA,0.47,persisted_estimated_woba_value,3,1,1,0,2,True,0,0
716690,502043,2,27,44,9,12,2023-09-06,train,mlb_statcast,34,walk,0.552,xwOBA+BB/HBP,0.695903,persisted_estimated_woba_value,3,18,4,7,2,False,6,6
716690,663776,1,18,25,6,6,2023-09-06,train,mlb_statcast,25,single,0.595,xwOBA,0.925,persisted_estimated_woba_value,3,8,1,7,2,True,0,0
716690,663776,2,49,62,12,14,2023-09-06,train,mlb_statcast,55,walk,0.464,xwOBA+BB/HBP,0.695903,persisted_estimated_woba_value,3,14,3,6,2,False,15,15
716690,663776,3,103,107,27,27,2023-09-06,train,mlb_statcast,107,walk,0.466,xwOBA+BB/HBP,0.695903,persisted_estimated_woba_value,3,5,1,4,2,False,15,15
716691,554430,1,67,69,13,13,2023-09-06,train,mlb_statcast,69,single,0.578,xwOBA,0.424,persisted_estimated_woba_value,3,3,1,2,2,False,15,15
716691,554430,2,78,92,16,18,2023-09-06,train,mlb_statcast,82,field_out,0.606,xwOBA,1.5254000000000008,persisted_estimated_woba_value,3,15,3,4,2,False,15,15
716702,607536,1,4,8,2,4,2023-09-05,train,mlb_statcast,4,single,0.673,xwOBA,0.626,persisted_estimated_woba_value,2,5,3,0,1,True,0,0
716702,607536,2,39,46,13,14,2023-09-05,train,mlb_statcast,42,single,0.67,xwOBA,0.933,persisted_estimated_woba_value,3,8,2,3,2,False,15,15
716704,656302,1,15,22,5,6,2023-09-05,train,mlb_statcast,18,double,0.546,xwOBA,0.8533225806451613,persisted_estimated_woba_value,3,8,2,3,2,True,0,0
716704,656302,2,43,73,13,20,2023-09-05,train,mlb_statcast,44,single,0.536,xwOBA,0.86,persisted_estimated_woba_value,3,31,8,1,2,False,15,15
716704,656302,3,80,87,22,24,2023-09-05,train,mlb_statcast,82,home_run,0.928,xwOBA,1.8899090909090916,persisted_estimated_woba_value,3,8,3,2,2,False,15,15
716704,663903,1,11,14,5,7,2023-09-05,train,mlb_statcast,12,home_run,0.598,xwOBA,1.6668333333333336,persisted_estimated_woba_value,3,4,3,1,2,True,0,0
716704,663903,2,17,26,9,11,2023-09-05,train,mlb_statcast,19,home_run,0.814,xwOBA,1.6668333333333336,persisted_estimated_woba_value,3,10,3,2,2,True,0,0
716704,663903,3,29,34,13,15,2023-09-05,train,mlb_statcast,29,home_run,0.754,xwOBA,2.0,persisted_estimated_woba_value,3,6,3,0,2,False,8,8
716704,663903,4,40,45,19,20,2023-09-05,train,mlb_statcast,41,field_out,0.491,xwOBA,0.519,persisted_estimated_woba_value,3,6,2,1,2,False,15,15
716704,663903,5,58,59,24,24,2023-09-05,train,mlb_statcast,59,force_out,0.482,xwOBA,0.25,persisted_estimated_woba_value,3,2,1,1,2,False,15,15
716708,543294,1,2,6,2,3,2023-09-05,train,mlb_statcast,3,field_out,0.876,xwOBA,0.003,persisted_estimated_woba_value,2,5,2,1,1,True,0,0
716708,543294,2,76,83,22,23,2023-09-05,train,mlb_statcast,78,double,0.59,xwOBA,0.595,persisted_estimated_woba_value,3,8,2,2,2,False,15,14
716718,669203,1,52,68,12,16,2023-09-04,train,mlb_statcast,54,double,0.539,xwOBA,1.6155178571428572,persisted_estimated_woba_value,3,17,5,2,2,False,15,15
716718,669203,2,74,92,19,22,2023-09-04,train,mlb_statcast,80,home_run,0.54,xwOBA,1.3977586206896548,persisted_estimated_woba_value,3,19,4,6,2,False,15,15
716722,650644,1,59,72,12,14,2023-09-04,train,mlb_statcast,64,walk,0.473,xwOBA+BB/HBP,0.695903,persisted_estimated_woba_value,3,14,3,5,2,False,15,15
716722,650644,2,87,98,19,21,2023-09-04,train,mlb_statcast,87,double,0.49,xwOBA,1.4706935483870966,persisted_estimated_woba_value,3,12,3,0,2,False,15,15
716723,657277,1,20,28,6,8,2023-09-04,train,mlb_statcast,23,home_run,0.589,xwOBA,1.7648888888888892,persisted_estimated_woba_value,3,9,3,3,2,True,0,0
716723,657277,2,84,94,24,26,2023-09-04,train,mlb_statcast,88,double,0.537,xwOBA,0.8554761904761905,persisted_estimated_woba_value,3,11,3,4,2,False,15,15
716730,592332,1,37,39,9,9,2023-09-03,train,mlb_statcast,39,single,0.517,xwOBA,0.854,persisted_estimated_woba_value,3,3,1,2,2,False,15,15
716730,592332,2,42,47,11,13,2023-09-03,train,mlb_statcast,42,single,0.579,xwOBA,0.724,persisted_estimated_woba_value,3,6,3,0,2,False,15,15
716730,592332,3,52,54,15,15,2023-09-03,train,mlb_statcast,54,double,0.515,xwOBA,0.915,persisted_estimated_woba_value,3,3,1,2,2,False,15,14
716731,542881,1,7,9,4,4,2023-09-03,train,mlb_statcast,9,field_out,0.547,xwOBA,0.466,persisted_estimated_woba_value,3,3,1,2,2,True,0,0
716731,542881,2,37,52,12,14,2023-09-03,train,mlb_statcast,43,walk,0.464,xwOBA+BB/HBP,0.695903,persisted_estimated_woba_value,3,16,3,6,2,False,15,15
716731,542881,3,77,81,21,23,2023-09-03,train,mlb_statcast,77,home_run,0.627,xwOBA,1.5526666666666664,persisted_estimated_woba_value,3,5,3,0,2,False,15,15
716732,656427,1,15,16,4,5,2023-09-03,train,mlb_statcast,15,single,0.677,xwOBA,0.746,persisted_estimated_woba_value,3,2,2,0,2,True,0,0
716732,656427,2,35,47,10,12,2023-09-03,train,mlb_statcast,38,home_run,0.858,xwOBA,1.875545454545455,persisted_estimated_woba_value,3,13,3,3,2,False,14,14
716733,670912,1,8,22,2,4,2023-09-03,train,mlb_statcast,13,walk,0.497,xwOBA,0.695903,persisted_estimated_woba_value,2,15,3,5,1,True,0,0
716733,670912,2,42,55,10,12,2023-09-03,train,mlb_statcast,46,walk,0.467,xwOBA,0.695903,persisted_estimated_woba_value,3,14,3,4,2,False,15,15
716733,670912,3,64,73,15,17,2023-09-03,train,mlb_statcast,67,home_run,0.751,xwOBA,1.80595652173913,persisted_estimated_woba_value,3,10,3,3,2,False,15,15
716733,670912,4,81,83,19,19,2023-09-03,train,mlb_statcast,83,fielders_choice,0.515,xwOBA,0.348,persisted_estimated_woba_value,3,3,1,2,2,False,15,15
716735,664299,1,50,59,12,14,2023-09-03,train,mlb_statcast,51,field_out,0.735,xwOBA,1.2253636363636369,persisted_estimated_woba_value,3,10,3,1,2,False,15,15
716739,519242,1,51,56,10,10,2023-09-03,train,mlb_statcast,56,single,0.461,xwOBA,0.861,persisted_estimated_woba_value,3,6,1,5,2,False,15,15
716745,605400,1,39,52,10,11,2023-09-02,train,mlb_statcast,45,single,0.456,xwOBA,0.609,persisted_estimated_woba_value,3,14,2,6,2,False,15,15
716745,605400,2,85,90,21,21,2023-09-02,train,mlb_statcast,90,home_run,0.528,xwOBA,0.7478400000000002,persisted_estimated_woba_value,3,6,1,5,2,False,15,15
716745,605400,3,92,95,23,23,2023-09-02,train,mlb_statcast,95,walk,0.481,xwOBA,0.695903,persisted_estimated_woba_value,3,4,1,3,2,False,15,15
716746,622663,1,26,38,5,5,2023-09-02,train,mlb_statcast,38,walk,0.522,xwOBA,0.695903,persisted_estimated_woba_value,3,13,1,12,2,False,5,5
716746,622663,2,99,103,17,17,2023-09-02,train,mlb_statcast,103,field_out,0.466,xwOBA,0.072,persisted_estimated_woba_value,3,5,1,4,2,False,15,14
716748,579328,1,8,15,2,3,2023-09-02,train,mlb_statcast,12,single,0.656,xwOBA,0.617,persisted_estimated_woba_value,2,8,2,4,1,True,0,0
716748,579328,2,24,31,7,8,2023-09-02,train,mlb_statcast,27,walk,0.552,xwOBA,0.695903,persisted_estimated_woba_value,3,8,2,3,2,False,3,3
716748,579328,3,38,44,10,12,2023-09-02,train,mlb_statcast,39,single,0.483,xwOBA,0.904,persisted_estimated_woba_value,3,7,3,1,2,False,15,15
716748,579328,4,95,100,25,25,2023-09-02,train,mlb_statcast,100,walk,0.464,xwOBA+BB/HBP,0.695903,persisted_estimated_woba_value,3,6,1,5,2,False,15,15
716749,681857,1,29,29,7,7,2023-09-02,train,mlb_statcast,29,field_out,0.471,xwOBA,0.072,persisted_estimated_woba_value,3,1,1,0,2,False,8,8
716749,681857,2,61,66,16,18,2023-09-02,train,mlb_statcast,63,field_out,0.613,xwOBA,0.9462173913043478,persisted_estimated_woba_value,3,6,3,2,2,False,15,15
716750,679525,1,6,23,2,7,2023-09-02,train,mlb_statcast,8,double,0.731,xwOBA,0.6802272727272727,persisted_estimated_woba_value,2,18,6,2,1,True,0,0
716750,679525,2,42,60,12,17,2023-09-02,train,mlb_statcast,43,single,0.495,xwOBA,0.926,persisted_estimated_woba_value,3,19,6,1,2,False,15,14
716751,656849,1,6,26,2,6,2023-09-02,train,mlb_statcast,11,force_out,0.599,xwOBA,0.599,persisted_estimated_woba_value,2,21,5,5,1,True,0,0
716751,656849,2,47,57,11,13,2023-09-02,train,mlb_statcast,51,triple,0.736,xwOBA,1.792884615384615,persisted_estimated_woba_value,3,11,3,4,2,False,15,15
716751,656849,3,62,66,15,15,2023-09-02,train,mlb_statcast,66,single,0.47,xwOBA,0.685,persisted_estimated_woba_value,3,5,1,4,2,False,15,15
716754,671106,1,5,10,2,3,2023-09-02,train,mlb_statcast,8,strikeout,0.797,xwOBA,0.0,persisted_estimated_woba_value,2,6,2,3,1,True,0,0
716754,671106,2,79,92,17,20,2023-09-02,train,mlb_statcast,82,single,0.46,xwOBA,0.814,persisted_estimated_woba_value,3,14,4,3,2,False,15,15
716758,663776,1,18,39,4,7,2023-09-01,train,mlb_statcast,24,field_out,0.677,xwOBA,1.036,persisted_estimated_woba_value,3,22,4,6,2,True,0,0
716758,663776,2,66,79,14,19,2023-09-01,train,mlb_statcast,66,field_out,0.473,xwOBA,0.743,persisted_estimated_woba_value,3,14,6,0,2,False,15,15
716762,593958,1,44,60,11,13,2023-09-01,train,mlb_statcast,51,single,0.497,xwOBA,0.795,persisted_estimated_woba_value,3,17,3,7,2,False,15,15
716762,593958,2,68,73,16,17,2023-09-01,train,mlb_statcast,68,grounded_into_double_play,0.458,xwOBA,0.441,persisted_estimated_woba_value,3,6,2,0,2,False,15,15
716762,593958,3,98,103,25,26,2023-09-01,train,mlb_statcast,101,single,0.535,xwOBA,0.652,persisted_estimated_woba_value,3,6,2,3,2,False,15,15
716765,554430,1,63,74,14,16,2023-09-01,train,mlb_statcast,64,home_run,0.75,xwOBA,1.6668333333333336,persisted_estimated_woba_value,3,12,3,1,2,False,15,15
716768,675911,1,6,13,2,3,2023-08-31,train,mlb_statcast,9,single,0.695,xwOBA,0.694,persisted_estimated_woba_value,2,8,2,3,1,True,0,0
716768,675911,2,58,65,16,17,2023-08-31,train,mlb_statcast,63,walk,0.538,xwOBA,0.695903,persisted_estimated_woba_value,3,8,2,5,2,False,15,15
716768,675911,3,79,81,21,21,2023-08-31,train,mlb_statcast,81,single,0.525,xwOBA,0.393,persisted_estimated_woba_value,3,3,1,2,2,False,15,15
716773,607536,1,33,37,8,10,2023-08-30,train,mlb_statcast,33,home_run,0.842,xwOBA,2.0,persisted_estimated_woba_value,3,5,3,0,2,False,12,12
716773,607536,2,81,93,23,26,2023-08-30,train,mlb_statcast,84,home_run,0.674,xwOBA,2.0,persisted_estimated_woba_value,3,13,4,3,2,False,15,15
716776,666129,1,2,5,2,2,2023-08-31,train,mlb_statcast,5,hit_by_pitch,0.501,xwOBA,0.726005,persisted_estimated_woba_value,2,4,1,3,1,True,0,0
716776,666129,2,56,65,15,19,2023-08-31,train,mlb_statcast,56,field_out,0.612,xwOBA,0.661,persisted_estimated_woba_value,3,10,5,0,2,False,15,15
716779,543294,1,9,15,3,3,2023-08-30,train,mlb_statcast,15,walk,0.455,xwOBA,0.695903,persisted_estimated_woba_value,3,7,1,6,2,True,0,0
716779,543294,2,69,74,20,20,2023-08-30,train,mlb_statcast,74,walk,0.453,xwOBA,0.695903,persisted_estimated_woba_value,3,6,1,5,2,False,15,14
716781,543037,1,37,49,9,11,2023-08-30,train,mlb_statcast,38,home_run,0.503,xwOBA,1.0439117647058824,persisted_estimated_woba_value,3,13,3,1,2,False,15,15
716781,543037,2,83,92,21,23,2023-08-30,train,mlb_statcast,84,home_run,0.556,xwOBA,1.3954347826086957,persisted_estimated_woba_value,3,10,3,1,2,False,15,15
716783,641540,1,13,16,5,5,2023-08-30,train,mlb_statcast,16,home_run,0.498,xwOBA,0.763375,persisted_estimated_woba_value,3,4,1,3,2,True,0,0
716783,641540,2,20,22,7,7,2023-08-30,train,mlb_statcast,22,field_out,0.534,xwOBA,0.72,persisted_estimated_woba_value,3,3,1,2,2,True,0,0
716783,641540,3,26,38,9,11,2023-08-30,train,mlb_statcast,30,walk,0.577,xwOBA,0.695903,persisted_estimated_woba_value,3,13,3,4,2,False,5,5
716786,502043,1,3,26,2,6,2023-08-30,train,mlb_statcast,4,field_out,0.514,xwOBA,0.571,persisted_estimated_woba_value,2,24,5,1,1,True,0,0
716786,502043,2,34,44,8,10,2023-08-30,train,mlb_statcast,36,home_run,0.68,xwOBA,1.8184285714285708,persisted_estimated_woba_value,3,11,3,2,2,False,13,13
716786,502043,3,48,56,12,14,2023-08-30,train,mlb_statcast,49,home_run,0.659,xwOBA,1.2835000000000003,persisted_estimated_woba_value,3,9,3,1,2,False,15,15
716786,502043,4,58,58,16,16,2023-08-30,train,mlb_statcast,58,single,0.526,xwOBA,0.795,persisted_estimated_woba_value,3,1,1,0,2,False,15,15
716786,502043,5,61,70,18,18,2023-08-30,train,mlb_statcast,70,field_out,0.553,xwOBA,0.423,persisted_estimated_woba_value,3,10,1,9,2,False,15,15
716786,656302,1,7,11,2,2,2023-08-30,train,mlb_statcast,11,double,0.643,xwOBA,0.512,persisted_estimated_woba_value,2,5,1,4,1,True,0,0
716786,656302,2,17,30,5,7,2023-08-30,train,mlb_statcast,20,hit_by_pitch,0.517,xwOBA,0.726005,persisted_estimated_woba_value,3,14,3,3,2,True,0,0
716787,650911,1,16,24,6,9,2023-08-30,train,mlb_statcast,16,double,0.577,xwOBA,0.824,persisted_estimated_woba_value,3,9,4,0,2,True,0,0
716789,657277,1,57,60,15,15,2023-08-30,train,mlb_statcast,60,field_out,0.491,xwOBA,0.194,persisted_estimated_woba_value,3,4,1,3,2,False,15,14
716789,668881,1,2,4,2,2,2023-08-30,train,mlb_statcast,4,field_out,0.504,xwOBA,0.258,persisted_estimated_woba_value,2,3,1,2,1,True,0,0
716789,668881,2,67,71,15,15,2023-08-30,train,mlb_statcast,71,walk,0.474,xwOBA+BB/HBP,0.695903,persisted_estimated_woba_value,3,5,1,4,2,False,15,15
716793,666142,1,100,102,23,23,2023-08-29,train,mlb_statcast,102,single,0.468,xwOBA,0.897,persisted_estimated_woba_value,3,3,1,2,2,False,15,15
716795,650633,1,31,44,6,9,2023-08-29,train,mlb_statcast,34,field_out,0.465,xwOBA,0.73,persisted_estimated_woba_value,3,14,4,3,2,False,10,0
716798,669203,1,3,9,2,4,2023-08-29,train,mlb_statcast,3,hit_by_pitch,0.53,xwOBA,0.726005,persisted_estimated_woba_value,2,7,3,0,1,True,0,0
716798,669203,2,60,64,19,19,2023-08-29,train,mlb_statcast,64,walk,0.455,xwOBA,0.695903,persisted_estimated_woba_value,3,5,1,4,2,False,15,15
716798,669203,3,74,77,23,23,2023-08-29,train,mlb_statcast,77,single,0.519,xwOBA,0.578,persisted_estimated_woba_value,3,4,1,3,2,False,15,15
716806,542881,1,14,22,4,6,2023-08-29,train,mlb_statcast,15,home_run,0.786,xwOBA,2.0,persisted_estimated_woba_value,3,9,3,1,2,True,0,0
716806,542881,2,33,40,10,12,2023-08-29,train,mlb_statcast,35,home_run,1.047,xwOBA,1.8560434782608692,persisted_estimated_woba_value,3,8,3,2,2,False,12,12
716806,542881,3,42,47,14,15,2023-08-29,train,mlb_statcast,46,walk,0.463,xwOBA,0.695903,persisted_estimated_woba_value,3,6,2,4,2,False,15,15
716806,542881,4,79,82,23,24,2023-08-29,train,mlb_statcast,80,home_run,0.63,xwOBA,1.3821199999999996,persisted_estimated_woba_value,3,4,2,1,2,False,15,11
716807,650644,1,4,16,2,4,2023-08-29,train,mlb_statcast,10,single,0.744,xwOBA,0.862,persisted_estimated_woba_value,2,13,3,6,1,True,0,0
716807,650644,2,56,65,13,15,2023-08-29,train,mlb_statcast,60,home_run,0.534,xwOBA,1.600727272727273,persisted_estimated_woba_value,3,10,3,4,2,False,15,15
716807,650644,3,85,92,21,21,2023-08-29,train,mlb_statcast,92,single,0.573,xwOBA,0.925,persisted_estimated_woba_value,3,8,1,7,2,False,15,15
716808,622663,1,76,77,21,21,2023-08-28,train,mlb_statcast,77,single,0.538,xwOBA,0.822,persisted_estimated_woba_value,3,2,1,1,2,False,15,14
716808,622663,2,83,85,23,23,2023-08-28,train,mlb_statcast,85,single,0.517,xwOBA,0.728,persisted_estimated_woba_value,3,3,1,2,2,False,15,15
716808,681857,1,10,16,3,3,2023-08-28,train,mlb_statcast,16,walk,0.462,xwOBA+BB/HBP,0.695903,persisted_estimated_woba_value,3,7,1,6,2,True,0,0
716808,681857,2,99,101,21,21,2023-08-28,train,mlb_statcast,101,double,0.491,xwOBA,0.7305599999999999,persisted_estimated_woba_value,3,3,1,2,2,False,15,15
716814,519242,1,20,29,5,7,2023-08-28,train,mlb_statcast,24,home_run,0.693,xwOBA,1.3821199999999996,persisted_estimated_woba_value,3,10,3,4,2,True,0,0
716814,519242,2,42,42,12,12,2023-08-28,train,mlb_statcast,42,single,0.532,xwOBA,0.557,persisted_estimated_woba_value,3,1,1,0,2,False,15,15
716814,519242,3,86,92,23,23,2023-08-28,train,mlb_statcast,92,walk,0.517,xwOBA,0.695903,persisted_estimated_woba_value,3,7,1,6,2,False,15,15
716814,664299,1,19,21,6,6,2023-08-28,train,mlb_statcast,21,double,0.497,xwOBA,0.636,persisted_estimated_woba_value,3,3,1,2,2,True,0,0
716814,664299,2,35,38,10,10,2023-08-28,train,mlb_statcast,38,walk,0.49,xwOBA,0.695903,persisted_estimated_woba_value,3,4,1,3,2,False,14,14
716814,664299,3,51,69,15,19,2023-08-28,train,mlb_statcast,55,walk,0.464,xwOBA,0.695903,persisted_estimated_woba_value,3,19,5,4,2,False,15,15
716814,664299,4,89,100,23,24,2023-08-28,train,mlb_statcast,92,home_run,0.745,xwOBA,1.25275,persisted_estimated_woba_value,3,12,2,3,2,False,15,15
716816,592332,1,8,11,3,3,2023-08-28,train,mlb_statcast,11,single,0.468,xwOBA,0.616,persisted_estimated_woba_value,3,4,1,3,2,True,0,0
716816,592332,2,42,52,10,12,2023-08-28,train,mlb_statcast,44,single,0.51,xwOBA,0.833,persisted_estimated_woba_value,3,11,3,2,2,False,15,15
716816,592332,3,69,75,16,17,2023-08-28,train,mlb_statcast,70,single,0.577,xwOBA,0.801,persisted_estimated_woba_value,3,7,2,1,2,False,15,15
716816,592332,4,85,88,21,21,2023-08-28,train,mlb_statcast,88,double,0.479,xwOBA,0.463,persisted_estimated_woba_value,3,4,1,3,2,False,15,14
716820,679525,1,13,22,5,7,2023-08-27,train,mlb_statcast,14,home_run,0.727,xwOBA,2.0,persisted_estimated_woba_value,3,10,3,1,2,True,0,0
716820,679525,2,55,57,14,14,2023-08-27,train,mlb_statcast,57,single,0.528,xwOBA,0.887,persisted_estimated_woba_value,3,3,1,2,2,False,15,9
716820,679525,3,60,63,16,16,2023-08-27,train,mlb_statcast,63,field_out,0.541,xwOBA,0.6765,persisted_estimated_woba_value,3,4,1,3,2,False,15,5
716820,679525,4,72,77,18,18,2023-08-27,train,mlb_statcast,77,walk,0.457,xwOBA,0.695903,persisted_estimated_woba_value,3,6,1,5,2,False,15,8
716820,679525,5,83,83,20,20,2023-08-27,train,mlb_statcast,83,home_run,0.629,xwOBA,1.1903548387096774,persisted_estimated_woba_value,3,1,1,0,2,False,15,11
716825,579328,1,21,21,6,6,2023-08-27,train,mlb_statcast,21,grounded_into_double_play,0.565,xwOBA,0.403,persisted_estimated_woba_value,3,1,1,0,2,False,0,0
716825,579328,2,41,60,11,16,2023-08-27,train,mlb_statcast,41,home_run,0.741,xwOBA,1.2666315789473683,persisted_estimated_woba_value,3,20,6,0,2,False,15,15
716829,656849,1,7,10,2,2,2023-08-27,train,mlb_statcast,10,field_out,0.628,xwOBA,0.56,persisted_estimated_woba_value,2,4,1,3,1,True,0,0
716829,656849,2,92,102,23,25,2023-08-27,train,mlb_statcast,94,single,0.561,xwOBA,0.927,persisted_estimated_woba_value,3,11,3,2,2,False,15,14
716835,605400,1,4,8,2,3,2023-08-27,train,mlb_statcast,6,strikeout,0.595,xwOBA,0.0,persisted_estimated_woba_value,2,5,2,2,1,True,0,0
716836,656427,1,5,11,2,3,2023-08-27,train,mlb_statcast,7,grounded_into_double_play,0.597,xwOBA,0.271,persisted_estimated_woba_value,2,7,2,2,1,True,0,0
716836,656427,2,22,30,6,7,2023-08-27,train,mlb_statcast,25,field_out,0.615,xwOBA,1.10369387755102,persisted_estimated_woba_value,3,9,2,3,2,False,1,1
716836,656427,3,46,47,13,13,2023-08-27,train,mlb_statcast,47,single,0.469,xwOBA,0.887,persisted_estimated_woba_value,3,2,1,1,2,False,15,14
716836,656427,4,60,67,17,18,2023-08-27,train,mlb_statcast,62,double,0.619,xwOBA,0.512,persisted_estimated_woba_value,3,8,2,2,2,False,15,14
716836,656427,5,73,84,21,23,2023-08-27,train,mlb_statcast,78,double,0.656,xwOBA,1.0835,persisted_estimated_woba_value,3,12,3,5,2,False,15,14
716843,593958,1,30,34,7,7,2023-08-26,train,mlb_statcast,34,field_out,0.517,xwOBA,0.8533225806451613,persisted_estimated_woba_value,3,5,1,4,2,False,9,9
716843,593958,2,38,39,9,9,2023-08-26,train,mlb_statcast,39,hit_by_pitch,0.657,xwOBA,0.726005,persisted_estimated_woba_value,3,2,1,1,2,False,15,15
716843,593958,3,41,47,11,11,2023-08-26,train,mlb_statcast,47,walk,0.474,xwOBA+BB/HBP,0.695903,persisted_estimated_woba_value,3,7,1,6,2,False,15,15
716843,593958,4,74,96,20,24,2023-08-26,train,mlb_statcast,78,home_run,0.501,xwOBA,0.7605000000000002,persisted_estimated_woba_value,3,23,5,4,2,False,15,15
716846,671106,1,2,6,2,3,2023-08-26,train,mlb_statcast,4,single,0.78,xwOBA,0.875,persisted_estimated_woba_value,2,5,2,2,1,True,0,0
716846,671106,2,9,11,5,5,2023-08-26,train,mlb_statcast,11,home_run,0.546,xwOBA,1.168227272727273,persisted_estimated_woba_value,3,3,1,2,2,True,0,0
716846,671106,3,13,18,7,7,2023-08-26,train,mlb_statcast,18,walk,0.625,xwOBA,0.695903,persisted_estimated_woba_value,3,6,1,5,2,True,0,0
716846,671106,4,51,57,16,18,2023-08-26,train,mlb_statcast,52,single,0.57,xwOBA,0.45,persisted_estimated_woba_value,3,7,3,1,2,False,15,15
716847,554430,1,36,41,9,10,2023-08-26,train,mlb_statcast,38,field_out,0.48,xwOBA,0.155,persisted_estimated_woba_value,3,6,2,2,2,False,15,15
716850,641540,1,6,31,2,7,2023-08-25,train,mlb_statcast,12,walk,0.696,xwOBA+BB/HBP,0.695903,persisted_estimated_woba_value,2,26,6,6,1,True,0,0
716850,641540,2,49,58,13,16,2023-08-25,train,mlb_statcast,49,double,0.509,xwOBA,0.506,persisted_estimated_woba_value,3,10,4,0,2,False,15,14
716850,641540,3,62,66,18,18,2023-08-25,train,mlb_statcast,66,walk,0.474,xwOBA+BB/HBP,0.695903,persisted_estimated_woba_value,3,5,1,4,2,False,15,13
716850,641540,4,70,72,20,20,2023-08-25,train,mlb_statcast,72,single,0.456,xwOBA,0.672,persisted_estimated_woba_value,3,3,1,2,2,False,15,13
716850,641540,5,74,79,22,22,2023-08-25,train,mlb_statcast,79,walk,0.467,xwOBA,0.695903,persisted_estimated_woba_value,3,6,1,5,2,False,15,13
716851,668881,1,45,51,11,11,2023-08-25,train,mlb_statcast,51,walk,0.464,xwOBA+BB/HBP,0.695903,persisted_estimated_woba_value,3,7,1,6,2,False,15,15
716851,668881,2,65,72,15,17,2023-08-25,train,mlb_statcast,67,single,0.604,xwOBA,0.867,persisted_estimated_woba_value,3,8,3,2,2,False,15,15
716851,668881,3,82,90,20,21,2023-08-25,train,mlb_statcast,85,walk,0.575,xwOBA+BB/HBP,0.695903,persisted_estimated_woba_value,3,9,2,3,2,False,15,15
716852,657277,1,4,24,2,5,2023-08-25,train,mlb_statcast,6,home_run,0.564,xwOBA,1.1014054054054057,persisted_estimated_woba_value,2,21,4,2,1,True,0,0
716852,657277,2,55,59,14,15,2023-08-25,train,mlb_statcast,55,single,0.555,xwOBA,0.824,persisted_estimated_woba_value,3,5,2,0,2,False,15,15
716852,657277,3,87,92,20,21,2023-08-25,train,mlb_statcast,87,single,0.604,xwOBA,0.74,persisted_estimated_woba_value,3,6,2,0,2,False,15,15
716852,675911,1,84,92,22,24,2023-08-25,train,mlb_statcast,84,triple,0.587,xwOBA,1.2597727272727273,persisted_estimated_woba_value,3,9,3,0,2,False,15,15
716853,663903,1,2,10,2,3,2023-08-25,train,mlb_statcast,3,single,1.076,xwOBA,0.153,persisted_estimated_woba_value,2,9,2,1,1,True,0,0
716853,663903,2,31,43,9,10,2023-08-25,train,mlb_statcast,39,field_out,0.603,xwOBA+barrels,0.7702173913043479,persisted_estimated_woba_value,3,13,2,8,2,False,10,10
716853,663903,3,78,87,21,22,2023-08-25,train,mlb_statcast,81,single,0.685,xwOBA,0.904,persisted_estimated_woba_value,3,10,2,3,2,False,15,15
716854,543037,1,74,82,19,21,2023-08-25,train,mlb_statcast,77,home_run,0.457,xwOBA,1.370193548387097,persisted_estimated_woba_value,3,9,3,3,2,False,15,15
716855,663776,1,22,32,5,6,2023-08-25,train,mlb_statcast,27,walk,0.533,xwOBA+BB/HBP,0.695903,persisted_estimated_woba_value,3,11,2,5,2,False,1,1
716855,663776,2,48,59,11,13,2023-08-25,train,mlb_statcast,49,home_run,0.672,xwOBA,1.761522727272727,persisted_estimated_woba_value,3,12,3,1,2,False,15,15
716856,656302,1,15,21,5,7,2023-08-25,train,mlb_statcast,16,single,0.609,xwOBA,0.911,persisted_estimated_woba_value,3,7,3,1,2,True,0,0
716856,656302,2,25,29,9,11,2023-08-25,train,mlb_statcast,26,single,0.679,xwOBA,0.898,persisted_estimated_woba_value,3,5,3,1,2,False,4,4
716856,656302,3,55,59,19,19,2023-08-25,train,mlb_statcast,59,walk,0.478,xwOBA,0.695903,persisted_estimated_woba_value,3,5,1,4,2,False,15,15
716856,656302,4,78,92,24,26,2023-08-25,train,mlb_statcast,82,walk,0.464,xwOBA+BB/HBP,0.695903,persisted_estimated_woba_value,3,15,3,4,2,False,15,13
716859,607536,1,7,23,4,8,2023-08-25,train,mlb_statcast,9,double,0.524,xwOBA,1.14465,persisted_estimated_woba_value,3,17,5,2,2,True,0,0
716859,607536,2,27,36,10,12,2023-08-25,train,mlb_statcast,29,field_out,0.476,xwOBA,1.263652173913044,persisted_estimated_woba_value,3,10,3,2,2,False,6,6
716859,607536,3,61,64,20,20,2023-08-25,train,mlb_statcast,64,single,0.528,xwOBA,0.899,persisted_estimated_woba_value,3,4,1,3,2,False,15,15
716859,607536,4,68,75,22,25,2023-08-25,train,mlb_statcast,71,home_run,0.683,xwOBA,0.9295555555555554,persisted_estimated_woba_value,3,8,4,3,2,False,15,15
716861,650911,1,3,17,2,5,2023-08-25,train,mlb_statcast,4,field_out,0.712,xwOBA,0.49,persisted_estimated_woba_value,2,15,4,1,1,True,0,0
716862,543294,1,3,3,2,2,2023-08-25,train,mlb_statcast,3,double,0.485,xwOBA,0.422,persisted_estimated_woba_value,2,1,1,0,1,True,0,0
716862,543294,2,90,94,24,25,2023-08-25,train,mlb_statcast,92,single,0.558,xwOBA,0.78,persisted_estimated_woba_value,3,5,2,2,2,False,15,15
716863,666129,1,38,54,13,15,2023-08-25,train,mlb_statcast,45,field_out,0.546,xwOBA,0.838,persisted_estimated_woba_value,3,17,3,7,2,False,15,15
716863,666129,2,59,62,17,18,2023-08-25,train,mlb_statcast,61,double,0.545,xwOBA,0.76,persisted_estimated_woba_value,3,4,2,2,2,False,15,15
716863,666129,3,78,90,24,26,2023-08-25,train,mlb_statcast,78,home_run,0.676,xwOBA,1.669282051282051,persisted_estimated_woba_value,3,13,3,0,2,False,15,15
716865,502043,1,29,35,12,12,2023-08-24,train,mlb_statcast,35,walk,0.497,xwOBA,0.695903,persisted_estimated_woba_value,3,7,1,6,2,False,8,8
716865,502043,2,37,43,14,16,2023-08-24,train,mlb_statcast,37,sac_fly,0.651,xwOBA,1.0835,persisted_estimated_woba_value,3,7,3,0,2,False,15,15
716865,502043,3,61,69,21,23,2023-08-24,train,mlb_statcast,63,home_run,0.764,xwOBA,1.8574594594594591,persisted_estimated_woba_value,3,9,3,2,2,False,15,15
716872,650633,1,6,8,2,2,2023-08-24,train,mlb_statcast,8,field_out,0.636,xwOBA,0.228,persisted_estimated_woba_value,2,3,1,2,1,True,0,0
716872,650633,2,20,21,6,6,2023-08-24,train,mlb_statcast,21,field_out,0.534,xwOBA,0.509,persisted_estimated_woba_value,3,2,1,1,2,True,0,0
716874,592332,1,5,7,2,2,2023-08-23,train,mlb_statcast,7,field_out,0.616,xwOBA,0.9800476190476192,persisted_estimated_woba_value,2,3,1,2,1,True,0,0
716874,592332,2,44,50,12,13,2023-08-23,train,mlb_statcast,45,field_out,0.46,xwOBA,0.441,persisted_estimated_woba_value,3,7,2,1,2,False,15,14
716877,622663,1,29,33,8,8,2023-08-23,train,mlb_statcast,33,walk,0.49,xwOBA,0.695903,persisted_estimated_woba_value,3,5,1,4,2,False,8,8
716877,622663,2,54,59,13,14,2023-08-23,train,mlb_statcast,55,single,0.566,xwOBA,0.895,persisted_estimated_woba_value,3,6,2,1,2,False,15,14
716878,519242,1,2,12,2,4,2023-08-23,train,mlb_statcast,4,single,0.65,xwOBA,0.384,persisted_estimated_woba_value,2,11,3,2,1,True,0,0
716878,519242,2,23,23,9,9,2023-08-23,train,mlb_statcast,23,home_run,0.565,xwOBA,0.7964166666666667,persisted_estimated_woba_value,3,1,1,0,2,False,2,2
716878,519242,3,27,31,11,11,2023-08-23,train,mlb_statcast,31,walk,0.497,xwOBA,0.695903,persisted_estimated_woba_value,3,5,1,4,2,False,6,6
716878,519242,4,44,54,15,16,2023-08-23,train,mlb_statcast,49,double,0.528,xwOBA,0.79,persisted_estimated_woba_value,3,11,2,5,2,False,15,15
716880,650644,1,53,67,15,17,2023-08-23,train,mlb_statcast,55,home_run,0.474,xwOBA,1.3556197183098586,persisted_estimated_woba_value,3,15,3,2,2,False,15,15
716882,669203,1,6,9,2,3,2023-08-23,train,mlb_statcast,6,single,0.858,xwOBA,0.833,persisted_estimated_woba_value,2,4,2,0,1,True,0,0
716882,669203,2,45,65,13,17,2023-08-23,train,mlb_statcast,48,home_run,0.687,xwOBA,1.0543333333333331,persisted_estimated_woba_value,3,21,5,3,2,False,15,14
716882,669203,3,95,95,25,25,2023-08-23,train,mlb_statcast,95,home_run,0.518,xwOBA,0.4774166666666666,persisted_estimated_woba_value,3,1,1,0,2,False,15,10
716896,681857,1,28,29,7,7,2023-08-22,train,mlb_statcast,29,field_error,0.482,xwOBA,0.148,persisted_estimated_woba_value,3,2,1,1,2,False,7,7
716896,681857,2,66,76,14,18,2023-08-22,train,mlb_statcast,66,home_run,0.851,xwOBA,1.8574594594594591,persisted_estimated_woba_value,3,11,5,0,2,False,15,15
716901,670912,1,83,91,18,19,2023-08-22,train,mlb_statcast,88,field_out,0.515,xwOBA,0.4024999999999999,persisted_estimated_woba_value,3,9,2,5,2,False,15,15
716902,579328,1,55,59,15,16,2023-08-22,train,mlb_statcast,56,single,0.477,xwOBA,0.893,persisted_estimated_woba_value,3,5,2,1,2,False,15,15
716902,579328,2,66,72,19,20,2023-08-22,train,mlb_statcast,70,single,0.5,xwOBA,0.74,persisted_estimated_woba_value,3,7,2,4,2,False,15,15
716908,664299,1,22,34,5,7,2023-08-21,train,mlb_statcast,24,home_run,0.785,xwOBA,1.684482758620689,persisted_estimated_woba_value,3,13,3,2,2,False,1,1
716908,664299,2,37,46,9,10,2023-08-21,train,mlb_statcast,41,walk,0.567,xwOBA,0.695903,persisted_estimated_woba_value,3,10,2,4,2,False,15,15
716908,664299,3,57,61,15,15,2023-08-21,train,mlb_statcast,61,walk,0.537,xwOBA,0.695903,persisted_estimated_woba_value,3,5,1,4,2,False,15,15
716908,664299,4,85,93,22,23,2023-08-21,train,mlb_statcast,89,walk,0.475,xwOBA,0.695903,persisted_estimated_woba_value,3,9,2,4,2,False,15,15
716910,656849,1,8,11,2,2,2023-08-21,train,mlb_statcast,11,field_out,0.486,xwOBA,0.915,persisted_estimated_woba_value,2,4,1,3,1,True,0,0
716910,656849,2,21,33,5,7,2023-08-21,train,mlb_statcast,24,home_run,0.69,xwOBA,1.8826071428571427,persisted_estimated_woba_value,3,13,3,3,2,False,0,0
716910,656849,3,49,54,11,12,2023-08-21,train,mlb_statcast,51,double,0.592,xwOBA,0.7334594594594595,persisted_estimated_woba_value,3,6,2,2,2,False,15,15
716910,656849,4,60,70,14,16,2023-08-21,train,mlb_statcast,64,home_run,0.667,xwOBA,2.0,persisted_estimated_woba_value,3,11,3,4,2,False,15,15
716910,656849,5,77,83,18,19,2023-08-21,train,mlb_statcast,77,single,0.517,xwOBA,0.772,persisted_estimated_woba_value,3,7,2,0,2,False,15,15
716910,656849,6,89,93,22,22,2023-08-21,train,mlb_statcast,93,walk,0.509,xwOBA,0.695903,persisted_estimated_woba_value,3,5,1,4,2,False,15,15
716911,605400,1,7,24,2,5,2023-08-21,train,mlb_statcast,9,home_run,0.838,xwOBA,1.6763,persisted_estimated_woba_value,2,18,4,2,1,True,0,0
716911,605400,2,35,44,10,12,2023-08-21,train,mlb_statcast,36,home_run,0.687,xwOBA,1.7499318181818182,persisted_estimated_woba_value,3,10,3,1,2,False,14,14
716911,640455,1,17,28,3,5,2023-08-21,train,mlb_statcast,20,home_run,0.652,xwOBA,1.2597727272727273,persisted_estimated_woba_value,3,12,3,3,2,True,0,0
716916,656302,1,46,51,10,12,2023-08-20,train,mlb_statcast,46,home_run,0.698,xwOBA,2.0,persisted_estimated_woba_value,3,6,3,0,2,False,15,15
716916,656302,2,59,68,16,17,2023-08-20,train,mlb_statcast,62,field_error,0.459,xwOBA,0.6,persisted_estimated_woba_value,3,10,2,3,2,False,15,15
716916,656302,3,87,96,21,22,2023-08-20,train,mlb_statcast,90,single,0.649,xwOBA,0.602,persisted_estimated_woba_value,3,10,2,3,2,False,15,13
716916,656302,4,104,105,24,24,2023-08-20,train,mlb_statcast,105,single,0.475,xwOBA,0.728,persisted_estimated_woba_value,3,2,1,1,2,False,15,15
716917,543294,1,7,18,3,5,2023-08-20,train,mlb_statcast,8,single,0.571,xwOBA,0.904,persisted_estimated_woba_value,3,12,3,1,2,True,0,0
716917,543294,2,56,62,17,17,2023-08-20,train,mlb_statcast,62,walk,0.521,xwOBA,0.695903,persisted_estimated_woba_value,3,7,1,6,2,False,15,15
716917,543294,3,66,79,19,21,2023-08-20,train,mlb_statcast,69,double,0.949,xwOBA,1.5946315789473686,persisted_estimated_woba_value,3,14,3,3,2,False,15,15
716922,593958,1,55,55,13,13,2023-08-20,train,mlb_statcast,55,single,0.579,xwOBA,0.921,persisted_estimated_woba_value,3,1,1,0,2,False,15,15
716922,593958,2,72,77,17,18,2023-08-20,train,mlb_statcast,72,single,0.663,xwOBA,0.927,persisted_estimated_woba_value,3,6,2,0,2,False,15,15
716922,593958,3,87,94,21,22,2023-08-20,train,mlb_statcast,89,field_out,0.592,xwOBA,0.814,persisted_estimated_woba_value,3,8,2,2,2,False,15,15
716922,671106,1,6,12,2,3,2023-08-20,train,mlb_statcast,7,home_run,0.739,xwOBA,0.7820833333333334,persisted_estimated_woba_value,2,7,2,1,1,True,0,0
716922,671106,2,32,40,8,9,2023-08-20,train,mlb_statcast,34,single,0.533,xwOBA,0.717,persisted_estimated_woba_value,3,9,2,2,2,False,11,11
716924,668881,1,4,12,2,4,2023-08-20,train,mlb_statcast,5,triple,0.762,xwOBA,1.0987333333333331,persisted_estimated_woba_value,2,9,3,1,1,True,0,0
716924,668881,2,45,51,15,16,2023-08-20,train,mlb_statcast,50,walk,0.516,xwOBA,0.695903,persisted_estimated_woba_value,3,7,2,5,2,False,15,15
716924,668881,3,67,90,21,24,2023-08-20,train,mlb_statcast,71,home_run,0.748,xwOBA+barrels,1.1903548387096774,persisted_estimated_woba_value,3,24,4,4,2,False,15,15
716925,663776,1,6,7,2,2,2023-08-19,train,mlb_statcast,7,single,0.617,xwOBA,0.538,persisted_estimated_woba_value,2,2,1,1,1,True,0,0
716925,663776,2,48,61,14,15,2023-08-19,train,mlb_statcast,53,walk,0.471,xwOBA,0.695903,persisted_estimated_woba_value,3,14,2,5,2,False,15,15
716925,663776,3,86,100,22,24,2023-08-19,train,mlb_statcast,88,single,0.456,xwOBA,0.908,persisted_estimated_woba_value,3,15,3,2,2,False,15,15
716926,666129,1,19,45,7,12,2023-08-19,train,mlb_statcast,22,field_out,0.452,xwOBA,0.278,persisted_estimated_woba_value,3,27,6,3,2,True,0,0
716926,666129,2,62,70,19,21,2023-08-19,train,mlb_statcast,65,home_run,0.649,xwOBA,1.4541694915254244,persisted_estimated_woba_value,3,9,3,3,2,False,15,15
716929,554430,1,5,20,2,6,2023-08-20,train,mlb_statcast,9,single,0.686,xwOBA,0.814,persisted_estimated_woba_value,2,16,5,4,1,True,0,0
716933,607536,1,47,48,12,12,2023-08-19,train,mlb_statcast,48,field_out,0.61,xwOBA,0.627,persisted_estimated_woba_value,3,2,1,1,2,False,15,15
716933,607536,2,77,78,19,20,2023-08-19,train,mlb_statcast,77,single,0.725,xwOBA,0.913,persisted_estimated_woba_value,3,2,2,0,2,False,15,15
716934,657277,1,17,22,5,6,2023-08-19,train,mlb_statcast,18,single,0.466,xwOBA,0.624,persisted_estimated_woba_value,3,6,2,1,2,True,0,0
716934,657277,2,38,39,12,12,2023-08-19,train,mlb_statcast,39,single,0.489,xwOBA,0.84,persisted_estimated_woba_value,3,2,1,1,2,False,15,15
716934,657277,3,43,62,14,17,2023-08-19,train,mlb_statcast,46,field_out,0.491,xwOBA,0.58725,persisted_estimated_woba_value,3,20,4,3,2,False,15,15
716934,657277,4,65,73,19,21,2023-08-19,train,mlb_statcast,65,home_run,0.597,xwOBA,1.654295454545455,persisted_estimated_woba_value,3,9,3,0,2,False,15,14
716937,663903,1,39,42,9,9,2023-08-19,train,mlb_statcast,42,single,0.483,xwOBA,0.562,persisted_estimated_woba_value,3,4,1,3,2,False,15,15
716937,663903,2,53,55,13,13,2023-08-19,train,mlb_statcast,55,home_run,0.46,xwOBA,1.1182968749999995,persisted_estimated_woba_value,3,3,1,2,2,False,15,15
716938,641540,1,22,25,5,5,2023-08-19,train,mlb_statcast,25,single,0.53,xwOBA,0.508,persisted_estimated_woba_value,3,4,1,3,2,False,1,1
716938,641540,2,57,61,14,14,2023-08-19,train,mlb_statcast,61,single,0.616,xwOBA,0.897,persisted_estimated_woba_value,3,5,1,4,2,False,15,15
716938,641540,3,94,99,23,23,2023-08-19,train,mlb_statcast,99,home_run,0.576,xwOBA,1.3023142857142855,persisted_estimated_woba_value,3,6,1,5,2,False,15,14
716941,650911,1,3,12,2,4,2023-08-19,train,mlb_statcast,4,single,0.505,xwOBA,0.946,persisted_estimated_woba_value,2,10,3,1,1,True,0,0
716941,650911,2,75,75,24,24,2023-08-19,train,mlb_statcast,75,single,0.465,xwOBA,0.336,persisted_estimated_woba_value,3,1,1,0,2,False,15,15
716943,543037,1,24,44,7,11,2023-08-19,train,mlb_statcast,31,walk,0.623,xwOBA,0.695903,persisted_estimated_woba_value,3,21,5,7,2,False,3,3
716943,543037,2,71,85,17,19,2023-08-19,train,mlb_statcast,78,home_run,0.791,xwOBA,1.6668333333333336,persisted_estimated_woba_value,3,15,3,7,2,False,15,15
716944,502043,1,15,19,6,6,2023-08-18,train,mlb_statcast,19,single,0.54,xwOBA,0.893,persisted_estimated_woba_value,3,5,1,4,2,True,0,0
716944,502043,2,34,54,12,15,2023-08-18,train,mlb_statcast,39,double,0.583,xwOBA,1.2666315789473683,persisted_estimated_woba_value,3,21,4,5,2,False,13,13
716944,502043,3,75,79,21,21,2023-08-18,train,mlb_statcast,79,double,0.62,xwOBA,0.808,persisted_estimated_woba_value,3,5,1,4,2,False,15,15
716945,542881,1,66,81,17,20,2023-08-18,train,mlb_statcast,69,double,0.588,xwOBA,0.724,persisted_estimated_woba_value,3,16,4,3,2,False,15,14
716949,675911,1,52,57,12,12,2023-08-18,train,mlb_statcast,57,single,0.468,xwOBA,0.707,persisted_estimated_woba_value,3,6,1,5,2,False,15,15
716955,666142,1,6,13,2,3,2023-08-18,train,mlb_statcast,9,single,0.738,xwOBA,0.781,persisted_estimated_woba_value,2,8,2,3,1,True,0,0
716955,666142,2,64,73,16,18,2023-08-18,train,mlb_statcast,66,single,0.607,xwOBA,0.895,persisted_estimated_woba_value,3,10,3,2,2,False,15,0
716961,669203,1,3,7,2,2,2023-08-17,train,mlb_statcast,7,walk,0.661,xwOBA,0.695903,persisted_estimated_woba_value,2,5,1,4,1,True,0,0
716966,519242,1,9,10,5,5,2023-08-17,train,mlb_statcast,10,double,0.488,xwOBA,0.7305599999999999,persisted_estimated_woba_value,3,2,1,1,2,True,0,0
716966,519242,2,52,65,17,19,2023-08-17,train,mlb_statcast,57,walk,0.496,xwOBA,0.695903,persisted_estimated_woba_value,3,14,3,5,2,False,15,15
716967,592332,1,26,28,8,8,2023-08-16,train,mlb_statcast,28,sac_fly,0.489,xwOBA,0.772,persisted_estimated_woba_value,3,3,1,2,2,False,5,5
716967,592332,2,39,47,12,14,2023-08-16,train,mlb_statcast,41,home_run,0.64,xwOBA,1.5970535714285716,persisted_estimated_woba_value,3,9,3,2,2,False,15,15
716967,592332,3,66,81,21,26,2023-08-16,train,mlb_statcast,69,walk,0.47,xwOBA+BB/HBP,0.695903,persisted_estimated_woba_value,3,16,6,3,2,False,15,15
716967,605400,1,26,44,6,9,2023-08-16,train,mlb_statcast,28,field_out,0.457,xwOBA,0.7580000000000001,persisted_estimated_woba_value,3,19,4,2,2,False,5,5
716967,605400,2,52,58,12,14,2023-08-16,train,mlb_statcast,52,single,0.518,xwOBA,0.735,persisted_estimated_woba_value,3,7,3,0,2,False,15,15
716967,605400,3,64,68,16,16,2023-08-16,train,mlb_statcast,68,walk,0.588,xwOBA,0.695903,persisted_estimated_woba_value,3,5,1,4,2,False,15,15
716974,670912,1,20,32,6,8,2023-08-16,train,mlb_statcast,25,home_run,0.573,xwOBA,1.0543333333333331,persisted_estimated_woba_value,3,13,3,5,2,True,0,0
716974,670912,2,39,46,10,12,2023-08-16,train,mlb_statcast,42,walk,0.464,xwOBA+BB/HBP,0.695903,persisted_estimated_woba_value,3,8,3,3,2,False,15,15
716976,681857,1,13,19,4,5,2023-08-16,train,mlb_statcast,18,double,0.463,xwOBA,0.694,persisted_estimated_woba_value,3,7,2,5,2,True,0,0
716976,681857,2,32,44,9,11,2023-08-16,train,mlb_statcast,35,single,0.529,xwOBA,0.88,persisted_estimated_woba_value,3,13,3,3,2,False,11,11
716976,681857,3,53,60,14,15,2023-08-16,train,mlb_statcast,55,single,0.598,xwOBA,0.843,persisted_estimated_woba_value,3,8,2,2,2,False,15,15
716980,656427,1,9,38,3,9,2023-08-15,train,mlb_statcast,13,field_out,0.542,xwOBA,0.9032666666666666,persisted_estimated_woba_value,3,30,7,4,2,True,0,0
716980,656427,2,57,65,13,13,2023-08-15,train,mlb_statcast,65,double,0.473,xwOBA,0.417,persisted_estimated_woba_value,3,9,1,8,2,False,15,15
716986,543294,1,3,7,2,3,2023-08-15,train,mlb_statcast,6,walk,0.561,xwOBA,0.695903,persisted_estimated_woba_value,2,5,2,3,1,True,0,0
716986,543294,2,23,24,9,9,2023-08-15,train,mlb_statcast,24,single,0.464,xwOBA,0.273,persisted_estimated_woba_value,3,2,1,1,2,False,2,2
716986,543294,3,44,55,15,17,2023-08-15,train,mlb_statcast,45,field_out,0.464,xwOBA,0.69,persisted_estimated_woba_value,3,12,3,1,2,False,15,15
716987,622663,1,21,34,5,8,2023-08-15,train,mlb_statcast,21,home_run,0.875,xwOBA,1.9295,persisted_estimated_woba_value,3,14,4,0,2,False,0,0
716987,622663,2,77,83,19,21,2023-08-15,train,mlb_statcast,79,home_run,0.478,xwOBA,1.31425,persisted_estimated_woba_value,3,7,3,2,2,False,15,14
716988,656849,1,2,30,2,8,2023-08-15,train,mlb_statcast,4,grounded_into_double_play,0.481,xwOBA,0.064,persisted_estimated_woba_value,2,29,7,2,1,True,0,0
716988,656849,2,35,39,10,10,2023-08-15,train,mlb_statcast,39,walk,0.464,xwOBA+BB/HBP,0.695903,persisted_estimated_woba_value,3,5,1,4,2,False,14,14
716988,656849,3,43,59,12,14,2023-08-15,train,mlb_statcast,48,walk,0.464,xwOBA+BB/HBP,0.695903,persisted_estimated_woba_value,3,17,3,5,2,False,15,15
716990,554430,1,48,48,12,12,2023-08-15,train,mlb_statcast,48,field_out,0.548,xwOBA,0.326,persisted_estimated_woba_value,3,1,1,0,2,False,15,15
716991,664299,1,39,53,10,12,2023-08-15,train,mlb_statcast,43,home_run,0.613,xwOBA,1.600727272727273,persisted_estimated_woba_value,3,15,3,4,2,False,15,14
716991,664299,2,75,82,18,18,2023-08-15,train,mlb_statcast,82,walk,0.553,xwOBA,0.695903,persisted_estimated_woba_value,3,8,1,7,2,False,15,14
716992,671106,1,70,75,20,20,2023-08-15,train,mlb_statcast,75,walk,0.487,xwOBA+BB/HBP,0.695903,persisted_estimated_woba_value,3,6,1,5,2,False,15,13
716994,663903,1,103,106,26,26,2023-08-14,train,mlb_statcast,106,hit_by_pitch,0.614,xwOBA,0.726005,persisted_estimated_woba_value,3,4,1,3,2,False,15,13
716997,663776,1,19,34,5,7,2023-08-14,train,mlb_statcast,23,walk,0.464,xwOBA+BB/HBP,0.695903,persisted_estimated_woba_value,3,16,3,4,2,True,0,0
716997,663776,2,59,63,15,15,2023-08-14,train,mlb_statcast,63,walk,0.646,xwOBA+BB/HBP,0.695903,persisted_estimated_woba_value,3,5,1,4,2,False,15,13
716997,663776,3,79,83,19,19,2023-08-14,train,mlb_statcast,83,walk,0.477,xwOBA,0.695903,persisted_estimated_woba_value,3,5,1,4,2,False,15,14
717000,666129,1,6,22,2,6,2023-08-14,train,mlb_statcast,8,field_out,0.63,xwOBA,0.711,persisted_estimated_woba_value,2,17,5,2,1,True,0,0
717000,666129,2,66,70,18,18,2023-08-14,train,mlb_statcast,70,walk,0.462,xwOBA,0.695903,persisted_estimated_woba_value,3,5,1,4,2,False,15,15
717000,666129,3,72,75,20,20,2023-08-14,train,mlb_statcast,75,field_out,0.469,xwOBA,0.528,persisted_estimated_woba_value,3,4,1,3,2,False,15,15
717006,656302,1,12,17,5,6,2023-08-13,train,mlb_statcast,14,single,0.499,xwOBA,0.831,persisted_estimated_woba_value,3,6,2,2,2,True,0,0
717006,656302,2,48,59,14,17,2023-08-13,train,mlb_statcast,52,walk,0.604,xwOBA,0.695903,persisted_estimated_woba_value,3,12,4,4,2,False,15,15
717007,607536,1,25,34,6,8,2023-08-13,train,mlb_statcast,26,single,0.464,xwOBA,0.403,persisted_estimated_woba_value,3,10,3,1,2,False,4,4
717007,607536,2,43,46,10,10,2023-08-13,train,mlb_statcast,46,field_out,0.548,xwOBA,1.127428571428572,persisted_estimated_woba_value,3,4,1,3,2,False,15,15
717007,607536,3,49,54,12,14,2023-08-13,train,mlb_statcast,51,double,0.64,xwOBA+barrels,0.7702173913043479,persisted_estimated_woba_value,3,6,3,2,2,False,15,15
717008,641540,1,14,16,5,5,2023-08-13,train,mlb_statcast,16,home_run,0.574,xwOBA,1.2597727272727273,persisted_estimated_woba_value,3,3,1,2,2,True,0,0
717008,641540,2,36,39,11,11,2023-08-13,train,mlb_statcast,39,single,0.462,xwOBA,0.895,persisted_estimated_woba_value,3,4,1,3,2,False,15,14
717008,641540,3,41,44,13,13,2023-08-13,train,mlb_statcast,44,single,0.526,xwOBA,0.666,persisted_estimated_woba_value,3,4,1,3,2,False,15,14
717008,657277,1,6,7,2,3,2023-08-13,train,mlb_statcast,6,single,0.847,xwOBA,0.862,persisted_estimated_woba_value,2,2,2,0,1,True,0,0
717008,657277,2,52,56,15,16,2023-08-13,train,mlb_statcast,54,single,0.596,xwOBA,0.5185,persisted_estimated_woba_value,3,5,2,2,2,False,15,11
717011,543037,1,46,53,9,10,2023-08-13,train,mlb_statcast,51,walk,0.487,xwOBA,0.695903,persisted_estimated_woba_value,3,8,2,5,2,False,15,15
717011,543037,2,60,64,14,14,2023-08-13,train,mlb_statcast,64,single,0.451,xwOBA,0.736,persisted_estimated_woba_value,3,5,1,4,2,False,15,15
717011,543037,3,69,71,16,16,2023-08-13,train,mlb_statcast,71,grounded_into_double_play,0.458,xwOBA,0.234,persisted_estimated_woba_value,3,3,1,2,2,False,15,15
717014,593958,1,24,32,7,8,2023-08-13,train,mlb_statcast,28,walk,0.461,xwOBA,0.695903,persisted_estimated_woba_value,3,9,2,4,2,False,3,3
717014,593958,2,44,50,12,13,2023-08-13,train,mlb_statcast,46,single,0.615,xwOBA,0.601,persisted_estimated_woba_value,3,7,2,2,2,False,15,15
717014,593958,3,67,74,18,19,2023-08-13,train,mlb_statcast,70,single,0.471,xwOBA,0.534,persisted_estimated_woba_value,3,8,2,3,2,False,15,15
717014,593958,4,88,91,24,25,2023-08-13,train,mlb_statcast,88,field_out,0.576,xwOBA,0.58725,persisted_estimated_woba_value,3,4,2,0,2,False,15,15
717019,666142,1,27,35,7,9,2023-08-12,train,mlb_statcast,28,home_run,0.745,xwOBA,1.039657142857143,persisted_estimated_woba_value,3,9,3,1,2,False,6,0
717019,666142,2,44,51,12,14,2023-08-12,train,mlb_statcast,44,double,0.471,xwOBA,0.824,persisted_estimated_woba_value,3,8,3,0,2,False,15,0
717019,666142,3,66,93,19,24,2023-08-12,train,mlb_statcast,72,walk,0.535,xwOBA+BB/HBP,0.695903,persisted_estimated_woba_value,3,28,6,6,2,False,15,0
717021,675911,1,37,40,10,10,2023-08-12,train,mlb_statcast,40,walk,0.464,xwOBA+BB/HBP,0.695903,persisted_estimated_woba_value,3,4,1,3,2,False,15,15
717022,542881,1,46,53,11,14,2023-08-12,train,mlb_statcast,46,double,0.545,xwOBA,0.939,persisted_estimated_woba_value,3,8,4,0,2,False,15,15
717022,542881,2,77,82,21,22,2023-08-12,train,mlb_statcast,81,walk,0.486,xwOBA+BB/HBP,0.695903,persisted_estimated_woba_value,3,6,2,4,2,False,15,15
717034,502043,1,4,20,2,6,2023-08-11,train,mlb_statcast,4,single,0.897,xwOBA,0.627,persisted_estimated_woba_value,2,17,5,0,1,True,0,0
717034,502043,2,27,28,8,8,2023-08-11,train,mlb_statcast,28,single,0.577,xwOBA,0.898,persisted_estimated_woba_value,3,2,1,1,2,False,6,6
717034,502043,3,52,65,17,20,2023-08-11,train,mlb_statcast,54,sac_fly,0.571,xwOBA,0.5005000000000001,persisted_estimated_woba_value,3,14,4,2,2,False,15,15
717034,502043,4,72,80,23,25,2023-08-11,train,mlb_statcast,73,home_run,0.668,xwOBA,1.8574594594594591,persisted_estimated_woba_value,3,9,3,1,2,False,15,15
717035,669194,1,19,33,5,7,2023-08-11,train,mlb_statcast,20,home_run,0.938,xwOBA,2.0,persisted_estimated_woba_value,3,15,3,1,2,True,0,0
717035,669194,2,55,70,13,15,2023-08-11,train,mlb_statcast,60,single,0.598,xwOBA,0.781,persisted_estimated_woba_value,3,16,3,5,2,False,15,12
717036,669203,1,10,15,3,4,2023-08-11,train,mlb_statcast,11,single,0.504,xwOBA,0.723,persisted_estimated_woba_value,3,6,2,1,2,True,0,0
717036,669203,2,48,73,12,17,2023-08-11,train,mlb_statcast,52,home_run,0.735,xwOBA,1.4801764705882352,persisted_estimated_woba_value,3,26,6,4,2,False,15,15
717036,669203,3,75,81,19,19,2023-08-11,train,mlb_statcast,81,single,0.491,xwOBA,0.724,persisted_estimated_woba_value,3,7,1,6,2,False,15,15
717038,650644,1,14,20,5,6,2023-08-11,train,mlb_statcast,16,field_out,0.526,xwOBA,0.8823478260869564,persisted_estimated_woba_value,3,7,2,2,2,True,0,0
717038,650644,2,48,52,13,14,2023-08-11,train,mlb_statcast,51,single,0.577,xwOBA,0.6,persisted_estimated_woba_value,3,5,2,3,2,False,15,14
717042,519242,1,51,58,15,16,2023-08-11,train,mlb_statcast,53,home_run,0.791,xwOBA,2.0,persisted_estimated_woba_value,3,8,2,2,2,False,15,15
717044,650911,1,17,30,5,8,2023-08-11,train,mlb_statcast,18,home_run,0.691,xwOBA,1.2253636363636369,persisted_estimated_woba_value,3,14,4,1,2,True,0,0
717046,670912,1,7,23,2,5,2023-08-11,train,mlb_statcast,9,single,0.826,xwOBA,0.957,persisted_estimated_woba_value,2,17,4,2,1,True,0,0
717046,670912,2,44,44,11,11,2023-08-11,train,mlb_statcast,44,field_out,0.456,xwOBA,0.61,persisted_estimated_woba_value,3,1,1,0,2,False,15,15
717046,670912,3,57,76,16,20,2023-08-11,train,mlb_statcast,57,hit_by_pitch,0.5,xwOBA,0.726005,persisted_estimated_woba_value,3,20,5,0,2,False,15,15
717049,605400,1,13,18,4,4,2023-08-10,train,mlb_statcast,18,walk,0.47,xwOBA,0.695903,persisted_estimated_woba_value,3,6,1,5,2,True,0,0
717049,605400,2,98,101,21,21,2023-08-10,train,mlb_statcast,101,single,0.535,xwOBA,0.899,persisted_estimated_woba_value,3,4,1,3,2,False,15,15
717050,681857,1,22,27,6,6,2023-08-10,train,mlb_statcast,27,walk,0.599,xwOBA,0.695903,persisted_estimated_woba_value,3,6,1,5,2,False,1,1
717050,681857,2,39,48,11,12,2023-08-10,train,mlb_statcast,44,walk,0.476,xwOBA,0.695903,persisted_estimated_woba_value,3,10,2,5,2,False,15,13
717050,681857,3,85,94,22,23,2023-08-10,train,mlb_statcast,88,field_out,0.52,xwOBA,1.001,persisted_estimated_woba_value,3,10,2,3,2,False,15,13
717060,592332,1,27,29,5,5,2023-08-09,train,mlb_statcast,29,single,0.455,xwOBA,0.46,persisted_estimated_woba_value,3,3,1,2,2,False,6,6
717060,592332,2,88,90,23,24,2023-08-09,train,mlb_statcast,88,double,0.558,xwOBA,0.944,persisted_estimated_woba_value,3,3,2,0,2,False,15,15
717060,671106,1,36,41,7,8,2023-08-09,train,mlb_statcast,40,walk,0.468,xwOBA+BB/HBP,0.695903,persisted_estimated_woba_value,3,6,2,4,2,False,15,14
717060,671106,2,47,58,12,14,2023-08-09,train,mlb_statcast,47,single,0.616,xwOBA,1.5035,persisted_estimated_woba_value,3,12,3,0,2,False,15,14
717062,543294,1,47,55,13,15,2023-08-09,train,mlb_statcast,49,home_run,0.949,xwOBA,2.0,persisted_estimated_woba_value,3,9,3,2,2,False,15,15
717062,543294,2,83,94,21,22,2023-08-09,train,mlb_statcast,89,walk,0.562,xwOBA,0.695903,persisted_estimated_woba_value,3,12,2,6,2,False,15,15
717062,656849,1,2,10,2,3,2023-08-09,train,mlb_statcast,5,strikeout,0.959,xwOBA,0.0,persisted_estimated_woba_value,2,9,2,3,1,True,0,0
717062,656849,2,29,32,8,8,2023-08-09,train,mlb_statcast,32,field_out,0.552,xwOBA,0.78,persisted_estimated_woba_value,3,4,1,3,2,False,8,8
717062,656849,3,37,52,10,12,2023-08-09,train,mlb_statcast,41,walk,0.492,xwOBA,0.695903,persisted_estimated_woba_value,3,16,3,4,2,False,15,15
717067,656427,1,3,5,2,2,2023-08-09,train,mlb_statcast,5,field_out,0.633,xwOBA,0.6239473684210527,persisted_estimated_woba_value,2,3,1,2,1,True,0,0
717067,656427,2,10,26,4,6,2023-08-09,train,mlb_statcast,14,home_run,0.764,xwOBA,1.6668333333333336,persisted_estimated_woba_value,3,17,3,4,2,True,0,0
717067,664299,1,79,89,16,18,2023-08-09,train,mlb_statcast,82,home_run,0.672,xwOBA,1.5334000000000003,persisted_estimated_woba_value,3,11,3,3,2,False,15,13
717074,579328,1,34,38,11,11,2023-08-08,train,mlb_statcast,38,walk,0.548,xwOBA,0.695903,persisted_estimated_woba_value,3,5,1,4,2,False,13,13
717076,593958,1,12,19,4,5,2023-08-08,train,mlb_statcast,18,walk,0.593,xwOBA,0.695903,persisted_estimated_woba_value,3,8,2,6,2,True,0,0
717076,593958,2,38,47,12,14,2023-08-08,train,mlb_statcast,38,single,0.511,xwOBA,0.586,persisted_estimated_woba_value,3,10,3,0,2,False,15,15
717076,593958,3,75,82,21,22,2023-08-08,train,mlb_statcast,80,walk,0.673,xwOBA+BB/HBP,0.695903,persisted_estimated_woba_value,3,8,2,5,2,False,15,15
717077,663903,1,4,7,2,2,2023-08-08,train,mlb_statcast,7,walk,0.631,xwOBA,0.695903,persisted_estimated_woba_value,2,4,1,3,1,True,0,0
717077,663903,2,50,59,15,17,2023-08-08,train,mlb_statcast,52,home_run,0.702,xwOBA,1.7423333333333335,persisted_estimated_woba_value,3,10,3,2,2,False,15,12
717077,663903,3,96,96,27,27,2023-08-08,train,mlb_statcast,96,field_out,0.502,xwOBA,0.571,persisted_estimated_woba_value,3,1,1,0,2,False,15,15
717078,607536,1,35,40,11,13,2023-08-08,train,mlb_statcast,37,home_run,0.811,xwOBA,1.9904,persisted_estimated_woba_value,3,6,3,2,2,False,14,14
717078,607536,2,48,79,17,24,2023-08-08,train,mlb_statcast,51,field_out,0.462,xwOBA,0.062,persisted_estimated_woba_value,3,32,8,3,2,False,15,15
717081,641540,1,51,54,13,13,2023-08-07,train,mlb_statcast,54,field_out,0.599,xwOBA,0.74,persisted_estimated_woba_value,3,4,1,3,2,False,15,14
717081,641540,2,61,62,15,15,2023-08-07,train,mlb_statcast,62,single,0.508,xwOBA,0.773,persisted_estimated_woba_value,3,2,1,1,2,False,15,14
717081,641540,3,77,77,20,20,2023-08-07,train,mlb_statcast,77,single,0.492,xwOBA,0.64,persisted_estimated_woba_value,3,1,1,0,2,False,15,13
717081,641540,4,83,85,22,22,2023-08-07,train,mlb_statcast,85,double,0.47,xwOBA,0.7702173913043479,persisted_estimated_woba_value,3,3,1,2,2,False,15,14
717082,554430,1,3,6,2,2,2023-08-08,train,mlb_statcast,6,strikeout,0.595,xwOBA,0.0,persisted_estimated_woba_value,2,4,1,3,1,True,0,0
717082,554430,2,21,23,7,7,2023-08-08,train,mlb_statcast,23,field_error,0.486,xwOBA,0.205,persisted_estimated_woba_value,3,3,1,2,2,False,0,0
717082,554430,3,35,43,11,12,2023-08-08,train,mlb_statcast,40,home_run,0.487,xwOBA,0.501,persisted_estimated_woba_value,3,9,2,5,2,False,14,14
717082,554430,4,45,54,14,16,2023-08-08,train,mlb_statcast,51,single,0.542,xwOBA,0.905,persisted_estimated_woba_value,3,10,3,6,2,False,15,15
717083,666129,1,5,7,4,4,2023-08-08,train,mlb_statcast,7,single,0.496,xwOBA,0.522,persisted_estimated_woba_value,3,3,1,2,2,True,0,0
717083,666129,2,43,49,14,16,2023-08-08,train,mlb_statcast,45,field_out,0.496,xwOBA,0.627,persisted_estimated_woba_value,3,7,3,2,2,False,15,12
717088,543037,1,17,41,5,8,2023-08-07,train,mlb_statcast,22,walk,0.536,xwOBA,0.695903,persisted_estimated_woba_value,3,25,4,5,2,True,0,0
717088,543037,2,57,57,15,15,2023-08-07,train,mlb_statcast,57,single,0.551,xwOBA,0.826,persisted_estimated_woba_value,3,1,1,0,2,False,15,15
717088,543037,3,103,105,27,27,2023-08-07,train,mlb_statcast,105,single,0.49,xwOBA,0.73,persisted_estimated_woba_value,3,3,1,2,2,False,15,15
717088,656302,1,19,44,5,9,2023-08-07,train,mlb_statcast,23,walk,0.464,xwOBA+BB/HBP,0.695903,persisted_estimated_woba_value,3,26,5,4,2,True,0,0
717089,666142,1,18,27,6,8,2023-08-07,train,mlb_statcast,18,field_out,0.483,xwOBA,1.3977586206896548,persisted_estimated_woba_value,3,10,3,0,2,True,0,0
717089,666142,2,74,74,19,19,2023-08-07,train,mlb_statcast,74,field_out,0.473,xwOBA,0.071,persisted_estimated_woba_value,3,1,1,0,2,False,15,0
717090,657277,1,73,82,17,18,2023-08-07,train,mlb_statcast,80,field_out,0.549,xwOBA,0.8879428571428575,persisted_estimated_woba_value,3,10,2,7,2,False,15,15
717090,657277,2,104,106,24,24,2023-08-07,train,mlb_statcast,106,single,0.627,xwOBA,0.957,persisted_estimated_woba_value,3,3,1,2,2,False,15,14
717090,663776,1,5,10,2,2,2023-08-07,train,mlb_statcast,10,double,0.45,xwOBA,0.899,persisted_estimated_woba_value,2,6,1,5,1,True,0,0
717090,663776,2,53,61,14,16,2023-08-07,train,mlb_statcast,54,field_out,0.794,xwOBA,1.1903548387096774,persisted_estimated_woba_value,3,9,3,1,2,False,15,15
717090,663776,3,84,96,23,25,2023-08-07,train,mlb_statcast,87,home_run,0.667,xwOBA,2.0,persisted_estimated_woba_value,3,13,3,3,2,False,15,15
717095,675911,1,25,26,8,8,2023-08-07,train,mlb_statcast,26,double,0.499,xwOBA,0.459,persisted_estimated_woba_value,3,2,1,1,2,False,4,4
717095,675911,2,42,63,12,16,2023-08-07,train,mlb_statcast,46,double,0.514,xwOBA,0.65992,persisted_estimated_woba_value,3,22,5,4,2,False,15,15
717105,670912,1,2,10,2,3,2023-08-06,train,mlb_statcast,6,single,0.54,xwOBA,0.645,persisted_estimated_woba_value,2,9,2,4,1,True,0,0
717109,542881,1,9,11,2,2,2023-08-05,train,mlb_statcast,11,force_out,0.506,xwOBA,0.316,persisted_estimated_woba_value,2,3,1,2,1,True,0,0
717109,542881,2,48,55,12,13,2023-08-05,train,mlb_statcast,51,double,0.576,xwOBA,0.9356111111111112,persisted_estimated_woba_value,3,8,2,3,2,False,15,15
717114,502043,1,79,85,22,23,2023-08-05,train,mlb_statcast,81,field_out,0.626,xwOBA,0.543,persisted_estimated_woba_value,3,7,2,2,2,False,15,15
717116,669203,1,49,52,12,12,2023-08-05,train,mlb_statcast,52,field_out,0.477,xwOBA,0.212,persisted_estimated_woba_value,3,4,1,3,2,False,15,14
717116,669203,2,68,79,16,18,2023-08-05,train,mlb_statcast,71,single,0.477,xwOBA,0.855,persisted_estimated_woba_value,3,12,3,3,2,False,15,14
717116,669203,3,88,101,21,23,2023-08-05,train,mlb_statcast,93,field_out,0.481,xwOBA,0.679,persisted_estimated_woba_value,3,14,3,5,2,False,15,15
717118,669194,1,19,30,6,9,2023-08-05,train,mlb_statcast,21,triple,0.589,xwOBA,0.653,persisted_estimated_woba_value,3,12,4,2,2,True,0,0
717118,669194,2,44,54,13,15,2023-08-05,train,mlb_statcast,46,single,0.509,xwOBA,1.1678297872340424,persisted_estimated_woba_value,3,11,3,2,2,False,15,13
717122,650644,1,5,12,2,3,2023-08-05,train,mlb_statcast,8,field_out,0.757,xwOBA,0.6105384615384615,persisted_estimated_woba_value,2,8,2,3,1,True,0,0
717122,650644,2,63,65,16,16,2023-08-05,train,mlb_statcast,65,double,0.455,xwOBA,0.597,persisted_estimated_woba_value,3,3,1,2,2,False,15,15
717122,650644,3,70,70,18,18,2023-08-05,train,mlb_statcast,70,double,0.452,xwOBA,0.758,persisted_estimated_woba_value,3,1,1,0,2,False,15,15
717123,650911,1,10,23,5,7,2023-08-05,train,mlb_statcast,12,home_run,0.617,xwOBA,1.326280487804878,persisted_estimated_woba_value,3,14,3,2,2,True,0,0
717123,650911,2,53,70,16,19,2023-08-05,train,mlb_statcast,60,triple,0.685,xwOBA,1.3821199999999996,persisted_estimated_woba_value,3,18,4,7,2,False,15,15
717123,679525,1,6,16,2,4,2023-08-05,train,mlb_statcast,8,home_run,1.157,xwOBA,1.6184545454545456,persisted_estimated_woba_value,2,11,3,2,1,True,0,0
717123,679525,2,25,29,7,8,2023-08-05,train,mlb_statcast,26,single,0.597,xwOBA,0.892,persisted_estimated_woba_value,3,5,2,1,2,False,4,4
717123,679525,3,44,48,12,14,2023-08-05,train,mlb_statcast,44,double,0.861,xwOBA,1.8858333333333333,persisted_estimated_woba_value,3,5,3,0,2,False,15,15
717126,641482,1,37,50,10,12,2023-08-05,train,mlb_statcast,41,home_run,0.563,xwOBA,1.6895999999999998,persisted_estimated_woba_value,3,14,3,4,2,False,15,14
717132,671106,1,16,16,4,4,2023-08-04,train,mlb_statcast,16,single,0.481,xwOBA,0.394,persisted_estimated_woba_value,3,1,1,0,2,True,0,0
717132,671106,2,30,44,9,12,2023-08-04,train,mlb_statcast,31,double,0.683,xwOBA,0.905,persisted_estimated_woba_value,3,15,4,1,2,False,9,8
717134,656849,1,7,9,2,2,2023-08-04,train,mlb_statcast,9,single,0.673,xwOBA,0.651,persisted_estimated_woba_value,2,3,1,2,1,True,0,0
717134,656849,2,42,43,10,10,2023-08-04,train,mlb_statcast,43,field_out,0.461,xwOBA,0.272,persisted_estimated_woba_value,3,2,1,1,2,False,15,15
717135,681857,1,17,24,5,6,2023-08-04,train,mlb_statcast,19,double,0.706,xwOBA,0.899,persisted_estimated_woba_value,3,8,2,2,2,True,0,0
717135,681857,2,31,40,8,10,2023-08-04,train,mlb_statcast,37,home_run,0.697,xwOBA,2.0,persisted_estimated_woba_value,3,10,3,6,2,False,10,3
717135,681857,3,76,87,20,22,2023-08-04,train,mlb_statcast,79,field_out,0.516,xwOBA,0.862,persisted_estimated_woba_value,3,12,3,3,2,False,15,7
717138,622663,1,16,38,5,9,2023-08-04,train,mlb_statcast,19,home_run,0.7,xwOBA,1.2666315789473683,persisted_estimated_woba_value,3,23,5,3,2,True,0,0
717138,622663,2,83,87,21,21,2023-08-04,train,mlb_statcast,87,home_run,0.783,xwOBA,1.9114482758620688,persisted_estimated_woba_value,3,5,1,4,2,False,15,14
717140,605400,1,42,53,11,13,2023-08-04,train,mlb_statcast,42,home_run,0.797,xwOBA,1.7289354838709676,persisted_estimated_woba_value,3,12,3,0,2,False,15,15
717140,605400,2,89,94,22,24,2023-08-04,train,mlb_statcast,89,home_run,0.779,xwOBA,1.4810322580645163,persisted_estimated_woba_value,3,6,3,0,2,False,15,15
717141,543294,1,40,63,11,17,2023-08-04,train,mlb_statcast,45,double,0.647,xwOBA,1.1587727272727273,persisted_estimated_woba_value,3,24,7,5,2,False,15,15
717141,543294,2,66,66,19,19,2023-08-04,train,mlb_statcast,66,triple,0.492,xwOBA,0.45,persisted_estimated_woba_value,3,1,1,0,2,False,15,15
717142,664299,1,5,39,2,7,2023-08-03,train,mlb_statcast,12,walk,0.587,xwOBA,0.695903,persisted_estimated_woba_value,2,35,6,7,1,True,0,0
717142,664299,2,44,52,9,10,2023-08-03,train,mlb_statcast,50,walk,0.678,xwOBA,0.695903,persisted_estimated_woba_value,3,9,2,6,2,False,15,15
717148,663903,1,6,7,2,2,2023-08-03,train,mlb_statcast,7,field_out,0.541,xwOBA,0.85,persisted_estimated_woba_value,2,2,1,1,1,True,0,0
717148,663903,2,14,16,4,4,2023-08-03,train,mlb_statcast,16,single,0.489,xwOBA,0.617,persisted_estimated_woba_value,3,3,1,2,2,True,0,0
717148,663903,3,58,61,17,17,2023-08-03,train,mlb_statcast,61,field_out,0.473,xwOBA,0.25,persisted_estimated_woba_value,3,4,1,3,2,False,15,13
717150,592332,1,28,44,6,8,2023-08-03,train,mlb_statcast,31,single,0.512,xwOBA,0.91,persisted_estimated_woba_value,3,17,3,3,2,False,7,7
717150,592332,2,99,103,22,22,2023-08-03,train,mlb_statcast,103,single,0.454,xwOBA,0.47,persisted_estimated_woba_value,3,5,1,4,2,False,15,14
717150,656427,1,4,15,2,4,2023-08-03,train,mlb_statcast,9,walk,0.564,xwOBA,0.695903,persisted_estimated_woba_value,2,12,3,5,1,True,0,0
717150,656427,2,59,64,18,18,2023-08-03,train,mlb_statcast,64,single,0.453,xwOBA,0.913,persisted_estimated_woba_value,3,6,1,5,2,False,15,15
717150,656427,3,70,88,20,23,2023-08-03,train,mlb_statcast,72,field_out,0.483,xwOBA,0.398,persisted_estimated_woba_value,3,19,4,2,2,False,15,15
717152,641540,1,11,22,5,7,2023-08-02,train,mlb_statcast,17,walk,0.48,xwOBA,0.695903,persisted_estimated_woba_value,3,12,3,6,2,True,0,0
717152,656302,1,6,22,2,4,2023-08-02,train,mlb_statcast,7,home_run,0.609,xwOBA,0.8278076923076926,persisted_estimated_woba_value,2,17,3,1,1,True,0,0
717152,656302,2,43,63,10,13,2023-08-02,train,mlb_statcast,50,walk,0.589,xwOBA,0.695903,persisted_estimated_woba_value,3,21,4,7,2,False,15,15
717157,579328,1,36,41,11,11,2023-08-02,train,mlb_statcast,41,walk,0.599,xwOBA,0.695903,persisted_estimated_woba_value,3,6,1,5,2,False,15,15
717157,579328,2,61,63,17,17,2023-08-02,train,mlb_statcast,63,field_out,0.508,xwOBA,0.234,persisted_estimated_woba_value,3,3,1,2,2,False,15,15
717157,579328,3,82,86,21,23,2023-08-02,train,mlb_statcast,82,field_out,0.474,xwOBA,0.533,persisted_estimated_woba_value,3,5,3,0,2,False,15,15
717158,607536,1,4,9,2,3,2023-08-02,train,mlb_statcast,6,field_out,0.684,xwOBA,0.009,persisted_estimated_woba_value,2,6,2,2,1,True,0,0
717158,607536,2,48,57,12,15,2023-08-02,train,mlb_statcast,48,home_run,1.013,xwOBA,2.0,persisted_estimated_woba_value,3,10,4,0,2,False,15,15
717158,607536,3,78,79,21,21,2023-08-02,train,mlb_statcast,79,field_out,0.477,xwOBA,0.84975,persisted_estimated_woba_value,3,2,1,1,2,False,15,15
717158,607536,4,93,98,25,26,2023-08-02,train,mlb_statcast,95,home_run,0.471,xwOBA,1.3822264150943395,persisted_estimated_woba_value,3,6,2,2,2,False,15,15
717159,554430,1,8,9,2,2,2023-08-02,train,mlb_statcast,9,field_out,0.496,xwOBA,0.068,persisted_estimated_woba_value,2,2,1,1,1,True,0,0
717159,554430,2,28,33,7,7,2023-08-02,train,mlb_statcast,33,single,0.503,xwOBA,0.914,persisted_estimated_woba_value,3,6,1,5,2,False,7,7
717159,554430,3,73,77,18,18,2023-08-02,train,mlb_statcast,77,hit_by_pitch,0.48,xwOBA,0.726005,persisted_estimated_woba_value,3,5,1,4,2,False,15,15
717159,554430,4,83,94,21,24,2023-08-02,train,mlb_statcast,86,home_run,0.504,xwOBA,1.2597727272727273,persisted_estimated_woba_value,3,12,4,3,2,False,15,15
717159,666129,1,37,47,9,11,2023-08-02,train,mlb_statcast,37,double,0.535,xwOBA,0.926,persisted_estimated_woba_value,3,11,3,0,2,False,15,12
717159,666129,2,50,56,13,14,2023-08-02,train,mlb_statcast,51,single,0.5,xwOBA,0.466,persisted_estimated_woba_value,3,7,2,1,2,False,15,11
717160,543037,1,8,22,2,6,2023-08-02,train,mlb_statcast,9,home_run,1.348,xwOBA,2.0,persisted_estimated_woba_value,2,15,5,1,1,True,0,0
717160,543037,2,67,67,18,18,2023-08-02,train,mlb_statcast,67,single,0.543,xwOBA,0.45,persisted_estimated_woba_value,3,1,1,0,2,False,15,15
717160,543037,3,73,77,20,22,2023-08-02,train,mlb_statcast,75,field_out,0.537,xwOBA,1.1045555555555555,persisted_estimated_woba_value,3,5,3,2,2,False,15,15
717164,657277,1,3,9,2,2,2023-08-02,train,mlb_statcast,9,strikeout,0.472,xwOBA,0.0,persisted_estimated_woba_value,2,7,1,6,1,True,0,0
717164,657277,2,16,21,5,6,2023-08-02,train,mlb_statcast,17,single,0.544,xwOBA,0.636,persisted_estimated_woba_value,3,6,2,1,2,True,0,0
717166,593958,1,7,14,4,5,2023-08-02,train,mlb_statcast,12,walk,0.624,xwOBA,0.695903,persisted_estimated_woba_value,3,8,2,5,2,True,0,0
717166,593958,2,39,45,12,12,2023-08-02,train,mlb_statcast,45,field_out,0.5,xwOBA,0.6805,persisted_estimated_woba_value,3,7,1,6,2,False,15,15
717173,594902,1,6,28,2,7,2023-08-01,train,mlb_statcast,9,single,0.703,xwOBA,0.535,persisted_estimated_woba_value,2,23,6,3,1,True,0,0
717173,594902,2,37,42,10,10,2023-08-01,train,mlb_statcast,42,walk,0.585,xwOBA,0.695903,persisted_estimated_woba_value,3,6,1,5,2,False,15,15
717173,594902,3,50,55,13,15,2023-08-01,train,mlb_statcast,50,home_run,0.592,xwOBA,1.6184545454545456,persisted_estimated_woba_value,3,6,3,0,2,False,15,15
717173,594902,4,68,74,19,21,2023-08-01,train,mlb_statcast,69,home_run,0.756,xwOBA,1.5334000000000003,persisted_estimated_woba_value,3,7,3,1,2,False,15,14
717173,594902,5,84,86,24,24,2023-08-01,train,mlb_statcast,86,double,0.487,xwOBA,0.5267000000000001,persisted_estimated_woba_value,3,3,1,2,2,False,15,15
717173,594902,6,88,88,26,26,2023-08-01,train,mlb_statcast,88,double,0.552,xwOBA,0.886,persisted_estimated_woba_value,3,1,1,0,2,False,15,14
717176,663776,1,7,18,2,3,2023-08-01,train,mlb_statcast,12,single,0.738,xwOBA,0.781,persisted_estimated_woba_value,2,12,2,5,1,True,0,0
717176,663776,2,75,90,17,20,2023-08-01,train,mlb_statcast,77,field_out,0.536,xwOBA,0.516,persisted_estimated_woba_value,3,16,4,2,2,False,15,15
717176,675911,1,10,14,3,3,2023-08-01,train,mlb_statcast,14,walk,0.464,xwOBA+BB/HBP,0.695903,persisted_estimated_woba_value,3,5,1,4,2,True,0,0
717176,675911,2,65,76,16,17,2023-08-01,train,mlb_statcast,71,single,0.488,xwOBA,0.598,persisted_estimated_woba_value,3,12,2,6,2,False,15,15
717176,675911,3,90,92,21,22,2023-08-01,train,mlb_statcast,90,field_out,0.541,xwOBA,1.0031739130434782,persisted_estimated_woba_value,3,3,2,0,2,False,15,15
717178,670912,1,6,20,2,4,2023-08-01,train,mlb_statcast,10,field_out,0.69,xwOBA,0.8868461538461541,persisted_estimated_woba_value,2,15,3,4,1,True,0,0
717178,670912,2,48,56,11,13,2023-08-01,train,mlb_statcast,48,double,0.489,xwOBA,0.9284285714285714,persisted_estimated_woba_value,3,9,3,0,2,False,15,15
717178,670912,3,97,98,26,26,2023-08-01,train,mlb_statcast,98,single,0.644,xwOBA,0.808,persisted_estimated_woba_value,3,2,1,1,2,False,15,15
717188,573186,1,24,36,7,9,2023-07-31,train,mlb_statcast,28,single,0.538,xwOBA,0.895,persisted_estimated_woba_value,3,13,3,4,2,False,3,3
717188,573186,2,42,47,11,11,2023-07-31,train,mlb_statcast,47,walk,0.495,xwOBA,0.695903,persisted_estimated_woba_value,3,6,1,5,2,False,15,15
717188,573186,3,54,66,13,16,2023-07-31,train,mlb_statcast,55,single,0.666,xwOBA,0.929,persisted_estimated_woba_value,3,13,4,1,2,False,15,15
717189,665795,1,4,9,2,2,2023-07-31,train,mlb_statcast,9,walk,0.477,xwOBA,0.695903,persisted_estimated_woba_value,2,6,1,5,1,True,0,0
717189,665795,2,15,19,4,4,2023-07-31,train,mlb_statcast,19,walk,0.465,xwOBA+BB/HBP,0.695903,persisted_estimated_woba_value,3,5,1,4,2,True,0,0
717189,665795,3,26,38,6,8,2023-07-31,train,mlb_statcast,31,walk,0.464,xwOBA+BB/HBP,0.695903,persisted_estimated_woba_value,3,13,3,5,2,False,5,5
717189,665795,4,72,76,16,16,2023-07-31,train,mlb_statcast,76,walk,0.57,xwOBA,0.695903,persisted_estimated_woba_value,3,5,1,4,2,False,15,15
717190,669194,1,8,20,3,5,2023-07-31,train,mlb_statcast,13,field_out,0.456,xwOBA,1.2835000000000003,persisted_estimated_woba_value,3,13,3,5,2,True,0,0
717190,669194,2,44,47,14,14,2023-07-31,train,mlb_statcast,47,walk,0.563,xwOBA,0.695903,persisted_estimated_woba_value,3,4,1,3,2,False,15,15
717190,669194,3,62,70,20,21,2023-07-31,train,mlb_statcast,64,single,0.455,xwOBA,0.814,persisted_estimated_woba_value,3,9,2,2,2,False,15,14
717190,669194,4,89,95,27,27,2023-07-31,train,mlb_statcast,95,walk,0.535,xwOBA,0.695903,persisted_estimated_woba_value,3,7,1,6,2,False,15,14
717192,669203,1,52,58,14,15,2023-07-31,train,mlb_statcast,57,walk,0.481,xwOBA,0.695903,persisted_estimated_woba_value,3,7,2,5,2,False,15,15
717192,669203,2,79,84,20,21,2023-07-31,train,mlb_statcast,83,single,0.521,xwOBA,0.685,persisted_estimated_woba_value,3,6,2,4,2,False,15,15
717195,543294,1,4,5,2,2,2023-07-30,train,mlb_statcast,5,field_out,0.528,xwOBA,0.232,persisted_estimated_woba_value,2,2,1,1,1,True,0,0
717195,543294,2,14,24,6,9,2023-07-30,train,mlb_statcast,16,single,0.657,xwOBA,0.677,persisted_estimated_woba_value,3,11,4,2,2,True,0,0
717195,543294,3,46,51,16,17,2023-07-30,train,mlb_statcast,48,field_out,0.557,xwOBA,0.7150416666666666,persisted_estimated_woba_value,3,6,2,2,2,False,15,15
717195,543294,4,59,67,20,21,2023-07-30,train,mlb_statcast,66,field_out,0.462,xwOBA,1.1575471698113204,persisted_estimated_woba_value,3,9,2,7,2,False,15,15
717200,622663,1,5,23,3,8,2023-07-30,train,mlb_statcast,9,double,0.486,xwOBA,0.838,persisted_estimated_woba_value,3,19,6,4,2,True,0,0
717200,622663,2,73,80,20,22,2023-07-30,train,mlb_statcast,73,double,0.523,xwOBA,0.872,persisted_estimated_woba_value,3,8,3,0,2,False,15,15
717201,542881,1,7,22,3,5,2023-07-30,train,mlb_statcast,10,single,0.487,xwOBA,0.895,persisted_estimated_woba_value,3,16,3,3,2,True,0,0
717201,542881,2,46,46,13,13,2023-07-30,train,mlb_statcast,46,field_out,0.466,xwOBA,0.098,persisted_estimated_woba_value,3,1,1,0,2,False,15,15
717201,542881,3,64,72,18,20,2023-07-30,train,mlb_statcast,68,double,0.464,xwOBA,0.932,persisted_estimated_woba_value,3,9,3,4,2,False,15,15
717201,542881,4,85,90,23,24,2023-07-30,train,mlb_statcast,85,field_out,0.552,xwOBA,0.533,persisted_estimated_woba_value,3,6,2,0,2,False,15,15
717204,650644,1,27,31,7,8,2023-07-30,train,mlb_statcast,28,field_out,0.552,xwOBA,0.441,persisted_estimated_woba_value,3,5,2,1,2,False,6,6
717204,650644,2,47,50,13,13,2023-07-30,train,mlb_statcast,50,single,0.616,xwOBA,0.78,persisted_estimated_woba_value,3,4,1,3,2,False,15,14
717204,650644,3,73,77,19,20,2023-07-30,train,mlb_statcast,73,field_out,0.465,xwOBA,0.7,persisted_estimated_woba_value,3,5,2,0,2,False,15,15
717208,650911,1,43,46,9,9,2023-07-30,train,mlb_statcast,46,hit_by_pitch,0.524,xwOBA+BB/HBP,0.726005,persisted_estimated_woba_value,3,4,1,3,2,False,15,15
717209,527048,1,22,37,6,10,2023-07-29,train,mlb_statcast,23,single,0.615,xwOBA,0.625,persisted_estimated_woba_value,3,16,5,1,2,False,1,1
717209,527048,2,44,45,12,12,2023-07-29,train,mlb_statcast,45,single,0.486,xwOBA,0.395,persisted_estimated_woba_value,3,2,1,1,2,False,15,15
717209,527048,3,79,87,23,25,2023-07-29,train,mlb_statcast,79,field_out,0.484,xwOBA,1.0987333333333331,persisted_estimated_woba_value,3,9,3,0,2,False,15,13
717217,671106,1,4,9,2,3,2023-07-29,train,mlb_statcast,8,field_out,1.113,xwOBA,0.34,persisted_estimated_woba_value,2,6,2,4,1,True,0,0
717217,671106,2,37,49,12,14,2023-07-29,train,mlb_statcast,39,double,0.484,xwOBA,0.7551923076923079,persisted_estimated_woba_value,3,13,3,2,2,False,15,12
717217,671106,3,70,70,20,20,2023-07-29,train,mlb_statcast,70,single,0.588,xwOBA,0.907,persisted_estimated_woba_value,3,1,1,0,2,False,15,13
717217,671106,4,77,81,22,22,2023-07-29,train,mlb_statcast,81,walk,0.534,xwOBA,0.695903,persisted_estimated_woba_value,3,5,1,4,2,False,15,10
717217,671106,5,85,90,24,26,2023-07-29,train,mlb_statcast,86,home_run,0.909,xwOBA,1.7697727272727275,persisted_estimated_woba_value,3,6,3,1,2,False,15,10
717220,657277,1,16,30,5,8,2023-07-28,train,mlb_statcast,19,double,0.495,xwOBA,0.69,persisted_estimated_woba_value,3,15,4,3,2,True,0,0
717220,657277,2,49,62,15,17,2023-07-28,train,mlb_statcast,53,home_run,0.74,xwOBA,2.0,persisted_estimated_woba_value,3,14,3,4,2,False,15,15
717224,605397,1,93,105,21,24,2023-07-28,train,mlb_statcast,97,single,0.506,xwOBA,0.918,persisted_estimated_woba_value,3,13,4,4,2,False,15,15
717224,641540,1,36,51,10,12,2023-07-28,train,mlb_statcast,42,walk,0.535,xwOBA+BB/HBP,0.695903,persisted_estimated_woba_value,3,16,3,6,2,False,15,14
717224,641540,2,77,84,20,22,2023-07-28,train,mlb_statcast,79,home_run,0.457,xwOBA,1.2666315789473683,persisted_estimated_woba_value,3,8,3,2,2,False,15,14
717227,607536,1,11,12,4,4,2023-07-28,train,mlb_statcast,12,single,0.537,xwOBA,0.312,persisted_estimated_woba_value,3,2,1,1,2,True,0,0
717227,607536,2,47,52,17,19,2023-07-28,train,mlb_statcast,48,double,0.545,xwOBA,1.206089285714286,persisted_estimated_woba_value,3,6,3,1,2,False,15,15
717227,607536,3,57,57,22,22,2023-07-28,train,mlb_statcast,57,single,0.485,xwOBA,0.614,persisted_estimated_woba_value,3,1,1,0,2,False,15,15
717229,664299,1,13,22,4,6,2023-07-28,train,mlb_statcast,18,hit_by_pitch,0.464,xwOBA,0.726005,persisted_estimated_woba_value,3,10,3,5,2,True,0,0
717229,664299,2,48,59,13,15,2023-07-28,train,mlb_statcast,53,walk,0.524,xwOBA,0.695903,persisted_estimated_woba_value,3,12,3,5,2,False,15,13
717229,664299,3,79,85,20,20,2023-07-28,train,mlb_statcast,85,walk,0.493,xwOBA,0.695903,persisted_estimated_woba_value,3,7,1,6,2,False,15,15
717232,663903,1,42,67,11,15,2023-07-28,train,mlb_statcast,46,field_out,0.482,xwOBA,0.749,persisted_estimated_woba_value,3,26,5,4,2,False,15,15
717232,663903,2,72,80,17,18,2023-07-28,train,mlb_statcast,75,single,0.457,xwOBA,0.675,persisted_estimated_woba_value,3,9,2,3,2,False,15,15
717233,656302,1,3,4,2,2,2023-07-27,train,mlb_statcast,4,double,0.556,xwOBA,0.5083333333333333,persisted_estimated_woba_value,2,2,1,1,1,True,0,0
717233,656302,2,37,58,14,17,2023-07-27,train,mlb_statcast,42,walk,0.558,xwOBA,0.695903,persisted_estimated_woba_value,3,22,4,5,2,False,15,15
717233,656302,3,91,95,26,26,2023-07-27,train,mlb_statcast,95,single,0.617,xwOBA,0.59,persisted_estimated_woba_value,3,5,1,4,2,False,15,13
717234,554430,1,45,48,13,15,2023-07-28,train,mlb_statcast,46,double,0.622,xwOBA,0.884,persisted_estimated_woba_value,3,4,3,1,2,False,15,15
717235,592332,1,3,7,2,4,2023-07-28,train,mlb_statcast,3,home_run,0.916,xwOBA,1.5994067796610176,persisted_estimated_woba_value,2,5,3,0,1,True,0,0
717235,592332,2,87,87,23,23,2023-07-28,train,mlb_statcast,87,field_out,0.542,xwOBA,0.7305599999999999,persisted_estimated_woba_value,3,1,1,0,2,False,15,15
717235,592332,3,95,105,25,26,2023-07-28,train,mlb_statcast,101,walk,0.582,xwOBA,0.695903,persisted_estimated_woba_value,3,11,2,6,2,False,15,15
717236,666129,1,27,42,7,11,2023-07-28,train,mlb_statcast,30,hit_by_pitch,0.474,xwOBA+BB/HBP,0.726005,persisted_estimated_woba_value,3,16,5,3,2,False,6,6
717236,681857,1,4,23,3,8,2023-07-28,train,mlb_statcast,5,home_run,0.509,xwOBA,0.8519999999999999,persisted_estimated_woba_value,3,20,6,1,2,True,0,0
717236,681857,2,63,67,19,21,2023-07-28,train,mlb_statcast,63,single,0.548,xwOBA,0.895,persisted_estimated_woba_value,3,5,3,0,2,False,15,14
717237,543037,1,2,6,2,2,2023-07-28,train,mlb_statcast,6,field_out,0.645,xwOBA,0.784,persisted_estimated_woba_value,2,5,1,4,1,True,0,0
717240,573186,1,9,19,4,5,2023-07-26,train,mlb_statcast,12,single,0.682,xwOBA,0.896,persisted_estimated_woba_value,3,11,2,3,2,True,0,0
717240,573186,2,39,47,11,12,2023-07-26,train,mlb_statcast,45,single,0.554,xwOBA,0.528,persisted_estimated_woba_value,3,9,2,6,2,False,15,15
717240,573186,3,61,74,16,18,2023-07-26,train,mlb_statcast,61,home_run,0.65,xwOBA,1.6005,persisted_estimated_woba_value,3,14,3,0,2,False,15,15
717242,675911,1,53,61,17,18,2023-07-26,train,mlb_statcast,57,single,0.538,xwOBA,0.919,persisted_estimated_woba_value,3,9,2,4,2,False,15,15
717242,675911,2,77,91,22,26,2023-07-26,train,mlb_statcast,80,home_run,0.508,xwOBA,1.5254000000000008,persisted_estimated_woba_value,3,15,5,3,2,False,15,15
717244,656427,1,59,66,12,14,2023-07-26,train,mlb_statcast,61,double,0.481,xwOBA,0.748,persisted_estimated_woba_value,3,8,3,2,2,False,15,15
717244,656427,2,69,70,16,16,2023-07-26,train,mlb_statcast,70,double,0.534,xwOBA,0.372,persisted_estimated_woba_value,3,2,1,1,2,False,15,14
717244,656427,3,89,95,24,25,2023-07-26,train,mlb_statcast,94,home_run,0.513,xwOBA,1.008892857142857,persisted_estimated_woba_value,3,7,2,5,2,False,15,15
717246,670912,1,4,9,2,2,2023-07-26,train,mlb_statcast,9,walk,0.58,xwOBA,0.69,event_weight_fallback,2,6,1,5,1,True,0,0
717246,670912,2,12,14,4,4,2023-07-26,train,mlb_statcast,14,field_out,0.478,xwOBA,0.59,persisted_estimated_woba_value,3,3,1,2,2,True,0,0
717247,663776,1,11,23,3,4,2023-07-27,train,mlb_statcast,18,walk,0.465,xwOBA+BB/HBP,0.695903,persisted_estimated_woba_value,3,13,2,7,2,True,0,0
717247,663776,2,45,46,9,9,2023-07-27,train,mlb_statcast,46,single,0.628,xwOBA,0.568,persisted_estimated_woba_value,3,2,1,1,2,False,15,15
717249,679525,1,11,23,3,6,2023-07-26,train,mlb_statcast,14,home_run,0.844,xwOBA,1.8348,persisted_estimated_woba_value,3,13,4,3,2,True,0,0
717249,679525,2,36,37,10,10,2023-07-26,train,mlb_statcast,37,single,0.605,xwOBA,0.91,persisted_estimated_woba_value,3,2,1,1,2,False,15,0
717249,679525,3,45,48,12,12,2023-07-26,train,mlb_statcast,48,walk,0.588,xwOBA,0.695903,persisted_estimated_woba_value,3,4,1,3,2,False,15,0
717249,679525,4,70,75,18,18,2023-07-26,train,mlb_statcast,75,walk,0.531,xwOBA+BB/HBP,0.695903,persisted_estimated_woba_value,3,6,1,5,2,False,15,0
717253,579328,1,4,12,2,3,2023-07-26,train,mlb_statcast,9,single,0.9,xwOBA,0.895,persisted_estimated_woba_value,2,9,2,5,1,True,0,0
717253,579328,2,30,40,9,10,2023-07-26,train,mlb_statcast,33,single,0.517,xwOBA,0.585,persisted_estimated_woba_value,3,11,2,3,2,False,9,9
717253,579328,3,77,85,19,20,2023-07-26,train,mlb_statcast,83,walk,0.5,xwOBA+BB/HBP,0.695903,persisted_estimated_woba_value,3,9,2,6,2,False,15,15
717253,579328,4,96,103,25,26,2023-07-26,train,mlb_statcast,97,single,0.477,xwOBA,0.913,persisted_estimated_woba_value,3,8,2,1,2,False,15,15
717254,594902,1,21,27,7,7,2023-07-26,train,mlb_statcast,27,field_out,0.465,xwOBA,0.316,persisted_estimated_woba_value,3,7,1,6,2,False,0,0
717254,594902,2,59,61,19,19,2023-07-26,train,mlb_statcast,61,field_out,0.454,xwOBA,0.625,persisted_estimated_woba_value,3,3,1,2,2,False,15,15
717254,594902,3,64,65,21,21,2023-07-26,train,mlb_statcast,65,single,0.489,xwOBA,0.814,persisted_estimated_woba_value,3,2,1,1,2,False,15,15
717254,594902,4,81,89,25,27,2023-07-26,train,mlb_statcast,81,home_run,0.8,xwOBA,1.593877551020408,persisted_estimated_woba_value,3,9,3,0,2,False,15,15
717260,650644,1,4,9,2,2,2023-07-25,train,mlb_statcast,9,walk,0.561,xwOBA,0.695903,persisted_estimated_woba_value,2,6,1,5,1,True,0,0
717262,669203,1,39,55,11,13,2023-07-25,train,mlb_statcast,43,hit_by_pitch,0.485,xwOBA,0.726005,persisted_estimated_woba_value,3,17,3,4,2,False,15,12
717263,543294,1,79,84,22,22,2023-07-25,train,mlb_statcast,84,walk,0.601,xwOBA,0.695903,persisted_estimated_woba_value,3,6,1,5,2,False,15,15
717267,502043,1,33,39,9,10,2023-07-25,train,mlb_statcast,34,single,0.698,xwOBA,0.895,persisted_estimated_woba_value,3,7,2,1,2,False,12,12
717267,502043,2,89,92,21,22,2023-07-25,train,mlb_statcast,91,home_run,0.506,xwOBA,1.4706935483870966,persisted_estimated_woba_value,3,4,2,2,2,False,15,15
717268,669194,1,2,18,2,4,2023-07-24,train,mlb_statcast,9,home_run,0.981,xwOBA,1.808444444444444,persisted_estimated_woba_value,2,17,3,7,1,True,0,0
717268,669194,2,24,28,6,6,2023-07-24,train,mlb_statcast,28,field_out,0.577,xwOBA,0.533,persisted_estimated_woba_value,3,5,1,4,2,False,3,3
717268,669194,3,51,60,14,17,2023-07-24,train,mlb_statcast,52,double,0.464,xwOBA,0.608,persisted_estimated_woba_value,3,10,4,1,2,False,15,15
717268,669194,4,75,76,22,23,2023-07-24,train,mlb_statcast,75,single,0.613,xwOBA,0.6,persisted_estimated_woba_value,3,2,2,0,2,False,15,15
717270,665795,1,47,53,10,11,2023-07-25,train,mlb_statcast,49,double,0.581,xwOBA,0.653,persisted_estimated_woba_value,3,7,2,2,2,False,15,15
717277,671106,1,20,23,7,9,2023-07-24,train,mlb_statcast,20,double,0.736,xwOBA,1.0835,persisted_estimated_woba_value,3,4,3,0,2,True,0,0
717277,671106,2,58,67,22,24,2023-07-24,train,mlb_statcast,58,home_run,0.86,xwOBA,1.8184285714285708,persisted_estimated_woba_value,3,10,3,0,2,False,15,15
717277,671106,3,76,84,28,29,2023-07-24,train,mlb_statcast,76,home_run,0.638,xwOBA,0.7841111111111111,persisted_estimated_woba_value,3,9,2,0,2,False,15,15
717278,542881,1,5,14,2,4,2023-07-23,train,mlb_statcast,7,home_run,1.206,xwOBA,1.657595744680851,persisted_estimated_woba_value,2,10,3,2,1,True,0,0
717278,542881,2,89,97,26,27,2023-07-23,train,mlb_statcast,92,double,0.485,xwOBA,0.562,persisted_estimated_woba_value,3,9,2,3,2,False,15,15
717280,650911,1,9,16,5,6,2023-07-24,train,mlb_statcast,10,home_run,0.452,xwOBA,1.001,persisted_estimated_woba_value,3,8,2,1,2,True,0,0
717280,650911,2,74,80,21,23,2023-07-24,train,mlb_statcast,74,home_run,0.822,xwOBA,2.0,persisted_estimated_woba_value,3,7,3,0,2,False,15,15
717283,605400,1,26,30,10,11,2023-07-23,train,mlb_statcast,29,single,0.6,xwOBA,0.891,persisted_estimated_woba_value,3,5,2,3,2,False,5,4
717283,605400,2,57,61,20,21,2023-07-23,train,mlb_statcast,58,double_play,0.506,xwOBA,0.593,persisted_estimated_woba_value,3,5,2,1,2,False,15,15
717284,527048,1,6,19,2,7,2023-07-23,train,mlb_statcast,6,single,1.197,xwOBA,0.924,persisted_estimated_woba_value,2,14,6,0,1,True,0,0
717288,605397,1,19,23,5,5,2023-07-23,train,mlb_statcast,23,field_out,0.459,xwOBA,0.271,persisted_estimated_woba_value,3,5,1,4,2,True,0,0
717288,605397,2,30,38,8,10,2023-07-23,train,mlb_statcast,30,home_run,0.8,xwOBA,1.808444444444444,persisted_estimated_woba_value,3,9,3,0,2,False,9,9
717288,605397,3,40,48,12,13,2023-07-23,train,mlb_statcast,46,walk,0.53,xwOBA,0.695903,persisted_estimated_woba_value,3,9,2,6,2,False,15,15
717293,656302,1,3,9,2,3,2023-07-22,train,mlb_statcast,5,grounded_into_double_play,0.57,xwOBA,0.254,persisted_estimated_woba_value,2,7,2,2,1,True,0,0
717293,656302,2,40,41,10,10,2023-07-22,train,mlb_statcast,41,double,0.664,xwOBA+barrels,1.2713650793650797,persisted_estimated_woba_value,3,2,1,1,2,False,15,15
717294,622663,1,84,100,20,23,2023-07-23,train,mlb_statcast,90,single,0.497,xwOBA,0.833,persisted_estimated_woba_value,3,17,4,6,2,False,15,10
717295,664299,1,50,58,12,13,2023-07-22,train,mlb_statcast,55,walk,0.502,xwOBA+BB/HBP,0.695903,persisted_estimated_woba_value,3,9,2,5,2,False,15,15
717295,664299,2,94,97,22,22,2023-07-22,train,mlb_statcast,97,walk,0.588,xwOBA,0.695903,persisted_estimated_woba_value,3,4,1,3,2,False,15,14
717301,592332,1,22,43,8,13,2023-07-22,train,mlb_statcast,22,home_run,0.857,xwOBA,1.2951874999999995,persisted_estimated_woba_value,3,22,6,0,2,False,1,1
717301,592332,2,55,67,16,18,2023-07-22,train,mlb_statcast,60,home_run,0.561,xwOBA,1.684482758620689,persisted_estimated_woba_value,3,13,3,5,2,False,15,13
717302,554430,1,3,8,2,2,2023-07-22,train,mlb_statcast,8,field_out,0.498,xwOBA,0.399,persisted_estimated_woba_value,2,6,1,5,1,True,0,0
717302,554430,2,24,24,7,7,2023-07-22,train,mlb_statcast,24,single,0.511,xwOBA,0.727,persisted_estimated_woba_value,3,1,1,0,2,False,3,3
717302,554430,3,44,47,12,12,2023-07-22,train,mlb_statcast,47,field_out,0.497,xwOBA,0.698,persisted_estimated_woba_value,3,4,1,3,2,False,15,15
717302,554430,4,75,84,20,21,2023-07-22,train,mlb_statcast,80,single,0.472,xwOBA,0.772,persisted_estimated_woba_value,3,10,2,5,2,False,15,15
717304,543037,1,51,68,13,16,2023-07-22,train,mlb_statcast,54,single,0.516,xwOBA,1.18254,persisted_estimated_woba_value,3,18,4,3,2,False,15,14
717304,663903,1,8,10,2,3,2023-07-22,train,mlb_statcast,9,single,0.656,xwOBA,0.617,persisted_estimated_woba_value,2,3,2,1,1,True,0,0
717305,641540,1,20,48,4,8,2023-07-22,train,mlb_statcast,23,single,0.545,xwOBA,0.913,persisted_estimated_woba_value,3,29,5,3,2,True,0,0
717305,641540,2,54,71,11,14,2023-07-22,train,mlb_statcast,58,home_run,0.923,xwOBA+barrels,1.896153846153846,persisted_estimated_woba_value,3,18,4,4,2,False,15,13
717307,657277,1,20,39,5,6,2023-07-22,train,mlb_statcast,29,walk,0.479,xwOBA,0.695903,persisted_estimated_woba_value,3,20,2,9,2,True,0,0
717311,579328,1,6,17,2,4,2023-07-21,train,mlb_statcast,11,field_out,0.709,xwOBA,0.723,persisted_estimated_woba_value,2,12,3,5,1,True,0,0
717311,579328,2,21,22,6,6,2023-07-21,train,mlb_statcast,22,single,0.452,xwOBA,0.476,persisted_estimated_woba_value,3,2,1,1,2,False,0,0
717312,670912,1,5,10,2,2,2023-07-21,train,mlb_statcast,10,walk,0.47,xwOBA,0.695903,persisted_estimated_woba_value,2,6,1,5,1,True,0,0
717312,670912,2,50,75,12,18,2023-07-21,train,mlb_statcast,50,double,0.715,xwOBA,1.1574324324324323,persisted_estimated_woba_value,3,26,7,0,2,False,15,15
717317,681857,1,9,33,3,8,2023-07-21,train,mlb_statcast,10,home_run,0.668,xwOBA,2.0,persisted_estimated_woba_value,3,25,6,1,2,True,0,0
717317,681857,2,47,53,12,14,2023-07-21,train,mlb_statcast,49,home_run,0.854,xwOBA,2.0,persisted_estimated_woba_value,3,7,3,2,2,False,15,15
717317,681857,3,75,89,21,23,2023-07-21,train,mlb_statcast,78,walk,0.472,xwOBA,0.695903,persisted_estimated_woba_value,3,15,3,3,2,False,15,12
717318,679525,1,70,73,16,17,2023-07-21,train,mlb_statcast,72,single,0.503,xwOBA,0.797,persisted_estimated_woba_value,3,4,2,2,2,False,15,0
717318,679525,2,82,91,21,23,2023-07-21,train,mlb_statcast,84,home_run,0.459,xwOBA,1.3167931034482756,persisted_estimated_woba_value,3,10,3,2,2,False,15,0
717319,666129,1,15,16,6,6,2023-07-21,train,mlb_statcast,16,single,0.544,xwOBA,0.505,persisted_estimated_woba_value,3,2,1,1,2,True,0,0
717319,666129,2,29,37,10,12,2023-07-21,train,mlb_statcast,29,home_run,0.604,xwOBA,1.263652173913044,persisted_estimated_woba_value,3,9,3,0,2,False,8,8
717319,666129,3,41,52,14,16,2023-07-21,train,mlb_statcast,45,home_run,0.681,xwOBA,1.797875,persisted_estimated_woba_value,3,12,3,4,2,False,15,15
717321,594902,1,74,76,20,20,2023-07-21,train,mlb_statcast,76,triple,0.539,xwOBA,0.723,persisted_estimated_woba_value,3,3,1,2,2,False,15,15
717322,573186,1,19,31,5,7,2023-07-20,train,mlb_statcast,21,double,0.567,xwOBA,1.221,persisted_estimated_woba_value,3,13,3,2,2,True,0,0
717322,573186,2,46,49,12,12,2023-07-20,train,mlb_statcast,49,walk,0.5,xwOBA+BB/HBP,0.695903,persisted_estimated_woba_value,3,4,1,3,2,False,15,13
717322,573186,3,66,77,17,19,2023-07-20,train,mlb_statcast,68,home_run,0.688,xwOBA,1.2666315789473683,persisted_estimated_woba_value,3,12,3,2,2,False,15,14
717322,573186,4,96,99,23,23,2023-07-20,train,mlb_statcast,99,walk,0.572,xwOBA,0.695903,persisted_estimated_woba_value,3,4,1,3,2,False,15,13
717325,656427,1,32,42,8,11,2023-07-21,train,mlb_statcast,36,home_run,0.646,xwOBA,1.6668333333333336,persisted_estimated_woba_value,3,11,4,4,2,False,11,11
717325,656427,2,49,61,13,15,2023-07-21,train,mlb_statcast,49,home_run,0.546,xwOBA,1.3822264150943395,persisted_estimated_woba_value,3,13,3,0,2,False,15,15
717325,656427,3,80,89,22,24,2023-07-21,train,mlb_statcast,81,single,0.707,xwOBA,0.873,persisted_estimated_woba_value,3,10,3,1,2,False,15,15
717328,502043,1,15,20,4,5,2023-07-20,train,mlb_statcast,16,grounded_into_double_play,0.45,xwOBA,0.251,persisted_estimated_woba_value,3,6,2,1,2,True,0,0
717328,502043,2,27,32,9,10,2023-07-20,train,mlb_statcast,29,single,0.57,xwOBA,0.578,persisted_estimated_woba_value,3,6,2,2,2,False,6,6
717328,502043,3,89,90,26,26,2023-07-20,train,mlb_statcast,90,single,0.455,xwOBA,0.893,persisted_estimated_woba_value,3,2,1,1,2,False,15,15
717329,669203,1,42,51,12,13,2023-07-20,train,mlb_statcast,47,single,0.58,xwOBA,0.814,persisted_estimated_woba_value,3,10,2,5,2,False,15,14
717333,593958,1,57,67,15,17,2023-07-19,train,mlb_statcast,58,double,0.575,xwOBA,0.741,persisted_estimated_woba_value,3,11,3,1,2,False,15,15
717333,593958,2,71,73,19,19,2023-07-19,train,mlb_statcast,73,field_out,0.52,xwOBA,0.454,persisted_estimated_woba_value,3,3,1,2,2,False,15,15
717333,593958,3,78,87,23,25,2023-07-19,train,mlb_statcast,80,hit_by_pitch,0.533,xwOBA,0.726005,persisted_estimated_woba_value,3,10,3,2,2,False,15,15
717337,675911,1,44,49,11,12,2023-07-20,train,mlb_statcast,44,triple,0.466,xwOBA,1.2333437499999995,persisted_estimated_woba_value,3,6,2,0,2,False,15,15
717337,675911,2,90,100,22,24,2023-07-20,train,mlb_statcast,93,hit_by_pitch,0.474,xwOBA+BB/HBP,0.726005,persisted_estimated_woba_value,3,11,3,3,2,False,15,15
717340,669194,1,17,26,6,8,2023-07-19,train,mlb_statcast,18,home_run,0.909,xwOBA,1.537017857142858,persisted_estimated_woba_value,3,10,3,1,2,True,0,0
717340,669194,2,65,77,21,23,2023-07-19,train,mlb_statcast,68,home_run,0.748,xwOBA,2.0,persisted_estimated_woba_value,3,13,3,3,2,False,15,13
717347,650911,1,34,41,8,10,2023-07-19,train,mlb_statcast,35,double,0.532,xwOBA,0.651,persisted_estimated_woba_value,3,8,3,1,2,False,13,13
717347,650911,2,62,66,17,18,2023-07-19,train,mlb_statcast,64,single,0.497,xwOBA,0.814,persisted_estimated_woba_value,3,5,2,2,2,False,15,15
717348,650644,1,62,82,19,21,2023-07-19,train,mlb_statcast,71,double,0.84,xwOBA,1.370193548387097,persisted_estimated_woba_value,3,21,3,9,2,False,15,14
717352,663776,1,22,31,7,8,2023-07-18,train,mlb_statcast,27,walk,0.479,xwOBA+BB/HBP,0.695903,persisted_estimated_woba_value,3,10,2,5,2,False,1,1
717352,663776,2,48,50,13,13,2023-07-18,train,mlb_statcast,50,field_out,0.453,xwOBA,0.063,persisted_estimated_woba_value,3,3,1,2,2,False,15,14
717357,665795,1,9,12,3,3,2023-07-18,train,mlb_statcast,12,walk,0.493,xwOBA+BB/HBP,0.695903,persisted_estimated_woba_value,3,4,1,3,2,True,0,0
717362,605397,1,6,11,2,3,2023-07-18,train,mlb_statcast,7,single,0.784,xwOBA,0.913,persisted_estimated_woba_value,2,6,2,1,1,True,0,0
717362,605397,2,61,68,15,16,2023-07-18,train,mlb_statcast,63,single,0.594,xwOBA,0.73,persisted_estimated_woba_value,3,8,2,2,2,False,15,15
717363,605400,1,54,60,16,18,2023-07-18,train,mlb_statcast,56,double,0.546,xwOBA,1.326280487804878,persisted_estimated_woba_value,3,7,3,2,2,False,15,15
717364,671106,1,64,70,15,16,2023-07-18,train,mlb_statcast,64,single,0.548,xwOBA,0.643,persisted_estimated_woba_value,3,7,2,0,2,False,15,15
717367,641540,1,4,8,2,2,2023-07-17,train,mlb_statcast,8,walk,0.525,xwOBA,0.695903,persisted_estimated_woba_value,2,5,1,4,1,True,0,0
717367,641540,2,10,10,4,4,2023-07-17,train,mlb_statcast,10,sac_fly,0.505,xwOBA,0.749,persisted_estimated_woba_value,3,1,1,0,2,True,0,0
717367,641540,3,30,31,9,9,2023-07-17,train,mlb_statcast,31,field_out,0.494,xwOBA,0.679,persisted_estimated_woba_value,3,2,1,1,2,False,9,5
717367,641540,4,45,52,14,16,2023-07-17,train,mlb_statcast,45,field_out,0.487,xwOBA,0.5663157894736843,persisted_estimated_woba_value,3,8,3,0,2,False,15,13
717367,641540,5,69,69,22,22,2023-07-17,train,mlb_statcast,69,field_out,0.485,xwOBA,0.106,persisted_estimated_woba_value,3,1,1,0,2,False,15,14
717373,681857,1,3,4,2,2,2023-07-16,train,mlb_statcast,4,single,0.506,xwOBA,0.098,persisted_estimated_woba_value,2,2,1,1,1,True,0,0
717373,681857,2,49,59,15,17,2023-07-16,train,mlb_statcast,53,home_run,0.946,xwOBA,2.0,persisted_estimated_woba_value,3,11,3,4,2,False,15,0
717373,681857,3,69,71,20,20,2023-07-16,train,mlb_statcast,71,field_out,0.584,xwOBA,0.707,persisted_estimated_woba_value,3,3,1,2,2,False,15,0
717377,527048,1,3,12,2,3,2023-07-16,train,mlb_statcast,6,strikeout,0.549,xwOBA,0.0,persisted_estimated_woba_value,2,10,2,3,1,True,0,0
717377,527048,2,28,38,8,11,2023-07-16,train,mlb_statcast,32,walk,0.596,xwOBA,0.695903,persisted_estimated_woba_value,3,11,4,4,2,False,7,7
717377,527048,3,61,72,17,20,2023-07-16,train,mlb_statcast,63,field_out,0.647,xwOBA,1.221,persisted_estimated_woba_value,3,12,4,2,2,False,15,12
717377,527048,4,79,79,22,22,2023-07-16,train,mlb_statcast,79,single,0.676,xwOBA,0.951,persisted_estimated_woba_value,3,1,1,0,2,False,15,14
717378,543037,1,3,11,2,3,2023-07-16,train,mlb_statcast,4,field_out,0.751,xwOBA,0.114,persisted_estimated_woba_value,2,9,2,1,1,True,0,0
717380,656427,1,72,77,20,20,2023-07-16,train,mlb_statcast,77,walk,0.455,xwOBA,0.695903,persisted_estimated_woba_value,3,6,1,5,2,False,15,15
717381,542881,1,3,27,2,5,2023-07-16,train,mlb_statcast,7,walk,0.634,xwOBA,0.695903,persisted_estimated_woba_value,2,25,4,4,1,True,0,0
717381,542881,2,36,45,8,9,2023-07-16,train,mlb_statcast,39,double,0.463,xwOBA,1.326280487804878,persisted_estimated_woba_value,3,10,2,3,2,False,15,13
717381,542881,3,71,80,15,16,2023-07-16,train,mlb_statcast,74,walk,0.474,xwOBA+BB/HBP,0.695903,persisted_estimated_woba_value,3,10,2,3,2,False,15,15
717381,664299,1,13,34,3,7,2023-07-16,train,mlb_statcast,13,field_out,0.613,xwOBA,1.263652173913044,persisted_estimated_woba_value,3,22,5,0,2,True,0,0
717381,664299,2,66,67,15,15,2023-07-16,train,mlb_statcast,67,single,0.556,xwOBA,0.87,persisted_estimated_woba_value,3,2,1,1,2,False,15,15
717382,663903,1,29,31,13,13,2023-07-16,train,mlb_statcast,31,double,0.516,xwOBA,0.306,persisted_estimated_woba_value,3,3,1,2,2,False,8,8
717382,663903,2,71,82,24,27,2023-07-16,train,mlb_statcast,71,home_run,0.648,xwOBA,1.1014054054054057,persisted_estimated_woba_value,3,12,4,0,2,False,15,14
717383,594902,1,33,43,10,12,2023-07-16,train,mlb_statcast,33,home_run,0.704,xwOBA,2.0,persisted_estimated_woba_value,3,11,3,0,2,False,12,12
717386,579328,1,9,19,4,5,2023-07-16,train,mlb_statcast,12,walk,0.474,xwOBA+BB/HBP,0.695903,persisted_estimated_woba_value,3,11,2,3,2,True,0,0
717386,579328,2,35,49,9,11,2023-07-16,train,mlb_statcast,40,hit_by_pitch,0.554,xwOBA,0.726005,persisted_estimated_woba_value,3,15,3,5,2,False,14,14
717387,554430,1,61,66,18,18,2023-07-16,train,mlb_statcast,66,double,0.5,xwOBA,0.5880500000000001,persisted_estimated_woba_value,3,6,1,5,2,False,15,15
717391,656302,1,39,46,12,13,2023-07-16,train,mlb_statcast,44,walk,0.487,xwOBA+BB/HBP,0.695903,persisted_estimated_woba_value,3,8,2,5,2,False,15,15
717393,666142,1,11,18,3,4,2023-07-15,train,mlb_statcast,17,walk,0.464,xwOBA+BB/HBP,0.695903,persisted_estimated_woba_value,3,8,2,6,2,True,0,0
717393,666142,2,53,54,13,13,2023-07-15,train,mlb_statcast,54,single,0.707,xwOBA,0.946,persisted_estimated_woba_value,3,2,1,1,2,False,15,0
717395,675911,1,33,36,10,10,2023-07-15,train,mlb_statcast,36,single,0.539,xwOBA,0.784,persisted_estimated_woba_value,3,4,1,3,2,False,12,12
717395,675911,2,74,79,19,20,2023-07-15,train,mlb_statcast,75,double,0.528,xwOBA,0.802,persisted_estimated_woba_value,3,6,2,1,2,False,15,15
717398,670912,1,21,33,5,7,2023-07-15,train,mlb_statcast,25,home_run,0.537,xwOBA,1.4875757575757576,persisted_estimated_woba_value,3,13,3,4,2,False,0,0
717398,670912,2,70,74,19,19,2023-07-15,train,mlb_statcast,74,walk,0.495,xwOBA+BB/HBP,0.695903,persisted_estimated_woba_value,3,5,1,4,2,False,15,15
717401,502043,1,21,22,9,9,2023-07-15,train,mlb_statcast,22,fielders_choice,0.519,xwOBA,0.36,persisted_estimated_woba_value,3,2,1,1,2,False,0,0
717401,502043,2,26,31,11,11,2023-07-15,train,mlb_statcast,31,walk,0.549,xwOBA,0.695903,persisted_estimated_woba_value,3,6,1,5,2,False,5,5
717401,502043,3,48,57,19,21,2023-07-15,train,mlb_statcast,50,single,0.491,xwOBA,0.758,persisted_estimated_woba_value,3,10,3,2,2,False,15,15
717401,666129,1,4,23,2,6,2023-07-15,train,mlb_statcast,7,field_out,0.52,xwOBA,1.039657142857143,persisted_estimated_woba_value,2,20,5,3,1,True,0,0
717401,666129,2,42,44,11,11,2023-07-15,train,mlb_statcast,44,field_out,0.475,xwOBA,0.506,persisted_estimated_woba_value,3,3,1,2,2,False,15,14
717401,666129,3,62,62,16,16,2023-07-15,train,mlb_statcast,62,field_out,0.467,xwOBA,0.4763333333333333,persisted_estimated_woba_value,3,1,1,0,2,False,15,15
717401,666129,4,78,81,21,21,2023-07-15,train,mlb_statcast,81,single,0.511,xwOBA,0.669,persisted_estimated_woba_value,3,4,1,3,2,False,15,15
717403,573186,1,39,55,9,12,2023-07-15,train,mlb_statcast,42,field_out,0.515,xwOBA,0.7150416666666666,persisted_estimated_woba_value,3,17,4,3,2,False,15,15
717406,593958,1,5,6,2,2,2023-07-14,train,mlb_statcast,6,field_out,0.564,xwOBA,1.1250399999999996,persisted_estimated_woba_value,2,2,1,1,1,True,0,0
717406,593958,2,42,46,11,11,2023-07-14,train,mlb_statcast,46,single,0.583,xwOBA,0.617,persisted_estimated_woba_value,3,5,1,4,2,False,15,15
717406,593958,3,66,73,15,18,2023-07-14,train,mlb_statcast,69,hit_by_pitch,0.474,xwOBA+BB/HBP,0.726005,persisted_estimated_woba_value,3,8,4,3,2,False,15,15
717406,593958,4,79,83,20,20,2023-07-14,train,mlb_statcast,83,walk,0.512,xwOBA,0.695903,persisted_estimated_woba_value,3,5,1,4,2,False,15,15
717411,679525,1,5,6,2,3,2023-07-15,train,mlb_statcast,5,field_out,0.579,xwOBA,0.911,persisted_estimated_woba_value,2,2,2,0,1,True,0,0
717411,679525,2,25,25,8,8,2023-07-15,train,mlb_statcast,25,home_run,0.526,xwOBA,0.7820833333333334,persisted_estimated_woba_value,3,1,1,0,2,False,4,0
717411,679525,3,31,32,10,10,2023-07-15,train,mlb_statcast,32,double,0.613,xwOBA,0.7702173913043479,persisted_estimated_woba_value,3,2,1,1,2,False,10,0
717411,679525,4,67,79,19,20,2023-07-15,train,mlb_statcast,71,walk,0.516,xwOBA,0.695903,persisted_estimated_woba_value,3,13,2,4,2,False,15,0
717412,669203,1,5,16,2,3,2023-07-14,train,mlb_statcast,12,walk,0.759,xwOBA,0.695903,persisted_estimated_woba_value,2,12,2,7,1,True,0,0
717412,669203,2,52,55,12,12,2023-07-14,train,mlb_statcast,55,hit_by_pitch,0.517,xwOBA,0.726005,persisted_estimated_woba_value,3,4,1,3,2,False,15,15
717415,650644,1,37,44,9,9,2023-07-14,train,mlb_statcast,44,double,0.452,xwOBA,0.86,persisted_estimated_woba_value,3,8,1,7,2,False,15,15
717415,650644,2,51,64,12,14,2023-07-14,train,mlb_statcast,54,home_run,0.496,xwOBA,1.0440256410256414,persisted_estimated_woba_value,3,14,3,3,2,False,15,15
717415,650644,3,66,69,16,16,2023-07-14,train,mlb_statcast,69,single,0.561,xwOBA,0.886,persisted_estimated_woba_value,3,4,1,3,2,False,15,15
717418,650911,1,31,44,7,9,2023-07-14,train,mlb_statcast,34,home_run,0.658,xwOBA,1.2597727272727273,persisted_estimated_woba_value,3,14,3,3,2,False,10,0
717418,650911,2,51,57,11,13,2023-07-14,train,mlb_statcast,51,home_run,0.899,xwOBA,2.0,persisted_estimated_woba_value,3,7,3,0,2,False,15,0
717419,543294,1,15,35,4,8,2023-07-14,train,mlb_statcast,16,home_run,0.479,xwOBA,1.3954347826086957,persisted_estimated_woba_value,3,21,5,1,2,True,0,0
717419,543294,2,52,64,13,17,2023-07-14,train,mlb_statcast,53,home_run,0.566,xwOBA,1.4787142857142852,persisted_estimated_woba_value,3,13,5,1,2,False,15,15
717420,669194,1,21,32,4,6,2023-07-14,train,mlb_statcast,25,home_run,0.539,xwOBA,1.6155178571428572,persisted_estimated_woba_value,3,12,3,4,2,False,0,0
717420,669194,2,87,89,22,22,2023-07-14,train,mlb_statcast,89,grounded_into_double_play,0.504,xwOBA,0.498,persisted_estimated_woba_value,3,3,1,2,2,False,15,15
717422,607536,1,19,26,6,8,2023-07-09,train,mlb_statcast,20,single,0.537,xwOBA,0.941,persisted_estimated_woba_value,3,8,3,1,2,True,0,0
717422,607536,2,35,47,11,16,2023-07-09,train,mlb_statcast,36,single,0.452,xwOBA,0.781,persisted_estimated_woba_value,3,13,6,1,2,False,14,14
717422,607536,3,51,65,18,21,2023-07-09,train,mlb_statcast,55,field_out,0.455,xwOBA,0.262,persisted_estimated_woba_value,3,15,4,4,2,False,15,15
717422,657277,1,73,73,20,20,2023-07-09,train,mlb_statcast,73,single,0.524,xwOBA,0.777,persisted_estimated_woba_value,3,1,1,0,2,False,15,15
717422,657277,2,76,76,22,22,2023-07-09,train,mlb_statcast,76,single,0.463,xwOBA,0.508,persisted_estimated_woba_value,3,1,1,0,2,False,15,15
717423,605397,1,18,24,6,7,2023-07-09,train,mlb_statcast,22,single,0.601,xwOBA,0.861,persisted_estimated_woba_value,3,7,2,4,2,True,0,0
717423,605397,2,48,59,13,15,2023-07-09,train,mlb_statcast,49,hit_by_pitch,0.667,xwOBA,0.726005,persisted_estimated_woba_value,3,12,3,1,2,False,15,15
717426,605400,1,9,19,4,6,2023-07-09,train,mlb_statcast,9,home_run,0.97,xwOBA+barrels,2.0,persisted_estimated_woba_value,3,11,3,0,2,True,0,0
717426,605400,2,24,31,8,10,2023-07-09,train,mlb_statcast,24,field_out,0.55,xwOBA,0.8878421052631581,persisted_estimated_woba_value,3,8,3,0,2,False,3,3
717426,605400,3,36,44,12,14,2023-07-09,train,mlb_statcast,39,home_run,0.631,xwOBA,1.3822264150943395,persisted_estimated_woba_value,3,9,3,3,2,False,15,15
717426,605400,4,68,82,21,23,2023-07-09,train,mlb_statcast,72,single,0.504,xwOBA,0.814,persisted_estimated_woba_value,3,15,3,4,2,False,15,15
717427,594902,1,3,10,2,2,2023-07-09,train,mlb_statcast,10,field_out,0.614,xwOBA,0.003,persisted_estimated_woba_value,2,8,1,7,1,True,0,0
717427,594902,2,23,28,6,7,2023-07-09,train,mlb_statcast,25,field_out,0.543,xwOBA,0.346,persisted_estimated_woba_value,3,6,2,2,2,False,2,2
717427,594902,3,72,72,21,21,2023-07-09,train,mlb_statcast,72,field_out,0.477,xwOBA,0.509,persisted_estimated_woba_value,3,1,1,0,2,False,15,15
717427,594902,4,75,75,23,23,2023-07-09,train,mlb_statcast,75,single,0.496,xwOBA,0.951,persisted_estimated_woba_value,3,1,1,0,2,False,15,15
717428,502043,1,5,12,2,3,2023-07-09,train,mlb_statcast,7,double,0.806,xwOBA,0.9162962962962964,persisted_estimated_woba_value,2,8,2,2,1,True,0,0
717432,641540,1,65,77,16,21,2023-07-09,train,mlb_statcast,65,home_run,0.568,xwOBA,1.0439117647058824,persisted_estimated_woba_value,3,13,6,0,2,False,15,13
717432,641540,2,85,88,24,25,2023-07-09,train,mlb_statcast,87,field_out,0.471,xwOBA,0.506,persisted_estimated_woba_value,3,4,2,2,2,False,15,12
717433,543294,1,5,12,2,3,2023-07-09,train,mlb_statcast,8,field_out,0.468,xwOBA,0.112,persisted_estimated_woba_value,2,8,2,3,1,True,0,0
717433,543294,2,97,98,26,26,2023-07-09,train,mlb_statcast,98,home_run,0.553,xwOBA,0.8694594594594595,persisted_estimated_woba_value,3,2,1,1,2,False,15,15
717436,656849,1,63,69,18,19,2023-07-08,train,mlb_statcast,68,single,0.489,xwOBA,0.772,persisted_estimated_woba_value,3,7,2,5,2,False,15,14
717438,666129,1,5,10,2,2,2023-07-08,train,mlb_statcast,10,home_run,0.456,xwOBA,0.286,persisted_estimated_woba_value,2,6,1,5,1,True,0,0
717438,666129,2,26,46,6,10,2023-07-08,train,mlb_statcast,33,single,0.532,xwOBA,0.939,persisted_estimated_woba_value,3,21,5,7,2,False,5,5
717438,666129,3,55,57,13,14,2023-07-08,train,mlb_statcast,55,hit_by_pitch,0.591,xwOBA,0.726005,persisted_estimated_woba_value,3,3,2,0,2,False,15,15
717438,666129,4,75,78,21,22,2023-07-08,train,mlb_statcast,75,single,0.527,xwOBA,0.893,persisted_estimated_woba_value,3,4,2,0,2,False,15,15
717441,675911,1,5,10,2,3,2023-07-08,train,mlb_statcast,9,force_out,0.452,xwOBA,0.243,persisted_estimated_woba_value,2,6,2,4,1,True,0,0
717441,675911,2,47,53,12,13,2023-07-08,train,mlb_statcast,50,field_out,0.569,xwOBA,0.9800476190476192,persisted_estimated_woba_value,3,7,2,3,2,False,15,15
717442,592332,1,3,23,2,6,2023-07-08,train,mlb_statcast,6,single,0.47,xwOBA,0.39,persisted_estimated_woba_value,2,21,5,3,1,True,0,0
717442,592332,2,38,42,11,11,2023-07-08,train,mlb_statcast,42,walk,0.539,xwOBA,0.695903,persisted_estimated_woba_value,3,5,1,4,2,False,15,15
717443,663903,1,10,43,4,12,2023-07-08,train,mlb_statcast,17,single,0.554,xwOBA,0.957,persisted_estimated_woba_value,3,34,9,7,2,True,0,0
717443,663903,2,59,59,17,17,2023-07-08,train,mlb_statcast,59,single,0.52,xwOBA,0.431,persisted_estimated_woba_value,3,1,1,0,2,False,15,15
717443,663903,3,66,66,19,19,2023-07-08,train,mlb_statcast,66,single,0.547,xwOBA,0.79,persisted_estimated_woba_value,3,1,1,0,2,False,15,15
717443,663903,4,79,93,24,28,2023-07-08,train,mlb_statcast,79,double,0.484,xwOBA,0.7131764705882353,persisted_estimated_woba_value,3,15,5,0,2,False,15,14
717447,543037,1,28,30,8,9,2023-07-08,train,mlb_statcast,29,field_out,0.566,xwOBA,0.393,persisted_estimated_woba_value,3,3,2,1,2,False,7,7
717447,543037,2,99,103,28,28,2023-07-08,train,mlb_statcast,103,home_run,0.568,xwOBA,1.0543333333333331,persisted_estimated_woba_value,3,5,1,4,2,False,15,15
717455,656302,1,32,39,9,10,2023-07-07,train,mlb_statcast,36,single,0.488,xwOBA,0.822,persisted_estimated_woba_value,3,8,2,4,2,False,11,11
717455,656302,2,48,56,13,15,2023-07-07,train,mlb_statcast,50,home_run,0.591,xwOBA,0.9053000000000004,persisted_estimated_woba_value,3,9,3,2,2,False,15,15
717455,656302,3,72,72,20,20,2023-07-07,train,mlb_statcast,72,single,0.469,xwOBA,0.939,persisted_estimated_woba_value,3,1,1,0,2,False,15,15
717455,656302,4,74,75,22,22,2023-07-07,train,mlb_statcast,75,field_out,0.512,xwOBA,0.4024999999999999,persisted_estimated_woba_value,3,2,1,1,2,False,15,15
717459,669203,1,54,71,15,18,2023-07-07,train,mlb_statcast,55,home_run,0.67,xwOBA,1.2951874999999995,persisted_estimated_woba_value,3,18,4,1,2,False,15,15
717459,669203,2,84,88,22,22,2023-07-07,train,mlb_statcast,88,walk,0.57,xwOBA,0.695903,persisted_estimated_woba_value,3,5,1,4,2,False,15,13
717462,670912,1,3,17,2,5,2023-07-06,train,mlb_statcast,5,home_run,1.208,xwOBA,1.896,persisted_estimated_woba_value,2,15,4,2,1,True,0,0
717462,670912,2,63,75,21,23,2023-07-06,train,mlb_statcast,64,home_run,0.739,xwOBA,1.7598478260869563,persisted_estimated_woba_value,3,13,3,1,2,False,15,15
717466,554430,1,60,65,14,16,2023-07-07,train,mlb_statcast,62,home_run,0.476,xwOBA,1.0587272727272727,persisted_estimated_woba_value,3,6,3,2,2,False,15,15
717470,669194,1,17,24,4,5,2023-07-06,train,mlb_statcast,20,home_run,0.528,xwOBA,1.0809230769230769,persisted_estimated_woba_value,3,8,2,3,2,True,0,0
717470,669194,2,48,66,13,18,2023-07-06,train,mlb_statcast,50,single,0.566,xwOBA,0.601,persisted_estimated_woba_value,3,19,6,2,2,False,15,15
717472,650911,1,52,54,14,14,2023-07-06,train,mlb_statcast,54,home_run,0.466,xwOBA,1.2666315789473683,persisted_estimated_woba_value,3,3,1,2,2,False,15,0
717472,650911,2,57,57,16,16,2023-07-06,train,mlb_statcast,57,field_out,0.792,xwOBA,1.04795,persisted_estimated_woba_value,3,1,1,0,2,False,15,0
717472,650911,3,61,64,18,18,2023-07-06,train,mlb_statcast,64,field_out,0.615,xwOBA,0.72,persisted_estimated_woba_value,3,4,1,3,2,False,15,0
717473,656427,1,23,23,7,7,2023-07-06,train,mlb_statcast,23,single,0.517,xwOBA,0.646,persisted_estimated_woba_value,3,1,1,0,2,False,2,2
717473,656427,2,57,75,19,22,2023-07-06,train,mlb_statcast,60,field_out,0.554,xwOBA,0.8027272727272727,persisted_estimated_woba_value,3,19,4,3,2,False,15,15
717473,656427,3,83,85,24,24,2023-07-06,train,mlb_statcast,85,field_out,0.633,xwOBA,0.666,persisted_estimated_woba_value,3,3,1,2,2,False,15,15
717473,656427,4,103,111,30,30,2023-07-06,train,mlb_statcast,111,walk,0.618,xwOBA,0.695903,persisted_estimated_woba_value,3,9,1,8,2,False,15,14
717474,573186,1,18,20,5,5,2023-07-06,train,mlb_statcast,20,field_out,0.479,xwOBA,0.506,persisted_estimated_woba_value,3,3,1,2,2,True,0,0
717474,573186,2,66,72,16,16,2023-07-06,train,mlb_statcast,72,walk,0.526,xwOBA,0.695903,persisted_estimated_woba_value,3,7,1,6,2,False,15,15
717474,573186,3,74,94,18,22,2023-07-06,train,mlb_statcast,74,single,0.543,xwOBA,0.919,persisted_estimated_woba_value,3,21,5,0,2,False,15,15
717475,622663,1,21,26,5,6,2023-07-06,train,mlb_statcast,24,walk,0.622,xwOBA,0.695903,persisted_estimated_woba_value,3,6,2,3,2,False,0,0
717475,622663,2,57,66,12,15,2023-07-06,train,mlb_statcast,59,single,0.459,xwOBA,0.7751,persisted_estimated_woba_value,3,10,4,2,2,False,15,15
717480,579328,1,20,27,6,7,2023-07-06,train,mlb_statcast,21,single,0.481,xwOBA,0.156,persisted_estimated_woba_value,3,8,2,1,2,True,0,0
717482,679525,1,4,13,2,4,2023-07-05,train,mlb_statcast,6,home_run,0.903,xwOBA,1.805446808510638,persisted_estimated_woba_value,2,10,3,2,1,True,0,0
717482,679525,2,34,48,9,11,2023-07-05,train,mlb_statcast,35,single,0.491,xwOBA,0.748,persisted_estimated_woba_value,3,15,3,1,2,False,13,0
717482,679525,3,81,88,20,20,2023-07-05,train,mlb_statcast,88,walk,0.496,xwOBA,0.695903,persisted_estimated_woba_value,3,8,1,7,2,False,15,0
717485,593958,1,2,6,2,2,2023-07-05,train,mlb_statcast,6,single,0.574,xwOBA,0.899,persisted_estimated_woba_value,2,5,1,4,1,True,0,0
717485,593958,2,17,30,5,7,2023-07-05,train,mlb_statcast,20,home_run,0.644,xwOBA,1.9295,persisted_estimated_woba_value,3,14,3,3,2,True,0,0
717485,593958,3,51,56,13,13,2023-07-05,train,mlb_statcast,56,double,0.542,xwOBA,0.728,persisted_estimated_woba_value,3,6,1,5,2,False,15,15
717485,593958,4,63,64,15,15,2023-07-05,train,mlb_statcast,64,home_run,0.539,xwOBA,0.8879428571428575,persisted_estimated_woba_value,3,2,1,1,2,False,15,15
717497,605397,1,87,87,21,21,2023-07-04,train,mlb_statcast,87,field_out,0.451,xwOBA,0.114,persisted_estimated_woba_value,3,1,1,0,2,False,15,15
717499,605400,1,27,34,8,9,2023-07-04,train,mlb_statcast,28,single,0.675,xwOBA,0.89,persisted_estimated_woba_value,3,8,2,1,2,False,6,6
717501,641540,1,4,10,2,3,2023-07-04,train,mlb_statcast,6,field_out,0.686,xwOBA,0.425,persisted_estimated_woba_value,2,7,2,2,1,True,0,0
717501,641540,2,34,41,10,10,2023-07-04,train,mlb_statcast,41,double,0.618,xwOBA,0.888,persisted_estimated_woba_value,3,8,1,7,2,False,13,11
717501,641540,3,67,73,18,18,2023-07-04,train,mlb_statcast,73,walk,0.532,xwOBA,0.695903,persisted_estimated_woba_value,3,7,1,6,2,False,15,13
717501,641540,4,79,83,22,22,2023-07-04,train,mlb_statcast,83,single,0.558,xwOBA,0.516,persisted_estimated_woba_value,3,5,1,4,2,False,15,15
717503,543294,1,43,51,12,13,2023-07-04,train,mlb_statcast,46,field_out,0.498,xwOBA,0.69305,persisted_estimated_woba_value,3,9,2,3,2,False,15,14
717504,607536,1,25,33,9,11,2023-07-04,train,mlb_statcast,26,home_run,0.654,xwOBA,1.7648888888888892,persisted_estimated_woba_value,3,9,3,1,2,False,4,4
717504,607536,2,79,83,26,28,2023-07-04,train,mlb_statcast,79,single,0.464,xwOBA,0.752,persisted_estimated_woba_value,3,5,3,0,2,False,15,15
717508,502043,1,5,13,2,4,2023-07-04,train,mlb_statcast,7,home_run,1.348,xwOBA,2.0,persisted_estimated_woba_value,2,9,3,2,1,True,0,0
717508,502043,2,47,50,14,15,2023-07-04,train,mlb_statcast,47,hit_by_pitch,0.493,xwOBA+BB/HBP,0.726005,persisted_estimated_woba_value,3,4,2,0,2,False,15,15
717508,502043,3,69,74,20,20,2023-07-04,train,mlb_statcast,74,walk,0.5,xwOBA+BB/HBP,0.695903,persisted_estimated_woba_value,3,6,1,5,2,False,15,15
717514,527048,1,6,13,2,3,2023-07-03,train,mlb_statcast,11,field_out,0.75,xwOBA,0.8038421052631578,persisted_estimated_woba_value,2,8,2,5,1,True,0,0
717514,527048,2,21,57,6,12,2023-07-03,train,mlb_statcast,26,home_run,0.5,xwOBA,1.1250399999999996,persisted_estimated_woba_value,3,37,7,5,2,False,0,0
717514,664299,1,9,17,4,4,2023-07-03,train,mlb_statcast,17,field_out,0.482,xwOBA,0.5060588235294117,persisted_estimated_woba_value,3,9,1,8,2,True,0,0
717514,664299,2,29,33,8,9,2023-07-03,train,mlb_statcast,32,home_run,0.602,xwOBA,1.1182968749999995,persisted_estimated_woba_value,3,5,2,3,2,False,8,8
717514,664299,3,61,68,16,18,2023-07-03,train,mlb_statcast,63,home_run,0.656,xwOBA,0.763375,persisted_estimated_woba_value,3,8,3,2,2,False,15,15
717515,666129,1,17,22,4,5,2023-07-03,train,mlb_statcast,18,single,0.546,xwOBA,0.88,event_weight_fallback,3,6,2,1,2,True,0,0
717515,666129,2,40,44,10,11,2023-07-03,train,mlb_statcast,40,grounded_into_double_play,0.475,xwOBA,0.231,persisted_estimated_woba_value,3,5,2,0,2,False,15,15
717515,666129,3,49,51,13,13,2023-07-03,train,mlb_statcast,51,home_run,0.707,xwOBA,1.2508333333333332,persisted_estimated_woba_value,3,3,1,2,2,False,15,15
717515,666129,4,53,60,15,15,2023-07-03,train,mlb_statcast,60,field_out,0.486,xwOBA,0.188,persisted_estimated_woba_value,3,8,1,7,2,False,15,15
717516,657277,1,11,26,4,8,2023-07-03,train,mlb_statcast,12,field_out,0.684,xwOBA,1.3556197183098586,persisted_estimated_woba_value,3,16,5,1,2,True,0,0
717516,657277,2,73,78,20,22,2023-07-03,train,mlb_statcast,74,field_out,0.52,xwOBA,0.9284285714285714,persisted_estimated_woba_value,3,6,3,1,2,False,15,15
717521,650644,1,37,43,8,10,2023-07-02,train,mlb_statcast,39,hit_by_pitch,0.499,xwOBA+BB/HBP,0.726005,persisted_estimated_woba_value,3,7,3,2,2,False,15,15
717521,650644,2,75,82,18,19,2023-07-02,train,mlb_statcast,77,single,0.592,xwOBA,0.807,persisted_estimated_woba_value,3,8,2,2,2,False,15,15
717524,543037,1,2,7,2,2,2023-07-02,train,mlb_statcast,7,walk,0.654,xwOBA,0.695903,persisted_estimated_woba_value,2,6,1,5,1,True,0,0
717524,543037,2,59,59,15,15,2023-07-02,train,mlb_statcast,59,single,0.589,xwOBA,0.725,persisted_estimated_woba_value,3,1,1,0,2,False,15,13
717524,543037,3,65,73,17,19,2023-07-02,train,mlb_statcast,66,single,0.612,xwOBA,0.926,persisted_estimated_woba_value,3,9,3,1,2,False,15,15
717525,656849,1,37,43,10,12,2023-07-02,train,mlb_statcast,38,field_out,0.672,xwOBA,0.679,persisted_estimated_woba_value,3,7,3,1,2,False,15,15
717525,656849,2,60,61,18,18,2023-07-02,train,mlb_statcast,61,field_out,0.483,xwOBA,0.592,persisted_estimated_woba_value,3,2,1,1,2,False,15,14
717527,663903,1,50,60,13,14,2023-07-02,train,mlb_statcast,57,walk,0.564,xwOBA,0.695903,persisted_estimated_woba_value,3,11,2,7,2,False,15,15
717527,663903,2,81,82,21,21,2023-07-02,train,mlb_statcast,82,field_out,0.465,xwOBA,0.123,persisted_estimated_woba_value,3,2,1,1,2,False,15,15
717527,663903,3,84,85,23,23,2023-07-02,train,mlb_statcast,85,single,0.451,xwOBA,1.1678297872340424,persisted_estimated_woba_value,3,2,1,1,2,False,15,15
717530,592332,1,90,98,21,21,2023-07-02,train,mlb_statcast,98,field_out,0.459,xwOBA,0.749,persisted_estimated_woba_value,3,9,1,8,2,False,15,15
717533,542881,1,23,26,6,6,2023-07-01,train,mlb_statcast,26,single,0.499,xwOBA,0.824,persisted_estimated_woba_value,3,4,1,3,2,False,2,2
717533,542881,2,51,59,11,12,2023-07-01,train,mlb_statcast,55,walk,0.479,xwOBA,0.695903,persisted_estimated_woba_value,3,9,2,4,2,False,15,15
717533,542881,3,81,82,19,20,2023-07-01,train,mlb_statcast,81,single,0.518,xwOBA,0.852,persisted_estimated_woba_value,3,2,2,0,2,False,15,15
717533,669194,1,12,17,5,5,2023-07-01,train,mlb_statcast,17,double,0.563,xwOBA,0.6239473684210527,persisted_estimated_woba_value,3,6,1,5,2,True,0,0
717533,669194,2,48,54,13,15,2023-07-01,train,mlb_statcast,50,home_run,0.461,xwOBA,1.3821199999999996,persisted_estimated_woba_value,3,7,3,2,2,False,15,15
717538,656302,1,70,76,20,21,2023-07-01,train,mlb_statcast,72,single,0.493,xwOBA,0.661,persisted_estimated_woba_value,3,7,2,2,2,False,15,14
717540,669203,1,6,14,2,3,2023-07-01,train,mlb_statcast,8,field_out,0.724,xwOBA,0.843,persisted_estimated_woba_value,2,9,2,2,1,True,0,0
717540,669203,2,59,72,16,18,2023-07-01,train,mlb_statcast,62,walk,0.457,xwOBA,0.695903,persisted_estimated_woba_value,3,14,3,3,2,False,15,15
717540,669203,3,83,91,21,22,2023-07-01,train,mlb_statcast,88,single,0.552,xwOBA,0.869,persisted_estimated_woba_value,3,9,2,5,2,False,15,15
717540,670912,1,9,11,3,3,2023-07-01,train,mlb_statcast,11,single,0.563,xwOBA,0.888,persisted_estimated_woba_value,3,3,1,2,2,True,0,0
717540,670912,2,31,49,10,14,2023-07-01,train,mlb_statcast,32,home_run,0.915,xwOBA,1.9060294117647063,persisted_estimated_woba_value,3,19,5,1,2,False,10,9
717540,670912,3,76,76,21,21,2023-07-01,train,mlb_statcast,76,field_out,0.473,xwOBA,0.501,persisted_estimated_woba_value,3,1,1,0,2,False,15,15
717540,670912,4,86,98,25,27,2023-07-01,train,mlb_statcast,87,field_out,0.781,xwOBA,1.3596212121212112,persisted_estimated_woba_value,3,13,3,1,2,False,15,15
717543,554430,1,21,31,5,7,2023-07-01,train,mlb_statcast,25,home_run,0.485,xwOBA,1.4541694915254244,persisted_estimated_woba_value,3,11,3,4,2,False,0,0
717543,554430,2,70,81,18,21,2023-07-01,train,mlb_statcast,71,field_out,0.486,xwOBA,0.161,persisted_estimated_woba_value,3,12,4,1,2,False,15,15
717545,622663,1,4,12,2,2,2023-07-01,train,mlb_statcast,12,walk,0.488,xwOBA,0.695903,persisted_estimated_woba_value,2,9,1,8,1,True,0,0
717545,622663,2,37,51,9,13,2023-07-01,train,mlb_statcast,41,single,0.594,xwOBA,0.908,persisted_estimated_woba_value,3,15,5,4,2,False,15,15
717545,622663,3,59,64,16,17,2023-07-01,train,mlb_statcast,59,single,0.475,xwOBA,0.531,persisted_estimated_woba_value,3,6,2,0,2,False,15,15
717545,622663,4,66,68,19,19,2023-07-01,train,mlb_statcast,68,double,0.535,xwOBA,0.862,persisted_estimated_woba_value,3,3,1,2,2,False,15,15
717545,622663,5,73,87,21,25,2023-07-01,train,mlb_statcast,73,home_run,0.837,xwOBA,1.6477333333333335,persisted_estimated_woba_value,3,15,5,0,2,False,15,15
717545,656427,1,38,45,10,11,2023-07-01,train,mlb_statcast,43,walk,0.48,xwOBA,0.695903,persisted_estimated_woba_value,3,8,2,5,2,False,15,13
717546,573186,1,39,39,11,11,2023-07-01,train,mlb_statcast,39,single,0.525,xwOBA,0.795,persisted_estimated_woba_value,3,1,1,0,2,False,15,15
717547,579328,1,27,36,8,9,2023-07-01,train,mlb_statcast,30,field_out,0.476,xwOBA,0.50125,persisted_estimated_woba_value,3,10,2,3,2,False,6,6
717547,579328,2,50,63,13,15,2023-07-01,train,mlb_statcast,56,home_run,0.886,xwOBA,1.761522727272727,persisted_estimated_woba_value,3,14,3,6,2,False,15,15
717547,579328,3,78,86,21,22,2023-07-01,train,mlb_statcast,82,double,0.66,xwOBA,0.749,persisted_estimated_woba_value,3,9,2,4,2,False,15,15
717553,679525,1,6,14,2,3,2023-06-30,train,mlb_statcast,9,field_out,0.818,xwOBA,0.043,persisted_estimated_woba_value,2,9,2,3,1,True,0,0
717553,679525,2,34,44,10,12,2023-06-30,train,mlb_statcast,35,home_run,0.583,xwOBA,1.6619384615384611,persisted_estimated_woba_value,3,11,3,1,2,False,13,0
717553,679525,3,64,70,16,17,2023-06-30,train,mlb_statcast,65,double,0.484,xwOBA,0.58725,persisted_estimated_woba_value,3,7,2,1,2,False,15,0
717553,679525,4,77,79,19,19,2023-06-30,train,mlb_statcast,79,single,0.547,xwOBA,0.944,persisted_estimated_woba_value,3,3,1,2,2,False,15,0
717560,663776,1,48,55,13,14,2023-06-29,train,mlb_statcast,49,single,0.57,xwOBA,0.853,persisted_estimated_woba_value,3,8,2,1,2,False,15,14
717560,663776,2,65,72,19,20,2023-06-29,train,mlb_statcast,68,single,0.451,xwOBA,0.535,persisted_estimated_woba_value,3,8,2,3,2,False,15,10
717563,650911,1,62,62,18,18,2023-06-30,train,mlb_statcast,62,field_out,0.469,xwOBA,0.222,persisted_estimated_woba_value,3,1,1,0,2,False,15,0
717567,543294,1,2,7,2,3,2023-06-29,train,mlb_statcast,5,double,1.202,xwOBA,0.557,persisted_estimated_woba_value,2,6,2,3,1,True,0,0
717567,543294,2,30,37,12,14,2023-06-29,train,mlb_statcast,30,field_out,0.685,xwOBA,1.1575471698113204,persisted_estimated_woba_value,3,8,3,0,2,False,9,9
717571,605397,1,49,61,12,14,2023-06-29,train,mlb_statcast,54,single,0.51,xwOBA,0.833,persisted_estimated_woba_value,3,13,3,5,2,False,15,15
717571,605397,2,79,84,20,22,2023-06-29,train,mlb_statcast,81,double,0.512,xwOBA,0.892,persisted_estimated_woba_value,3,6,3,2,2,False,15,15
717577,671106,1,28,34,7,7,2023-06-28,train,mlb_statcast,34,walk,0.453,xwOBA,0.695903,persisted_estimated_woba_value,3,7,1,6,2,False,7,7
717577,671106,2,41,60,9,11,2023-06-28,train,mlb_statcast,48,hit_by_pitch,0.474,xwOBA+BB/HBP,0.726005,persisted_estimated_woba_value,3,20,3,7,2,False,15,15
717577,671106,3,91,98,17,17,2023-06-28,train,mlb_statcast,98,walk,0.505,xwOBA,0.695903,persisted_estimated_woba_value,3,8,1,7,2,False,15,15
717578,607536,1,13,18,3,3,2023-06-28,train,mlb_statcast,18,walk,0.464,xwOBA+BB/HBP,0.695903,persisted_estimated_woba_value,3,6,1,5,2,True,0,0
717578,607536,2,54,60,12,12,2023-06-28,train,mlb_statcast,60,walk,0.508,xwOBA,0.695903,persisted_estimated_woba_value,3,7,1,6,2,False,15,15
717578,607536,3,64,80,14,17,2023-06-28,train,mlb_statcast,68,walk,0.464,xwOBA+BB/HBP,0.695903,persisted_estimated_woba_value,3,17,4,4,2,False,15,15
717578,607536,4,83,83,19,19,2023-06-28,train,mlb_statcast,83,home_run,0.589,xwOBA,0.69305,persisted_estimated_woba_value,3,1,1,0,2,False,15,15
717580,641540,1,3,6,2,2,2023-06-28,train,mlb_statcast,6,field_out,0.63,xwOBA,0.9162962962962964,persisted_estimated_woba_value,2,4,1,3,1,True,0,0
717582,664299,1,19,28,6,8,2023-06-28,train,mlb_statcast,20,single,0.579,xwOBA,0.777,persisted_estimated_woba_value,3,10,3,1,2,True,0,0
717582,664299,2,33,45,11,13,2023-06-28,train,mlb_statcast,37,home_run,0.807,xwOBA,2.0,persisted_estimated_woba_value,3,13,3,4,2,False,12,11
717582,664299,3,68,76,20,21,2023-06-28,train,mlb_statcast,71,single,0.496,xwOBA,0.793,persisted_estimated_woba_value,3,9,2,3,2,False,15,15
717583,666129,1,46,55,13,15,2023-06-28,train,mlb_statcast,46,home_run,0.593,xwOBA,1.6895999999999998,persisted_estimated_woba_value,3,10,3,0,2,False,15,15
717584,605400,1,31,41,8,10,2023-06-28,train,mlb_statcast,33,home_run,0.738,xwOBA,1.9060294117647063,persisted_estimated_woba_value,3,11,3,2,2,False,10,10
717584,605400,2,57,68,14,16,2023-06-28,train,mlb_statcast,59,home_run,0.504,xwOBA,1.5123214285714288,persisted_estimated_woba_value,3,12,3,2,2,False,15,15
717584,605400,3,85,91,21,22,2023-06-28,train,mlb_statcast,90,walk,0.501,xwOBA+BB/HBP,0.695903,persisted_estimated_woba_value,3,7,2,5,2,False,15,15
717586,657277,1,11,13,3,4,2023-06-28,train,mlb_statcast,12,double,0.575,xwOBA,0.8519999999999999,persisted_estimated_woba_value,3,3,2,1,2,True,0,0
717586,657277,2,81,86,21,21,2023-06-28,train,mlb_statcast,86,field_out,0.517,xwOBA,0.892,persisted_estimated_woba_value,3,6,1,5,2,False,15,15
717589,502043,1,9,14,3,3,2023-06-28,train,mlb_statcast,14,hit_by_pitch,0.508,xwOBA,0.726005,persisted_estimated_woba_value,3,6,1,5,2,True,0,0
717589,502043,2,18,19,5,5,2023-06-28,train,mlb_statcast,19,single,0.562,xwOBA,0.618,persisted_estimated_woba_value,3,2,1,1,2,True,0,0
717589,502043,3,23,26,7,7,2023-06-28,train,mlb_statcast,26,walk,0.463,xwOBA,0.695903,persisted_estimated_woba_value,3,4,1,3,2,False,2,2
717589,502043,4,31,36,9,9,2023-06-28,train,mlb_statcast,36,double,0.548,xwOBA,0.904,persisted_estimated_woba_value,3,6,1,5,2,False,10,10
717589,502043,5,42,43,11,12,2023-06-28,train,mlb_statcast,42,single,0.703,xwOBA,0.899,persisted_estimated_woba_value,3,2,2,0,2,False,15,15
717591,663903,1,32,43,7,8,2023-06-27,train,mlb_statcast,38,field_out,0.49,xwOBA,0.591,persisted_estimated_woba_value,3,12,2,6,2,False,11,11
717591,663903,2,69,72,16,16,2023-06-27,train,mlb_statcast,72,single,0.525,xwOBA,0.903,persisted_estimated_woba_value,3,4,1,3,2,False,15,15
717591,663903,3,84,86,21,21,2023-06-27,train,mlb_statcast,86,single,0.533,xwOBA,0.795,persisted_estimated_woba_value,3,3,1,2,2,False,15,15
717597,656849,1,19,27,4,5,2023-06-27,train,mlb_statcast,26,walk,0.509,xwOBA+BB/HBP,0.695903,persisted_estimated_woba_value,3,9,2,7,2,True,0,0
717597,656849,2,63,68,14,15,2023-06-27,train,mlb_statcast,64,single,0.566,xwOBA,0.795,persisted_estimated_woba_value,3,6,2,1,2,False,15,15
717599,527048,1,22,28,6,7,2023-06-27,train,mlb_statcast,23,single,0.461,xwOBA,0.261,persisted_estimated_woba_value,3,7,2,1,2,False,1,1
717599,527048,2,64,68,17,17,2023-06-27,train,mlb_statcast,68,walk,0.575,xwOBA+BB/HBP,0.695903,persisted_estimated_woba_value,3,5,1,4,2,False,15,15
717604,592332,1,80,90,17,18,2023-06-27,train,mlb_statcast,81,field_out,0.622,xwOBA,0.8694594594594595,persisted_estimated_woba_value,3,11,2,1,2,False,15,15
717608,656302,1,46,58,12,14,2023-06-26,train,mlb_statcast,50,home_run,0.762,xwOBA,2.0,persisted_estimated_woba_value,3,13,3,4,2,False,15,14
717609,675911,1,16,20,5,5,2023-06-26,train,mlb_statcast,20,field_out,0.616,xwOBA,0.593,persisted_estimated_woba_value,3,5,1,4,2,True,0,0
717609,675911,2,28,28,7,7,2023-06-26,train,mlb_statcast,28,home_run,0.626,xwOBA,1.2835000000000003,persisted_estimated_woba_value,3,1,1,0,2,False,7,7
717609,675911,3,31,32,9,9,2023-06-26,train,mlb_statcast,32,field_out,0.632,xwOBA,0.608,persisted_estimated_woba_value,3,2,1,1,2,False,10,10
717609,675911,4,39,40,11,11,2023-06-26,train,mlb_statcast,40,single,0.497,xwOBA,0.884,persisted_estimated_woba_value,3,2,1,1,2,False,15,15
717612,669194,1,11,22,3,5,2023-06-25,train,mlb_statcast,11,double,0.588,xwOBA,1.537017857142858,persisted_estimated_woba_value,3,12,3,0,2,True,0,0
717613,650644,1,32,41,10,13,2023-06-25,train,mlb_statcast,32,double,0.553,xwOBA,0.809,persisted_estimated_woba_value,3,10,4,0,2,False,11,10
717613,650644,2,47,51,15,15,2023-06-25,train,mlb_statcast,51,field_out,0.452,xwOBA,0.387,persisted_estimated_woba_value,3,5,1,4,2,False,15,13
717613,650644,3,58,59,17,17,2023-06-25,train,mlb_statcast,59,single,0.505,xwOBA,0.431,persisted_estimated_woba_value,3,2,1,1,2,False,15,15
717613,669203,1,23,27,5,6,2023-06-25,train,mlb_statcast,24,single,0.558,xwOBA,0.909,persisted_estimated_woba_value,3,5,2,1,2,False,2,2
717613,669203,2,74,74,20,20,2023-06-25,train,mlb_statcast,74,field_out,0.471,xwOBA,0.564,persisted_estimated_woba_value,3,1,1,0,2,False,15,15
717613,669203,3,90,99,25,27,2023-06-25,train,mlb_statcast,92,single,0.548,xwOBA,0.807,persisted_estimated_woba_value,3,10,3,2,2,False,15,15
717616,542881,1,8,9,3,4,2023-06-25,train,mlb_statcast,8,single,0.477,xwOBA,0.733,persisted_estimated_woba_value,3,2,2,0,2,True,0,0
717617,579328,1,68,76,16,17,2023-06-25,train,mlb_statcast,72,walk,0.615,xwOBA,0.695903,persisted_estimated_woba_value,3,9,2,4,2,False,15,15
717620,670912,1,3,16,2,4,2023-06-25,train,mlb_statcast,5,single,0.504,xwOBA,0.915,persisted_estimated_woba_value,2,14,3,2,1,True,0,0
717620,670912,2,28,49,9,13,2023-06-25,train,mlb_statcast,33,home_run,0.488,xwOBA,1.3596212121212112,persisted_estimated_woba_value,3,22,5,5,2,False,7,7
717620,670912,3,90,91,25,25,2023-06-25,train,mlb_statcast,91,field_out,0.458,xwOBA,0.309,persisted_estimated_woba_value,3,2,1,1,2,False,15,14
717622,543037,1,6,15,2,3,2023-06-25,train,mlb_statcast,11,single,0.678,xwOBA,0.464,persisted_estimated_woba_value,2,10,2,5,1,True,0,0
717622,543037,2,28,48,6,11,2023-06-25,train,mlb_statcast,28,home_run,0.613,xwOBA,1.8387045454545456,persisted_estimated_woba_value,3,21,6,0,2,False,7,6
717622,543037,3,103,108,23,23,2023-06-25,train,mlb_statcast,108,single,0.626,xwOBA,0.843,persisted_estimated_woba_value,3,6,1,5,2,False,15,12
717624,554430,1,14,15,4,4,2023-06-25,train,mlb_statcast,15,force_out,0.452,xwOBA,0.05,persisted_estimated_woba_value,3,2,1,1,2,True,0,0
717624,554430,2,47,48,13,13,2023-06-25,train,mlb_statcast,48,single,0.467,xwOBA,0.675,persisted_estimated_woba_value,3,2,1,1,2,False,15,15
717624,554430,3,75,76,19,19,2023-06-25,train,mlb_statcast,76,single,0.509,xwOBA,0.459,persisted_estimated_woba_value,3,2,1,1,2,False,15,14
717624,554430,4,83,89,21,23,2023-06-25,train,mlb_statcast,83,home_run,0.759,xwOBA,1.8184285714285708,persisted_estimated_woba_value,3,7,3,0,2,False,15,15
717624,554430,5,102,107,28,28,2023-06-25,train,mlb_statcast,107,single,0.63,xwOBA,1.0195999999999998,persisted_estimated_woba_value,3,6,1,5,2,False,15,15
717633,681857,1,13,20,5,5,2023-06-24,train,mlb_statcast,20,walk,0.528,xwOBA,0.695903,persisted_estimated_woba_value,3,8,1,7,2,True,0,0
717633,681857,2,78,88,20,21,2023-06-24,train,mlb_statcast,82,home_run,0.648,xwOBA,1.942652173913044,persisted_estimated_woba_value,3,11,2,4,2,False,15,0
717635,650911,1,5,12,2,4,2023-06-24,train,mlb_statcast,6,home_run,0.976,xwOBA,1.7598478260869563,persisted_estimated_woba_value,2,8,3,1,1,True,0,0
717635,650911,2,31,46,11,13,2023-06-24,train,mlb_statcast,33,field_out,0.474,xwOBA,0.723,persisted_estimated_woba_value,3,16,3,2,2,False,10,0
717636,622663,1,3,24,2,5,2023-06-24,train,mlb_statcast,8,field_out,0.485,xwOBA,0.7799230769230768,persisted_estimated_woba_value,2,22,4,5,1,True,0,0
717636,622663,2,30,39,7,9,2023-06-24,train,mlb_statcast,32,field_out,0.798,xwOBA,1.805446808510638,persisted_estimated_woba_value,3,10,3,2,2,False,9,9
717636,622663,3,61,63,15,15,2023-06-24,train,mlb_statcast,63,double,0.456,xwOBA,0.711,persisted_estimated_woba_value,3,3,1,2,2,False,15,15
717641,657277,1,29,36,7,9,2023-06-23,train,mlb_statcast,30,home_run,0.7,xwOBA,2.0,persisted_estimated_woba_value,3,8,3,1,2,False,8,8
717642,605397,1,3,5,2,2,2023-06-23,train,mlb_statcast,5,field_out,0.553,xwOBA,1.0844782608695651,persisted_estimated_woba_value,2,3,1,2,1,True,0,0
717642,605397,2,12,14,4,4,2023-06-23,train,mlb_statcast,14,field_out,0.451,xwOBA,0.268,persisted_estimated_woba_value,3,3,1,2,2,True,0,0
717642,605397,3,52,58,14,16,2023-06-23,train,mlb_statcast,52,double,0.542,xwOBA,0.893,persisted_estimated_woba_value,3,7,3,0,2,False,15,15
717644,607536,1,3,12,2,3,2023-06-23,train,mlb_statcast,7,double,0.754,xwOBA,1.283,persisted_estimated_woba_value,2,10,2,4,1,True,0,0
717644,607536,2,17,23,6,8,2023-06-23,train,mlb_statcast,18,double,0.559,xwOBA,1.001,persisted_estimated_woba_value,3,7,3,1,2,True,0,0
717644,607536,3,35,54,12,14,2023-06-23,train,mlb_statcast,41,walk,0.552,xwOBA,0.695903,persisted_estimated_woba_value,3,20,3,6,2,False,14,14
717644,607536,4,64,80,18,23,2023-06-23,train,mlb_statcast,65,single,0.453,xwOBA,0.893,persisted_estimated_woba_value,3,17,6,1,2,False,15,15
717644,663776,1,3,6,2,2,2023-06-23,train,mlb_statcast,6,field_out,0.582,xwOBA,0.006,persisted_estimated_woba_value,2,4,1,3,1,True,0,0
717644,663776,2,12,37,5,10,2023-06-23,train,mlb_statcast,16,field_out,0.57,xwOBA,0.723,persisted_estimated_woba_value,3,26,6,4,2,True,0,0
717644,663776,3,42,49,12,12,2023-06-23,train,mlb_statcast,49,walk,0.497,xwOBA,0.695903,persisted_estimated_woba_value,3,8,1,7,2,False,15,13
717644,663776,4,82,98,22,25,2023-06-23,train,mlb_statcast,85,single,0.493,xwOBA,0.59,persisted_estimated_woba_value,3,17,4,3,2,False,15,14
717651,502043,1,18,21,5,5,2023-06-23,train,mlb_statcast,21,single,0.639,xwOBA,0.908,persisted_estimated_woba_value,3,4,1,3,2,True,0,0
717651,502043,2,29,57,7,12,2023-06-23,train,mlb_statcast,32,single,0.45,xwOBA,0.441,persisted_estimated_woba_value,3,29,6,3,2,False,8,8
717651,502043,3,68,86,17,19,2023-06-23,train,mlb_statcast,72,home_run,0.799,xwOBA,1.684482758620689,persisted_estimated_woba_value,3,19,3,4,2,False,15,15
717654,666129,1,49,54,14,14,2023-06-22,train,mlb_statcast,54,field_out,0.464,xwOBA,0.152,persisted_estimated_woba_value,3,6,1,5,2,False,15,15
717654,666129,2,74,74,20,20,2023-06-22,train,mlb_statcast,74,field_out,0.483,xwOBA,0.501,persisted_estimated_woba_value,3,1,1,0,2,False,15,15
717655,641540,1,8,8,2,2,2023-06-23,train,mlb_statcast,8,grounded_into_double_play,0.454,xwOBA,0.213,persisted_estimated_woba_value,2,1,1,0,1,True,0,0
717655,641540,2,18,22,5,6,2023-06-23,train,mlb_statcast,21,double,0.515,xwOBA,0.748,persisted_estimated_woba_value,3,5,2,3,2,True,0,0
717655,641540,3,45,46,14,14,2023-06-23,train,mlb_statcast,46,field_out,0.453,xwOBA,0.454,persisted_estimated_woba_value,3,2,1,1,2,False,15,12
717655,641540,4,69,78,20,22,2023-06-23,train,mlb_statcast,71,field_out,0.456,xwOBA,0.837,persisted_estimated_woba_value,3,10,3,2,2,False,15,13
717655,641540,5,82,87,24,25,2023-06-23,train,mlb_statcast,84,single,0.53,xwOBA,0.802,persisted_estimated_woba_value,3,6,2,2,2,False,15,13
717657,605400,1,59,77,13,15,2023-06-22,train,mlb_statcast,62,field_out,0.514,xwOBA,0.833,persisted_estimated_woba_value,3,19,3,3,2,False,15,15
717660,671106,1,66,84,13,16,2023-06-22,train,mlb_statcast,66,field_out,0.616,xwOBA,0.793,persisted_estimated_woba_value,3,19,4,0,2,False,15,15
717667,527048,1,6,19,2,6,2023-06-21,train,mlb_statcast,6,field_out,0.54,xwOBA,0.591,persisted_estimated_woba_value,2,14,5,0,1,True,0,0
717667,527048,2,84,89,24,25,2023-06-21,train,mlb_statcast,86,double,0.466,xwOBA,0.248,persisted_estimated_woba_value,3,6,2,2,2,False,15,15
717668,663903,1,18,51,5,14,2023-06-21,train,mlb_statcast,22,walk,0.537,xwOBA,0.695903,persisted_estimated_woba_value,3,34,10,4,2,True,0,0
717670,664299,1,6,26,2,5,2023-06-21,train,mlb_statcast,7,hit_by_pitch,0.711,xwOBA+BB/HBP,0.726005,persisted_estimated_woba_value,2,21,4,1,1,True,0,0
717670,664299,2,42,47,10,10,2023-06-21,train,mlb_statcast,47,walk,0.514,xwOBA,0.695903,persisted_estimated_woba_value,3,6,1,5,2,False,15,13
717670,664299,3,63,82,14,16,2023-06-21,train,mlb_statcast,70,walk,0.491,xwOBA,0.695903,persisted_estimated_woba_value,3,20,3,7,2,False,15,14
717671,543294,1,79,82,22,23,2023-06-21,train,mlb_statcast,80,single,0.474,xwOBA,0.212,persisted_estimated_woba_value,3,4,2,1,2,False,15,14
717671,543294,2,84,88,25,25,2023-06-21,train,mlb_statcast,88,walk,0.497,xwOBA+BB/HBP,0.695903,persisted_estimated_woba_value,3,5,1,4,2,False,15,15
717675,656302,1,15,19,4,4,2023-06-20,train,mlb_statcast,19,double,0.577,xwOBA,0.886,persisted_estimated_woba_value,3,5,1,4,2,True,0,0
717675,656302,2,49,68,13,17,2023-06-20,train,mlb_statcast,51,home_run,0.629,xwOBA,1.8858333333333333,persisted_estimated_woba_value,3,20,5,2,2,False,15,15
717675,656302,3,72,86,19,22,2023-06-20,train,mlb_statcast,74,single,0.541,xwOBA,0.926,persisted_estimated_woba_value,3,15,4,2,2,False,15,15
717676,592332,1,32,37,7,8,2023-06-21,train,mlb_statcast,33,field_out,0.585,xwOBA,1.076153846153846,persisted_estimated_woba_value,3,6,2,1,2,False,11,11
717676,592332,2,48,61,13,16,2023-06-21,train,mlb_statcast,49,double,0.598,xwOBA,1.206089285714286,persisted_estimated_woba_value,3,14,4,1,2,False,15,15
717676,592332,3,97,100,27,27,2023-06-21,train,mlb_statcast,100,single,0.527,xwOBA,0.455,persisted_estimated_woba_value,3,4,1,3,2,False,15,15
717679,650644,1,34,38,10,10,2023-06-20,train,mlb_statcast,38,single,0.489,xwOBA,0.821,persisted_estimated_woba_value,3,5,1,4,2,False,13,12
717679,650644,2,69,69,18,18,2023-06-20,train,mlb_statcast,69,single,0.528,xwOBA,0.888,persisted_estimated_woba_value,3,1,1,0,2,False,15,14
717679,650644,3,75,75,20,20,2023-06-20,train,mlb_statcast,75,double_play,0.516,xwOBA,0.661,persisted_estimated_woba_value,3,1,1,0,2,False,15,15
717679,650644,4,91,100,26,28,2023-06-20,train,mlb_statcast,92,home_run,0.547,xwOBA,1.001,persisted_estimated_woba_value,3,10,3,1,2,False,15,12
717680,669194,1,15,25,6,8,2023-06-20,train,mlb_statcast,16,double,0.5,xwOBA,0.64,persisted_estimated_woba_value,3,11,3,1,2,True,0,0
717680,669194,2,44,65,14,16,2023-06-20,train,mlb_statcast,50,home_run,0.952,xwOBA,1.8095454545454543,persisted_estimated_woba_value,3,22,3,6,2,False,15,14
717684,543037,1,18,22,6,7,2023-06-20,train,mlb_statcast,20,single,0.529,xwOBA,0.831,persisted_estimated_woba_value,3,5,2,2,2,True,0,0
717684,543037,2,74,80,22,23,2023-06-20,train,mlb_statcast,76,field_out,0.454,xwOBA,0.017,persisted_estimated_woba_value,3,7,2,2,2,False,15,14
717685,594902,1,2,15,2,4,2023-06-20,train,mlb_statcast,6,home_run,0.838,xwOBA,1.6536666666666664,persisted_estimated_woba_value,2,14,3,4,1,True,0,0
717685,594902,2,46,58,12,14,2023-06-20,train,mlb_statcast,51,walk,0.54,xwOBA+BB/HBP,0.695903,persisted_estimated_woba_value,3,13,3,5,2,False,15,14
717685,594902,3,63,80,16,19,2023-06-20,train,mlb_statcast,65,home_run,0.876,xwOBA,1.8387045454545456,persisted_estimated_woba_value,3,18,4,2,2,False,15,14
717686,573186,1,32,41,9,12,2023-06-20,train,mlb_statcast,32,field_out,0.592,xwOBA,0.557,persisted_estimated_woba_value,3,10,4,0,2,False,11,11
717686,573186,2,84,90,26,26,2023-06-20,train,mlb_statcast,90,walk,0.534,xwOBA,0.695903,persisted_estimated_woba_value,3,7,1,6,2,False,15,15
717686,670912,1,32,40,9,11,2023-06-20,train,mlb_statcast,32,home_run,0.454,xwOBA,1.1251206896551722,persisted_estimated_woba_value,3,9,3,0,2,False,11,8
717686,670912,2,55,65,15,16,2023-06-20,train,mlb_statcast,57,sac_fly,0.559,xwOBA,0.773,persisted_estimated_woba_value,3,11,2,2,2,False,15,14
717689,675911,1,2,3,2,2,2023-06-20,train,mlb_statcast,3,field_out,0.629,xwOBA,0.5267000000000001,persisted_estimated_woba_value,2,2,1,1,1,True,0,0
717689,675911,2,11,15,4,4,2023-06-20,train,mlb_statcast,15,single,0.482,xwOBA,0.918,persisted_estimated_woba_value,3,5,1,4,2,True,0,0
717689,675911,3,61,63,15,15,2023-06-20,train,mlb_statcast,63,double_play,0.511,xwOBA,0.5,persisted_estimated_woba_value,3,3,1,2,2,False,15,15
717689,675911,4,79,91,19,22,2023-06-20,train,mlb_statcast,81,single,0.57,xwOBA,0.809,persisted_estimated_woba_value,3,13,4,2,2,False,15,15
717690,579328,1,33,36,7,7,2023-06-20,train,mlb_statcast,36,field_out,0.491,xwOBA,0.7336,persisted_estimated_woba_value,3,4,1,3,2,False,12,12
717692,681857,1,6,8,2,2,2023-06-19,train,mlb_statcast,8,field_out,0.452,xwOBA,0.904,persisted_estimated_woba_value,2,3,1,2,1,True,0,0
717692,681857,2,41,53,11,13,2023-06-19,train,mlb_statcast,43,home_run,0.91,xwOBA,2.0,persisted_estimated_woba_value,3,13,3,2,2,False,15,0
717692,681857,3,58,67,15,17,2023-06-19,train,mlb_statcast,58,home_run,0.768,xwOBA,1.6079264705882348,persisted_estimated_woba_value,3,10,3,0,2,False,15,0
717696,669203,1,2,22,2,6,2023-06-19,train,mlb_statcast,2,single,0.589,xwOBA,0.946,persisted_estimated_woba_value,2,21,5,0,1,True,0,0
717696,669203,2,26,35,8,10,2023-06-19,train,mlb_statcast,28,home_run,0.61,xwOBA,1.669282051282051,persisted_estimated_woba_value,3,10,3,2,2,False,5,5
717696,669203,3,55,65,17,20,2023-06-19,train,mlb_statcast,56,single,0.712,xwOBA,0.844,persisted_estimated_woba_value,3,11,4,1,2,False,15,15
717699,656427,1,12,13,3,3,2023-06-19,train,mlb_statcast,13,single,0.531,xwOBA,0.88,persisted_estimated_woba_value,3,2,1,1,2,True,0,0
717699,656427,2,23,37,7,9,2023-06-19,train,mlb_statcast,28,single,0.476,xwOBA,0.483,persisted_estimated_woba_value,3,15,3,5,2,False,2,2
717699,656427,3,44,50,12,13,2023-06-19,train,mlb_statcast,46,field_out,0.486,xwOBA,0.762,persisted_estimated_woba_value,3,7,2,2,2,False,15,14
717699,656427,4,64,64,18,18,2023-06-19,train,mlb_statcast,64,double_play,0.628,xwOBA,0.918,persisted_estimated_woba_value,3,1,1,0,2,False,15,14
717699,656427,5,94,99,28,28,2023-06-19,train,mlb_statcast,99,hit_by_pitch,0.474,xwOBA+BB/HBP,0.726005,persisted_estimated_woba_value,3,6,1,5,2,False,15,15
717702,657277,1,15,20,5,5,2023-06-18,train,mlb_statcast,20,walk,0.501,xwOBA,0.695903,persisted_estimated_woba_value,3,6,1,5,2,True,0,0
717702,657277,2,53,56,15,15,2023-06-18,train,mlb_statcast,56,single,0.55,xwOBA,0.551,persisted_estimated_woba_value,3,4,1,3,2,False,15,15
717702,657277,3,67,72,21,23,2023-06-18,train,mlb_statcast,69,hit_by_pitch,0.621,xwOBA,0.726005,persisted_estimated_woba_value,3,6,3,2,2,False,15,15
717702,657277,4,99,103,31,31,2023-06-18,train,mlb_statcast,103,field_out,0.507,xwOBA,0.7478400000000002,persisted_estimated_woba_value,3,5,1,4,2,False,15,15
717703,605397,1,22,31,6,7,2023-06-18,train,mlb_statcast,25,single,0.477,xwOBA,0.826,persisted_estimated_woba_value,3,10,2,3,2,False,1,1
717703,605397,2,76,85,23,25,2023-06-18,train,mlb_statcast,77,hit_by_pitch,0.543,xwOBA+BB/HBP,0.726005,persisted_estimated_woba_value,3,10,3,1,2,False,15,15
717705,554430,1,6,11,2,2,2023-06-18,train,mlb_statcast,11,field_out,0.486,xwOBA,0.395,persisted_estimated_woba_value,2,6,1,5,1,True,0,0
717705,554430,2,79,90,20,21,2023-06-18,train,mlb_statcast,84,field_out,0.457,xwOBA,0.046,persisted_estimated_woba_value,3,12,2,5,2,False,15,15
717705,554430,3,105,107,25,25,2023-06-18,train,mlb_statcast,107,grounded_into_double_play,0.476,xwOBA,0.497,persisted_estimated_woba_value,3,3,1,2,2,False,15,15
717712,542881,1,21,29,6,8,2023-06-18,train,mlb_statcast,21,single,0.451,xwOBA,0.963,persisted_estimated_woba_value,3,9,3,0,2,False,0,0
717712,542881,2,55,67,14,16,2023-06-18,train,mlb_statcast,58,single,0.463,xwOBA,0.626,persisted_estimated_woba_value,3,13,3,3,2,False,15,15
717715,622663,1,32,32,12,12,2023-06-18,train,mlb_statcast,32,single,0.606,xwOBA,0.888,persisted_estimated_woba_value,3,1,1,0,2,False,11,11
717715,622663,2,35,49,14,16,2023-06-18,train,mlb_statcast,36,single,0.595,xwOBA,0.896,persisted_estimated_woba_value,3,15,3,1,2,False,14,14
717715,622663,3,79,81,24,25,2023-06-18,train,mlb_statcast,80,double,0.707,xwOBA,1.4265,persisted_estimated_woba_value,3,3,2,1,2,False,15,15
717723,641540,1,7,15,4,6,2023-06-17,train,mlb_statcast,7,single,0.593,xwOBA,0.598,persisted_estimated_woba_value,3,9,3,0,2,True,0,0
717723,641540,2,41,54,14,16,2023-06-17,train,mlb_statcast,46,home_run,0.698,xwOBA,1.8400571428571428,persisted_estimated_woba_value,3,14,3,5,2,False,15,15
717727,668881,1,18,19,7,7,2023-06-17,train,mlb_statcast,19,single,0.456,xwOBA,0.911,persisted_estimated_woba_value,3,2,1,1,2,True,0,0
717727,668881,2,49,51,15,15,2023-06-17,train,mlb_statcast,51,field_out,0.496,xwOBA,0.254,persisted_estimated_woba_value,3,3,1,2,2,False,15,15
717727,668881,3,66,79,19,21,2023-06-17,train,mlb_statcast,71,walk,0.479,xwOBA+BB/HBP,0.695903,persisted_estimated_woba_value,3,14,3,5,2,False,15,15
717727,668881,4,91,101,24,26,2023-06-17,train,mlb_statcast,91,home_run,0.542,xwOBA,1.5994067796610176,persisted_estimated_woba_value,3,11,3,0,2,False,15,15
717729,502043,1,47,50,12,12,2023-06-17,train,mlb_statcast,50,field_out,0.622,xwOBA,0.8759310344827588,persisted_estimated_woba_value,3,4,1,3,2,False,15,15
717729,502043,2,55,58,14,14,2023-06-17,train,mlb_statcast,58,single,0.549,xwOBA,0.711,persisted_estimated_woba_value,3,4,1,3,2,False,15,15
717729,502043,3,85,93,23,24,2023-06-17,train,mlb_statcast,89,walk,0.459,xwOBA,0.695903,persisted_estimated_woba_value,3,9,2,4,2,False,15,15
717734,666129,1,19,29,5,7,2023-06-17,train,mlb_statcast,21,field_out,0.554,xwOBA,1.326280487804878,persisted_estimated_woba_value,3,11,3,2,2,True,0,0
717734,666129,2,55,58,14,14,2023-06-17,train,mlb_statcast,58,walk,0.572,xwOBA,0.695903,persisted_estimated_woba_value,3,4,1,3,2,False,15,15
717736,663776,1,4,8,2,3,2023-06-16,train,mlb_statcast,6,single,0.732,xwOBA,0.576,persisted_estimated_woba_value,2,5,2,2,1,True,0,0
717736,663776,2,40,48,12,13,2023-06-16,train,mlb_statcast,45,single,0.522,xwOBA,0.871,persisted_estimated_woba_value,3,9,2,5,2,False,15,13
717736,663776,3,66,67,19,20,2023-06-16,train,mlb_statcast,66,hit_by_pitch,0.518,xwOBA+BB/HBP,0.726005,persisted_estimated_woba_value,3,2,2,0,2,False,15,14
717736,663903,1,7,24,3,5,2023-06-16,train,mlb_statcast,12,walk,0.517,xwOBA,0.695903,persisted_estimated_woba_value,3,18,3,5,2,True,0,0
717736,663903,2,41,50,11,12,2023-06-16,train,mlb_statcast,44,walk,0.524,xwOBA,0.695903,persisted_estimated_woba_value,3,10,2,3,2,False,15,15
717736,663903,3,77,79,21,21,2023-06-16,train,mlb_statcast,79,single,0.504,xwOBA,0.842,persisted_estimated_woba_value,3,3,1,2,2,False,15,14
717741,527048,1,61,64,16,17,2023-06-16,train,mlb_statcast,63,home_run,0.465,xwOBA,0.5005000000000001,persisted_estimated_woba_value,3,4,2,2,2,False,15,15
717741,592332,1,4,10,3,3,2023-06-16,train,mlb_statcast,10,walk,0.459,xwOBA,0.695903,persisted_estimated_woba_value,3,7,1,6,2,True,0,0
717741,592332,2,17,17,5,5,2023-06-16,train,mlb_statcast,17,field_out,0.528,xwOBA,0.887,persisted_estimated_woba_value,3,1,1,0,2,True,0,0
717741,592332,3,33,41,9,11,2023-06-16,train,mlb_statcast,33,home_run,0.819,xwOBA,2.0,persisted_estimated_woba_value,3,9,3,0,2,False,12,12
717741,592332,4,75,87,20,22,2023-06-16,train,mlb_statcast,77,double,0.455,xwOBA,0.915,persisted_estimated_woba_value,3,13,3,2,2,False,15,15
717744,543294,1,61,73,13,15,2023-06-16,train,mlb_statcast,62,double,0.6,xwOBA,0.957,persisted_estimated_woba_value,3,13,3,1,2,False,15,0
717744,543294,2,77,81,17,19,2023-06-16,train,mlb_statcast,78,single,0.482,xwOBA,0.891,persisted_estimated_woba_value,3,5,3,1,2,False,15,0
717747,573186,1,47,51,12,12,2023-06-15,train,mlb_statcast,51,walk,0.567,xwOBA,0.695903,persisted_estimated_woba_value,3,5,1,4,2,False,15,15
717747,670912,1,59,64,13,13,2023-06-15,train,mlb_statcast,64,single,0.51,xwOBA,0.833,persisted_estimated_woba_value,3,6,1,5,2,False,15,15
717747,670912,2,68,82,15,18,2023-06-15,train,mlb_statcast,71,field_out,0.556,xwOBA,0.773,persisted_estimated_woba_value,3,15,4,3,2,False,15,15
717747,670912,3,90,100,21,23,2023-06-15,train,mlb_statcast,91,field_out,0.509,xwOBA,0.624,persisted_estimated_woba_value,3,11,3,1,2,False,15,15
717748,656302,1,26,35,6,7,2023-06-15,train,mlb_statcast,30,walk,0.468,xwOBA,0.695903,persisted_estimated_woba_value,3,10,2,4,2,False,5,5
717748,656302,2,54,58,12,12,2023-06-15,train,mlb_statcast,58,walk,0.507,xwOBA,0.695903,persisted_estimated_woba_value,3,5,1,4,2,False,15,15
717748,656302,3,94,96,21,21,2023-06-15,train,mlb_statcast,96,single,0.581,xwOBA,0.706,persisted_estimated_woba_value,3,3,1,2,2,False,15,14
717748,656302,4,101,102,23,23,2023-06-15,train,mlb_statcast,102,single,0.521,xwOBA,0.857,persisted_estimated_woba_value,3,2,1,1,2,False,15,14
717753,579328,1,45,46,11,11,2023-06-15,train,mlb_statcast,46,single,0.555,xwOBA,0.951,persisted_estimated_woba_value,3,2,1,1,2,False,15,15
717753,579328,2,80,92,20,22,2023-06-15,train,mlb_statcast,82,home_run,0.533,xwOBA,1.5994067796610176,persisted_estimated_woba_value,3,13,3,2,2,False,15,15
717754,607536,1,6,10,2,2,2023-06-15,train,mlb_statcast,10,single,0.477,xwOBA,0.618,persisted_estimated_woba_value,2,5,1,4,1,True,0,0
717754,607536,2,12,15,4,4,2023-06-15,train,mlb_statcast,15,single,0.545,xwOBA,0.74,persisted_estimated_woba_value,3,4,1,3,2,True,0,0
717754,607536,3,25,38,8,10,2023-06-15,train,mlb_statcast,29,walk,0.52,xwOBA,0.695903,persisted_estimated_woba_value,3,14,3,4,2,False,4,4
717754,607536,4,73,78,18,20,2023-06-15,train,mlb_statcast,73,single,0.538,xwOBA,0.417,persisted_estimated_woba_value,3,6,3,0,2,False,15,15
717754,607536,5,81,87,22,23,2023-06-15,train,mlb_statcast,81,double,0.81,xwOBA,1.6922058823529416,persisted_estimated_woba_value,3,7,2,0,2,False,15,15
717755,605400,1,31,31,9,9,2023-06-15,train,mlb_statcast,31,single,0.617,xwOBA,0.806,persisted_estimated_woba_value,3,1,1,0,2,False,10,10
717755,605400,2,36,48,11,13,2023-06-15,train,mlb_statcast,40,home_run,0.737,xwOBA,1.3167931034482756,persisted_estimated_woba_value,3,13,3,4,2,False,15,15
717755,669194,1,18,24,5,8,2023-06-15,train,mlb_statcast,18,home_run,0.604,xwOBA,1.3596212121212112,persisted_estimated_woba_value,3,7,4,0,2,True,0,0
717755,669194,2,32,36,10,10,2023-06-15,train,mlb_statcast,36,walk,0.485,xwOBA,0.695903,persisted_estimated_woba_value,3,5,1,4,2,False,11,11
717755,669194,3,40,44,12,12,2023-06-15,train,mlb_statcast,44,field_out,0.454,xwOBA,0.218,persisted_estimated_woba_value,3,5,1,4,2,False,15,15
717755,669194,4,52,57,15,16,2023-06-15,train,mlb_statcast,52,double,0.568,xwOBA,0.8098888888888887,persisted_estimated_woba_value,3,6,2,0,2,False,15,15
717755,669194,5,68,74,19,22,2023-06-15,train,mlb_statcast,68,double,0.533,xwOBA,0.904,persisted_estimated_woba_value,3,7,4,0,2,False,15,15
717755,669194,6,81,82,24,24,2023-06-15,train,mlb_statcast,82,field_out,0.567,xwOBA,1.1251206896551722,persisted_estimated_woba_value,3,2,1,1,2,False,15,15
717758,650644,1,46,57,12,14,2023-06-14,train,mlb_statcast,49,home_run,0.455,xwOBA,0.9592432432432432,persisted_estimated_woba_value,3,12,3,3,2,False,15,0
717764,594902,1,11,19,4,6,2023-06-14,train,mlb_statcast,12,single,0.558,xwOBA,0.872,persisted_estimated_woba_value,3,9,3,1,2,True,0,0
717766,543037,1,61,67,14,16,2023-06-14,train,mlb_statcast,62,field_out,0.568,xwOBA,0.514,persisted_estimated_woba_value,3,7,3,1,2,False,15,14
717766,543037,2,73,86,18,20,2023-06-14,train,mlb_statcast,73,single,0.712,xwOBA+barrels,0.911,persisted_estimated_woba_value,3,14,3,0,2,False,15,15
717770,675911,1,6,17,2,4,2023-06-14,train,mlb_statcast,8,home_run,1.244,xwOBA,2.0,persisted_estimated_woba_value,2,12,3,2,1,True,0,0
717770,675911,2,21,31,7,10,2023-06-14,train,mlb_statcast,21,home_run,0.89,xwOBA,1.7289354838709676,persisted_estimated_woba_value,3,11,4,0,2,False,0,0
717770,675911,3,46,54,15,16,2023-06-14,train,mlb_statcast,48,single,0.495,xwOBA,0.869,persisted_estimated_woba_value,3,9,2,2,2,False,15,15
717770,681857,1,37,52,10,12,2023-06-14,train,mlb_statcast,41,home_run,0.832,xwOBA,1.8781562500000009,persisted_estimated_woba_value,3,16,3,4,2,False,15,0
717770,681857,2,64,89,15,18,2023-06-14,train,mlb_statcast,68,walk,0.464,xwOBA+BB/HBP,0.695903,persisted_estimated_woba_value,3,26,4,4,2,False,15,0
717772,605397,1,3,8,2,2,2023-06-13,train,mlb_statcast,8,walk,0.542,xwOBA,0.695903,persisted_estimated_woba_value,2,6,1,5,1,True,0,0
717772,605397,2,85,85,23,23,2023-06-13,train,mlb_statcast,85,force_out,0.46,xwOBA,0.259,persisted_estimated_woba_value,3,1,1,0,2,False,15,15
717773,665795,1,29,37,7,9,2023-06-13,train,mlb_statcast,30,home_run,0.694,xwOBA,1.6619384615384611,persisted_estimated_woba_value,3,9,3,1,2,False,8,8
717773,665795,2,69,77,17,18,2023-06-13,train,mlb_statcast,72,home_run,0.454,xwOBA,1.076153846153846,persisted_estimated_woba_value,3,9,2,3,2,False,15,15
717775,554430,1,91,101,22,23,2023-06-13,train,mlb_statcast,97,double,0.55,xwOBA,0.955,persisted_estimated_woba_value,3,11,2,6,2,False,15,15
717779,622663,1,3,17,2,4,2023-06-13,train,mlb_statcast,8,walk,1.296,xwOBA,0.695903,persisted_estimated_woba_value,2,15,3,5,1,True,0,0
717779,622663,2,21,23,6,6,2023-06-13,train,mlb_statcast,23,single,0.543,xwOBA,0.481,persisted_estimated_woba_value,3,3,1,2,2,False,0,0
717779,622663,3,39,44,10,11,2023-06-13,train,mlb_statcast,39,hit_by_pitch,0.545,xwOBA,0.726005,persisted_estimated_woba_value,3,6,2,0,2,False,15,0
717779,622663,4,87,102,23,25,2023-06-13,train,mlb_statcast,88,field_out,0.47,xwOBA,0.9295555555555554,persisted_estimated_woba_value,3,16,3,1,2,False,15,0
717781,656427,1,18,20,5,5,2023-06-13,train,mlb_statcast,20,double,0.497,xwOBA,1.0844782608695651,persisted_estimated_woba_value,3,3,1,2,2,True,0,0
717781,656427,2,24,26,7,7,2023-06-13,train,mlb_statcast,26,field_out,0.496,xwOBA,0.404,persisted_estimated_woba_value,3,3,1,2,2,False,3,3
717781,656427,3,47,67,13,17,2023-06-13,train,mlb_statcast,51,single,0.632,xwOBA,0.759,persisted_estimated_woba_value,3,21,5,4,2,False,15,13
717783,669203,1,25,29,7,7,2023-06-13,train,mlb_statcast,29,double,0.472,xwOBA,0.727,persisted_estimated_woba_value,3,5,1,4,2,False,4,4
717783,669203,2,74,76,18,18,2023-06-13,train,mlb_statcast,76,field_out,0.644,xwOBA,0.59,persisted_estimated_woba_value,3,3,1,2,2,False,15,15
717791,657277,1,18,20,7,7,2023-06-12,train,mlb_statcast,20,single,0.47,xwOBA,0.52,persisted_estimated_woba_value,3,3,1,2,2,True,0,0
717791,657277,2,63,77,19,22,2023-06-12,train,mlb_statcast,64,single,0.505,xwOBA,0.592,persisted_estimated_woba_value,3,15,4,1,2,False,15,15
717791,657277,3,88,88,27,27,2023-06-12,train,mlb_statcast,88,field_out,0.5,xwOBA,0.5075714285714286,persisted_estimated_woba_value,3,1,1,0,2,False,15,15
717792,542881,1,10,14,5,6,2023-06-12,train,mlb_statcast,11,single,0.68,xwOBA,0.821,persisted_estimated_woba_value,3,5,2,1,2,True,0,0
717792,542881,2,23,36,8,11,2023-06-12,train,mlb_statcast,25,home_run,0.522,xwOBA,1.4787142857142852,persisted_estimated_woba_value,3,14,4,2,2,False,2,2
717792,542881,3,43,53,14,16,2023-06-12,train,mlb_statcast,49,single,0.492,xwOBA,0.918,persisted_estimated_woba_value,3,11,3,6,2,False,15,15
717792,641540,1,7,18,2,3,2023-06-12,train,mlb_statcast,10,field_out,0.463,xwOBA,0.23,persisted_estimated_woba_value,2,12,2,3,1,True,0,0
717792,641540,2,21,23,5,5,2023-06-12,train,mlb_statcast,23,single,0.597,xwOBA,0.893,persisted_estimated_woba_value,3,3,1,2,2,False,0,0
717792,641540,3,36,54,11,14,2023-06-12,train,mlb_statcast,41,walk,0.598,xwOBA,0.695903,persisted_estimated_woba_value,3,19,4,5,2,False,15,15
717792,641540,4,66,77,19,22,2023-06-12,train,mlb_statcast,67,single,0.562,xwOBA,0.61,persisted_estimated_woba_value,3,12,4,1,2,False,15,13
717795,666129,1,64,66,15,16,2023-06-11,train,mlb_statcast,65,single,0.647,xwOBA,0.895,persisted_estimated_woba_value,3,3,2,1,2,False,15,15
717797,668881,1,3,5,2,2,2023-06-11,train,mlb_statcast,5,field_out,0.469,xwOBA,0.083,persisted_estimated_woba_value,2,3,1,2,1,True,0,0
717797,668881,2,26,26,7,7,2023-06-11,train,mlb_statcast,26,single,0.635,xwOBA,0.661,persisted_estimated_woba_value,3,1,1,0,2,False,5,5
717797,668881,3,82,88,25,25,2023-06-11,train,mlb_statcast,88,walk,0.67,xwOBA+BB/HBP,0.695903,persisted_estimated_woba_value,3,7,1,6,2,False,15,15
717801,527048,1,5,20,2,5,2023-06-11,train,mlb_statcast,9,single,0.468,xwOBA,0.06,persisted_estimated_woba_value,2,16,4,4,1,True,0,0
717801,527048,2,55,75,17,21,2023-06-11,train,mlb_statcast,57,single,0.467,xwOBA,0.833,persisted_estimated_woba_value,3,21,5,2,2,False,15,15
717805,592332,1,7,32,2,7,2023-06-11,train,mlb_statcast,11,walk,0.602,xwOBA,0.695903,persisted_estimated_woba_value,2,26,6,4,1,True,0,0
717805,592332,2,51,54,12,12,2023-06-11,train,mlb_statcast,54,field_out,0.502,xwOBA,0.6105384615384615,persisted_estimated_woba_value,3,4,1,3,2,False,15,15
717805,592332,3,69,72,17,17,2023-06-11,train,mlb_statcast,72,hit_by_pitch,0.528,xwOBA,0.726005,persisted_estimated_woba_value,3,4,1,3,2,False,15,15
717805,592332,4,83,101,21,23,2023-06-11,train,mlb_statcast,90,field_out,0.58,xwOBA,0.641,persisted_estimated_woba_value,3,19,3,7,2,False,15,15
717808,502043,1,4,6,2,2,2023-06-11,train,mlb_statcast,6,double,0.566,xwOBA,0.748,persisted_estimated_woba_value,2,3,1,2,1,True,0,0
717808,502043,2,18,38,8,14,2023-06-11,train,mlb_statcast,19,field_out,0.532,xwOBA,0.469,persisted_estimated_woba_value,3,21,7,1,2,True,0,0
717809,663776,1,44,62,11,14,2023-06-10,train,mlb_statcast,50,home_run,0.774,xwOBA,1.537017857142858,persisted_estimated_woba_value,3,19,4,6,2,False,15,15
717809,663776,2,79,80,19,19,2023-06-10,train,mlb_statcast,80,single,0.496,xwOBA,0.318,persisted_estimated_woba_value,3,2,1,1,2,False,15,15
717811,605400,1,33,37,10,12,2023-06-10,train,mlb_statcast,34,single,0.595,xwOBA,0.932,persisted_estimated_woba_value,3,5,3,1,2,False,12,12
717811,605400,2,48,58,15,17,2023-06-10,train,mlb_statcast,49,home_run,0.615,xwOBA,1.84588,persisted_estimated_woba_value,3,11,3,1,2,False,15,15
717811,605400,3,70,73,21,22,2023-06-10,train,mlb_statcast,70,field_out,0.458,xwOBA,0.679,persisted_estimated_woba_value,3,4,2,0,2,False,15,15
717811,605400,4,96,102,28,28,2023-06-10,train,mlb_statcast,102,single,0.686,xwOBA,0.893,persisted_estimated_woba_value,3,7,1,6,2,False,15,15
717812,670912,1,21,30,7,9,2023-06-10,train,mlb_statcast,21,double,0.455,xwOBA,1.261875,persisted_estimated_woba_value,3,10,3,0,2,False,0,0
717812,670912,2,56,61,16,17,2023-06-10,train,mlb_statcast,56,field_out,0.484,xwOBA,0.7551923076923079,persisted_estimated_woba_value,3,6,2,0,2,False,15,14
717812,670912,3,71,73,21,21,2023-06-10,train,mlb_statcast,73,hit_by_pitch,0.509,xwOBA+BB/HBP,0.726005,persisted_estimated_woba_value,3,3,1,2,2,False,15,15
717818,663903,1,33,39,7,8,2023-06-10,train,mlb_statcast,37,walk,0.623,xwOBA+BB/HBP,0.695903,persisted_estimated_woba_value,3,7,2,4,2,False,12,12
717818,663903,2,46,46,10,10,2023-06-10,train,mlb_statcast,46,home_run,0.495,xwOBA,1.2835000000000003,persisted_estimated_woba_value,3,1,1,0,2,False,15,14
717818,663903,3,57,58,12,12,2023-06-10,train,mlb_statcast,58,field_out,0.611,xwOBA,0.5507894736842105,persisted_estimated_woba_value,3,2,1,1,2,False,15,15
717818,663903,4,66,67,15,15,2023-06-10,train,mlb_statcast,67,double,0.52,xwOBA,1.206089285714286,persisted_estimated_woba_value,3,2,1,1,2,False,15,15
717819,607536,1,14,24,4,6,2023-06-10,train,mlb_statcast,16,single,0.559,xwOBA,0.773,persisted_estimated_woba_value,3,11,3,2,2,True,0,0
717819,607536,2,61,68,17,18,2023-06-10,train,mlb_statcast,65,field_out,0.486,xwOBA,0.569,persisted_estimated_woba_value,3,8,2,4,2,False,15,15
717819,607536,3,76,76,20,20,2023-06-10,train,mlb_statcast,76,double,0.53,xwOBA,0.957,persisted_estimated_woba_value,3,1,1,0,2,False,15,15
717821,669194,1,27,37,7,8,2023-06-10,train,mlb_statcast,30,double,0.645,xwOBA,0.603,persisted_estimated_woba_value,3,11,2,3,2,False,6,6
717821,669194,2,76,90,21,23,2023-06-10,train,mlb_statcast,78,double,0.646,xwOBA,0.6852142857142859,persisted_estimated_woba_value,3,15,3,2,2,False,15,15
717826,543294,1,13,24,4,7,2023-06-10,train,mlb_statcast,15,field_out,0.489,xwOBA,0.288,persisted_estimated_woba_value,3,12,4,2,2,True,0,0
717826,543294,2,40,40,11,11,2023-06-10,train,mlb_statcast,40,field_out,0.451,xwOBA,0.203,persisted_estimated_woba_value,3,1,1,0,2,False,15,0
717826,543294,3,86,94,25,26,2023-06-10,train,mlb_statcast,93,double,0.526,xwOBA,0.976860465116279,persisted_estimated_woba_value,3,9,2,7,2,False,15,0
717828,656302,1,3,7,2,2,2023-06-09,train,mlb_statcast,7,strikeout,0.463,xwOBA,0.0,persisted_estimated_woba_value,2,5,1,4,1,True,0,0
717828,656302,2,89,95,21,23,2023-06-09,train,mlb_statcast,91,double,0.775,xwOBA,1.6079264705882348,persisted_estimated_woba_value,3,7,3,2,2,False,15,15
717832,594902,1,4,7,2,2,2023-06-09,train,mlb_statcast,7,strikeout,0.464,xwOBA,0.0,persisted_estimated_woba_value,2,4,1,3,1,True,0,0
717832,594902,2,12,18,4,6,2023-06-09,train,mlb_statcast,15,home_run,0.615,xwOBA,1.84588,persisted_estimated_woba_value,3,7,3,3,2,True,0,0
717832,594902,3,21,25,8,10,2023-06-09,train,mlb_statcast,22,home_run,0.878,xwOBA,2.0,persisted_estimated_woba_value,3,5,3,1,2,False,0,0
717832,594902,4,58,60,19,20,2023-06-09,train,mlb_statcast,58,single,0.551,xwOBA,0.72,persisted_estimated_woba_value,3,3,2,0,2,False,15,0
717832,594902,5,89,92,30,32,2023-06-09,train,mlb_statcast,89,home_run,0.741,xwOBA,1.96584,persisted_estimated_woba_value,3,4,3,0,2,False,15,0
717833,664299,1,22,30,8,9,2023-06-09,train,mlb_statcast,26,walk,0.588,xwOBA,0.695903,persisted_estimated_woba_value,3,9,2,4,2,False,1,1
717833,664299,2,42,49,12,13,2023-06-09,train,mlb_statcast,46,single,0.544,xwOBA,0.899,persisted_estimated_woba_value,3,8,2,4,2,False,15,15
717833,664299,3,77,77,20,20,2023-06-09,train,mlb_statcast,77,double,0.491,xwOBA,0.648,persisted_estimated_woba_value,3,1,1,0,2,False,15,15
717833,664299,4,80,89,22,24,2023-06-09,train,mlb_statcast,81,single,0.467,xwOBA,0.748,persisted_estimated_woba_value,3,10,3,1,2,False,15,15
717833,671106,1,9,12,5,5,2023-06-09,train,mlb_statcast,12,home_run,0.577,xwOBA,0.8098888888888887,persisted_estimated_woba_value,3,4,1,3,2,True,0,0
717833,671106,2,18,26,7,9,2023-06-09,train,mlb_statcast,18,double,0.576,xwOBA,0.919,persisted_estimated_woba_value,3,9,3,0,2,True,0,0
717833,671106,3,66,68,21,22,2023-06-09,train,mlb_statcast,66,double,0.5,xwOBA,0.506,persisted_estimated_woba_value,3,3,2,0,2,False,15,15
717835,579328,1,37,47,9,10,2023-06-09,train,mlb_statcast,41,field_out,0.579,xwOBA,0.5,persisted_estimated_woba_value,3,11,2,4,2,False,15,15
717835,579328,2,73,82,18,20,2023-06-09,train,mlb_statcast,76,home_run,0.652,xwOBA,1.8184285714285708,persisted_estimated_woba_value,3,10,3,3,2,False,15,15
717840,675911,1,17,24,5,6,2023-06-08,train,mlb_statcast,19,single,0.458,xwOBA,0.47,persisted_estimated_woba_value,3,8,2,2,2,True,0,0
717840,675911,2,34,34,10,10,2023-06-08,train,mlb_statcast,34,home_run,0.621,xwOBA,1.2713650793650797,persisted_estimated_woba_value,3,1,1,0,2,False,13,13
717840,675911,3,40,57,12,15,2023-06-08,train,mlb_statcast,41,single,0.729,xwOBA,0.917,persisted_estimated_woba_value,3,18,4,1,2,False,15,15
717840,675911,4,79,84,20,21,2023-06-08,train,mlb_statcast,81,home_run,0.477,xwOBA,0.6824444444444445,persisted_estimated_woba_value,3,6,2,2,2,False,15,15
717841,543037,1,10,20,4,6,2023-06-09,train,mlb_statcast,12,field_out,0.628,xwOBA,0.913,persisted_estimated_woba_value,3,11,3,2,2,True,0,0
717841,543037,2,26,32,8,8,2023-06-09,train,mlb_statcast,32,single,0.559,xwOBA,0.793,persisted_estimated_woba_value,3,7,1,6,2,False,5,5
717841,543037,3,66,66,17,17,2023-06-09,train,mlb_statcast,66,hit_by_pitch,0.506,xwOBA,0.726005,persisted_estimated_woba_value,3,1,1,0,2,False,15,14
717841,543037,4,68,75,19,19,2023-06-09,train,mlb_statcast,75,single,0.575,xwOBA,0.911,persisted_estimated_woba_value,3,8,1,7,2,False,15,15
717841,543037,5,86,98,22,24,2023-06-09,train,mlb_statcast,86,home_run,0.58,xwOBA,1.6683043478260873,persisted_estimated_woba_value,3,13,3,0,2,False,15,13
717842,650644,1,24,33,6,6,2023-06-08,train,mlb_statcast,33,walk,0.464,xwOBA+BB/HBP,0.695903,persisted_estimated_woba_value,3,10,1,9,2,False,3,0
717842,650644,2,73,80,19,20,2023-06-08,train,mlb_statcast,76,single,0.485,xwOBA,0.696,persisted_estimated_woba_value,3,8,2,3,2,False,15,0
717848,622663,1,10,33,3,8,2023-06-08,train,mlb_statcast,10,single,0.584,xwOBA,0.859,persisted_estimated_woba_value,3,24,6,0,2,True,0,0
717848,622663,2,43,50,12,14,2023-06-08,train,mlb_statcast,46,home_run,0.916,xwOBA,1.896153846153846,persisted_estimated_woba_value,3,8,3,3,2,False,15,0
717848,622663,3,55,55,16,16,2023-06-08,train,mlb_statcast,55,double,0.563,xwOBA,0.927,persisted_estimated_woba_value,3,1,1,0,2,False,15,0
717852,657277,1,33,43,9,12,2023-06-07,train,mlb_statcast,34,single,0.597,xwOBA,0.832,persisted_estimated_woba_value,3,11,4,1,2,False,12,12
717852,657277,2,45,47,14,14,2023-06-07,train,mlb_statcast,47,field_out,0.458,xwOBA,0.086,persisted_estimated_woba_value,3,3,1,2,2,False,15,14
717852,657277,3,81,99,22,25,2023-06-07,train,mlb_statcast,83,double,0.621,xwOBA,0.925,persisted_estimated_woba_value,3,19,4,2,2,False,15,14
717854,656427,1,9,26,3,5,2023-06-07,train,mlb_statcast,14,walk,0.464,xwOBA+BB/HBP,0.695903,persisted_estimated_woba_value,3,18,3,5,2,True,0,0
717860,665795,1,46,56,14,16,2023-06-07,train,mlb_statcast,50,field_out,0.605,xwOBA,1.1182968749999995,persisted_estimated_woba_value,3,11,3,4,2,False,15,15
717861,542881,1,10,22,5,7,2023-06-06,train,mlb_statcast,15,double,0.461,xwOBA,1.001,persisted_estimated_woba_value,3,13,3,5,2,True,0,0
717861,542881,2,29,38,9,10,2023-06-06,train,mlb_statcast,35,double,0.702,xwOBA,0.932,persisted_estimated_woba_value,3,10,2,6,2,False,8,8
717861,542881,3,57,64,14,16,2023-06-06,train,mlb_statcast,59,field_out,0.561,xwOBA,0.8049583333333334,persisted_estimated_woba_value,3,8,3,2,2,False,15,15
717867,502043,1,4,54,2,11,2023-06-06,train,mlb_statcast,5,field_out,0.784,xwOBA,0.758,persisted_estimated_woba_value,2,51,10,1,1,True,0,0
717868,641540,1,2,7,2,2,2023-06-06,train,mlb_statcast,7,force_out,0.616,xwOBA,0.284,persisted_estimated_woba_value,2,6,1,5,1,True,0,0
717868,641540,2,13,25,5,8,2023-06-06,train,mlb_statcast,13,hit_by_pitch,0.59,xwOBA,0.726005,persisted_estimated_woba_value,3,13,4,0,2,True,0,0
717868,641540,3,64,69,20,20,2023-06-06,train,mlb_statcast,69,walk,0.544,xwOBA,0.695903,persisted_estimated_woba_value,3,6,1,5,2,False,15,0
717868,641540,4,78,98,23,27,2023-06-06,train,mlb_statcast,80,home_run,0.631,xwOBA,1.8468461538461536,persisted_estimated_woba_value,3,21,5,2,2,False,15,0
717871,592332,1,50,50,12,12,2023-06-06,train,mlb_statcast,50,field_out,0.47,xwOBA,0.61,persisted_estimated_woba_value,3,1,1,0,2,False,15,15
717871,592332,2,61,65,16,16,2023-06-06,train,mlb_statcast,65,single,0.462,xwOBA,0.519,persisted_estimated_woba_value,3,5,1,4,2,False,15,15
717879,527048,1,20,31,6,8,2023-06-05,train,mlb_statcast,22,single,0.492,xwOBA,0.936,persisted_estimated_woba_value,3,12,3,2,2,True,0,0
717880,543294,1,15,19,6,6,2023-06-05,train,mlb_statcast,19,home_run,0.542,xwOBA,0.6805,persisted_estimated_woba_value,3,5,1,4,2,True,0,0
717880,543294,2,24,28,8,8,2023-06-05,train,mlb_statcast,28,field_error,0.552,xwOBA,0.455,persisted_estimated_woba_value,3,5,1,4,2,False,3,0
717884,670912,1,25,45,7,13,2023-06-05,train,mlb_statcast,29,single,0.468,xwOBA,0.86,persisted_estimated_woba_value,3,21,7,4,2,False,4,4
717884,670912,2,92,95,28,28,2023-06-05,train,mlb_statcast,95,field_out,0.627,xwOBA,0.764,persisted_estimated_woba_value,3,4,1,3,2,False,15,14
717886,605400,1,69,75,15,16,2023-06-05,train,mlb_statcast,74,walk,0.502,xwOBA,0.695903,persisted_estimated_woba_value,3,7,2,5,2,False,15,15
717886,605400,2,104,110,24,25,2023-06-05,train,mlb_statcast,107,home_run,0.579,xwOBA,1.5254000000000008,persisted_estimated_woba_value,3,7,2,3,2,False,15,15
717887,666129,1,32,43,10,12,2023-06-05,train,mlb_statcast,35,home_run,0.523,xwOBA,1.1182968749999995,persisted_estimated_woba_value,3,12,3,3,2,False,11,11
717887,666129,2,70,75,20,21,2023-06-05,train,mlb_statcast,71,field_out,0.594,xwOBA,1.3689729729729732,persisted_estimated_woba_value,3,6,2,1,2,False,15,15
717889,573186,1,32,33,9,9,2023-06-04,train,mlb_statcast,33,field_out,0.467,xwOBA,0.112,persisted_estimated_woba_value,3,2,1,1,2,False,11,11
717889,573186,2,42,49,14,15,2023-06-04,train,mlb_statcast,46,walk,0.47,xwOBA,0.695903,persisted_estimated_woba_value,3,8,2,4,2,False,15,15
717889,573186,3,56,61,18,19,2023-06-04,train,mlb_statcast,57,single,0.726,xwOBA,0.908,persisted_estimated_woba_value,3,6,2,1,2,False,15,15
717893,607536,1,7,13,2,2,2023-06-04,train,mlb_statcast,13,field_out,0.536,xwOBA,1.001,persisted_estimated_woba_value,2,7,1,6,1,True,0,0
717893,607536,2,62,83,20,23,2023-06-04,train,mlb_statcast,67,single,0.505,xwOBA,0.934,persisted_estimated_woba_value,3,22,4,5,2,False,15,15
717893,607536,3,85,89,25,25,2023-06-04,train,mlb_statcast,89,home_run,0.622,xwOBA,1.0439117647058824,persisted_estimated_woba_value,3,5,1,4,2,False,15,15
717893,663903,1,5,8,2,2,2023-06-04,train,mlb_statcast,8,single,0.648,xwOBA,0.926,persisted_estimated_woba_value,2,4,1,3,1,True,0,0
717897,594902,1,5,8,2,2,2023-06-04,train,mlb_statcast,8,walk,0.456,xwOBA,0.695903,persisted_estimated_woba_value,2,4,1,3,1,True,0,0
717897,594902,2,13,22,4,6,2023-06-04,train,mlb_statcast,16,walk,0.464,xwOBA+BB/HBP,0.695903,persisted_estimated_woba_value,3,10,3,3,2,True,0,0
717897,594902,3,32,40,12,13,2023-06-04,train,mlb_statcast,35,single,0.483,xwOBA,0.924,persisted_estimated_woba_value,3,9,2,3,2,False,11,0
717897,594902,4,54,71,17,21,2023-06-04,train,mlb_statcast,58,home_run,0.828,xwOBA,1.808444444444444,persisted_estimated_woba_value,3,18,5,4,2,False,15,0
717900,579328,1,49,57,11,12,2023-06-04,train,mlb_statcast,52,field_out,0.625,xwOBA,0.8314,persisted_estimated_woba_value,3,9,2,3,2,False,15,15
717900,579328,2,77,89,17,20,2023-06-04,train,mlb_statcast,80,field_out,0.644,xwOBA,1.8387045454545456,persisted_estimated_woba_value,3,13,4,3,2,False,15,15
717901,669194,1,36,72,11,18,2023-06-03,train,mlb_statcast,41,walk,0.632,xwOBA,0.695903,persisted_estimated_woba_value,3,37,8,5,2,False,15,15
717901,669194,2,76,82,20,20,2023-06-03,train,mlb_statcast,82,walk,0.457,xwOBA,0.695903,persisted_estimated_woba_value,3,7,1,6,2,False,15,15
717901,669194,3,86,91,22,22,2023-06-03,train,mlb_statcast,91,single,0.572,xwOBA,0.901,persisted_estimated_woba_value,3,6,1,5,2,False,15,15
717901,675911,1,3,15,2,3,2023-06-03,train,mlb_statcast,7,walk,0.74,xwOBA,0.695903,persisted_estimated_woba_value,2,13,2,4,1,True,0,0
717901,675911,2,24,27,6,7,2023-06-03,train,mlb_statcast,24,field_out,0.49,xwOBA,0.198,persisted_estimated_woba_value,3,4,2,0,2,False,3,3
717901,675911,3,56,72,16,18,2023-06-03,train,mlb_statcast,61,home_run,0.816,xwOBA,1.600727272727273,persisted_estimated_woba_value,3,17,3,5,2,False,15,15
717905,543037,1,45,51,14,15,2023-06-03,train,mlb_statcast,48,field_out,0.6,xwOBA,0.6922,persisted_estimated_woba_value,3,7,2,3,2,False,15,13
717905,543037,2,68,70,20,20,2023-06-03,train,mlb_statcast,70,single,0.478,xwOBA,0.723,persisted_estimated_woba_value,3,3,1,2,2,False,15,15
717905,543037,3,73,78,22,22,2023-06-03,train,mlb_statcast,78,walk,0.492,xwOBA,0.695903,persisted_estimated_woba_value,3,6,1,5,2,False,15,15
717908,663776,1,13,22,5,6,2023-06-03,train,mlb_statcast,17,single,0.52,xwOBA,0.728,persisted_estimated_woba_value,3,10,2,4,2,True,0,0
717908,663776,2,36,46,11,13,2023-06-03,train,mlb_statcast,36,double,0.69,xwOBA,1.1678297872340424,persisted_estimated_woba_value,3,11,3,0,2,False,15,15
717908,663776,3,50,51,15,15,2023-06-03,train,mlb_statcast,51,double,0.531,xwOBA,0.897,persisted_estimated_woba_value,3,2,1,1,2,False,15,15
717908,663776,4,66,70,20,20,2023-06-03,train,mlb_statcast,70,fielders_choice,0.54,xwOBA,0.319,persisted_estimated_woba_value,3,5,1,4,2,False,15,15
717908,664299,1,44,51,10,11,2023-06-03,train,mlb_statcast,46,triple,0.595,xwOBA,1.2557142857142856,persisted_estimated_woba_value,3,8,2,2,2,False,15,14
717908,664299,2,56,72,13,15,2023-06-03,train,mlb_statcast,60,field_out,0.551,xwOBA,1.654295454545455,persisted_estimated_woba_value,3,17,3,4,2,False,15,15
717908,664299,3,96,102,22,23,2023-06-03,train,mlb_statcast,99,single,0.538,xwOBA,0.672,persisted_estimated_woba_value,3,7,2,3,2,False,15,14
717913,671106,1,5,11,2,3,2023-06-03,train,mlb_statcast,10,field_out,0.515,xwOBA,0.054,persisted_estimated_woba_value,2,7,2,5,1,True,0,0
717913,671106,2,39,40,11,11,2023-06-03,train,mlb_statcast,40,single,0.58,xwOBA,0.911,persisted_estimated_woba_value,3,2,1,1,2,False,15,15
717913,671106,3,79,92,20,24,2023-06-03,train,mlb_statcast,79,double,0.598,xwOBA,1.2666315789473683,persisted_estimated_woba_value,3,14,5,0,2,False,15,15
717915,656302,1,69,72,15,15,2023-06-03,train,mlb_statcast,72,walk,0.55,xwOBA+BB/HBP,0.695903,persisted_estimated_woba_value,3,4,1,3,2,False,15,14
717917,622663,1,3,20,2,6,2023-06-02,train,mlb_statcast,7,field_out,1.141,xwOBA,0.59,persisted_estimated_woba_value,2,18,5,4,1,True,0,0
717917,622663,2,23,28,8,10,2023-06-02,train,mlb_statcast,24,single,0.485,xwOBA,0.493,persisted_estimated_woba_value,3,6,3,1,2,False,2,0
717917,622663,3,49,61,15,17,2023-06-02,train,mlb_statcast,52,home_run,0.688,xwOBA,1.5994067796610176,persisted_estimated_woba_value,3,13,3,3,2,False,15,0
717917,622663,4,75,83,21,22,2023-06-02,train,mlb_statcast,76,field_out,0.552,xwOBA,0.7605000000000002,persisted_estimated_woba_value,3,9,2,1,2,False,15,0
717920,657277,1,18,31,4,7,2023-06-02,train,mlb_statcast,19,double,0.458,xwOBA,1.18254,persisted_estimated_woba_value,3,14,4,1,2,True,0,0
717920,657277,2,83,97,23,26,2023-06-02,train,mlb_statcast,86,home_run,0.702,xwOBA,1.9678461538461536,persisted_estimated_woba_value,3,15,4,3,2,False,15,13
717924,650644,1,7,17,4,6,2023-06-02,train,mlb_statcast,12,walk,0.52,xwOBA,0.695903,persisted_estimated_woba_value,3,11,3,5,2,True,0,0
717924,650644,2,59,64,15,15,2023-06-02,train,mlb_statcast,64,walk,0.483,xwOBA,0.695903,persisted_estimated_woba_value,3,6,1,5,2,False,15,0
717924,650644,3,70,74,17,17,2023-06-02,train,mlb_statcast,74,field_out,0.51,xwOBA,0.415,persisted_estimated_woba_value,3,5,1,4,2,False,15,0
717925,681857,1,7,15,2,2,2023-06-02,train,mlb_statcast,15,field_out,0.528,xwOBA,0.8038421052631578,persisted_estimated_woba_value,2,9,1,8,1,True,0,0
717925,681857,2,86,89,19,19,2023-06-02,train,mlb_statcast,89,single,0.627,xwOBA,0.904,persisted_estimated_woba_value,3,4,1,3,2,False,15,0
717927,665795,1,3,6,2,2,2023-06-02,train,mlb_statcast,6,strikeout,0.542,xwOBA,0.0,persisted_estimated_woba_value,2,4,1,3,1,True,0,0
717930,656427,1,13,16,5,5,2023-06-02,train,mlb_statcast,16,single,0.557,xwOBA,0.899,persisted_estimated_woba_value,3,4,1,3,2,True,0,0
717930,656427,2,28,38,9,11,2023-06-02,train,mlb_statcast,32,single,0.6,xwOBA,0.908,persisted_estimated_woba_value,3,11,3,4,2,False,7,7
717930,656427,3,56,61,16,17,2023-06-02,train,mlb_statcast,60,double,0.486,xwOBA,0.273,persisted_estimated_woba_value,3,6,2,4,2,False,15,13
717931,669203,1,46,51,14,14,2023-06-02,train,mlb_statcast,51,walk,0.636,xwOBA,0.695903,persisted_estimated_woba_value,3,6,1,5,2,False,15,15
717932,519242,1,3,6,2,2,2023-06-01,train,mlb_statcast,6,strikeout,0.452,xwOBA,0.0,persisted_estimated_woba_value,2,4,1,3,1,True,0,0
717932,519242,2,46,49,14,14,2023-06-01,train,mlb_statcast,49,double,0.621,xwOBA,1.1575471698113204,persisted_estimated_woba_value,3,4,1,3,2,False,15,15
717932,519242,3,54,59,16,16,2023-06-01,train,mlb_statcast,59,walk,0.618,xwOBA,0.695903,persisted_estimated_woba_value,3,6,1,5,2,False,15,15
717935,554430,1,30,34,9,9,2023-06-02,train,mlb_statcast,34,single,0.597,xwOBA,0.588,persisted_estimated_woba_value,3,5,1,4,2,False,9,9
717935,554430,2,47,61,13,14,2023-06-02,train,mlb_statcast,57,single,0.505,xwOBA,0.707,persisted_estimated_woba_value,3,15,2,10,2,False,15,15
717935,554430,3,68,70,16,16,2023-06-02,train,mlb_statcast,70,field_out,0.513,xwOBA,1.168227272727273,persisted_estimated_woba_value,3,3,1,2,2,False,15,15
717935,554430,4,90,90,20,20,2023-06-02,train,mlb_statcast,90,home_run,0.598,xwOBA,1.0440256410256414,persisted_estimated_woba_value,3,1,1,0,2,False,15,15
717941,605397,1,23,34,8,10,2023-06-01,train,mlb_statcast,28,walk,0.605,xwOBA+BB/HBP,0.695903,persisted_estimated_woba_value,3,12,3,5,2,False,2,2
717942,592332,1,42,48,10,11,2023-06-01,train,mlb_statcast,46,walk,0.533,xwOBA,0.695903,persisted_estimated_woba_value,3,7,2,4,2,False,15,15
717942,592332,2,61,69,15,16,2023-06-01,train,mlb_statcast,64,field_out,0.595,xwOBA,0.8519999999999999,persisted_estimated_woba_value,3,9,2,3,2,False,15,14
717942,592332,3,82,84,20,20,2023-06-01,train,mlb_statcast,84,single,0.524,xwOBA,0.773,persisted_estimated_woba_value,3,3,1,2,2,False,15,14
717944,605400,1,25,31,8,9,2023-05-31,train,mlb_statcast,28,home_run,0.523,xwOBA,0.5539333333333333,persisted_estimated_woba_value,3,7,2,3,2,False,4,4
717944,605400,2,59,70,16,18,2023-05-31,train,mlb_statcast,62,walk,0.464,xwOBA+BB/HBP,0.695903,persisted_estimated_woba_value,3,12,3,3,2,False,15,15
717945,666129,1,25,35,8,10,2023-05-31,train,mlb_statcast,29,home_run,0.652,xwOBA,1.80595652173913,persisted_estimated_woba_value,3,11,3,4,2,False,4,4
717951,641540,1,43,62,11,15,2023-05-31,train,mlb_statcast,43,single,0.565,xwOBA,0.784,persisted_estimated_woba_value,3,20,5,0,2,False,15,0
717951,641540,2,64,75,17,19,2023-05-31,train,mlb_statcast,67,field_out,0.58,xwOBA,1.168227272727273,persisted_estimated_woba_value,3,12,3,3,2,False,15,0
717952,641482,1,74,77,18,18,2023-05-30,train,mlb_statcast,77,walk,0.464,xwOBA+BB/HBP,0.695903,persisted_estimated_woba_value,3,4,1,3,2,False,15,15
717952,641482,2,81,84,20,20,2023-05-30,train,mlb_statcast,84,double,0.614,xwOBA,0.723,persisted_estimated_woba_value,3,4,1,3,2,False,15,15
717952,641482,3,90,101,22,24,2023-05-30,train,mlb_statcast,91,double,0.485,xwOBA,0.732,persisted_estimated_woba_value,3,12,3,1,2,False,15,15
717955,607536,1,3,25,2,7,2023-05-30,train,mlb_statcast,3,field_out,0.475,xwOBA,0.463,persisted_estimated_woba_value,2,23,6,0,1,True,0,0
717955,607536,2,48,53,14,15,2023-05-30,train,mlb_statcast,48,grounded_into_double_play,0.536,xwOBA,0.516,persisted_estimated_woba_value,3,6,2,0,2,False,15,15
717955,607536,3,69,79,20,21,2023-05-30,train,mlb_statcast,73,field_out,0.779,xwOBA,1.127428571428572,persisted_estimated_woba_value,3,11,2,4,2,False,15,15
717955,607536,4,88,95,24,25,2023-05-30,train,mlb_statcast,90,home_run,0.48,xwOBA,1.2333437499999995,persisted_estimated_woba_value,3,8,2,2,2,False,15,15
717959,542881,1,4,21,2,4,2023-05-30,train,mlb_statcast,10,single,0.526,xwOBA,0.853,persisted_estimated_woba_value,2,18,3,6,1,True,0,0
717959,542881,2,59,64,15,16,2023-05-30,train,mlb_statcast,63,walk,0.47,xwOBA,0.695903,persisted_estimated_woba_value,3,6,2,4,2,False,15,15
717959,542881,3,66,67,18,18,2023-05-30,train,mlb_statcast,67,double,0.516,xwOBA,0.936,persisted_estimated_woba_value,3,2,1,1,2,False,15,15
717961,543294,1,15,16,4,5,2023-05-30,train,mlb_statcast,15,single,0.473,xwOBA,0.13,persisted_estimated_woba_value,3,2,2,0,2,True,0,0
717961,543294,2,30,32,9,9,2023-05-30,train,mlb_statcast,32,grounded_into_double_play,0.455,xwOBA,0.238,persisted_estimated_woba_value,3,3,1,2,2,False,9,0
717961,543294,3,59,75,19,22,2023-05-30,train,mlb_statcast,61,field_out,0.728,xwOBA,1.1700769230769237,persisted_estimated_woba_value,3,17,4,2,2,False,15,0
717964,527048,1,19,26,5,6,2023-05-30,train,mlb_statcast,22,walk,0.464,xwOBA+BB/HBP,0.695903,persisted_estimated_woba_value,3,8,2,3,2,True,0,0
717964,527048,2,34,40,9,11,2023-05-30,train,mlb_statcast,36,home_run,0.629,xwOBA,1.3821199999999996,persisted_estimated_woba_value,3,7,3,2,2,False,13,10
717964,527048,3,42,44,13,13,2023-05-30,train,mlb_statcast,44,double,0.481,xwOBA,0.455,persisted_estimated_woba_value,3,3,1,2,2,False,15,14
717964,527048,4,53,87,16,25,2023-05-30,train,mlb_statcast,57,single,0.526,xwOBA,0.924,persisted_estimated_woba_value,3,35,10,4,2,False,15,14
717965,579328,1,4,19,2,5,2023-05-30,train,mlb_statcast,6,single,0.492,xwOBA,0.892,persisted_estimated_woba_value,2,16,4,2,1,True,0,0
717965,579328,2,45,58,12,14,2023-05-30,train,mlb_statcast,48,walk,0.451,xwOBA,0.695903,persisted_estimated_woba_value,3,14,3,3,2,False,15,15
717966,594902,1,17,26,5,7,2023-05-30,train,mlb_statcast,18,double,0.451,xwOBA,0.6124545454545454,persisted_estimated_woba_value,3,10,3,1,2,True,0,0
717967,502043,1,45,61,13,14,2023-05-30,train,mlb_statcast,55,walk,0.605,xwOBA,0.695903,persisted_estimated_woba_value,3,17,2,10,2,False,15,15
717967,502043,2,86,95,22,24,2023-05-30,train,mlb_statcast,87,double,0.578,xwOBA,0.743,persisted_estimated_woba_value,3,10,3,1,2,False,15,15
717972,640455,1,8,16,3,4,2023-05-30,train,mlb_statcast,13,field_out,0.507,xwOBA,0.762,persisted_estimated_woba_value,3,9,2,5,2,True,0,0
717972,640455,2,46,53,14,15,2023-05-30,train,mlb_statcast,47,single,0.558,xwOBA,0.78,persisted_estimated_woba_value,3,8,2,1,2,False,15,4
717972,670912,1,12,21,3,4,2023-05-30,train,mlb_statcast,19,walk,0.466,xwOBA+BB/HBP,0.695903,persisted_estimated_woba_value,3,10,2,7,2,True,0,0
717972,670912,2,48,57,12,13,2023-05-30,train,mlb_statcast,54,walk,0.661,xwOBA+BB/HBP,0.695903,persisted_estimated_woba_value,3,10,2,6,2,False,15,14
717974,671106,1,87,87,23,23,2023-05-29,train,mlb_statcast,87,force_out,0.451,xwOBA,0.315,persisted_estimated_woba_value,3,1,1,0,2,False,15,15
717976,573186,1,72,79,21,22,2023-05-29,train,mlb_statcast,77,walk,0.565,xwOBA,0.695903,persisted_estimated_woba_value,3,8,2,5,2,False,15,15
717977,669194,1,12,21,3,5,2023-05-29,train,mlb_statcast,15,home_run,0.747,xwOBA,2.0,persisted_estimated_woba_value,3,10,3,3,2,True,0,0
717977,669194,2,27,37,8,10,2023-05-29,train,mlb_statcast,29,single,0.512,xwOBA,0.826,persisted_estimated_woba_value,3,11,3,2,2,False,6,6
717977,669194,3,68,83,20,22,2023-05-29,train,mlb_statcast,72,walk,0.585,xwOBA,0.695903,persisted_estimated_woba_value,3,16,3,4,2,False,15,15
717980,664299,1,4,8,2,3,2023-05-28,train,mlb_statcast,6,field_out,1.059,xwOBA,0.278,persisted_estimated_woba_value,2,5,2,2,1,True,0,0
717980,664299,2,16,20,5,5,2023-05-28,train,mlb_statcast,20,field_out,0.489,xwOBA,0.4216249999999999,persisted_estimated_woba_value,3,5,1,4,2,True,0,0
717980,664299,3,40,56,10,12,2023-05-28,train,mlb_statcast,44,double,0.698,xwOBA,1.3977586206896548,persisted_estimated_woba_value,3,17,3,4,2,False,15,15
717980,664299,4,69,69,16,16,2023-05-28,train,mlb_statcast,69,grounded_into_double_play,0.452,xwOBA,0.063,persisted_estimated_woba_value,3,1,1,0,2,False,15,15
717984,663776,1,36,43,9,10,2023-05-28,train,mlb_statcast,39,single,0.525,xwOBA,0.863,persisted_estimated_woba_value,3,8,2,3,2,False,15,15
717984,663776,2,64,75,18,19,2023-05-28,train,mlb_statcast,69,walk,0.484,xwOBA,0.695903,persisted_estimated_woba_value,3,12,2,5,2,False,15,15
717984,663776,3,82,86,22,23,2023-05-28,train,mlb_statcast,84,single,0.5,xwOBA,0.873,persisted_estimated_woba_value,3,5,2,2,2,False,15,15
717989,593958,1,3,5,2,2,2023-05-28,train,mlb_statcast,5,field_out,0.614,xwOBA,0.488,persisted_estimated_woba_value,2,3,1,2,1,True,0,0
717989,593958,2,25,35,9,11,2023-05-28,train,mlb_statcast,25,home_run,0.648,xwOBA,1.7219090909090908,persisted_estimated_woba_value,3,11,3,0,2,False,4,4
717989,593958,3,99,100,24,24,2023-05-28,train,mlb_statcast,100,grounded_into_double_play,0.463,xwOBA,0.193,persisted_estimated_woba_value,3,2,1,1,2,False,15,15
717989,656302,1,14,25,4,5,2023-05-28,train,mlb_statcast,21,walk,0.527,xwOBA,0.695903,persisted_estimated_woba_value,3,12,2,7,2,True,0,0
717989,656302,2,49,55,10,11,2023-05-28,train,mlb_statcast,51,double,0.513,xwOBA,0.485,persisted_estimated_woba_value,3,7,2,2,2,False,15,15
717989,656302,3,75,85,15,16,2023-05-28,train,mlb_statcast,77,home_run,0.622,xwOBA,1.1700769230769237,persisted_estimated_woba_value,3,11,2,2,2,False,15,15
717992,675911,1,20,45,5,9,2023-05-28,train,mlb_statcast,23,field_out,0.538,xwOBA,1.2597727272727273,persisted_estimated_woba_value,3,26,5,3,2,True,0,0
717995,543037,1,7,20,2,4,2023-05-28,train,mlb_statcast,12,home_run,0.76,xwOBA,1.5207096774193547,persisted_estimated_woba_value,2,14,3,5,1,True,0,0
717995,543037,2,31,32,8,8,2023-05-28,train,mlb_statcast,32,single,0.539,xwOBA,0.899,persisted_estimated_woba_value,3,2,1,1,2,False,10,10
717995,543037,3,94,100,23,24,2023-05-28,train,mlb_statcast,94,home_run,0.607,xwOBA,1.1250399999999996,persisted_estimated_woba_value,3,7,2,0,2,False,15,15
717996,656427,1,3,9,2,2,2023-05-27,train,mlb_statcast,9,double,0.474,xwOBA,0.672,persisted_estimated_woba_value,2,7,1,6,1,True,0,0
717996,656427,2,43,51,11,13,2023-05-27,train,mlb_statcast,45,field_out,0.482,xwOBA,0.4774166666666666,persisted_estimated_woba_value,3,9,3,2,2,False,15,15
717997,554430,1,35,38,9,9,2023-05-27,train,mlb_statcast,38,hit_by_pitch,0.451,xwOBA,0.726005,persisted_estimated_woba_value,3,4,1,3,2,False,14,14
717997,554430,2,89,97,25,26,2023-05-27,train,mlb_statcast,94,walk,0.537,xwOBA,0.695903,persisted_estimated_woba_value,3,9,2,5,2,False,15,15
717999,657277,1,50,57,13,14,2023-05-27,train,mlb_statcast,51,single,0.483,xwOBA,0.833,persisted_estimated_woba_value,3,8,2,1,2,False,15,15
717999,669203,1,10,15,3,3,2023-05-27,train,mlb_statcast,15,walk,0.53,xwOBA,0.695903,persisted_estimated_woba_value,3,6,1,5,2,True,0,0
717999,669203,2,66,69,16,16,2023-05-27,train,mlb_statcast,69,walk,0.525,xwOBA,0.695903,persisted_estimated_woba_value,3,4,1,3,2,False,15,15
717999,669203,3,100,101,26,26,2023-05-27,train,mlb_statcast,101,field_out,0.462,xwOBA,0.367,persisted_estimated_woba_value,3,2,1,1,2,False,15,15
718006,622663,1,37,48,11,13,2023-05-27,train,mlb_statcast,38,home_run,0.612,xwOBA,1.6895999999999998,persisted_estimated_woba_value,3,12,3,1,2,False,15,0
718010,519242,1,35,37,11,11,2023-05-26,train,mlb_statcast,37,single,0.456,xwOBA,0.417,persisted_estimated_woba_value,3,3,1,2,2,False,14,14
718013,592332,1,2,12,2,3,2023-05-26,train,mlb_statcast,8,walk,0.671,xwOBA,0.695903,persisted_estimated_woba_value,2,11,2,6,1,True,0,0
718013,592332,2,38,38,9,9,2023-05-26,train,mlb_statcast,38,single,0.52,xwOBA,0.864,persisted_estimated_woba_value,3,1,1,0,2,False,15,15
718013,592332,3,61,68,16,18,2023-05-26,train,mlb_statcast,62,field_out,0.58,xwOBA,1.0440256410256414,persisted_estimated_woba_value,3,8,3,1,2,False,15,15
718013,592332,4,98,106,24,25,2023-05-26,train,mlb_statcast,103,walk,0.498,xwOBA+BB/HBP,0.695903,persisted_estimated_woba_value,3,9,2,5,2,False,15,15
718023,605397,1,54,57,14,14,2023-05-26,train,mlb_statcast,57,force_out,0.467,xwOBA,0.125,persisted_estimated_woba_value,3,4,1,3,2,False,15,13
718024,543294,1,6,22,3,6,2023-05-25,train,mlb_statcast,11,walk,0.461,xwOBA,0.695903,persisted_estimated_woba_value,3,17,4,5,2,True,0,0
718024,543294,2,45,54,13,14,2023-05-25,train,mlb_statcast,50,single,0.556,xwOBA,0.6,persisted_estimated_woba_value,3,10,2,5,2,False,15,0
718026,605400,1,5,13,3,5,2023-05-25,train,mlb_statcast,7,home_run,0.844,xwOBA,2.0,persisted_estimated_woba_value,3,9,3,2,2,True,0,0
718026,605400,2,18,25,7,8,2023-05-25,train,mlb_statcast,19,home_run,0.457,xwOBA,1.2253636363636369,persisted_estimated_woba_value,3,8,2,1,2,True,0,0
718026,605400,3,61,66,17,18,2023-05-25,train,mlb_statcast,64,single,0.489,xwOBA,0.716,persisted_estimated_woba_value,3,6,2,3,2,False,15,15
718026,605400,4,74,86,21,24,2023-05-25,train,mlb_statcast,74,home_run,0.823,xwOBA,2.0,persisted_estimated_woba_value,3,13,4,0,2,False,15,15
718029,502043,1,2,5,2,2,2023-05-25,train,mlb_statcast,5,strikeout,0.467,xwOBA,0.0,persisted_estimated_woba_value,2,4,1,3,1,True,0,0
718029,502043,2,54,63,14,15,2023-05-25,train,mlb_statcast,58,walk,0.529,xwOBA+BB/HBP,0.695903,persisted_estimated_woba_value,3,10,2,4,2,False,15,15
718029,502043,3,85,86,23,23,2023-05-25,train,mlb_statcast,86,single,0.463,xwOBA,0.908,persisted_estimated_woba_value,3,2,1,1,2,False,15,15
718033,607536,1,4,8,2,3,2023-05-25,train,mlb_statcast,5,single,0.611,xwOBA,0.813,persisted_estimated_woba_value,2,5,2,1,1,True,0,0
718033,607536,2,24,32,8,9,2023-05-25,train,mlb_statcast,27,single,0.68,xwOBA,0.808,persisted_estimated_woba_value,3,9,2,3,2,False,3,3
718033,607536,3,58,68,17,19,2023-05-25,train,mlb_statcast,61,walk,0.463,xwOBA,0.695903,persisted_estimated_woba_value,3,11,3,3,2,False,15,15
718033,666129,1,20,30,6,8,2023-05-25,train,mlb_statcast,24,walk,0.475,xwOBA,0.695903,persisted_estimated_woba_value,3,11,3,4,2,True,0,0
718033,666129,2,60,68,15,17,2023-05-25,train,mlb_statcast,60,field_out,0.582,xwOBA,0.627,persisted_estimated_woba_value,3,9,3,0,2,False,15,12
718033,666129,3,79,83,21,22,2023-05-25,train,mlb_statcast,80,home_run,0.735,xwOBA,2.0,persisted_estimated_woba_value,3,5,2,1,2,False,15,11
718034,542881,1,3,7,2,2,2023-05-24,train,mlb_statcast,7,walk,0.617,xwOBA,0.695903,persisted_estimated_woba_value,2,5,1,4,1,True,0,0
718034,542881,2,14,20,4,4,2023-05-24,train,mlb_statcast,20,single,0.5,xwOBA,0.759,persisted_estimated_woba_value,3,7,1,6,2,True,0,0
718034,542881,3,28,33,6,6,2023-05-24,train,mlb_statcast,33,single,0.472,xwOBA,0.625,persisted_estimated_woba_value,3,6,1,5,2,False,7,7
718034,542881,4,70,70,14,14,2023-05-24,train,mlb_statcast,70,double,0.481,xwOBA,0.908,persisted_estimated_woba_value,3,1,1,0,2,False,15,14
718038,573186,1,26,33,9,11,2023-05-24,train,mlb_statcast,26,home_run,0.551,xwOBA,1.326280487804878,persisted_estimated_woba_value,3,8,3,0,2,False,5,5
718038,573186,2,65,77,22,24,2023-05-24,train,mlb_statcast,66,field_out,0.667,xwOBA,1.4706935483870966,persisted_estimated_woba_value,3,13,3,1,2,False,15,15
718038,573186,3,82,86,26,26,2023-05-24,train,mlb_statcast,86,walk,0.55,xwOBA+BB/HBP,0.695903,persisted_estimated_woba_value,3,5,1,4,2,False,15,15
718040,641482,1,33,49,13,15,2023-05-24,train,mlb_statcast,38,home_run,0.755,xwOBA,1.84588,persisted_estimated_woba_value,3,17,3,5,2,False,12,12
718040,641482,2,84,89,24,25,2023-05-24,train,mlb_statcast,86,single,0.451,xwOBA,0.656,persisted_estimated_woba_value,3,6,2,2,2,False,15,15
718041,594902,1,21,28,6,6,2023-05-24,train,mlb_statcast,28,walk,0.464,xwOBA+BB/HBP,0.695903,persisted_estimated_woba_value,3,8,1,7,2,False,0,0
718041,594902,2,66,71,16,17,2023-05-24,train,mlb_statcast,66,field_out,0.516,xwOBA,0.23,persisted_estimated_woba_value,3,6,2,0,2,False,15,0
718041,594902,3,87,89,21,21,2023-05-24,train,mlb_statcast,89,field_out,0.549,xwOBA,0.617,persisted_estimated_woba_value,3,3,1,2,2,False,15,0
718044,579328,1,3,3,2,2,2023-05-24,train,mlb_statcast,3,single,0.494,xwOBA,0.561,persisted_estimated_woba_value,2,1,1,0,1,True,0,0
718044,579328,2,22,36,7,11,2023-05-24,train,mlb_statcast,24,home_run,0.872,xwOBA,1.6922058823529416,persisted_estimated_woba_value,3,15,5,2,2,False,1,1
718044,579328,3,41,44,13,13,2023-05-24,train,mlb_statcast,44,walk,0.464,xwOBA+BB/HBP,0.695903,persisted_estimated_woba_value,3,4,1,3,2,False,15,15
718044,579328,4,60,67,20,21,2023-05-24,train,mlb_statcast,64,single,0.486,xwOBA,0.625,persisted_estimated_woba_value,3,8,2,4,2,False,15,15
718045,527048,1,18,22,5,6,2023-05-24,train,mlb_statcast,21,single,0.562,xwOBA,0.861,persisted_estimated_woba_value,3,5,2,3,2,True,0,0
718045,670912,1,3,15,2,6,2023-05-24,train,mlb_statcast,3,field_out,0.58,xwOBA,0.106,persisted_estimated_woba_value,2,13,5,0,1,True,0,0
718045,670912,2,74,81,21,24,2023-05-24,train,mlb_statcast,75,double,0.489,xwOBA,0.707,persisted_estimated_woba_value,3,8,4,1,2,False,15,13
718049,593958,1,4,8,3,3,2023-05-23,train,mlb_statcast,8,walk,0.464,xwOBA,0.695903,persisted_estimated_woba_value,3,5,1,4,2,True,0,0
718049,593958,2,59,74,17,20,2023-05-23,train,mlb_statcast,60,single,0.659,xwOBA,0.914,persisted_estimated_woba_value,3,16,4,1,2,False,15,14
718057,675911,1,5,5,2,2,2023-05-23,train,mlb_statcast,5,field_out,0.514,xwOBA,0.316,persisted_estimated_woba_value,2,1,1,0,1,True,0,0
718058,543037,1,13,27,4,6,2023-05-23,train,mlb_statcast,19,walk,0.579,xwOBA+BB/HBP,0.695903,persisted_estimated_woba_value,3,15,3,6,2,True,0,0
718058,543037,2,46,55,11,13,2023-05-23,train,mlb_statcast,47,single,0.496,xwOBA,0.457,persisted_estimated_woba_value,3,10,3,1,2,False,15,15
718058,543037,3,60,72,16,18,2023-05-23,train,mlb_statcast,63,home_run,0.484,xwOBA,1.1045555555555555,persisted_estimated_woba_value,3,13,3,3,2,False,15,15
718058,543037,4,88,99,22,23,2023-05-23,train,mlb_statcast,93,single,0.745,xwOBA,0.9127586206896556,persisted_estimated_woba_value,3,12,2,5,2,False,15,15
718060,669194,1,30,41,6,8,2023-05-23,train,mlb_statcast,33,single,0.537,xwOBA,0.804,persisted_estimated_woba_value,3,12,3,3,2,False,9,9
718060,669194,2,58,65,14,14,2023-05-23,train,mlb_statcast,65,field_out,0.46,xwOBA,0.752,persisted_estimated_woba_value,3,8,1,7,2,False,15,15
718063,656302,1,7,8,3,4,2023-05-23,train,mlb_statcast,7,field_out,0.549,xwOBA,1.076153846153846,persisted_estimated_woba_value,3,2,2,0,2,True,0,0
718063,656302,2,66,68,17,17,2023-05-23,train,mlb_statcast,68,field_out,0.452,xwOBA,0.264,persisted_estimated_woba_value,3,3,1,2,2,False,15,15
718063,656302,3,85,87,22,23,2023-05-23,train,mlb_statcast,86,double,0.651,xwOBA,0.946,persisted_estimated_woba_value,3,3,2,1,2,False,15,15
718063,671106,1,50,56,16,18,2023-05-23,train,mlb_statcast,52,home_run,0.515,xwOBA,1.4706935483870966,persisted_estimated_woba_value,3,7,3,2,2,False,15,14
718063,671106,2,85,85,27,27,2023-05-23,train,mlb_statcast,85,double,0.718,xwOBA,1.420909090909091,persisted_estimated_woba_value,3,1,1,0,2,False,15,14
718066,663903,1,25,28,6,6,2023-05-22,train,mlb_statcast,28,walk,0.481,xwOBA+BB/HBP,0.695903,persisted_estimated_woba_value,3,4,1,3,2,False,4,4
718066,663903,2,34,37,8,8,2023-05-22,train,mlb_statcast,37,force_out,0.465,xwOBA,0.357,persisted_estimated_woba_value,3,4,1,3,2,False,13,13
718066,663903,3,60,61,13,13,2023-05-22,train,mlb_statcast,61,field_out,0.561,xwOBA,0.7571999999999999,persisted_estimated_woba_value,3,2,1,1,2,False,15,15
718066,663903,4,67,74,16,18,2023-05-22,train,mlb_statcast,70,home_run,0.508,xwOBA,1.1700769230769237,persisted_estimated_woba_value,3,8,3,3,2,False,15,15
718066,663903,5,78,79,20,20,2023-05-22,train,mlb_statcast,79,field_out,0.548,xwOBA,0.7580000000000001,persisted_estimated_woba_value,3,2,1,1,2,False,15,15
718066,663903,6,83,87,22,22,2023-05-22,train,mlb_statcast,87,walk,0.503,xwOBA,0.695903,persisted_estimated_woba_value,3,5,1,4,2,False,15,15
718068,664299,1,20,27,5,6,2023-05-22,train,mlb_statcast,24,single,0.463,xwOBA,0.535,persisted_estimated_woba_value,3,8,2,4,2,True,0,0
718068,664299,2,55,56,13,13,2023-05-22,train,mlb_statcast,56,single,0.537,xwOBA,0.911,persisted_estimated_woba_value,3,2,1,1,2,False,15,15
718068,664299,3,79,82,19,20,2023-05-22,train,mlb_statcast,81,single,0.544,xwOBA,0.801,persisted_estimated_woba_value,3,4,2,2,2,False,15,15
718068,669203,1,10,22,3,5,2023-05-22,train,mlb_statcast,13,walk,0.459,xwOBA,0.695903,persisted_estimated_woba_value,3,13,3,3,2,True,0,0
718068,669203,2,36,45,9,11,2023-05-22,train,mlb_statcast,39,home_run,0.798,xwOBA+barrels,1.5970535714285716,persisted_estimated_woba_value,3,10,3,3,2,False,15,15
718068,669203,3,57,61,16,16,2023-05-22,train,mlb_statcast,61,single,0.531,xwOBA,0.545,persisted_estimated_woba_value,3,5,1,4,2,False,15,15
718068,669203,4,70,84,19,23,2023-05-22,train,mlb_statcast,71,home_run,0.478,xwOBA,1.2597727272727273,persisted_estimated_woba_value,3,15,5,1,2,False,15,15
718069,665795,1,40,45,13,13,2023-05-22,train,mlb_statcast,45,walk,0.468,xwOBA,0.695903,persisted_estimated_woba_value,3,6,1,5,2,False,15,15
718073,554430,1,19,27,4,7,2023-05-22,train,mlb_statcast,20,field_out,0.471,xwOBA,0.4173999999999999,persisted_estimated_woba_value,3,9,4,1,2,True,0,0
718073,554430,2,78,85,19,21,2023-05-22,train,mlb_statcast,82,home_run,0.536,xwOBA,1.2178490566037734,persisted_estimated_woba_value,3,8,3,4,2,False,15,15
718073,554430,3,97,98,25,25,2023-05-22,train,mlb_statcast,98,field_out,0.473,xwOBA,0.108,persisted_estimated_woba_value,3,2,1,1,2,False,15,15
718075,641540,1,6,8,3,3,2023-05-22,train,mlb_statcast,8,single,0.549,xwOBA,0.844,persisted_estimated_woba_value,3,3,1,2,2,True,0,0
718075,641540,2,29,36,10,12,2023-05-22,train,mlb_statcast,29,field_out,0.502,xwOBA,0.901,persisted_estimated_woba_value,3,8,3,0,2,False,8,0
718075,641540,3,40,47,14,14,2023-05-22,train,mlb_statcast,47,walk,0.559,xwOBA,0.695903,persisted_estimated_woba_value,3,8,1,7,2,False,15,0
718083,656427,1,85,103,19,21,2023-05-21,train,mlb_statcast,91,walk,0.521,xwOBA+BB/HBP,0.695903,persisted_estimated_woba_value,3,19,3,6,2,False,15,15
718085,622663,1,32,33,8,8,2023-05-21,train,mlb_statcast,33,single,0.522,xwOBA,0.895,persisted_estimated_woba_value,3,2,1,1,2,False,11,0
718085,668881,1,55,66,14,16,2023-05-21,train,mlb_statcast,58,home_run,0.787,xwOBA,1.6648043478260868,persisted_estimated_woba_value,3,12,3,3,2,False,15,12
718085,668881,2,73,82,19,21,2023-05-21,train,mlb_statcast,73,home_run,0.539,xwOBA,1.5334000000000003,persisted_estimated_woba_value,3,10,3,0,2,False,15,14
718085,668881,3,98,101,25,25,2023-05-21,train,mlb_statcast,101,double,0.462,xwOBA,0.609,persisted_estimated_woba_value,3,4,1,3,2,False,15,14
718087,592332,1,60,70,16,19,2023-05-21,train,mlb_statcast,61,field_out,0.718,xwOBA,1.3821199999999996,persisted_estimated_woba_value,3,11,4,1,2,False,15,15
718092,519242,1,18,25,4,6,2023-05-20,train,mlb_statcast,18,home_run,0.551,xwOBA,1.593877551020408,persisted_estimated_woba_value,3,8,3,0,2,True,0,0
718092,519242,2,65,67,16,16,2023-05-20,train,mlb_statcast,67,hit_by_pitch,0.474,xwOBA+BB/HBP,0.726005,persisted_estimated_woba_value,3,3,1,2,2,False,15,15
718092,519242,3,75,90,19,21,2023-05-20,train,mlb_statcast,80,home_run,0.716,xwOBA,2.0,persisted_estimated_woba_value,3,16,3,5,2,False,15,15
718092,605397,1,3,8,2,2,2023-05-20,train,mlb_statcast,8,double,0.587,xwOBA,0.323,persisted_estimated_woba_value,2,6,1,5,1,True,0,0
718092,605397,2,30,44,7,10,2023-05-20,train,mlb_statcast,31,hit_by_pitch,0.564,xwOBA,0.726005,persisted_estimated_woba_value,3,15,4,1,2,False,9,0
718092,605397,3,66,68,16,16,2023-05-20,train,mlb_statcast,68,double,0.464,xwOBA,0.893,persisted_estimated_woba_value,3,3,1,2,2,False,15,0
718092,605397,4,73,88,18,21,2023-05-20,train,mlb_statcast,74,single,0.503,xwOBA,0.615,persisted_estimated_woba_value,3,16,4,1,2,False,15,0
718092,605397,5,95,95,23,23,2023-05-20,train,mlb_statcast,95,field_out,0.468,xwOBA,0.142,persisted_estimated_woba_value,3,1,1,0,2,False,15,0
718096,663776,1,7,18,2,3,2023-05-20,train,mlb_statcast,14,walk,0.775,xwOBA,0.695903,persisted_estimated_woba_value,2,12,2,7,1,True,0,0
718096,663776,2,48,55,12,13,2023-05-20,train,mlb_statcast,52,walk,0.627,xwOBA+BB/HBP,0.695903,persisted_estimated_woba_value,3,8,2,4,2,False,15,15
718096,663776,3,93,104,21,23,2023-05-20,train,mlb_statcast,97,walk,0.487,xwOBA,0.695903,persisted_estimated_woba_value,3,12,3,4,2,False,15,15
718097,605400,1,64,65,18,18,2023-05-20,train,mlb_statcast,65,double,0.597,xwOBA,0.813,persisted_estimated_woba_value,3,2,1,1,2,False,15,15
718097,605400,2,72,87,20,22,2023-05-20,train,mlb_statcast,76,home_run,0.756,xwOBA,1.4147586206896552,persisted_estimated_woba_value,3,16,3,4,2,False,15,15
718100,607536,1,6,6,2,2,2023-05-20,train,mlb_statcast,6,field_out,0.48,xwOBA,0.054,persisted_estimated_woba_value,2,1,1,0,1,True,0,0
718100,607536,2,19,37,7,9,2023-05-20,train,mlb_statcast,22,single,0.709,xwOBA,0.932,persisted_estimated_woba_value,3,19,3,3,2,True,0,0
718100,607536,3,42,52,11,13,2023-05-20,train,mlb_statcast,45,double,0.636,xwOBA,1.420909090909091,persisted_estimated_woba_value,3,11,3,3,2,False,15,15
718100,607536,4,54,57,15,16,2023-05-20,train,mlb_statcast,55,single,0.484,xwOBA,0.605,persisted_estimated_woba_value,3,4,2,1,2,False,15,15
718103,657277,1,26,34,7,8,2023-05-20,train,mlb_statcast,27,single,0.53,xwOBA,0.893,persisted_estimated_woba_value,3,9,2,1,2,False,5,5
718103,666129,1,2,8,2,3,2023-05-20,train,mlb_statcast,5,field_out,0.674,xwOBA,0.4216249999999999,persisted_estimated_woba_value,2,7,2,3,1,True,0,0
718114,527048,1,78,81,22,22,2023-05-19,train,mlb_statcast,81,single,0.45,xwOBA,0.87,persisted_estimated_woba_value,3,4,1,3,2,False,15,15
718114,527048,2,83,84,24,24,2023-05-19,train,mlb_statcast,84,field_out,0.472,xwOBA,0.469,persisted_estimated_woba_value,3,2,1,1,2,False,15,15
718115,502043,1,4,6,2,2,2023-05-19,train,mlb_statcast,6,field_out,0.522,xwOBA,0.203,persisted_estimated_woba_value,2,3,1,2,1,True,0,0
718115,502043,2,27,33,8,9,2023-05-19,train,mlb_statcast,29,single,0.637,xwOBA,0.93,persisted_estimated_woba_value,3,7,2,2,2,False,6,6
718115,579328,1,18,26,4,6,2023-05-19,train,mlb_statcast,22,walk,0.531,xwOBA+BB/HBP,0.695903,persisted_estimated_woba_value,3,9,3,4,2,True,0,0
718115,579328,2,42,57,11,14,2023-05-19,train,mlb_statcast,47,walk,0.496,xwOBA,0.695903,persisted_estimated_woba_value,3,16,4,5,2,False,15,15
718116,573186,1,82,88,23,24,2023-05-19,train,mlb_statcast,85,walk,0.471,xwOBA+BB/HBP,0.695903,persisted_estimated_woba_value,3,7,2,3,2,False,15,15
718118,670912,1,14,16,4,4,2023-05-19,train,mlb_statcast,16,field_out,0.469,xwOBA,0.4096249999999999,persisted_estimated_woba_value,3,3,1,2,2,True,0,0
718118,670912,2,42,45,11,11,2023-05-19,train,mlb_statcast,45,walk,0.56,xwOBA,0.695903,persisted_estimated_woba_value,3,4,1,3,2,False,15,13
718118,670912,3,77,85,20,21,2023-05-19,train,mlb_statcast,82,walk,0.511,xwOBA,0.695903,persisted_estimated_woba_value,3,9,2,5,2,False,15,12
718120,594902,1,6,16,2,4,2023-05-19,train,mlb_statcast,10,home_run,1.003,xwOBA,2.0,persisted_estimated_woba_value,2,11,3,4,1,True,0,0
718121,641482,1,9,15,2,4,2023-05-18,train,mlb_statcast,10,home_run,0.777,xwOBA,1.537017857142858,persisted_estimated_woba_value,2,7,3,1,1,True,0,0
718121,641482,2,37,45,11,11,2023-05-18,train,mlb_statcast,45,single,0.502,xwOBA,0.86,persisted_estimated_woba_value,3,9,1,8,2,False,15,15
718125,656302,1,6,13,2,4,2023-05-18,train,mlb_statcast,8,field_out,0.645,xwOBA,0.652,persisted_estimated_woba_value,2,8,3,2,1,True,0,0
718125,656302,2,56,63,15,17,2023-05-18,train,mlb_statcast,56,home_run,0.869,xwOBA,1.8899090909090916,persisted_estimated_woba_value,3,8,3,0,2,False,15,13
718125,656302,3,72,72,20,20,2023-05-18,train,mlb_statcast,72,field_out,0.48,xwOBA,0.3965,persisted_estimated_woba_value,3,1,1,0,2,False,15,15
718125,656302,4,88,91,24,25,2023-05-18,train,mlb_statcast,89,double,0.514,xwOBA,0.806,persisted_estimated_woba_value,3,4,2,1,2,False,15,15
718125,671106,1,22,35,6,7,2023-05-18,train,mlb_statcast,25,walk,0.661,xwOBA,0.695903,persisted_estimated_woba_value,3,14,2,3,2,False,1,0
718125,671106,2,70,72,17,17,2023-05-18,train,mlb_statcast,72,single,0.611,xwOBA,0.923,persisted_estimated_woba_value,3,3,1,2,2,False,15,0
718125,671106,3,76,80,19,19,2023-05-18,train,mlb_statcast,80,force_out,0.506,xwOBA,0.445,persisted_estimated_woba_value,3,5,1,4,2,False,15,0
718126,675911,1,43,46,11,11,2023-05-17,train,mlb_statcast,46,field_out,0.619,xwOBA,0.951,persisted_estimated_woba_value,3,4,1,3,2,False,15,15
718126,675911,2,51,62,13,15,2023-05-17,train,mlb_statcast,53,home_run,0.728,xwOBA,1.2334888888888889,persisted_estimated_woba_value,3,12,3,2,2,False,15,14
718126,675911,3,82,88,22,23,2023-05-17,train,mlb_statcast,85,home_run,0.515,xwOBA,1.4541694915254244,persisted_estimated_woba_value,3,7,2,3,2,False,15,13
718128,542881,1,7,19,2,4,2023-05-18,train,mlb_statcast,12,walk,0.807,xwOBA,0.695903,persisted_estimated_woba_value,2,13,3,5,1,True,0,0
718128,542881,2,84,88,22,23,2023-05-18,train,mlb_statcast,87,home_run,0.6,xwOBA,1.7499318181818182,persisted_estimated_woba_value,3,5,2,3,2,False,15,15
718131,669203,1,3,12,2,4,2023-05-17,train,mlb_statcast,8,walk,0.503,xwOBA,0.695903,persisted_estimated_woba_value,2,10,3,5,1,True,0,0
718131,669203,2,84,89,26,27,2023-05-17,train,mlb_statcast,86,home_run,0.79,xwOBA,1.5207096774193547,persisted_estimated_woba_value,3,6,2,2,2,False,15,15
718132,665795,1,12,28,5,8,2023-05-17,train,mlb_statcast,18,single,0.483,xwOBA,0.888,persisted_estimated_woba_value,3,17,4,6,2,True,0,0
718132,665795,2,54,64,14,16,2023-05-17,train,mlb_statcast,57,double,0.503,xwOBA,1.1574324324324323,persisted_estimated_woba_value,3,11,3,3,2,False,15,15
718134,543037,1,20,28,7,8,2023-05-17,train,mlb_statcast,21,double,0.496,xwOBA,0.766,persisted_estimated_woba_value,3,9,2,1,2,True,0,0
718134,543037,2,75,78,20,20,2023-05-17,train,mlb_statcast,78,single,0.553,xwOBA,0.59,persisted_estimated_woba_value,3,4,1,3,2,False,15,15
718134,543037,3,92,97,24,25,2023-05-17,train,mlb_statcast,93,field_out,0.596,xwOBA,0.489,persisted_estimated_woba_value,3,6,2,1,2,False,15,15
718134,543037,4,99,104,27,28,2023-05-17,train,mlb_statcast,103,single,0.458,xwOBA,0.919,persisted_estimated_woba_value,3,6,2,4,2,False,15,15
718139,669194,1,68,82,19,20,2023-05-17,train,mlb_statcast,73,walk,0.464,xwOBA+BB/HBP,0.695903,persisted_estimated_woba_value,3,15,2,5,2,False,15,15
718142,593958,1,22,33,6,7,2023-05-17,train,mlb_statcast,30,walk,0.465,xwOBA,0.695903,persisted_estimated_woba_value,3,12,2,8,2,False,1,1
718142,593958,2,42,49,10,11,2023-05-17,train,mlb_statcast,45,field_out,0.548,xwOBA,0.603,persisted_estimated_woba_value,3,8,2,3,2,False,15,15
718142,593958,3,60,69,15,17,2023-05-17,train,mlb_statcast,62,home_run,0.514,xwOBA,1.2666315789473683,persisted_estimated_woba_value,3,10,3,2,2,False,15,15
718142,593958,4,88,98,22,23,2023-05-17,train,mlb_statcast,94,walk,0.523,xwOBA,0.695903,persisted_estimated_woba_value,3,11,2,6,2,False,15,15
718144,663903,1,16,22,5,5,2023-05-16,train,mlb_statcast,22,walk,0.536,xwOBA,0.695903,persisted_estimated_woba_value,3,7,1,6,2,True,0,0
718144,663903,2,27,31,7,7,2023-05-16,train,mlb_statcast,31,grounded_into_double_play,0.469,xwOBA,0.314,persisted_estimated_woba_value,3,5,1,4,2,False,6,6
718144,663903,3,56,67,15,17,2023-05-16,train,mlb_statcast,58,field_out,0.631,xwOBA,1.0543333333333331,persisted_estimated_woba_value,3,12,3,2,2,False,15,15
718144,663903,4,80,97,21,25,2023-05-16,train,mlb_statcast,84,field_out,0.46,xwOBA,0.426,persisted_estimated_woba_value,3,18,5,4,2,False,15,15
718148,641540,1,5,14,2,3,2023-05-16,train,mlb_statcast,8,field_out,0.886,xwOBA,1.0809230769230769,persisted_estimated_woba_value,2,10,2,3,1,True,0,0
718148,641540,2,33,37,8,8,2023-05-16,train,mlb_statcast,37,single,0.505,xwOBA,0.618,persisted_estimated_woba_value,3,5,1,4,2,False,12,0
718148,641540,3,40,57,10,12,2023-05-16,train,mlb_statcast,46,field_out,0.838,xwOBA,1.7925172413793105,persisted_estimated_woba_value,3,18,3,6,2,False,15,0
718148,641540,4,82,92,22,24,2023-05-16,train,mlb_statcast,84,field_out,0.538,xwOBA,0.976860465116279,persisted_estimated_woba_value,3,11,3,2,2,False,15,0
718152,664299,1,20,28,6,8,2023-05-16,train,mlb_statcast,21,home_run,0.645,xwOBA,1.80595652173913,persisted_estimated_woba_value,3,9,3,1,2,True,0,0
718152,664299,2,83,83,20,20,2023-05-16,train,mlb_statcast,83,field_out,0.601,xwOBA,1.04795,persisted_estimated_woba_value,3,1,1,0,2,False,15,15
718156,554430,1,41,48,11,12,2023-05-16,train,mlb_statcast,41,single,0.5,xwOBA,0.487,persisted_estimated_woba_value,3,8,2,0,2,False,15,15
718157,592332,1,31,36,10,10,2023-05-16,train,mlb_statcast,36,single,0.585,xwOBA,0.661,persisted_estimated_woba_value,3,6,1,5,2,False,10,10
718157,592332,2,65,80,18,20,2023-05-16,train,mlb_statcast,67,single,0.473,xwOBA,0.707,persisted_estimated_woba_value,3,16,3,2,2,False,15,15
718161,668881,1,15,31,4,7,2023-05-15,train,mlb_statcast,18,home_run,0.678,xwOBA,2.0,persisted_estimated_woba_value,3,17,4,3,2,True,0,0
718161,668881,2,74,85,18,20,2023-05-15,train,mlb_statcast,75,home_run,0.54,xwOBA,1.2178490566037734,persisted_estimated_woba_value,3,12,3,1,2,False,15,12
718166,656427,1,5,7,2,2,2023-05-15,train,mlb_statcast,7,single,0.568,xwOBA,0.441,persisted_estimated_woba_value,2,3,1,2,1,True,0,0
718167,656849,1,2,6,2,3,2023-05-15,train,mlb_statcast,4,field_out,0.481,xwOBA,0.4426666666666667,persisted_estimated_woba_value,2,5,2,2,1,True,0,0
718167,656849,2,37,48,10,12,2023-05-15,train,mlb_statcast,42,single,0.589,xwOBA,0.723,persisted_estimated_woba_value,3,12,3,5,2,False,15,14
718167,656849,3,59,74,17,19,2023-05-15,train,mlb_statcast,65,walk,0.577,xwOBA,0.695903,persisted_estimated_woba_value,3,16,3,6,2,False,15,12
718169,657277,1,5,21,3,5,2023-05-14,train,mlb_statcast,8,walk,0.516,xwOBA+BB/HBP,0.695903,persisted_estimated_woba_value,3,17,3,3,2,True,0,0
718169,657277,2,82,82,22,22,2023-05-14,train,mlb_statcast,82,field_out,0.498,xwOBA,0.559,persisted_estimated_woba_value,3,1,1,0,2,False,15,14
718174,605400,1,3,10,2,3,2023-05-14,train,mlb_statcast,7,walk,0.734,xwOBA,0.695903,persisted_estimated_woba_value,2,8,2,4,1,True,0,0
718174,605400,2,67,80,19,22,2023-05-14,train,mlb_statcast,67,home_run,0.542,xwOBA,1.5970535714285716,persisted_estimated_woba_value,3,14,4,0,2,False,15,14
718175,573186,1,21,29,6,7,2023-05-14,train,mlb_statcast,28,walk,0.464,xwOBA+BB/HBP,0.695903,persisted_estimated_woba_value,3,9,2,7,2,False,0,0
718175,573186,2,43,64,13,17,2023-05-14,train,mlb_statcast,44,single,0.544,xwOBA,0.808,persisted_estimated_woba_value,3,22,5,1,2,False,15,14
718178,666129,1,34,37,8,8,2023-05-14,train,mlb_statcast,37,double,0.51,xwOBA,0.8049583333333334,persisted_estimated_woba_value,3,4,1,3,2,False,13,0
718178,666129,2,74,82,18,20,2023-05-14,train,mlb_statcast,75,field_out,0.706,xwOBA+barrels,1.0475333333333332,persisted_estimated_woba_value,3,9,3,1,2,False,15,0
718179,502043,1,5,22,2,6,2023-05-14,train,mlb_statcast,7,single,0.843,xwOBA,0.746,persisted_estimated_woba_value,2,18,5,2,1,True,0,0
718181,579328,1,4,14,2,3,2023-05-14,train,mlb_statcast,6,strikeout,1.0,xwOBA,0.0,persisted_estimated_woba_value,2,11,2,2,1,True,0,0
718181,579328,2,24,34,6,8,2023-05-14,train,mlb_statcast,25,double,0.47,xwOBA,1.3167931034482756,persisted_estimated_woba_value,3,11,3,1,2,False,3,2
718181,579328,3,72,74,18,18,2023-05-14,train,mlb_statcast,74,single,0.673,xwOBA,0.86,persisted_estimated_woba_value,3,3,1,2,2,False,15,9
718182,663776,1,15,15,4,4,2023-05-14,train,mlb_statcast,15,single,0.483,xwOBA,0.857,persisted_estimated_woba_value,3,1,1,0,2,True,0,0
718182,663776,2,19,21,6,6,2023-05-14,train,mlb_statcast,21,single,0.582,xwOBA,0.88,event_weight_fallback,3,3,1,2,2,True,0,0
718182,663776,3,70,77,21,23,2023-05-14,train,mlb_statcast,72,double,0.48,xwOBA,1.2597727272727273,persisted_estimated_woba_value,3,8,3,2,2,False,15,15
718182,663776,4,90,92,27,27,2023-05-14,train,mlb_statcast,92,single,0.485,xwOBA,0.662,persisted_estimated_woba_value,3,3,1,2,2,False,15,15
718185,605397,1,12,21,5,7,2023-05-13,train,mlb_statcast,15,home_run,0.585,xwOBA,1.6683043478260873,persisted_estimated_woba_value,3,10,3,3,2,True,0,0
718185,605397,2,37,42,12,12,2023-05-13,train,mlb_statcast,42,double,0.477,xwOBA,0.7336,persisted_estimated_woba_value,3,6,1,5,2,False,15,0
718196,519242,1,77,88,22,24,2023-05-13,train,mlb_statcast,78,home_run,0.514,xwOBA,1.4875757575757576,persisted_estimated_woba_value,3,12,3,1,2,False,15,15
718197,641482,1,11,23,5,7,2023-05-13,train,mlb_statcast,14,single,0.554,xwOBA,0.895,persisted_estimated_woba_value,3,13,3,3,2,True,0,0
718197,641482,2,57,79,17,20,2023-05-13,train,mlb_statcast,63,walk,0.462,xwOBA+BB/HBP,0.69,event_weight_fallback,3,23,4,6,2,False,15,13
718199,669194,1,10,36,4,8,2023-05-12,train,mlb_statcast,15,home_run,0.621,xwOBA,1.797875,persisted_estimated_woba_value,3,27,5,5,2,True,0,0
718199,669194,2,41,46,10,10,2023-05-12,train,mlb_statcast,46,field_out,0.586,xwOBA,1.0475333333333332,persisted_estimated_woba_value,3,6,1,5,2,False,15,14
718199,669194,3,52,69,12,16,2023-05-12,train,mlb_statcast,52,single,0.585,xwOBA,0.707,persisted_estimated_woba_value,3,18,5,0,2,False,15,15
718200,527048,1,2,12,2,3,2023-05-12,train,mlb_statcast,6,field_out,0.614,xwOBA,0.002,persisted_estimated_woba_value,2,11,2,4,1,True,0,0
718200,527048,2,36,40,10,10,2023-05-12,train,mlb_statcast,40,force_out,0.476,xwOBA,0.481,persisted_estimated_woba_value,3,5,1,4,2,False,15,14
718200,527048,3,65,88,17,25,2023-05-12,train,mlb_statcast,67,home_run,0.861,xwOBA,2.0,persisted_estimated_woba_value,3,24,9,2,2,False,15,13
718204,669203,1,34,40,9,9,2023-05-12,train,mlb_statcast,40,field_out,0.463,xwOBA,0.6220999999999999,persisted_estimated_woba_value,3,7,1,6,2,False,13,13
718204,669203,2,54,63,13,14,2023-05-12,train,mlb_statcast,58,walk,0.495,xwOBA+BB/HBP,0.695903,persisted_estimated_woba_value,3,10,2,4,2,False,15,15
718204,669203,3,78,79,18,18,2023-05-12,train,mlb_statcast,79,field_out,0.461,xwOBA,0.76,persisted_estimated_woba_value,3,2,1,1,2,False,15,15
718204,669203,4,88,91,20,20,2023-05-12,train,mlb_statcast,91,field_out,0.46,xwOBA,0.208,persisted_estimated_woba_value,3,4,1,3,2,False,15,15
718205,542881,1,5,19,2,5,2023-05-12,train,mlb_statcast,7,triple,0.682,xwOBA,0.904,persisted_estimated_woba_value,2,15,4,2,1,True,0,0
718205,542881,2,23,26,7,7,2023-05-12,train,mlb_statcast,26,single,0.505,xwOBA,0.368,persisted_estimated_woba_value,3,4,1,3,2,False,2,2
718205,542881,3,41,48,12,14,2023-05-12,train,mlb_statcast,42,double,0.564,xwOBA,0.956,persisted_estimated_woba_value,3,8,3,1,2,False,15,15
718205,542881,4,67,72,20,21,2023-05-12,train,mlb_statcast,68,single,0.567,xwOBA,0.834,persisted_estimated_woba_value,3,6,2,1,2,False,15,15
718205,671106,1,60,72,15,18,2023-05-12,train,mlb_statcast,61,single,0.712,xwOBA,0.937,persisted_estimated_woba_value,3,13,4,1,2,False,15,0
718205,671106,2,88,96,23,24,2023-05-12,train,mlb_statcast,91,single,0.592,xwOBA,0.902,persisted_estimated_woba_value,3,9,2,3,2,False,15,0
718206,675911,1,74,83,18,19,2023-05-12,train,mlb_statcast,80,walk,0.452,xwOBA,0.695903,persisted_estimated_woba_value,3,10,2,6,2,False,15,15
718210,543037,1,9,23,3,5,2023-05-12,train,mlb_statcast,11,home_run,0.62,xwOBA,1.8509,persisted_estimated_woba_value,3,15,3,2,2,True,0,0
718210,543037,2,41,55,9,12,2023-05-12,train,mlb_statcast,43,home_run,0.772,xwOBA,1.9295,persisted_estimated_woba_value,3,15,4,2,2,False,15,15
718210,543037,3,85,89,21,21,2023-05-12,train,mlb_statcast,89,single,0.515,xwOBA,0.313,persisted_estimated_woba_value,3,5,1,4,2,False,15,15
718213,670912,1,8,11,3,3,2023-05-12,train,mlb_statcast,11,walk,0.482,xwOBA,0.695903,persisted_estimated_woba_value,3,4,1,3,2,True,0,0
718213,670912,2,23,25,7,7,2023-05-12,train,mlb_statcast,25,field_out,0.472,xwOBA,0.9127586206896556,persisted_estimated_woba_value,3,3,1,2,2,False,2,2
718213,670912,3,40,43,12,12,2023-05-12,train,mlb_statcast,43,walk,0.635,xwOBA,0.695903,persisted_estimated_woba_value,3,4,1,3,2,False,15,15
718213,670912,4,48,52,14,14,2023-05-12,train,mlb_statcast,52,walk,0.464,xwOBA+BB/HBP,0.695903,persisted_estimated_woba_value,3,5,1,4,2,False,15,15
718213,670912,5,73,76,20,20,2023-05-12,train,mlb_statcast,76,walk,0.458,xwOBA,0.695903,persisted_estimated_woba_value,3,4,1,3,2,False,15,15
718218,663903,1,24,34,7,8,2023-05-11,train,mlb_statcast,29,walk,0.658,xwOBA,0.695903,persisted_estimated_woba_value,3,11,2,5,2,False,3,3
718218,663903,2,47,50,12,13,2023-05-11,train,mlb_statcast,47,single,0.471,xwOBA,0.538,persisted_estimated_woba_value,3,4,2,0,2,False,15,13
718218,663903,3,60,63,19,20,2023-05-11,train,mlb_statcast,60,field_out,0.471,xwOBA,0.346,persisted_estimated_woba_value,3,4,2,0,2,False,15,14
718225,668881,1,18,19,5,6,2023-05-10,train,mlb_statcast,18,hit_by_pitch,0.66,xwOBA,0.726005,persisted_estimated_woba_value,3,2,2,0,2,True,0,0
718225,668881,2,28,50,9,14,2023-05-10,train,mlb_statcast,33,field_out,0.456,xwOBA,0.145,persisted_estimated_woba_value,3,23,6,5,2,False,7,7
718225,668881,3,63,80,18,20,2023-05-10,train,mlb_statcast,69,walk,0.553,xwOBA,0.695903,persisted_estimated_woba_value,3,18,3,6,2,False,15,15
718226,665795,1,20,22,7,7,2023-05-10,train,mlb_statcast,22,field_out,0.519,xwOBA,0.661,persisted_estimated_woba_value,3,3,1,2,2,True,0,0
718226,665795,2,39,62,12,16,2023-05-10,train,mlb_statcast,43,walk,0.464,xwOBA+BB/HBP,0.695903,persisted_estimated_woba_value,3,24,5,4,2,False,15,15
718229,641540,1,7,14,2,4,2023-05-10,train,mlb_statcast,9,single,0.82,xwOBA,0.944,persisted_estimated_woba_value,2,8,3,2,1,True,0,0
718229,641540,2,20,23,7,8,2023-05-10,train,mlb_statcast,20,field_out,0.714,xwOBA,1.122,persisted_estimated_woba_value,3,4,2,0,2,True,0,0
718229,641540,3,40,48,13,16,2023-05-10,train,mlb_statcast,40,grounded_into_double_play,0.535,xwOBA,0.295,persisted_estimated_woba_value,3,9,4,0,2,False,15,0
718230,640455,1,29,50,6,11,2023-05-10,train,mlb_statcast,34,single,0.451,xwOBA,0.656,persisted_estimated_woba_value,3,22,6,5,2,False,8,0
718230,640455,2,70,74,16,17,2023-05-10,train,mlb_statcast,71,single,0.456,xwOBA,0.328,persisted_estimated_woba_value,3,5,2,1,2,False,15,0
718233,554430,1,4,8,2,2,2023-05-10,train,mlb_statcast,8,field_out,0.576,xwOBA,0.603,persisted_estimated_woba_value,2,5,1,4,1,True,0,0
718233,554430,2,52,54,15,15,2023-05-10,train,mlb_statcast,54,home_run,0.506,xwOBA,0.6782222222222222,persisted_estimated_woba_value,3,3,1,2,2,False,15,15
718234,593958,1,53,63,14,15,2023-05-10,train,mlb_statcast,60,walk,0.466,xwOBA+BB/HBP,0.695903,persisted_estimated_woba_value,3,11,2,7,2,False,15,15
718235,664299,1,19,32,5,7,2023-05-10,train,mlb_statcast,23,home_run,0.854,xwOBA,1.6668333333333336,persisted_estimated_woba_value,3,14,3,4,2,True,0,0
718240,656427,1,6,22,2,5,2023-05-09,train,mlb_statcast,7,double,1.083,xwOBA,1.2666315789473683,persisted_estimated_woba_value,2,17,4,1,1,True,0,0
718240,656427,2,41,56,11,13,2023-05-09,train,mlb_statcast,47,home_run,0.606,xwOBA,1.0587272727272727,persisted_estimated_woba_value,3,16,3,6,2,False,15,15
718240,656427,3,63,63,15,15,2023-05-09,train,mlb_statcast,63,single,0.471,xwOBA,0.716,persisted_estimated_woba_value,3,1,1,0,2,False,15,14
718240,656427,4,80,93,20,23,2023-05-09,train,mlb_statcast,80,double,0.742,xwOBA,1.1678297872340424,persisted_estimated_woba_value,3,14,4,0,2,False,15,15
718243,656849,1,62,63,13,13,2023-05-09,train,mlb_statcast,63,force_out,0.505,xwOBA,0.392,persisted_estimated_woba_value,3,2,1,1,2,False,15,15
718243,656849,2,81,87,18,19,2023-05-09,train,mlb_statcast,85,double,0.497,xwOBA,1.1575471698113204,persisted_estimated_woba_value,3,7,2,4,2,False,15,13
718244,605400,1,4,11,2,2,2023-05-09,train,mlb_statcast,11,walk,0.512,xwOBA,0.695903,persisted_estimated_woba_value,2,8,1,7,1,True,0,0
718244,605400,2,35,35,10,10,2023-05-09,train,mlb_statcast,35,double,0.532,xwOBA,0.9094838709677416,persisted_estimated_woba_value,3,1,1,0,2,False,14,14
718244,605400,3,69,78,19,21,2023-05-09,train,mlb_statcast,70,home_run,0.484,xwOBA,1.263652173913044,persisted_estimated_woba_value,3,10,3,1,2,False,15,15
718249,666129,1,15,15,5,5,2023-05-08,train,mlb_statcast,15,field_out,0.462,xwOBA,0.231,persisted_estimated_woba_value,3,1,1,0,2,True,0,0
718249,666129,2,44,50,13,14,2023-05-08,train,mlb_statcast,46,double,0.53,xwOBA,0.867,persisted_estimated_woba_value,3,7,2,2,2,False,15,0
718249,666129,3,77,88,22,24,2023-05-08,train,mlb_statcast,80,home_run,0.695,xwOBA,2.0,persisted_estimated_woba_value,3,12,3,3,2,False,15,0
718250,657277,1,8,17,3,3,2023-05-09,train,mlb_statcast,17,walk,0.496,xwOBA,0.695903,persisted_estimated_woba_value,3,10,1,9,2,True,0,0
718250,657277,2,81,93,24,26,2023-05-09,train,mlb_statcast,82,single,0.471,xwOBA,0.909,persisted_estimated_woba_value,3,13,3,1,2,False,15,15
718253,656302,1,34,44,10,11,2023-05-08,train,mlb_statcast,38,force_out,0.482,xwOBA,0.548,persisted_estimated_woba_value,3,11,2,4,2,False,13,12
718253,656302,2,49,62,13,15,2023-05-08,train,mlb_statcast,53,home_run,0.694,xwOBA,2.0,persisted_estimated_woba_value,3,14,3,4,2,False,15,14
718253,656302,3,93,97,25,25,2023-05-08,train,mlb_statcast,97,walk,0.563,xwOBA+BB/HBP,0.695903,persisted_estimated_woba_value,3,5,1,4,2,False,15,15
718254,663776,1,5,7,2,2,2023-05-08,train,mlb_statcast,7,single,0.615,xwOBA,0.449,persisted_estimated_woba_value,2,3,1,2,1,True,0,0
718254,663776,2,48,53,11,12,2023-05-08,train,mlb_statcast,51,triple,0.535,xwOBA,0.86,persisted_estimated_woba_value,3,6,2,3,2,False,15,13
718254,663776,3,69,78,18,20,2023-05-08,train,mlb_statcast,75,home_run,0.595,xwOBA,1.5207096774193547,persisted_estimated_woba_value,3,10,3,6,2,False,15,14
718254,663776,4,80,89,22,24,2023-05-08,train,mlb_statcast,85,field_out,0.504,xwOBA,0.679,persisted_estimated_woba_value,3,10,3,5,2,False,15,13
718254,663776,5,92,92,26,26,2023-05-08,train,mlb_statcast,92,field_out,0.455,xwOBA,0.7551923076923079,persisted_estimated_woba_value,3,1,1,0,2,False,15,13
718255,641482,1,9,19,3,4,2023-05-08,train,mlb_statcast,13,walk,0.53,xwOBA,0.695903,persisted_estimated_woba_value,3,11,2,4,2,True,0,0
718255,641482,2,62,72,15,17,2023-05-08,train,mlb_statcast,62,single,0.463,xwOBA,0.933,persisted_estimated_woba_value,3,11,3,0,2,False,15,14
718255,641482,3,85,89,22,23,2023-05-08,train,mlb_statcast,88,walk,0.493,xwOBA,0.695903,persisted_estimated_woba_value,3,5,2,3,2,False,15,14
718256,573186,1,20,27,6,8,2023-05-08,train,mlb_statcast,21,field_out,0.526,xwOBA,0.925,persisted_estimated_woba_value,3,8,3,1,2,True,0,0
718256,573186,2,82,90,22,23,2023-05-08,train,mlb_statcast,87,double,0.508,xwOBA,1.4265,persisted_estimated_woba_value,3,9,2,5,2,False,15,8
718258,607536,1,6,15,2,3,2023-05-08,train,mlb_statcast,7,field_out,0.767,xwOBA,0.8102,persisted_estimated_woba_value,2,10,2,1,1,True,0,0
718258,607536,2,31,31,9,9,2023-05-08,train,mlb_statcast,31,force_out,0.455,xwOBA,0.237,persisted_estimated_woba_value,3,1,1,0,2,False,10,10
718258,607536,3,77,81,20,21,2023-05-08,train,mlb_statcast,77,grounded_into_double_play,0.478,xwOBA,0.368,persisted_estimated_woba_value,3,5,2,0,2,False,15,15
718258,607536,4,85,98,23,26,2023-05-08,train,mlb_statcast,86,single,0.627,xwOBA,0.9,persisted_estimated_woba_value,3,14,4,1,2,False,15,15
718259,502043,1,23,30,6,8,2023-05-08,train,mlb_statcast,23,home_run,0.753,xwOBA,1.9365,persisted_estimated_woba_value,3,8,3,0,2,False,2,2
718259,502043,2,63,63,19,19,2023-05-08,train,mlb_statcast,63,single,0.469,xwOBA,0.415,persisted_estimated_woba_value,3,1,1,0,2,False,15,11
718259,502043,3,68,71,21,21,2023-05-08,train,mlb_statcast,71,walk,0.502,xwOBA,0.695903,persisted_estimated_woba_value,3,4,1,3,2,False,15,12
718259,502043,4,85,93,25,26,2023-05-08,train,mlb_statcast,87,field_out,0.514,xwOBA,1.326280487804878,persisted_estimated_woba_value,3,9,2,2,2,False,15,13
718263,669194,1,14,25,5,6,2023-05-07,train,mlb_statcast,18,walk,0.506,xwOBA,0.695903,persisted_estimated_woba_value,3,12,2,4,2,True,0,0
718263,669194,2,86,90,21,21,2023-05-07,train,mlb_statcast,90,field_out,0.575,xwOBA,0.597,persisted_estimated_woba_value,3,5,1,4,2,False,15,14
718266,605397,1,40,43,10,10,2023-05-07,train,mlb_statcast,43,walk,0.469,xwOBA+BB/HBP,0.695903,persisted_estimated_woba_value,3,4,1,3,2,False,15,0
718266,605397,2,47,52,12,12,2023-05-07,train,mlb_statcast,52,walk,0.471,xwOBA+BB/HBP,0.695903,persisted_estimated_woba_value,3,6,1,5,2,False,15,0
718266,605397,3,79,81,20,21,2023-05-07,train,mlb_statcast,80,field_error,0.469,xwOBA,0.5880500000000001,persisted_estimated_woba_value,3,3,2,1,2,False,15,0
718271,543037,1,18,20,6,7,2023-05-07,train,mlb_statcast,18,field_out,0.463,xwOBA,0.435,persisted_estimated_woba_value,3,3,2,0,2,True,0,0
718271,543037,2,66,73,18,20,2023-05-07,train,mlb_statcast,66,home_run,0.504,xwOBA,1.4875757575757576,persisted_estimated_woba_value,3,8,3,0,2,False,15,15
718271,543037,3,85,96,24,26,2023-05-07,train,mlb_statcast,87,double,0.563,xwOBA,0.732,persisted_estimated_woba_value,3,12,3,2,2,False,15,15
718278,579328,1,7,11,2,3,2023-05-07,train,mlb_statcast,7,field_out,0.91,xwOBA,1.1250399999999996,persisted_estimated_woba_value,2,5,2,0,1,True,0,0
718280,663903,1,21,34,6,8,2023-05-06,train,mlb_statcast,25,walk,0.476,xwOBA,0.695903,persisted_estimated_woba_value,3,14,3,4,2,False,0,0
718280,663903,2,75,77,18,18,2023-05-06,train,mlb_statcast,77,single,0.496,xwOBA,0.793,persisted_estimated_woba_value,3,3,1,2,2,False,15,15
718280,663903,3,83,90,20,22,2023-05-06,train,mlb_statcast,85,triple,0.881,xwOBA,1.810333333333333,persisted_estimated_woba_value,3,8,3,2,2,False,15,15
718283,675911,1,60,64,13,13,2023-05-06,train,mlb_statcast,64,double,0.624,xwOBA,0.8759310344827588,persisted_estimated_woba_value,3,5,1,4,2,False,15,15
718283,675911,2,74,77,15,15,2023-05-06,train,mlb_statcast,77,single,0.526,xwOBA,0.701,persisted_estimated_woba_value,3,4,1,3,2,False,15,12
718285,671106,1,4,6,2,2,2023-05-06,train,mlb_statcast,6,single,0.587,xwOBA,0.927,persisted_estimated_woba_value,2,3,1,2,1,True,0,0
718285,671106,2,35,50,11,14,2023-05-06,train,mlb_statcast,36,field_out,0.69,xwOBA,0.7605000000000002,persisted_estimated_woba_value,3,16,4,1,2,False,14,0
718285,671106,3,80,92,23,26,2023-05-06,train,mlb_statcast,85,single,0.495,xwOBA,0.419,persisted_estimated_woba_value,3,13,4,5,2,False,15,0
718286,670912,1,2,26,2,9,2023-05-06,train,mlb_statcast,5,walk,0.752,xwOBA,0.695903,persisted_estimated_woba_value,2,25,8,3,1,True,0,0
718286,670912,2,46,49,16,16,2023-05-06,train,mlb_statcast,49,single,0.464,xwOBA,0.22,persisted_estimated_woba_value,3,4,1,3,2,False,15,14
718286,670912,3,56,63,18,20,2023-05-06,train,mlb_statcast,56,single,0.476,xwOBA,0.921,persisted_estimated_woba_value,3,8,3,0,2,False,15,15
718286,670912,4,75,85,25,26,2023-05-06,train,mlb_statcast,79,walk,0.663,xwOBA,0.695903,persisted_estimated_woba_value,3,11,2,4,2,False,15,15
718294,542881,1,11,16,4,4,2023-05-05,train,mlb_statcast,16,walk,0.454,xwOBA,0.695903,persisted_estimated_woba_value,3,6,1,5,2,True,0,0
718294,542881,2,19,19,6,6,2023-05-05,train,mlb_statcast,19,single,0.461,xwOBA,0.51,persisted_estimated_woba_value,3,1,1,0,2,True,0,0
718294,542881,3,37,70,11,18,2023-05-05,train,mlb_statcast,41,walk,0.464,xwOBA+BB/HBP,0.695903,persisted_estimated_woba_value,3,34,8,4,2,False,15,15
718297,664299,1,2,10,2,3,2023-05-05,train,mlb_statcast,5,walk,1.157,xwOBA,0.695903,persisted_estimated_woba_value,2,9,2,3,1,True,0,0
718297,664299,2,52,63,15,17,2023-05-05,train,mlb_statcast,54,single,0.455,xwOBA,0.865,persisted_estimated_woba_value,3,12,3,2,2,False,15,15
718301,519242,1,24,28,8,8,2023-05-05,train,mlb_statcast,28,hit_by_pitch,0.479,xwOBA+BB/HBP,0.726005,persisted_estimated_woba_value,3,5,1,4,2,False,3,3
718301,519242,2,47,57,14,15,2023-05-05,train,mlb_statcast,51,triple,0.566,xwOBA,0.5663157894736843,persisted_estimated_woba_value,3,11,2,4,2,False,15,15
718301,554430,1,57,59,13,13,2023-05-05,train,mlb_statcast,59,hit_by_pitch,0.49,xwOBA,0.726005,persisted_estimated_woba_value,3,3,1,2,2,False,15,15
718301,554430,2,64,64,15,15,2023-05-05,train,mlb_statcast,64,single,0.57,xwOBA,0.826,persisted_estimated_woba_value,3,1,1,0,2,False,15,15
718301,554430,3,68,72,17,17,2023-05-05,train,mlb_statcast,72,field_out,0.462,xwOBA,0.461,persisted_estimated_woba_value,3,5,1,4,2,False,15,15
718301,554430,4,93,98,24,25,2023-05-05,train,mlb_statcast,95,single,0.537,xwOBA,0.848,persisted_estimated_woba_value,3,6,2,2,2,False,15,14
718303,665795,1,19,23,6,6,2023-05-05,train,mlb_statcast,23,single,0.481,xwOBA,0.727,persisted_estimated_woba_value,3,5,1,4,2,True,0,0
718303,665795,2,85,95,20,22,2023-05-05,train,mlb_statcast,87,single,0.696,xwOBA,0.854,persisted_estimated_woba_value,3,11,3,2,2,False,15,12
718305,668881,1,62,63,16,16,2023-05-05,train,mlb_statcast,63,single,0.516,xwOBA,0.613,persisted_estimated_woba_value,3,2,1,1,2,False,15,0
718305,668881,2,76,103,21,25,2023-05-05,train,mlb_statcast,81,field_out,0.475,xwOBA,1.1182968749999995,persisted_estimated_woba_value,3,28,5,5,2,False,15,0
718311,656427,1,14,17,4,4,2023-05-04,train,mlb_statcast,17,single,0.554,xwOBA,0.895,persisted_estimated_woba_value,3,4,1,3,2,True,0,0
718311,656427,2,24,28,6,6,2023-05-04,train,mlb_statcast,28,single,0.457,xwOBA,0.476,persisted_estimated_woba_value,3,5,1,4,2,False,3,3
718311,656427,3,33,37,8,8,2023-05-04,train,mlb_statcast,37,home_run,0.505,xwOBA,0.8630714285714287,persisted_estimated_woba_value,3,5,1,4,2,False,12,12
718311,656427,4,55,70,13,16,2023-05-04,train,mlb_statcast,58,hit_by_pitch,0.577,xwOBA,0.726005,persisted_estimated_woba_value,3,16,4,3,2,False,15,15
718314,502043,1,10,20,6,9,2023-05-03,train,mlb_statcast,12,double,0.497,xwOBA,0.905,persisted_estimated_woba_value,3,11,4,2,2,True,0,0
718314,502043,2,30,33,13,13,2023-05-03,train,mlb_statcast,33,field_out,0.5,xwOBA,0.569,persisted_estimated_woba_value,3,4,1,3,2,False,9,8
718314,502043,3,45,47,17,17,2023-05-03,train,mlb_statcast,47,field_out,0.546,xwOBA,1.1575471698113204,persisted_estimated_woba_value,3,3,1,2,2,False,15,14
718314,502043,4,49,50,19,19,2023-05-03,train,mlb_statcast,50,force_out,0.461,xwOBA,0.095,persisted_estimated_woba_value,3,2,1,1,2,False,15,14
718314,502043,5,66,74,27,28,2023-05-03,train,mlb_statcast,71,double,0.663,xwOBA,0.773,persisted_estimated_woba_value,3,9,2,5,2,False,15,15
718315,607536,1,16,22,6,7,2023-05-03,train,mlb_statcast,16,grounded_into_double_play,0.459,xwOBA,0.519,persisted_estimated_woba_value,3,7,2,0,2,True,0,0
718315,607536,2,36,38,11,11,2023-05-03,train,mlb_statcast,38,field_out,0.499,xwOBA,0.976860465116279,persisted_estimated_woba_value,3,3,1,2,2,False,15,15
718316,592332,1,7,19,2,4,2023-05-04,train,mlb_statcast,7,home_run,0.559,xwOBA,1.1182968749999995,persisted_estimated_woba_value,2,13,3,0,1,True,0,0
718316,592332,2,33,40,8,9,2023-05-04,train,mlb_statcast,39,field_out,0.516,xwOBA,0.243,persisted_estimated_woba_value,3,8,2,6,2,False,12,12
718316,592332,3,44,46,11,11,2023-05-04,train,mlb_statcast,46,single,0.515,xwOBA,0.499,persisted_estimated_woba_value,3,3,1,2,2,False,15,15
718316,592332,4,51,62,13,15,2023-05-04,train,mlb_statcast,51,double,0.682,xwOBA,1.4801764705882352,persisted_estimated_woba_value,3,12,3,0,2,False,15,15
718316,592332,5,86,89,21,21,2023-05-04,train,mlb_statcast,89,field_out,0.715,xwOBA,0.8263846153846155,persisted_estimated_woba_value,3,4,1,3,2,False,15,15
718321,666129,1,18,36,5,11,2023-05-03,train,mlb_statcast,18,single,0.512,xwOBA,0.453,persisted_estimated_woba_value,3,19,7,0,2,True,0,0
718321,666129,2,44,54,14,17,2023-05-03,train,mlb_statcast,45,double,0.719,xwOBA,1.5946315789473686,persisted_estimated_woba_value,3,11,4,1,2,False,15,0
718321,666129,3,60,64,19,20,2023-05-03,train,mlb_statcast,62,grounded_into_double_play,0.499,xwOBA,0.665,persisted_estimated_woba_value,3,5,2,2,2,False,15,0
718321,666129,4,80,81,26,26,2023-05-03,train,mlb_statcast,81,single,0.477,xwOBA,0.407,persisted_estimated_woba_value,3,2,1,1,2,False,15,0
718321,666129,5,85,85,28,28,2023-05-03,train,mlb_statcast,85,home_run,0.805,xwOBA,2.0,persisted_estimated_woba_value,3,1,1,0,2,False,15,0
718322,656302,1,12,21,4,5,2023-05-03,train,mlb_statcast,16,walk,0.493,xwOBA,0.695903,persisted_estimated_woba_value,3,10,2,4,2,True,0,0
718322,656302,2,49,61,13,15,2023-05-03,train,mlb_statcast,49,double,0.955,xwOBA,1.6922058823529416,persisted_estimated_woba_value,3,13,3,0,2,False,15,13
718322,656302,3,69,80,18,20,2023-05-03,train,mlb_statcast,75,walk,0.464,xwOBA,0.695903,persisted_estimated_woba_value,3,12,3,6,2,False,15,15
718326,657277,1,100,103,27,29,2023-05-03,train,mlb_statcast,100,single,0.606,xwOBA,0.557,persisted_estimated_woba_value,3,4,3,0,2,False,15,0
718327,605400,1,4,4,2,2,2023-05-03,train,mlb_statcast,4,double,0.506,xwOBA,0.58725,persisted_estimated_woba_value,2,1,1,0,1,True,0,0
718327,605400,2,30,37,9,10,2023-05-03,train,mlb_statcast,36,hit_by_pitch,0.485,xwOBA,0.726005,persisted_estimated_woba_value,3,8,2,6,2,False,9,9
718327,605400,3,52,64,16,18,2023-05-03,train,mlb_statcast,53,home_run,0.829,xwOBA,1.3954347826086957,persisted_estimated_woba_value,3,13,3,1,2,False,15,15
718333,573186,1,10,15,4,4,2023-05-03,train,mlb_statcast,15,single,0.528,xwOBA,0.608,persisted_estimated_woba_value,3,6,1,5,2,True,0,0
718333,573186,2,58,73,16,18,2023-05-03,train,mlb_statcast,64,single,0.47,xwOBA,0.865,persisted_estimated_woba_value,3,16,3,6,2,False,15,13
718333,573186,3,83,84,22,22,2023-05-03,train,mlb_statcast,84,single,0.522,xwOBA,0.589,persisted_estimated_woba_value,3,2,1,1,2,False,15,13
718338,663776,1,68,71,15,15,2023-05-02,train,mlb_statcast,71,single,0.49,xwOBA,0.453,persisted_estimated_woba_value,3,4,1,3,2,False,15,14
718338,663776,2,90,98,20,21,2023-05-02,train,mlb_statcast,90,double,0.546,xwOBA,0.795,persisted_estimated_woba_value,3,9,2,0,2,False,15,14
718339,543037,1,21,29,6,7,2023-05-02,train,mlb_statcast,24,hit_by_pitch,0.474,xwOBA+BB/HBP,0.726005,persisted_estimated_woba_value,3,9,2,3,2,False,0,0
718339,543037,2,46,64,12,14,2023-05-02,train,mlb_statcast,49,single,0.567,xwOBA,0.662,persisted_estimated_woba_value,3,19,3,3,2,False,15,15
718339,543037,3,85,99,22,24,2023-05-02,train,mlb_statcast,89,field_out,0.53,xwOBA,0.698,persisted_estimated_woba_value,3,15,3,4,2,False,15,15
718341,579328,1,26,39,7,10,2023-05-02,train,mlb_statcast,28,home_run,0.541,xwOBA,1.1251206896551722,persisted_estimated_woba_value,3,14,4,2,2,False,5,0
718341,579328,2,71,71,17,17,2023-05-02,train,mlb_statcast,71,single,0.665,xwOBA,0.793,persisted_estimated_woba_value,3,1,1,0,2,False,15,0
718341,579328,3,78,88,19,21,2023-05-02,train,mlb_statcast,81,hit_by_pitch,0.547,xwOBA,0.726005,persisted_estimated_woba_value,3,11,3,3,2,False,15,0
718352,675911,1,5,17,2,4,2023-05-01,train,mlb_statcast,12,walk,0.625,xwOBA,0.695903,persisted_estimated_woba_value,2,13,3,7,1,True,0,0
718352,675911,2,55,73,12,15,2023-05-01,train,mlb_statcast,63,walk,0.468,xwOBA,0.695903,persisted_estimated_woba_value,3,19,4,8,2,False,15,14
718352,675911,3,96,107,22,24,2023-05-01,train,mlb_statcast,97,field_out,0.685,xwOBA,1.345,persisted_estimated_woba_value,3,12,3,1,2,False,15,13
718356,527048,1,4,7,2,2,2023-04-30,train,mlb_statcast,7,single,0.501,xwOBA,0.802,persisted_estimated_woba_value,2,4,1,3,1,True,0,0
718356,527048,2,58,58,18,18,2023-04-30,train,mlb_statcast,58,single,0.573,xwOBA,0.605,persisted_estimated_woba_value,3,1,1,0,2,False,15,15
718356,641482,1,9,29,3,6,2023-04-30,train,mlb_statcast,13,walk,0.472,xwOBA+BB/HBP,0.695903,persisted_estimated_woba_value,3,21,4,4,2,True,0,0
718356,641482,2,67,75,15,16,2023-04-30,train,mlb_statcast,71,double,0.5,xwOBA,0.675,persisted_estimated_woba_value,3,9,2,4,2,False,15,15
718356,641482,3,96,100,21,23,2023-04-30,train,mlb_statcast,96,home_run,0.581,xwOBA,1.039657142857143,persisted_estimated_woba_value,3,5,3,0,2,False,15,11
718358,669194,1,37,55,11,15,2023-04-30,train,mlb_statcast,42,single,0.551,xwOBA,0.908,persisted_estimated_woba_value,3,19,5,5,2,False,15,14
718358,669194,2,62,71,18,20,2023-04-30,train,mlb_statcast,65,single,0.5,xwOBA,0.795,persisted_estimated_woba_value,3,10,3,3,2,False,15,12
718362,663903,1,18,21,6,6,2023-04-30,train,mlb_statcast,21,field_out,0.465,xwOBA,0.146,persisted_estimated_woba_value,3,4,1,3,2,True,0,0
718362,663903,2,40,67,12,17,2023-04-30,train,mlb_statcast,45,walk,0.464,xwOBA+BB/HBP,0.695903,persisted_estimated_woba_value,3,28,6,5,2,False,15,14
718367,670912,1,18,26,5,7,2023-04-30,train,mlb_statcast,19,double,0.598,xwOBA,0.741,persisted_estimated_woba_value,3,9,3,1,2,True,0,0
718367,670912,2,32,32,9,9,2023-04-30,train,mlb_statcast,32,single,0.528,xwOBA,0.887,persisted_estimated_woba_value,3,1,1,0,2,False,11,11
718367,670912,3,34,44,11,13,2023-04-30,train,mlb_statcast,38,single,0.514,xwOBA,0.562,persisted_estimated_woba_value,3,11,3,4,2,False,13,13
718367,670912,4,50,64,16,18,2023-04-30,train,mlb_statcast,57,field_out,0.594,xwOBA,0.932,persisted_estimated_woba_value,3,15,3,7,2,False,15,14
718370,671106,1,21,35,5,7,2023-04-30,train,mlb_statcast,22,double,0.777,xwOBA,1.7499318181818182,persisted_estimated_woba_value,3,15,3,1,2,False,0,0
718370,671106,2,90,98,21,21,2023-04-30,train,mlb_statcast,98,walk,0.535,xwOBA,0.695903,persisted_estimated_woba_value,3,9,1,8,2,False,15,0
718372,554430,1,59,60,14,14,2023-04-29,train,mlb_statcast,60,field_out,0.624,xwOBA,0.8,persisted_estimated_woba_value,3,2,1,1,2,False,15,0
718372,554430,2,84,100,20,22,2023-04-29,train,mlb_statcast,90,field_out,0.508,xwOBA,0.721,persisted_estimated_woba_value,3,17,3,6,2,False,15,0
718372,664299,1,28,29,8,8,2023-04-29,train,mlb_statcast,29,field_out,0.48,xwOBA,0.404,persisted_estimated_woba_value,3,2,1,1,2,False,7,0
718372,664299,2,43,52,13,15,2023-04-29,train,mlb_statcast,45,home_run,0.615,xwOBA,1.84084,persisted_estimated_woba_value,3,10,3,2,2,False,15,0
718372,664299,3,57,60,18,18,2023-04-29,train,mlb_statcast,60,double,0.506,xwOBA,0.342,persisted_estimated_woba_value,3,4,1,3,2,False,15,0
718375,665795,1,4,10,2,2,2023-04-29,train,mlb_statcast,10,walk,0.458,xwOBA,0.695903,persisted_estimated_woba_value,2,7,1,6,1,True,0,0
718375,665795,2,32,62,8,13,2023-04-29,train,mlb_statcast,36,home_run,0.766,xwOBA,1.6668333333333336,persisted_estimated_woba_value,3,31,6,4,2,False,11,8
718376,669203,1,2,17,2,4,2023-04-29,train,mlb_statcast,7,single,0.621,xwOBA,0.701,persisted_estimated_woba_value,2,16,3,5,1,True,0,0
718376,669203,2,38,47,11,13,2023-04-29,train,mlb_statcast,40,field_out,0.735,xwOBA,1.3887407407407406,persisted_estimated_woba_value,3,10,3,2,2,False,15,11
718376,669203,3,73,74,20,20,2023-04-29,train,mlb_statcast,74,sac_fly,0.462,xwOBA,0.346,persisted_estimated_woba_value,3,2,1,1,2,False,15,10
718377,668881,1,68,80,14,16,2023-04-29,train,mlb_statcast,71,walk,0.464,xwOBA+BB/HBP,0.695903,persisted_estimated_woba_value,3,13,3,3,2,False,15,0
718381,593958,1,19,29,6,8,2023-04-29,train,mlb_statcast,23,home_run,0.747,xwOBA,1.8095454545454543,persisted_estimated_woba_value,3,11,3,4,2,True,0,0
718381,593958,2,34,38,10,10,2023-04-29,train,mlb_statcast,38,walk,0.539,xwOBA,0.695903,persisted_estimated_woba_value,3,5,1,4,2,False,13,12
718381,593958,3,94,98,21,22,2023-04-29,train,mlb_statcast,96,field_out,0.496,xwOBA,0.5922857142857143,persisted_estimated_woba_value,3,5,2,2,2,False,15,14
718382,656427,1,6,19,2,4,2023-04-28,train,mlb_statcast,12,single,1.372,xwOBA,0.898,persisted_estimated_woba_value,2,14,3,6,1,True,0,0
718382,656427,2,50,55,13,13,2023-04-28,train,mlb_statcast,55,double,0.693,xwOBA,1.1678297872340424,persisted_estimated_woba_value,3,6,1,5,2,False,15,13
718382,656427,3,100,102,24,24,2023-04-28,train,mlb_statcast,102,hit_by_pitch,0.474,xwOBA+BB/HBP,0.726005,persisted_estimated_woba_value,3,3,1,2,2,False,15,12
718384,605397,1,38,51,9,11,2023-04-29,train,mlb_statcast,44,home_run,0.813,xwOBA,1.7289354838709676,persisted_estimated_woba_value,3,14,3,6,2,False,15,0
718384,605397,2,62,75,15,18,2023-04-29,train,mlb_statcast,62,home_run,0.463,xwOBA,1.2063142857142857,persisted_estimated_woba_value,3,14,4,0,2,False,15,0
718384,640455,1,7,12,2,2,2023-04-29,train,mlb_statcast,12,double,0.454,xwOBA,0.83,persisted_estimated_woba_value,2,6,1,5,1,True,0,0
718384,640455,2,17,23,4,4,2023-04-29,train,mlb_statcast,23,walk,0.509,xwOBA,0.695903,persisted_estimated_woba_value,3,7,1,6,2,True,0,0
718384,640455,3,28,33,6,6,2023-04-29,train,mlb_statcast,33,field_out,0.456,xwOBA,0.079,persisted_estimated_woba_value,3,6,1,5,2,False,7,0
718384,640455,4,53,71,12,15,2023-04-29,train,mlb_statcast,58,walk,0.464,xwOBA+BB/HBP,0.695903,persisted_estimated_woba_value,3,19,4,5,2,False,15,0
718386,542881,1,5,12,2,4,2023-04-28,train,mlb_statcast,6,home_run,0.856,xwOBA,1.6895999999999998,persisted_estimated_woba_value,2,8,3,1,1,True,0,0
718386,542881,2,51,67,16,18,2023-04-28,train,mlb_statcast,55,walk,0.555,xwOBA,0.695903,persisted_estimated_woba_value,3,17,3,4,2,False,15,0
718389,605400,1,2,11,2,4,2023-04-28,train,mlb_statcast,4,home_run,0.832,xwOBA,1.657595744680851,persisted_estimated_woba_value,2,10,3,2,1,True,0,0
718390,607536,1,2,6,2,2,2023-04-28,train,mlb_statcast,6,single,0.581,xwOBA,0.906,persisted_estimated_woba_value,2,5,1,4,1,True,0,0
718390,607536,2,38,48,10,12,2023-04-28,train,mlb_statcast,41,home_run,0.982,xwOBA,2.0,persisted_estimated_woba_value,3,11,3,3,2,False,15,12
718390,607536,3,87,94,21,22,2023-04-28,train,mlb_statcast,91,walk,0.452,xwOBA,0.695903,persisted_estimated_woba_value,3,8,2,4,2,False,15,12
718391,573186,1,43,53,10,12,2023-04-28,train,mlb_statcast,45,single,0.493,xwOBA,0.951,persisted_estimated_woba_value,3,11,3,2,2,False,15,0
718391,573186,2,67,92,17,24,2023-04-28,train,mlb_statcast,67,field_out,0.534,xwOBA,0.78,persisted_estimated_woba_value,3,26,8,0,2,False,15,0
718394,656849,1,54,54,16,16,2023-04-28,train,mlb_statcast,54,single,0.534,xwOBA,0.707,persisted_estimated_woba_value,3,1,1,0,2,False,15,14
718394,656849,2,67,74,20,21,2023-04-28,train,mlb_statcast,67,home_run,0.965,xwOBA,2.0,persisted_estimated_woba_value,3,8,2,0,2,False,15,14
718396,656302,1,7,12,2,3,2023-04-27,train,mlb_statcast,7,single,0.679,xwOBA,0.909,persisted_estimated_woba_value,2,6,2,0,1,True,0,0
718396,656302,2,21,21,6,6,2023-04-27,train,mlb_statcast,21,single,0.569,xwOBA,0.707,persisted_estimated_woba_value,3,1,1,0,2,False,0,0
718396,656302,3,45,69,12,17,2023-04-27,train,mlb_statcast,48,field_out,0.698,xwOBA,1.2666315789473683,persisted_estimated_woba_value,3,25,6,3,2,False,15,15
718396,656302,4,83,99,21,22,2023-04-27,train,mlb_statcast,89,walk,0.603,xwOBA,0.695903,persisted_estimated_woba_value,3,17,2,6,2,False,15,15
718405,502043,1,31,35,8,8,2023-04-27,train,mlb_statcast,35,walk,0.545,xwOBA,0.695903,persisted_estimated_woba_value,3,5,1,4,2,False,10,0
718405,502043,2,63,66,14,15,2023-04-27,train,mlb_statcast,64,double,0.462,xwOBA,0.544,persisted_estimated_woba_value,3,4,2,1,2,False,15,0
718405,502043,3,84,90,21,21,2023-04-27,train,mlb_statcast,90,single,0.632,xwOBA,0.927,persisted_estimated_woba_value,3,7,1,6,2,False,15,0
718405,502043,4,97,103,23,23,2023-04-27,train,mlb_statcast,103,single,0.456,xwOBA,0.44,persisted_estimated_woba_value,3,7,1,6,2,False,15,0
718408,663776,1,30,31,10,10,2023-04-26,train,mlb_statcast,31,hit_by_pitch,0.661,xwOBA,0.726005,persisted_estimated_woba_value,3,2,1,1,2,False,9,0
718420,579328,1,23,42,6,10,2023-04-26,train,mlb_statcast,27,field_out,0.464,xwOBA,0.906,persisted_estimated_woba_value,3,20,5,4,2,False,2,0
718420,579328,2,63,66,16,16,2023-04-26,train,mlb_statcast,66,walk,0.542,xwOBA,0.695903,persisted_estimated_woba_value,3,4,1,3,2,False,15,0
718422,663903,1,58,60,14,14,2023-04-25,train,mlb_statcast,60,double,0.689,xwOBA,0.905,persisted_estimated_woba_value,3,3,1,2,2,False,15,0
718422,663903,2,64,67,16,16,2023-04-25,train,mlb_statcast,67,field_out,0.527,xwOBA,0.675,persisted_estimated_woba_value,3,4,1,3,2,False,15,0
718422,669194,1,9,22,3,5,2023-04-25,train,mlb_statcast,10,single,0.519,xwOBA,0.838,persisted_estimated_woba_value,3,14,3,1,2,True,0,0
718422,669194,2,74,83,22,25,2023-04-25,train,mlb_statcast,74,double,0.637,xwOBA,0.915,persisted_estimated_woba_value,3,10,4,0,2,False,15,0
718427,641482,1,93,98,22,22,2023-04-25,train,mlb_statcast,98,home_run,0.524,xwOBA,0.7088095238095238,persisted_estimated_woba_value,3,6,1,5,2,False,15,0
718432,670912,1,4,8,2,2,2023-04-25,train,mlb_statcast,8,walk,0.492,xwOBA,0.695903,persisted_estimated_woba_value,2,5,1,4,1,True,0,0
718432,670912,2,79,88,22,24,2023-04-25,train,mlb_statcast,81,double,0.509,xwOBA,1.263652173913044,persisted_estimated_woba_value,3,10,3,2,2,False,15,0
718434,527048,1,13,18,4,5,2023-04-25,train,mlb_statcast,15,single,0.49,xwOBA,0.772,persisted_estimated_woba_value,3,6,2,2,2,True,0,0
718434,527048,2,61,62,18,18,2023-04-25,train,mlb_statcast,62,single,0.556,xwOBA,0.802,persisted_estimated_woba_value,3,2,1,1,2,False,15,0
718434,527048,3,89,89,25,25,2023-04-25,train,mlb_statcast,89,single,0.474,xwOBA,0.428,persisted_estimated_woba_value,3,1,1,0,2,False,15,0
718443,665795,1,54,65,13,15,2023-04-24,train,mlb_statcast,56,home_run,0.653,xwOBA,1.8372,persisted_estimated_woba_value,3,12,3,2,2,False,15,0
718443,665795,2,71,90,17,21,2023-04-24,train,mlb_statcast,73,home_run,0.768,xwOBA,1.6079264705882348,persisted_estimated_woba_value,3,20,5,2,2,False,15,0
718443,675911,1,22,33,8,9,2023-04-24,train,mlb_statcast,22,field_out,0.603,xwOBA,1.0439117647058824,persisted_estimated_woba_value,3,12,2,0,2,False,1,0
718443,675911,2,87,93,24,25,2023-04-24,train,mlb_statcast,89,single,0.693,xwOBA,0.888,persisted_estimated_woba_value,3,7,2,2,2,False,15,0
718447,519242,1,23,34,6,8,2023-04-24,train,mlb_statcast,26,field_out,0.479,xwOBA,0.7305599999999999,persisted_estimated_woba_value,3,12,3,3,2,False,2,0
718447,519242,2,39,40,10,10,2023-04-24,train,mlb_statcast,40,single,0.623,xwOBA,0.748,persisted_estimated_woba_value,3,2,1,1,2,False,15,0
718447,519242,3,45,71,12,18,2023-04-24,train,mlb_statcast,46,field_out,0.588,xwOBA,0.8759310344827588,persisted_estimated_woba_value,3,27,7,1,2,False,15,0
718450,656427,1,15,39,6,12,2023-04-23,train,mlb_statcast,15,home_run,0.542,xwOBA,0.8519999999999999,persisted_estimated_woba_value,3,25,7,0,2,True,0,0
718458,554430,1,50,65,12,15,2023-04-23,train,mlb_statcast,50,single,0.557,xwOBA,0.823,persisted_estimated_woba_value,3,16,4,0,2,False,15,0
718458,554430,2,68,71,17,17,2023-04-23,train,mlb_statcast,71,single,0.578,xwOBA,0.724,persisted_estimated_woba_value,3,4,1,3,2,False,15,0
718460,671106,1,44,45,12,12,2023-04-23,train,mlb_statcast,45,single,0.697,xwOBA,0.9,persisted_estimated_woba_value,3,2,1,1,2,False,15,0
718460,671106,2,49,49,14,14,2023-04-23,train,mlb_statcast,49,field_out,0.592,xwOBA,0.427,persisted_estimated_woba_value,3,1,1,0,2,False,15,0
718460,671106,3,62,75,18,21,2023-04-23,train,mlb_statcast,64,single,0.488,xwOBA,0.711,persisted_estimated_woba_value,3,14,4,2,2,False,15,0
718461,669203,1,32,54,7,12,2023-04-23,train,mlb_statcast,36,single,0.502,xwOBA,0.617,persisted_estimated_woba_value,3,23,6,4,2,False,11,0
718463,668881,1,2,6,2,3,2023-04-23,train,mlb_statcast,3,single,1.183,xwOBA,0.895,persisted_estimated_woba_value,2,5,2,1,1,True,0,0
718463,668881,2,36,37,10,10,2023-04-23,train,mlb_statcast,37,field_out,0.509,xwOBA,0.7702173913043479,persisted_estimated_woba_value,3,2,1,1,2,False,15,0
718463,668881,3,42,42,12,12,2023-04-23,train,mlb_statcast,42,field_out,0.49,xwOBA,0.69,persisted_estimated_woba_value,3,1,1,0,2,False,15,0
718463,668881,4,49,57,14,14,2023-04-23,train,mlb_statcast,57,walk,0.538,xwOBA,0.695903,persisted_estimated_woba_value,3,9,1,8,2,False,15,0
718465,592332,1,84,84,20,20,2023-04-23,train,mlb_statcast,84,field_out,0.462,xwOBA,0.654047619047619,persisted_estimated_woba_value,3,1,1,0,2,False,15,0
718465,592332,2,88,94,22,22,2023-04-23,train,mlb_statcast,94,field_out,0.541,xwOBA,0.289,persisted_estimated_woba_value,3,7,1,6,2,False,15,0
718465,592332,3,99,103,24,24,2023-04-23,train,mlb_statcast,103,field_out,0.627,xwOBA,1.3821199999999996,persisted_estimated_woba_value,3,5,1,4,2,False,15,0
718466,542881,1,12,17,5,5,2023-04-22,train,mlb_statcast,17,field_out,0.478,xwOBA,0.801,persisted_estimated_woba_value,3,6,1,5,2,True,0,0
718466,542881,2,20,21,7,7,2023-04-22,train,mlb_statcast,21,single,0.56,xwOBA,0.878,persisted_estimated_woba_value,3,2,1,1,2,True,0,0
718466,542881,3,39,45,15,17,2023-04-22,train,mlb_statcast,39,triple,0.641,xwOBA,0.9592432432432432,persisted_estimated_woba_value,3,7,3,0,2,False,15,0
718466,542881,4,57,60,23,23,2023-04-22,train,mlb_statcast,60,single,0.503,xwOBA,0.302,persisted_estimated_woba_value,3,4,1,3,2,False,15,0
718467,605397,1,6,14,2,4,2023-04-22,train,mlb_statcast,7,single,0.562,xwOBA,0.495,persisted_estimated_woba_value,2,9,3,1,1,True,0,0
718472,502043,1,11,19,4,5,2023-04-22,train,mlb_statcast,14,walk,0.663,xwOBA+BB/HBP,0.695903,persisted_estimated_woba_value,3,9,2,3,2,True,0,0
718472,502043,2,94,96,24,24,2023-04-22,train,mlb_statcast,96,home_run,0.838,xwOBA+barrels,1.6619384615384611,persisted_estimated_woba_value,3,3,1,2,2,False,15,0
718475,607536,1,14,20,4,6,2023-04-22,train,mlb_statcast,15,home_run,0.578,xwOBA,1.6155178571428572,persisted_estimated_woba_value,3,7,3,1,2,True,0,0
718475,607536,2,29,36,9,11,2023-04-22,train,mlb_statcast,31,home_run,0.692,xwOBA,1.2835000000000003,persisted_estimated_woba_value,3,8,3,2,2,False,8,0
718476,543037,1,5,5,3,3,2023-04-22,train,mlb_statcast,5,double,0.45,xwOBA,0.93,persisted_estimated_woba_value,3,1,1,0,2,True,0,0
718477,656302,1,25,35,6,7,2023-04-22,train,mlb_statcast,29,hit_by_pitch,0.501,xwOBA,0.726005,persisted_estimated_woba_value,3,11,2,4,2,False,4,0
718477,656302,2,97,102,20,20,2023-04-22,train,mlb_statcast,102,single,0.642,xwOBA,0.826,persisted_estimated_woba_value,3,6,1,5,2,False,15,0
718478,656849,1,22,27,6,6,2023-04-22,train,mlb_statcast,27,home_run,0.615,xwOBA,1.0439117647058824,persisted_estimated_woba_value,3,6,1,5,2,False,1,0
718478,656849,2,33,37,8,8,2023-04-22,train,mlb_statcast,37,double,0.794,xwOBA+barrels,1.2713650793650797,persisted_estimated_woba_value,3,5,1,4,2,False,12,0
718478,656849,3,42,46,10,10,2023-04-22,train,mlb_statcast,46,single,0.722,xwOBA,0.894,persisted_estimated_woba_value,3,5,1,4,2,False,15,0
718478,656849,4,63,66,16,16,2023-04-22,train,mlb_statcast,66,field_out,0.55,xwOBA,0.8314,persisted_estimated_woba_value,3,4,1,3,2,False,15,0
718478,656849,5,86,92,22,24,2023-04-22,train,mlb_statcast,88,home_run,0.461,xwOBA,1.3822264150943395,persisted_estimated_woba_value,3,7,3,2,2,False,15,0
718478,657277,1,27,38,7,8,2023-04-22,train,mlb_statcast,33,double,0.6,xwOBA,1.10369387755102,persisted_estimated_woba_value,3,12,2,6,2,False,6,0
718478,657277,2,41,52,10,12,2023-04-22,train,mlb_statcast,43,home_run,0.581,xwOBA,1.657595744680851,persisted_estimated_woba_value,3,12,3,2,2,False,15,0
718487,579328,1,6,6,3,3,2023-04-21,train,mlb_statcast,6,field_out,0.524,xwOBA,0.9295555555555554,persisted_estimated_woba_value,3,1,1,0,2,True,0,0
718487,579328,2,15,26,8,10,2023-04-21,train,mlb_statcast,16,single,0.597,xwOBA,0.901,persisted_estimated_woba_value,3,12,3,1,2,True,0,0
718488,666129,1,5,8,2,3,2023-04-22,train,mlb_statcast,6,force_out,0.454,xwOBA,0.332,persisted_estimated_woba_value,2,4,2,1,1,True,0,0
718488,666129,2,54,55,17,17,2023-04-22,train,mlb_statcast,55,field_out,0.461,xwOBA,0.593,persisted_estimated_woba_value,3,2,1,1,2,False,15,0
718488,666129,3,71,83,22,23,2023-04-22,train,mlb_statcast,78,walk,0.538,xwOBA,0.695903,persisted_estimated_woba_value,3,13,2,7,2,False,15,0
718493,605400,1,5,7,2,3,2023-04-21,train,mlb_statcast,6,single,0.517,xwOBA,0.78,persisted_estimated_woba_value,2,3,2,1,1,True,0,0
718493,605400,2,11,22,5,7,2023-04-21,train,mlb_statcast,14,home_run,0.724,xwOBA,1.6683043478260873,persisted_estimated_woba_value,3,12,3,3,2,True,0,0
718493,605400,3,44,48,14,14,2023-04-21,train,mlb_statcast,48,walk,0.508,xwOBA,0.695903,persisted_estimated_woba_value,3,5,1,4,2,False,15,0
718493,605400,4,74,84,21,23,2023-04-21,train,mlb_statcast,75,field_out,0.523,xwOBA,0.732,persisted_estimated_woba_value,3,11,3,1,2,False,15,0
718494,669194,1,32,42,6,8,2023-04-20,train,mlb_statcast,35,walk,0.465,xwOBA+BB/HBP,0.695903,persisted_estimated_woba_value,3,11,3,3,2,False,11,0
718494,669194,2,46,50,10,10,2023-04-20,train,mlb_statcast,50,field_out,0.582,xwOBA,0.424,persisted_estimated_woba_value,3,5,1,4,2,False,15,0
718494,669194,3,57,68,12,15,2023-04-20,train,mlb_statcast,59,field_out,0.536,xwOBA,0.487,persisted_estimated_woba_value,3,12,4,2,2,False,15,0
718496,641482,1,37,37,9,9,2023-04-20,train,mlb_statcast,37,hit_by_pitch,0.475,xwOBA+BB/HBP,0.726005,persisted_estimated_woba_value,3,1,1,0,2,False,15,0
718496,641482,2,74,75,19,19,2023-04-20,train,mlb_statcast,75,sac_fly,0.499,xwOBA,0.7478400000000002,persisted_estimated_woba_value,3,2,1,1,2,False,15,0
718496,663776,1,8,28,2,7,2023-04-20,train,mlb_statcast,11,single,0.603,xwOBA,0.511,persisted_estimated_woba_value,2,21,6,3,1,True,0,0
718496,663776,2,40,45,10,10,2023-04-20,train,mlb_statcast,45,walk,0.584,xwOBA,0.695903,persisted_estimated_woba_value,3,6,1,5,2,False,15,0
718503,640455,1,25,36,6,7,2023-04-20,train,mlb_statcast,31,walk,0.656,xwOBA+BB/HBP,0.695903,persisted_estimated_woba_value,3,12,2,6,2,False,4,0
718503,640455,2,59,88,13,19,2023-04-20,train,mlb_statcast,64,home_run,0.714,xwOBA,1.3821199999999996,persisted_estimated_woba_value,3,30,7,5,2,False,15,0
718509,670912,1,42,46,12,12,2023-04-19,train,mlb_statcast,46,walk,0.513,xwOBA+BB/HBP,0.695903,persisted_estimated_woba_value,3,5,1,4,2,False,15,0
718509,670912,2,48,50,14,14,2023-04-19,train,mlb_statcast,50,sac_fly,0.462,xwOBA,0.4774166666666666,persisted_estimated_woba_value,3,3,1,2,2,False,15,0
718514,527048,1,30,38,10,12,2023-04-19,train,mlb_statcast,32,home_run,0.648,xwOBA,1.942652173913044,persisted_estimated_woba_value,3,9,3,2,2,False,9,0
718514,527048,2,45,46,15,15,2023-04-19,train,mlb_statcast,46,single,0.455,xwOBA,0.516,persisted_estimated_woba_value,3,2,1,1,2,False,15,0
718514,527048,3,64,74,22,23,2023-04-19,train,mlb_statcast,66,double,0.542,xwOBA,0.559,persisted_estimated_woba_value,3,11,2,2,2,False,15,0
718514,663903,1,3,14,2,3,2023-04-19,train,mlb_statcast,6,walk,0.678,xwOBA,0.695903,persisted_estimated_woba_value,2,12,2,3,1,True,0,0
718514,663903,2,19,24,6,6,2023-04-19,train,mlb_statcast,24,walk,0.504,xwOBA,0.695903,persisted_estimated_woba_value,3,6,1,5,2,True,0,0
718514,663903,3,72,74,18,19,2023-04-19,train,mlb_statcast,72,triple,0.523,xwOBA,0.422,persisted_estimated_woba_value,3,3,2,0,2,False,15,0
718514,663903,4,83,86,22,22,2023-04-19,train,mlb_statcast,86,field_out,0.451,xwOBA,0.373,persisted_estimated_woba_value,3,4,1,3,2,False,15,0
718519,675911,1,19,23,5,5,2023-04-18,train,mlb_statcast,23,walk,0.464,xwOBA+BB/HBP,0.695903,persisted_estimated_woba_value,3,5,1,4,2,True,0,0
718519,675911,2,61,68,13,14,2023-04-18,train,mlb_statcast,64,hit_by_pitch,0.474,xwOBA+BB/HBP,0.726005,persisted_estimated_woba_value,3,8,2,3,2,False,15,0
718523,573186,1,12,25,4,6,2023-04-18,train,mlb_statcast,17,walk,0.558,xwOBA,0.695903,persisted_estimated_woba_value,3,14,3,5,2,True,0,0
718524,519242,1,5,8,2,2,2023-04-18,train,mlb_statcast,8,single,0.45,xwOBA,0.8998333333333335,persisted_estimated_woba_value,2,4,1,3,1,True,0,0
718524,519242,2,68,71,17,18,2023-04-18,train,mlb_statcast,69,hit_by_pitch,0.474,xwOBA+BB/HBP,0.726005,persisted_estimated_woba_value,3,4,2,1,2,False,15,0
718528,665795,1,14,18,4,5,2023-04-18,train,mlb_statcast,15,single,0.72,xwOBA,0.887,persisted_estimated_woba_value,3,5,2,1,2,True,0,0
718528,665795,2,78,84,24,24,2023-04-18,train,mlb_statcast,84,single,0.494,xwOBA,0.625,persisted_estimated_woba_value,3,7,1,6,2,False,15,0
718532,656849,1,7,19,2,4,2023-04-17,train,mlb_statcast,10,home_run,0.603,xwOBA,1.206089285714286,persisted_estimated_woba_value,2,13,3,3,1,True,0,0
718532,656849,2,28,31,7,7,2023-04-17,train,mlb_statcast,31,single,0.487,xwOBA,0.401,persisted_estimated_woba_value,3,4,1,3,2,False,7,0
718532,656849,3,74,94,20,25,2023-04-17,train,mlb_statcast,76,home_run,0.635,xwOBA,1.593877551020408,persisted_estimated_woba_value,3,21,6,2,2,False,15,0
718534,669203,1,18,19,5,5,2023-04-17,train,mlb_statcast,19,single,0.599,xwOBA,0.51,persisted_estimated_woba_value,3,2,1,1,2,True,0,0
718534,669203,2,26,34,8,9,2023-04-17,train,mlb_statcast,31,field_out,0.479,xwOBA,0.763375,persisted_estimated_woba_value,3,9,2,5,2,False,5,0
718534,669203,3,48,57,13,14,2023-04-17,train,mlb_statcast,52,walk,0.536,xwOBA,0.695903,persisted_estimated_woba_value,3,10,2,4,2,False,15,0
718534,669203,4,81,85,20,20,2023-04-17,train,mlb_statcast,85,field_out,0.474,xwOBA,0.501,persisted_estimated_woba_value,3,5,1,4,2,False,15,0
718535,607536,1,23,24,7,7,2023-04-17,train,mlb_statcast,24,single,0.573,xwOBA,0.913,persisted_estimated_woba_value,3,2,1,1,2,False,2,0
718535,607536,2,28,30,9,9,2023-04-17,train,mlb_statcast,30,single,0.496,xwOBA,0.574,persisted_estimated_woba_value,3,3,1,2,2,False,7,0
718535,607536,3,34,36,11,12,2023-04-17,train,mlb_statcast,34,single,0.48,xwOBA,0.372,persisted_estimated_woba_value,3,3,2,0,2,False,13,0
718537,592332,1,3,33,2,9,2023-04-17,train,mlb_statcast,3,field_out,0.622,xwOBA,0.7551923076923079,persisted_estimated_woba_value,2,31,8,0,1,True,0,0
718537,592332,2,62,70,16,18,2023-04-17,train,mlb_statcast,62,home_run,0.77,xwOBA,1.8574594594594591,persisted_estimated_woba_value,3,9,3,0,2,False,15,0
718537,664299,1,4,8,2,2,2023-04-17,train,mlb_statcast,8,strikeout,0.585,xwOBA,0.0,persisted_estimated_woba_value,2,5,1,4,1,True,0,0
718537,664299,2,17,34,5,7,2023-04-17,train,mlb_statcast,21,home_run,0.616,xwOBA,1.326280487804878,persisted_estimated_woba_value,3,18,3,4,2,True,0,0
718537,664299,3,43,66,10,13,2023-04-17,train,mlb_statcast,46,field_out,0.478,xwOBA,1.036,persisted_estimated_woba_value,3,24,4,3,2,False,15,0
718537,664299,4,85,97,19,20,2023-04-17,train,mlb_statcast,88,field_out,0.708,xwOBA,1.6619384615384611,persisted_estimated_woba_value,3,13,2,3,2,False,15,0
718538,656427,1,3,9,2,3,2023-04-17,train,mlb_statcast,3,single,0.968,xwOBA,0.652,persisted_estimated_woba_value,2,7,2,0,1,True,0,0
718538,656427,2,18,29,6,7,2023-04-17,train,mlb_statcast,25,walk,0.517,xwOBA,0.695903,persisted_estimated_woba_value,3,12,2,7,2,True,0,0
718538,656427,3,79,90,20,22,2023-04-17,train,mlb_statcast,81,home_run,0.544,xwOBA,1.600727272727273,persisted_estimated_woba_value,3,12,3,2,2,False,15,0
718541,593958,1,71,75,20,20,2023-04-18,train,mlb_statcast,75,single,0.476,xwOBA,0.8,persisted_estimated_woba_value,3,5,1,4,2,False,15,0
718544,657277,1,77,79,21,21,2023-04-17,train,mlb_statcast,79,single,0.467,xwOBA,0.395,persisted_estimated_woba_value,3,3,1,2,2,False,15,0
718544,657277,2,104,105,27,27,2023-04-17,train,mlb_statcast,105,home_run,0.599,xwOBA,1.6079264705882348,persisted_estimated_woba_value,3,2,1,1,2,False,15,0
718553,656302,1,67,70,19,19,2023-04-16,train,mlb_statcast,70,triple,0.52,xwOBA,0.934,persisted_estimated_woba_value,3,4,1,3,2,False,15,0
718553,656302,2,98,98,26,26,2023-04-16,train,mlb_statcast,98,single,0.53,xwOBA,0.516,persisted_estimated_woba_value,3,1,1,0,2,False,15,0
718554,605400,1,24,31,7,7,2023-04-16,train,mlb_statcast,31,walk,0.565,xwOBA,0.695903,persisted_estimated_woba_value,3,8,1,7,2,False,3,0
718554,605400,2,55,72,15,19,2023-04-16,train,mlb_statcast,58,walk,0.522,xwOBA+BB/HBP,0.695903,persisted_estimated_woba_value,3,18,5,3,2,False,15,0
718557,543037,1,70,79,17,19,2023-04-16,train,mlb_statcast,72,field_out,0.5,xwOBA,0.591,persisted_estimated_woba_value,3,10,3,2,2,False,15,0
718567,666129,1,10,16,3,5,2023-04-15,train,mlb_statcast,11,double,0.617,xwOBA,1.1250399999999996,persisted_estimated_woba_value,3,7,3,1,2,True,0,0
718567,666129,2,77,81,22,22,2023-04-15,train,mlb_statcast,81,single,0.556,xwOBA,0.854,persisted_estimated_woba_value,3,5,1,4,2,False,15,0
718569,579328,1,91,94,22,23,2023-04-15,train,mlb_statcast,93,field_out,0.664,xwOBA,1.3689729729729732,persisted_estimated_woba_value,3,4,2,2,2,False,15,0
718570,502043,1,73,88,19,22,2023-04-15,train,mlb_statcast,77,double,0.577,xwOBA,0.893,persisted_estimated_woba_value,3,16,4,4,2,False,15,0
718570,502043,2,94,96,24,24,2023-04-15,train,mlb_statcast,96,home_run,0.921,xwOBA,1.76645652173913,persisted_estimated_woba_value,3,3,1,2,2,False,15,0
718576,542881,1,12,22,3,5,2023-04-15,train,mlb_statcast,14,double,0.744,xwOBA,1.3556197183098586,persisted_estimated_woba_value,3,11,3,2,2,True,0,0
718576,542881,2,44,49,12,13,2023-04-15,train,mlb_statcast,47,walk,0.531,xwOBA,0.695903,persisted_estimated_woba_value,3,6,2,3,2,False,15,0
718576,542881,3,68,81,18,21,2023-04-15,train,mlb_statcast,69,home_run,0.973,xwOBA,2.03,event_weight_fallback,3,14,4,1,2,False,15,0
718579,663903,1,3,22,2,5,2023-04-14,train,mlb_statcast,6,home_run,1.269,xwOBA,1.7289354838709676,persisted_estimated_woba_value,2,20,4,3,1,True,0,0
718579,663903,2,35,41,9,11,2023-04-14,train,mlb_statcast,35,home_run,0.865,xwOBA,2.0,persisted_estimated_woba_value,3,7,3,0,2,False,14,0
718579,663903,3,75,82,22,24,2023-04-14,train,mlb_statcast,78,home_run,0.667,xwOBA,2.0,persisted_estimated_woba_value,3,8,3,3,2,False,15,0
718580,663776,1,52,54,12,12,2023-04-14,train,mlb_statcast,54,force_out,0.582,xwOBA,0.462,persisted_estimated_woba_value,3,3,1,2,2,False,15,0
718580,663776,2,85,90,19,19,2023-04-14,train,mlb_statcast,90,walk,0.525,xwOBA+BB/HBP,0.695903,persisted_estimated_woba_value,3,6,1,5,2,False,15,0
718581,527048,1,33,34,8,9,2023-04-14,train,mlb_statcast,33,single,0.547,xwOBA,0.863,persisted_estimated_woba_value,3,2,2,0,2,False,12,0
718581,527048,2,62,73,18,20,2023-04-14,train,mlb_statcast,63,home_run,0.57,xwOBA,1.1250399999999996,persisted_estimated_woba_value,3,12,3,1,2,False,15,0
718582,670912,1,46,49,13,14,2023-04-14,train,mlb_statcast,46,single,0.536,xwOBA,0.911,persisted_estimated_woba_value,3,4,2,0,2,False,15,0
718582,670912,2,79,79,24,24,2023-04-14,train,mlb_statcast,79,single,0.516,xwOBA,0.73,persisted_estimated_woba_value,3,1,1,0,2,False,15,0
718585,640455,1,10,14,2,2,2023-04-14,train,mlb_statcast,14,field_out,0.573,xwOBA,0.5005000000000001,persisted_estimated_woba_value,2,5,1,4,1,True,0,0
718585,640455,2,20,33,4,6,2023-04-14,train,mlb_statcast,25,single,0.468,xwOBA,0.903,persisted_estimated_woba_value,3,14,3,5,2,True,0,0
718585,640455,3,51,56,10,10,2023-04-14,train,mlb_statcast,56,single,0.455,xwOBA,0.908,persisted_estimated_woba_value,3,6,1,5,2,False,15,0
718585,640455,4,63,73,12,14,2023-04-14,train,mlb_statcast,67,triple,0.689,xwOBA,1.1587727272727273,persisted_estimated_woba_value,3,11,3,4,2,False,15,0
718588,641482,1,19,25,5,6,2023-04-14,train,mlb_statcast,20,hit_by_pitch,0.553,xwOBA,0.726005,persisted_estimated_woba_value,3,7,2,1,2,True,0,0
718588,641482,2,50,54,13,13,2023-04-14,train,mlb_statcast,54,single,0.453,xwOBA,0.406,persisted_estimated_woba_value,3,5,1,4,2,False,15,0
718588,641482,3,85,93,24,26,2023-04-14,train,mlb_statcast,85,home_run,0.534,xwOBA,1.600727272727273,persisted_estimated_woba_value,3,9,3,0,2,False,15,0
718600,519242,1,17,17,5,5,2023-04-12,train,mlb_statcast,17,single,0.598,xwOBA,0.535,persisted_estimated_woba_value,3,1,1,0,2,True,0,0
718600,519242,2,66,79,17,21,2023-04-12,train,mlb_statcast,70,single,0.522,xwOBA,0.806,persisted_estimated_woba_value,3,14,5,4,2,False,15,0
718601,668881,1,22,30,6,8,2023-04-12,train,mlb_statcast,23,single,0.541,xwOBA,0.638,persisted_estimated_woba_value,3,9,3,1,2,False,1,0
718601,668881,2,49,51,13,14,2023-04-12,train,mlb_statcast,50,double,0.48,xwOBA,0.9284285714285714,persisted_estimated_woba_value,3,3,2,1,2,False,15,0
718601,675911,1,3,18,2,5,2023-04-12,train,mlb_statcast,8,single,0.506,xwOBA,0.675,persisted_estimated_woba_value,2,16,4,5,1,True,0,0
718601,675911,2,52,64,11,13,2023-04-12,train,mlb_statcast,55,single,0.54,xwOBA,0.924,persisted_estimated_woba_value,3,13,3,3,2,False,15,0
718603,592332,1,60,65,16,18,2023-04-12,train,mlb_statcast,61,field_out,0.49,xwOBA,1.168227272727273,persisted_estimated_woba_value,3,6,3,1,2,False,15,0
718603,592332,2,83,88,24,26,2023-04-12,train,mlb_statcast,86,home_run,0.478,xwOBA,1.2178490566037734,persisted_estimated_woba_value,3,6,3,3,2,False,15,0
718603,593958,1,4,18,2,5,2023-04-12,train,mlb_statcast,6,grounded_into_double_play,0.532,xwOBA,0.222,persisted_estimated_woba_value,2,15,4,2,1,True,0,0
718603,593958,2,88,96,22,23,2023-04-12,train,mlb_statcast,89,single,0.577,xwOBA,0.404,persisted_estimated_woba_value,3,9,2,1,2,False,15,0
718606,573186,1,38,43,11,11,2023-04-12,train,mlb_statcast,43,walk,0.535,xwOBA,0.695903,persisted_estimated_woba_value,3,6,1,5,2,False,15,0
718606,573186,2,45,49,13,14,2023-04-12,train,mlb_statcast,48,walk,0.575,xwOBA+BB/HBP,0.695903,persisted_estimated_woba_value,3,5,2,3,2,False,15,0
718609,554430,1,69,83,19,21,2023-04-12,train,mlb_statcast,74,walk,0.487,xwOBA+BB/HBP,0.695903,persisted_estimated_woba_value,3,15,3,5,2,False,15,0
718609,665795,1,72,81,20,21,2023-04-12,train,mlb_statcast,77,field_out,0.469,xwOBA,0.148,persisted_estimated_woba_value,3,10,2,5,2,False,15,0
718611,669203,1,85,85,24,24,2023-04-11,train,mlb_statcast,85,single,0.541,xwOBA,0.762,persisted_estimated_woba_value,3,1,1,0,2,False,15,0
718611,669203,2,87,89,26,26,2023-04-11,train,mlb_statcast,89,field_out,0.459,xwOBA,0.162,persisted_estimated_woba_value,3,3,1,2,2,False,15,0
718613,607536,1,31,41,8,10,2023-04-11,train,mlb_statcast,32,home_run,0.664,xwOBA,1.5207096774193547,persisted_estimated_woba_value,3,11,3,1,2,False,10,0
718613,607536,2,47,50,13,13,2023-04-11,train,mlb_statcast,50,walk,0.533,xwOBA,0.695903,persisted_estimated_woba_value,3,4,1,3,2,False,15,0
718613,607536,3,58,68,17,18,2023-04-11,train,mlb_statcast,61,single,0.506,xwOBA,1.206089285714286,persisted_estimated_woba_value,3,11,2,3,2,False,15,0
718613,607536,4,74,77,21,22,2023-04-11,train,mlb_statcast,76,field_out,0.632,xwOBA,0.662,persisted_estimated_woba_value,3,4,2,2,2,False,15,0
718619,605400,1,24,40,8,11,2023-04-11,train,mlb_statcast,26,field_out,0.486,xwOBA,0.624,persisted_estimated_woba_value,3,17,4,2,2,False,3,0
718619,605400,2,75,91,22,24,2023-04-11,train,mlb_statcast,80,double,0.537,xwOBA,1.261875,persisted_estimated_woba_value,3,17,3,5,2,False,15,0
718619,605400,3,99,100,26,26,2023-04-11,train,mlb_statcast,100,single,0.592,xwOBA,0.616,persisted_estimated_woba_value,3,2,1,1,2,False,15,0
718621,656849,1,70,76,20,20,2023-04-11,train,mlb_statcast,76,double,0.451,xwOBA,0.637,persisted_estimated_woba_value,3,7,1,6,2,False,15,0
718623,664299,1,13,22,3,5,2023-04-11,train,mlb_statcast,15,double,0.497,xwOBA,1.4706935483870966,persisted_estimated_woba_value,3,10,3,2,2,True,0,0
718623,664299,2,27,37,8,10,2023-04-11,train,mlb_statcast,28,home_run,0.854,xwOBA,1.8345384615384608,persisted_estimated_woba_value,3,11,3,1,2,False,6,0
718623,664299,3,74,91,21,24,2023-04-11,train,mlb_statcast,79,home_run,0.845,xwOBA,1.9669523809523808,persisted_estimated_woba_value,3,18,4,5,2,False,15,0
718626,543037,1,4,7,2,3,2023-04-11,train,mlb_statcast,5,single,0.612,xwOBA,0.296,persisted_estimated_woba_value,2,4,2,1,1,True,0,0
718626,543037,2,25,30,8,8,2023-04-11,train,mlb_statcast,30,walk,0.643,xwOBA,0.695903,persisted_estimated_woba_value,3,6,1,5,2,False,4,0
718626,543037,3,79,83,21,21,2023-04-11,train,mlb_statcast,83,single,0.563,xwOBA,0.905,persisted_estimated_woba_value,3,5,1,4,2,False,15,0
718635,502043,1,10,30,3,5,2023-04-10,train,mlb_statcast,17,walk,0.52,xwOBA+BB/HBP,0.695903,persisted_estimated_woba_value,3,21,3,7,2,True,0,0
718639,669194,1,12,16,5,5,2023-04-09,train,mlb_statcast,16,walk,0.556,xwOBA,0.695903,persisted_estimated_woba_value,3,5,1,4,2,True,0,0
718639,669194,2,38,62,11,15,2023-04-09,train,mlb_statcast,45,single,0.651,xwOBA,0.802,persisted_estimated_woba_value,3,25,5,7,2,False,15,0
718640,656302,1,23,35,6,8,2023-04-10,train,mlb_statcast,29,walk,0.551,xwOBA,0.695903,persisted_estimated_woba_value,3,13,3,6,2,False,2,0
718640,656302,2,42,46,13,13,2023-04-10,train,mlb_statcast,46,fielders_choice,0.509,xwOBA,0.28,persisted_estimated_woba_value,3,5,1,4,2,False,15,0
718640,656302,3,59,63,17,17,2023-04-10,train,mlb_statcast,63,walk,0.551,xwOBA+BB/HBP,0.695903,persisted_estimated_woba_value,3,5,1,4,2,False,15,0
718640,656302,4,72,76,21,21,2023-04-10,train,mlb_statcast,76,field_out,0.486,xwOBA,1.008892857142857,persisted_estimated_woba_value,3,5,1,4,2,False,15,0
718641,657277,1,7,9,2,2,2023-04-10,train,mlb_statcast,9,field_out,0.625,xwOBA,0.044,persisted_estimated_woba_value,2,3,1,2,1,True,0,0
718641,657277,2,50,62,13,15,2023-04-10,train,mlb_statcast,53,home_run,0.618,xwOBA,1.808444444444444,persisted_estimated_woba_value,3,13,3,3,2,False,15,0
718641,657277,3,68,77,17,19,2023-04-10,train,mlb_statcast,70,fielders_choice_out,0.643,xwOBA,0.59,persisted_estimated_woba_value,3,10,3,2,2,False,15,0
718644,579328,1,17,18,5,5,2023-04-09,train,mlb_statcast,18,home_run,0.45,xwOBA,1.263652173913044,persisted_estimated_woba_value,3,2,1,1,2,True,0,0
718644,579328,2,48,61,12,14,2023-04-09,train,mlb_statcast,51,home_run,0.756,xwOBA,1.8184285714285708,persisted_estimated_woba_value,3,14,3,3,2,False,15,0
718644,579328,3,80,89,18,20,2023-04-09,train,mlb_statcast,81,home_run,0.606,xwOBA,1.8184285714285708,persisted_estimated_woba_value,3,10,3,1,2,False,15,0
718651,641482,1,24,29,6,7,2023-04-09,train,mlb_statcast,26,field_out,0.466,xwOBA,0.111,persisted_estimated_woba_value,3,6,2,2,2,False,3,0
718651,641482,2,47,56,12,14,2023-04-09,train,mlb_statcast,47,field_out,0.569,xwOBA,1.04975,persisted_estimated_woba_value,3,10,3,0,2,False,15,0
718653,670912,1,74,84,22,23,2023-04-09,train,mlb_statcast,75,field_out,0.497,xwOBA,0.403,persisted_estimated_woba_value,3,11,2,1,2,False,15,0
718657,542881,1,4,16,2,4,2023-04-08,train,mlb_statcast,9,single,0.479,xwOBA,0.905,persisted_estimated_woba_value,2,13,3,5,1,True,0,0
718657,542881,2,39,47,11,15,2023-04-08,train,mlb_statcast,40,home_run,0.604,xwOBA,1.6079264705882348,persisted_estimated_woba_value,3,9,5,1,2,False,15,0
718657,542881,3,64,74,20,21,2023-04-08,train,mlb_statcast,69,walk,0.634,xwOBA,0.695903,persisted_estimated_woba_value,3,11,2,5,2,False,15,0
718669,527048,1,31,37,9,9,2023-04-08,train,mlb_statcast,37,double,0.516,xwOBA,0.897,persisted_estimated_woba_value,3,7,1,6,2,False,10,0
718669,527048,2,46,50,11,11,2023-04-08,train,mlb_statcast,50,single,0.57,xwOBA,0.814,persisted_estimated_woba_value,3,5,1,4,2,False,15,0
718669,527048,3,54,60,13,13,2023-04-08,train,mlb_statcast,60,single,0.594,xwOBA,0.869,persisted_estimated_woba_value,3,7,1,6,2,False,15,0
718669,527048,4,63,70,15,17,2023-04-08,train,mlb_statcast,66,home_run,0.826,xwOBA,1.6079264705882348,persisted_estimated_woba_value,3,8,3,3,2,False,15,0
718670,663776,1,43,53,13,15,2023-04-07,train,mlb_statcast,44,single,0.67,xwOBA+barrels,0.944,persisted_estimated_woba_value,3,11,3,1,2,False,15,0
718670,663776,2,83,90,23,25,2023-04-07,train,mlb_statcast,84,field_out,0.741,xwOBA,1.6922058823529416,persisted_estimated_woba_value,3,8,3,1,2,False,15,0
718672,640455,1,9,18,3,5,2023-04-08,train,mlb_statcast,9,field_out,0.581,xwOBA,1.04795,persisted_estimated_woba_value,3,10,3,0,2,True,0,0
718672,640455,2,46,52,12,14,2023-04-08,train,mlb_statcast,46,double,0.589,xwOBA,1.767909090909091,persisted_estimated_woba_value,3,7,3,0,2,False,15,0
718672,640455,3,56,57,17,17,2023-04-08,train,mlb_statcast,57,field_out,0.484,xwOBA,0.47,persisted_estimated_woba_value,3,2,1,1,2,False,15,0
718672,640455,4,64,72,19,21,2023-04-08,train,mlb_statcast,65,home_run,0.693,xwOBA,1.6079264705882348,persisted_estimated_woba_value,3,9,3,1,2,False,15,0
718672,663903,1,12,20,4,6,2023-04-08,train,mlb_statcast,12,field_out,0.702,xwOBA,1.8348,persisted_estimated_woba_value,3,9,3,0,2,True,0,0
718672,663903,2,30,39,9,13,2023-04-08,train,mlb_statcast,30,field_out,0.453,xwOBA,0.296,persisted_estimated_woba_value,3,10,5,0,2,False,9,0
718672,663903,3,49,50,16,17,2023-04-08,train,mlb_statcast,49,single,0.576,xwOBA,0.832,persisted_estimated_woba_value,3,2,2,0,2,False,15,0
718672,663903,4,79,79,25,25,2023-04-08,train,mlb_statcast,79,single,0.648,xwOBA,0.933,persisted_estimated_woba_value,3,1,1,0,2,False,15,0
718674,656427,1,14,18,5,5,2023-04-07,train,mlb_statcast,18,walk,0.55,xwOBA,0.695903,persisted_estimated_woba_value,3,5,1,4,2,True,0,0
718674,656427,2,36,47,10,11,2023-04-07,train,mlb_statcast,41,walk,0.604,xwOBA+BB/HBP,0.695903,persisted_estimated_woba_value,3,12,2,5,2,False,15,0
718674,656427,3,56,75,15,18,2023-04-07,train,mlb_statcast,58,single,0.594,xwOBA,0.747,persisted_estimated_woba_value,3,20,4,2,2,False,15,0
718675,573186,1,20,20,4,4,2023-04-07,train,mlb_statcast,20,field_out,0.628,xwOBA,0.597,persisted_estimated_woba_value,3,1,1,0,2,True,0,0
718675,573186,2,71,76,20,20,2023-04-07,train,mlb_statcast,76,walk,0.503,xwOBA+BB/HBP,0.695903,persisted_estimated_woba_value,3,6,1,5,2,False,15,0
718675,573186,3,81,86,22,22,2023-04-07,train,mlb_statcast,86,walk,0.464,xwOBA+BB/HBP,0.695903,persisted_estimated_woba_value,3,6,1,5,2,False,15,0
718677,650644,1,12,19,5,6,2023-04-07,train,mlb_statcast,16,single,0.628,xwOBA,0.627,persisted_estimated_woba_value,3,8,2,4,2,True,0,0
718677,650644,2,44,69,13,20,2023-04-07,train,mlb_statcast,47,field_out,0.457,xwOBA,1.3556197183098586,persisted_estimated_woba_value,3,26,8,3,2,False,15,0
718677,650644,3,75,75,22,22,2023-04-07,train,mlb_statcast,75,single,0.653,xwOBA,1.2692,persisted_estimated_woba_value,3,1,1,0,2,False,15,0
718677,650644,4,97,103,27,27,2023-04-07,train,mlb_statcast,103,double,0.555,xwOBA,0.915,persisted_estimated_woba_value,3,7,1,6,2,False,15,0
718681,675911,1,21,25,5,6,2023-04-06,train,mlb_statcast,21,field_out,0.485,xwOBA,0.7580000000000001,persisted_estimated_woba_value,3,5,2,0,2,False,0,0
718681,675911,2,57,76,14,17,2023-04-06,train,mlb_statcast,63,walk,0.501,xwOBA,0.695903,persisted_estimated_woba_value,3,20,4,6,2,False,15,0
718681,675911,3,85,91,20,20,2023-04-06,train,mlb_statcast,91,walk,0.484,xwOBA,0.695903,persisted_estimated_woba_value,3,7,1,6,2,False,15,0
718682,607536,1,2,3,2,2,2023-04-06,train,mlb_statcast,3,field_out,0.5,xwOBA,0.105,persisted_estimated_woba_value,2,2,1,1,1,True,0,0
718682,607536,2,24,34,10,11,2023-04-06,train,mlb_statcast,29,walk,0.541,xwOBA,0.695903,persisted_estimated_woba_value,3,11,2,5,2,False,3,0
718682,607536,3,71,75,21,22,2023-04-06,train,mlb_statcast,72,field_out,0.463,xwOBA,0.6805,persisted_estimated_woba_value,3,5,2,1,2,False,15,0
718685,554430,1,72,73,18,18,2023-04-07,train,mlb_statcast,73,single,0.478,xwOBA,0.578,persisted_estimated_woba_value,3,2,1,1,2,False,15,0
718685,554430,2,81,85,20,20,2023-04-07,train,mlb_statcast,85,double,0.45,xwOBA,0.772,persisted_estimated_woba_value,3,5,1,4,2,False,15,0
718685,554430,3,90,92,22,22,2023-04-07,train,mlb_statcast,92,double,0.521,xwOBA,0.711,persisted_estimated_woba_value,3,3,1,2,2,False,15,0
718685,668881,1,31,45,8,10,2023-04-07,train,mlb_statcast,37,walk,0.676,xwOBA+BB/HBP,0.695903,persisted_estimated_woba_value,3,15,3,6,2,False,10,0
718685,668881,2,51,64,12,14,2023-04-07,train,mlb_statcast,58,single,0.474,xwOBA,0.854,persisted_estimated_woba_value,3,14,3,7,2,False,15,0
718690,519242,1,5,16,2,3,2023-04-06,train,mlb_statcast,8,walk,0.696,xwOBA+BB/HBP,0.695903,persisted_estimated_woba_value,2,12,2,3,1,True,0,0
718690,519242,2,32,40,8,10,2023-04-06,train,mlb_statcast,33,home_run,0.832,xwOBA,1.7648888888888892,persisted_estimated_woba_value,3,9,3,1,2,False,11,0
718690,519242,3,48,56,14,16,2023-04-06,train,mlb_statcast,48,single,0.573,xwOBA,0.771,persisted_estimated_woba_value,3,9,3,0,2,False,15,0
718693,665795,1,36,44,6,7,2023-04-07,train,mlb_statcast,40,walk,0.509,xwOBA+BB/HBP,0.695903,persisted_estimated_woba_value,3,9,2,4,2,False,15,0
718693,665795,2,58,71,11,13,2023-04-07,train,mlb_statcast,62,walk,0.524,xwOBA+BB/HBP,0.695903,persisted_estimated_woba_value,3,14,3,4,2,False,15,0
718695,656302,1,36,55,10,13,2023-04-05,train,mlb_statcast,39,walk,0.503,xwOBA,0.695903,persisted_estimated_woba_value,3,20,4,3,2,False,15,0
718695,656302,2,61,64,15,15,2023-04-05,train,mlb_statcast,64,field_out,0.476,xwOBA,0.694,persisted_estimated_woba_value,3,4,1,3,2,False,15,0
718695,656302,3,90,94,21,21,2023-04-05,train,mlb_statcast,94,walk,0.464,xwOBA+BB/HBP,0.695903,persisted_estimated_woba_value,3,5,1,4,2,False,15,0
718695,657277,1,17,26,6,7,2023-04-05,train,mlb_statcast,21,single,0.491,xwOBA,0.814,persisted_estimated_woba_value,3,10,2,4,2,True,0,0
718695,657277,2,47,57,13,14,2023-04-05,train,mlb_statcast,52,single,0.51,xwOBA,0.941,persisted_estimated_woba_value,3,11,2,5,2,False,15,0
718695,657277,3,74,78,19,20,2023-04-05,train,mlb_statcast,74,single,0.483,xwOBA,0.507,persisted_estimated_woba_value,3,5,2,0,2,False,15,0
718696,593958,1,48,53,11,11,2023-04-05,train,mlb_statcast,53,field_out,0.493,xwOBA,0.372,persisted_estimated_woba_value,3,6,1,5,2,False,15,0
718696,593958,2,58,59,13,13,2023-04-05,train,mlb_statcast,59,field_out,0.531,xwOBA,1.1182968749999995,persisted_estimated_woba_value,3,2,1,1,2,False,15,0
718696,593958,3,61,66,15,15,2023-04-05,train,mlb_statcast,66,walk,0.618,xwOBA,0.695903,persisted_estimated_woba_value,3,6,1,5,2,False,15,0
718696,593958,4,90,95,22,22,2023-04-05,train,mlb_statcast,95,single,0.499,xwOBA,0.6,persisted_estimated_woba_value,3,6,1,5,2,False,15,0
718698,656849,1,6,10,2,2,2023-04-05,train,mlb_statcast,10,walk,0.564,xwOBA,0.695903,persisted_estimated_woba_value,2,5,1,4,1,True,0,0
718698,656849,2,34,52,7,11,2023-04-05,train,mlb_statcast,37,double,0.53,xwOBA,0.895,persisted_estimated_woba_value,3,19,5,3,2,False,13,0
718698,656849,3,57,60,13,13,2023-04-05,train,mlb_statcast,60,walk,0.464,xwOBA+BB/HBP,0.695903,persisted_estimated_woba_value,3,4,1,3,2,False,15,0
718698,656849,4,89,93,21,21,2023-04-05,train,mlb_statcast,93,walk,0.491,xwOBA,0.695903,persisted_estimated_woba_value,3,5,1,4,2,False,15,0
718698,669203,1,7,20,3,5,2023-04-05,train,mlb_statcast,10,double,0.577,xwOBA,0.919,persisted_estimated_woba_value,3,14,3,3,2,True,0,0
718698,669203,2,43,54,13,15,2023-04-05,train,mlb_statcast,43,home_run,0.619,xwOBA,1.5207096774193547,persisted_estimated_woba_value,3,12,3,0,2,False,15,0
718698,669203,3,77,93,21,23,2023-04-05,train,mlb_statcast,81,double,0.512,xwOBA,0.732,persisted_estimated_woba_value,3,17,3,4,2,False,15,0
718699,543037,1,50,54,11,13,2023-04-05,train,mlb_statcast,50,field_out,0.498,xwOBA,1.1574324324324323,persisted_estimated_woba_value,3,5,3,0,2,False,15,0
718699,543037,2,69,77,17,18,2023-04-05,train,mlb_statcast,75,walk,0.477,xwOBA+BB/HBP,0.695903,persisted_estimated_woba_value,3,9,2,6,2,False,15,0
718699,605400,1,22,22,6,6,2023-04-05,train,mlb_statcast,22,field_out,0.496,xwOBA,0.6833333333333332,persisted_estimated_woba_value,3,1,1,0,2,False,1,0
718709,502043,1,53,53,16,16,2023-04-04,train,mlb_statcast,53,single,0.59,xwOBA,0.867,persisted_estimated_woba_value,3,1,1,0,2,False,15,0
718709,502043,2,62,62,18,18,2023-04-04,train,mlb_statcast,62,field_out,0.49,xwOBA,0.5507894736842105,persisted_estimated_woba_value,3,1,1,0,2,False,15,0
718709,502043,3,64,75,20,23,2023-04-04,train,mlb_statcast,66,field_out,0.594,xwOBA,0.7571999999999999,persisted_estimated_woba_value,3,12,4,2,2,False,15,0
718719,663903,1,26,29,7,7,2023-04-03,train,mlb_statcast,29,double,0.462,xwOBA,0.602,persisted_estimated_woba_value,3,4,1,3,2,False,5,0
718719,663903,2,58,72,16,18,2023-04-03,train,mlb_statcast,61,double,0.672,xwOBA,1.10325,persisted_estimated_woba_value,3,15,3,3,2,False,15,0
718722,669194,1,8,20,2,4,2023-04-03,train,mlb_statcast,9,home_run,1.106,xwOBA,1.6648043478260868,persisted_estimated_woba_value,2,13,3,1,1,True,0,0
718722,669194,2,27,34,6,8,2023-04-03,train,mlb_statcast,32,walk,0.469,xwOBA+BB/HBP,0.695903,persisted_estimated_woba_value,3,8,3,5,2,False,6,0
718722,669194,3,67,74,16,17,2023-04-03,train,mlb_statcast,68,grounded_into_double_play,0.513,xwOBA,0.215,persisted_estimated_woba_value,3,8,2,1,2,False,15,0
718724,670912,1,6,26,2,7,2023-04-03,train,mlb_statcast,7,home_run,0.934,xwOBA,1.84588,persisted_estimated_woba_value,2,21,6,1,1,True,0,0
718725,641482,1,31,40,6,7,2023-04-03,train,mlb_statcast,35,single,0.552,xwOBA,0.862,persisted_estimated_woba_value,3,10,2,4,2,False,10,0
718725,641482,2,65,67,16,16,2023-04-03,train,mlb_statcast,67,single,0.555,xwOBA,0.404,persisted_estimated_woba_value,3,3,1,2,2,False,15,0
718734,542881,1,87,93,23,24,2023-04-02,train,mlb_statcast,87,field_out,0.506,xwOBA,0.976860465116279,persisted_estimated_woba_value,3,7,2,0,2,False,15,0
718739,527048,1,30,35,8,9,2023-04-02,train,mlb_statcast,33,walk,0.54,xwOBA,0.695903,persisted_estimated_woba_value,3,6,2,3,2,False,9,0
718739,527048,2,67,85,19,22,2023-04-02,train,mlb_statcast,72,single,0.504,xwOBA,0.618,persisted_estimated_woba_value,3,19,4,5,2,False,15,0
718739,527048,3,98,99,26,26,2023-04-02,train,mlb_statcast,99,single,0.474,xwOBA,0.553,persisted_estimated_woba_value,3,2,1,1,2,False,15,0
718752,554430,1,4,17,3,5,2023-04-01,train,mlb_statcast,10,single,0.499,xwOBA,0.874,persisted_estimated_woba_value,3,14,3,6,2,True,0,0
718753,675911,1,32,37,9,9,2023-04-01,train,mlb_statcast,37,walk,0.605,xwOBA,0.695903,persisted_estimated_woba_value,3,6,1,5,2,False,11,0
718753,675911,2,53,56,14,14,2023-04-01,train,mlb_statcast,56,walk,0.498,xwOBA+BB/HBP,0.695903,persisted_estimated_woba_value,3,4,1,3,2,False,15,0
718753,675911,3,58,68,16,17,2023-04-01,train,mlb_statcast,61,single,0.521,xwOBA,0.737,persisted_estimated_woba_value,3,11,2,3,2,False,15,0
718755,665795,1,61,65,15,15,2023-04-01,train,mlb_statcast,65,walk,0.464,xwOBA+BB/HBP,0.695903,persisted_estimated_woba_value,3,5,1,4,2,False,15,0
718755,665795,2,73,85,19,20,2023-04-01,train,mlb_statcast,79,walk,0.552,xwOBA,0.695903,persisted_estimated_woba_value,3,13,2,6,2,False,15,0
718757,663776,1,25,30,8,8,2023-04-01,train,mlb_statcast,30,walk,0.546,xwOBA,0.695903,persisted_estimated_woba_value,3,6,1,5,2,False,4,0
718757,663776,2,61,76,15,17,2023-04-01,train,mlb_statcast,63,home_run,0.571,xwOBA,1.193945454545454,persisted_estimated_woba_value,3,16,3,2,2,False,15,0
718759,592332,1,6,12,3,4,2023-04-01,train,mlb_statcast,8,single,0.546,xwOBA,0.915,persisted_estimated_woba_value,3,7,2,2,2,True,0,0
718759,592332,2,37,39,12,13,2023-04-01,train,mlb_statcast,38,single,0.59,xwOBA,0.892,persisted_estimated_woba_value,3,3,2,1,2,False,15,0
718759,592332,3,76,84,24,26,2023-04-01,train,mlb_statcast,79,single,0.53,xwOBA,0.76,persisted_estimated_woba_value,3,9,3,3,2,False,15,0
718759,656427,1,12,38,4,9,2023-04-01,train,mlb_statcast,16,walk,0.5,xwOBA+BB/HBP,0.695903,persisted_estimated_woba_value,3,27,6,4,2,True,0,0
718759,656427,2,47,56,12,13,2023-04-01,train,mlb_statcast,52,walk,0.597,xwOBA+BB/HBP,0.695903,persisted_estimated_woba_value,3,10,2,5,2,False,15,0
718761,519242,1,8,32,3,9,2023-04-01,train,mlb_statcast,10,home_run,0.858,xwOBA,1.8400571428571428,persisted_estimated_woba_value,3,25,7,2,2,True,0,0
718761,519242,2,62,74,17,19,2023-04-01,train,mlb_statcast,65,home_run,0.952,xwOBA,2.0,persisted_estimated_woba_value,3,13,3,3,2,False,15,0
718764,664299,1,81,82,22,23,2023-03-31,train,mlb_statcast,81,double,0.474,xwOBA,0.743,persisted_estimated_woba_value,3,2,2,0,2,False,15,0
718768,656302,1,63,73,16,18,2023-03-30,train,mlb_statcast,63,field_out,0.629,xwOBA,1.0587272727272727,persisted_estimated_woba_value,3,11,3,0,2,False,15,0
718771,656849,1,10,14,2,2,2023-03-31,train,mlb_statcast,14,grounded_into_double_play,0.526,xwOBA,0.357,persisted_estimated_woba_value,2,5,1,4,1,True,0,0
718771,656849,2,21,28,5,7,2023-03-31,train,mlb_statcast,21,home_run,0.683,xwOBA,1.6619384615384611,persisted_estimated_woba_value,3,8,3,0,2,False,0,0
718771,656849,3,54,55,14,14,2023-03-31,train,mlb_statcast,55,field_out,0.5,xwOBA,0.948,persisted_estimated_woba_value,3,2,1,1,2,False,15,0
718776,593958,1,15,18,4,4,2023-03-30,train,mlb_statcast,18,field_out,0.575,xwOBA,0.8998333333333335,persisted_estimated_woba_value,3,4,1,3,2,True,0,0
718776,593958,2,35,42,9,11,2023-03-30,train,mlb_statcast,37,home_run,0.882,xwOBA,1.8952727272727272,persisted_estimated_woba_value,3,8,3,2,2,False,14,0
718776,593958,3,83,88,21,21,2023-03-30,train,mlb_statcast,88,single,0.516,xwOBA,0.614,persisted_estimated_woba_value,3,6,1,5,2,False,15,0
718777,573186,1,12,21,4,5,2023-03-30,train,mlb_statcast,16,walk,0.532,xwOBA,0.695903,persisted_estimated_woba_value,3,10,2,4,2,True,0,0
718777,573186,2,47,52,12,12,2023-03-30,train,mlb_statcast,52,walk,0.464,xwOBA+BB/HBP,0.695903,persisted_estimated_woba_value,3,6,1,5,2,False,15,0
718777,669203,1,5,19,2,5,2023-03-30,train,mlb_statcast,7,field_out,0.657,xwOBA,1.2333437499999995,persisted_estimated_woba_value,2,15,4,2,1,True,0,0
718777,669203,2,43,49,12,12,2023-03-30,train,mlb_statcast,49,walk,0.491,xwOBA,0.695903,persisted_estimated_woba_value,3,7,1,6,2,False,15,0
718777,669203,3,53,56,14,14,2023-03-30,train,mlb_statcast,56,single,0.492,xwOBA,0.781,persisted_estimated_woba_value,3,4,1,3,2,False,15,0
718779,605400,1,54,72,13,17,2023-03-30,train,mlb_statcast,56,single,0.628,xwOBA,0.861,persisted_estimated_woba_value,3,19,5,2,2,False,15,0
718781,543037,1,86,86,20,20,2023-03-30,train,mlb_statcast,86,single,0.579,xwOBA,0.73,persisted_estimated_woba_value,3,1,1,0,2,False,15,0
744798,605400,1,4,11,2,3,2024-09-29,validation,mlb_statcast,9,strikeout,0.846,xwOBA,0.0,persisted_estimated_woba_value,2,8,2,5,1,True,0,0
744798,605400,2,87,96,22,23,2024-09-29,validation,mlb_statcast,92,field_out,0.462,xwOBA,0.492,persisted_estimated_woba_value,3,10,2,5,2,False,15,15
744799,554430,1,74,90,20,22,2024-09-28,validation,mlb_statcast,78,home_run,0.577,xwOBA,1.3687575757575758,persisted_estimated_woba_value,3,17,3,4,2,False,15,15
744802,666142,1,10,17,3,4,2024-09-24,validation,mlb_statcast,14,walk,0.464,xwOBA+BB/HBP,0.689131,persisted_estimated_woba_value,3,8,2,4,2,True,0,0
744802,666142,2,55,60,15,16,2024-09-24,validation,mlb_statcast,55,field_out,0.512,xwOBA,0.8788695652173912,persisted_estimated_woba_value,3,6,2,0,2,False,15,15
744811,543037,1,20,24,7,8,2024-08-27,validation,mlb_statcast,22,double,0.617,xwOBA,0.9243243243243244,persisted_estimated_woba_value,3,5,2,2,2,True,0,0
744811,543037,2,48,59,15,17,2024-08-27,validation,mlb_statcast,48,home_run,0.736,xwOBA,1.3093833333333331,persisted_estimated_woba_value,3,12,3,0,2,False,15,15
744813,641482,1,23,31,7,9,2024-08-26,validation,mlb_statcast,25,field_out,0.628,xwOBA,1.1709166666666664,persisted_estimated_woba_value,3,9,3,2,2,False,2,2
744813,641482,2,44,47,13,13,2024-08-26,validation,mlb_statcast,47,double_play,0.522,xwOBA,0.7969473684210527,persisted_estimated_woba_value,3,4,1,3,2,False,15,14
744813,641482,3,63,69,19,20,2024-08-26,validation,mlb_statcast,66,double,0.593,xwOBA,0.852,persisted_estimated_woba_value,3,7,2,3,2,False,15,14
744813,641482,4,87,91,25,26,2024-08-26,validation,mlb_statcast,88,home_run,0.668,xwOBA,2.0,persisted_estimated_woba_value,3,5,2,1,2,False,15,15
744821,657277,1,18,25,7,8,2024-08-05,validation,mlb_statcast,19,field_out,0.627,xwOBA,1.0012424242424245,persisted_estimated_woba_value,3,8,2,1,2,True,0,0
744821,657277,2,52,57,14,14,2024-08-05,validation,mlb_statcast,57,walk,0.459,xwOBA+BB/HBP,0.689131,persisted_estimated_woba_value,3,6,1,5,2,False,15,14
744821,657277,3,76,76,20,20,2024-08-05,validation,mlb_statcast,76,field_out,0.458,xwOBA,0.918,persisted_estimated_woba_value,3,1,1,0,2,False,15,15
744821,657277,4,79,95,22,24,2024-08-05,validation,mlb_statcast,91,walk,0.583,xwOBA,0.689131,persisted_estimated_woba_value,3,17,3,12,2,False,15,15
744823,650644,1,14,28,4,7,2024-08-03,validation,mlb_statcast,18,single,0.583,xwOBA,0.761,persisted_estimated_woba_value,3,15,4,4,2,True,0,0
744823,650644,2,50,53,12,12,2024-08-03,validation,mlb_statcast,53,home_run,0.454,xwOBA,1.1488,persisted_estimated_woba_value,3,4,1,3,2,False,15,15
744838,640455,1,84,84,25,25,2024-07-02,validation,mlb_statcast,84,single,0.458,xwOBA,0.885,persisted_estimated_woba_value,3,1,1,0,2,False,15,15
744840,656849,1,6,13,2,3,2024-07-01,validation,mlb_statcast,8,force_out,0.671,xwOBA,0.901,persisted_estimated_woba_value,2,8,2,2,1,True,0,0
744840,656849,2,24,33,7,9,2024-07-01,validation,mlb_statcast,28,single,0.58,xwOBA,0.928,persisted_estimated_woba_value,3,10,3,4,2,False,3,3
744840,656849,3,41,47,11,13,2024-07-01,validation,mlb_statcast,43,single,0.557,xwOBA,0.879,persisted_estimated_woba_value,3,7,3,2,2,False,15,15
744841,669194,1,32,38,11,12,2024-06-20,validation,mlb_statcast,34,field_out,0.452,xwOBA,0.329,persisted_estimated_woba_value,3,7,2,2,2,False,11,11
744841,669194,2,59,63,20,21,2024-06-20,validation,mlb_statcast,60,home_run,0.582,xwOBA,1.061409090909091,persisted_estimated_woba_value,3,5,2,1,2,False,15,15
744845,519242,1,61,65,16,16,2024-06-07,validation,mlb_statcast,65,single,0.529,xwOBA,0.82,persisted_estimated_woba_value,3,5,1,4,2,False,15,15
744845,519242,2,76,83,20,22,2024-06-07,validation,mlb_statcast,78,triple,0.717,xwOBA,1.6838205128205137,persisted_estimated_woba_value,3,8,3,2,2,False,15,15
744850,656849,1,2,5,2,2,2024-06-04,validation,mlb_statcast,5,hit_by_pitch,0.639,xwOBA,0.720192,persisted_estimated_woba_value,2,4,1,3,1,True,0,0
744850,656849,2,31,36,10,12,2024-06-04,validation,mlb_statcast,31,single,0.718,xwOBA,0.92,persisted_estimated_woba_value,3,6,3,0,2,False,10,10
744850,656849,3,56,61,21,21,2024-06-04,validation,mlb_statcast,61,walk,0.478,xwOBA,0.689131,persisted_estimated_woba_value,3,6,1,5,2,False,15,15
744850,656849,4,71,75,25,26,2024-06-04,validation,mlb_statcast,74,field_out,0.61,xwOBA,0.618,persisted_estimated_woba_value,3,5,2,3,2,False,15,15
744852,622663,1,37,44,10,12,2024-06-05,validation,mlb_statcast,38,field_out,0.678,xwOBA,1.142175,persisted_estimated_woba_value,3,8,3,1,2,False,15,15
744852,622663,2,76,88,24,26,2024-06-05,validation,mlb_statcast,83,single,0.514,xwOBA,0.645,persisted_estimated_woba_value,3,13,3,7,2,False,15,14
744859,669203,1,30,40,7,8,2024-05-07,validation,mlb_statcast,36,field_out,0.483,xwOBA,0.54,persisted_estimated_woba_value,3,11,2,6,2,False,9,9
744859,669203,2,50,52,13,14,2024-05-07,validation,mlb_statcast,50,field_out,0.547,xwOBA,0.6876666666666665,persisted_estimated_woba_value,3,3,2,0,2,False,15,15
744859,669203,3,93,93,26,26,2024-05-07,validation,mlb_statcast,93,single,0.501,xwOBA,0.557,persisted_estimated_woba_value,3,1,1,0,2,False,15,15
744862,592332,1,16,31,4,6,2024-05-04,validation,mlb_statcast,21,walk,0.519,xwOBA+BB/HBP,0.689131,persisted_estimated_woba_value,3,16,3,5,2,True,0,0
744868,579328,1,6,14,2,4,2024-05-03,validation,mlb_statcast,7,field_out,0.754,xwOBA,0.9243243243243244,persisted_estimated_woba_value,2,9,3,1,1,True,0,0
744868,579328,2,43,50,11,14,2024-05-03,validation,mlb_statcast,44,single,0.487,xwOBA,0.416,persisted_estimated_woba_value,3,8,4,1,2,False,15,15
744870,527048,1,16,20,6,6,2024-04-04,validation,mlb_statcast,20,single,0.581,xwOBA,0.549,persisted_estimated_woba_value,3,5,1,4,2,True,0,0
744870,527048,2,44,44,13,13,2024-04-04,validation,mlb_statcast,44,field_out,0.533,xwOBA,0.605,persisted_estimated_woba_value,3,1,1,0,2,False,15,13
744870,527048,3,60,63,19,21,2024-04-04,validation,mlb_statcast,60,home_run,0.616,xwOBA,1.7448749999999995,persisted_estimated_woba_value,3,4,3,0,2,False,15,13
744870,527048,4,83,85,28,28,2024-04-04,validation,mlb_statcast,85,single,0.52,xwOBA,0.689,persisted_estimated_woba_value,3,3,1,2,2,False,15,11
744871,650911,1,7,24,2,5,2024-04-07,validation,mlb_statcast,13,field_out,0.698,xwOBA,0.526,persisted_estimated_woba_value,2,18,4,6,1,True,0,0
744871,650911,2,34,35,9,9,2024-04-07,validation,mlb_statcast,35,single,0.525,xwOBA,0.438,persisted_estimated_woba_value,3,2,1,1,2,False,13,11
744871,650911,3,43,50,12,12,2024-04-07,validation,mlb_statcast,50,walk,0.503,xwOBA+BB/HBP,0.689131,persisted_estimated_woba_value,3,8,1,7,2,False,15,14
744874,605400,1,6,6,2,2,2024-04-05,validation,mlb_statcast,6,field_out,0.46,xwOBA,0.398,persisted_estimated_woba_value,2,1,1,0,1,True,0,0
744874,605400,2,39,40,10,10,2024-04-05,validation,mlb_statcast,40,single,0.591,xwOBA,0.9,persisted_estimated_woba_value,3,2,1,1,2,False,15,15
744874,605400,3,60,71,14,16,2024-04-05,validation,mlb_statcast,66,walk,0.557,xwOBA+BB/HBP,0.689131,persisted_estimated_woba_value,3,12,3,6,2,False,15,15
744874,605400,4,78,84,19,19,2024-04-05,validation,mlb_statcast,84,field_out,0.458,xwOBA,0.786,persisted_estimated_woba_value,3,7,1,6,2,False,15,15
744874,605400,5,87,93,21,21,2024-04-05,validation,mlb_statcast,93,walk,0.539,xwOBA,0.689131,persisted_estimated_woba_value,3,7,1,6,2,False,15,15
744877,592332,1,70,89,21,24,2024-09-25,validation,mlb_statcast,74,single,0.548,xwOBA,0.884,persisted_estimated_woba_value,3,20,4,4,2,False,15,15
744881,640455,1,44,51,12,15,2024-09-11,validation,mlb_statcast,44,single,0.481,xwOBA,0.862,persisted_estimated_woba_value,3,8,4,0,2,False,15,15
744881,640455,2,106,109,27,27,2024-09-11,validation,mlb_statcast,109,walk,0.459,xwOBA+BB/HBP,0.689131,persisted_estimated_woba_value,3,4,1,3,2,False,15,15
744882,592332,1,7,13,2,4,2024-09-13,validation,mlb_statcast,8,single,0.629,xwOBA,0.868,persisted_estimated_woba_value,2,7,3,1,1,True,0,0
744882,592332,2,53,87,16,25,2024-09-13,validation,mlb_statcast,55,single,0.619,xwOBA,0.924,persisted_estimated_woba_value,3,35,10,2,2,False,15,15
744882,592332,3,101,104,31,31,2024-09-13,validation,mlb_statcast,104,field_out,0.503,xwOBA,0.915,persisted_estimated_woba_value,3,4,1,3,2,False,15,15
744884,502043,1,27,42,8,10,2024-09-14,validation,mlb_statcast,30,home_run,0.504,xwOBA,1.0995333333333337,persisted_estimated_woba_value,3,16,3,3,2,False,6,6
744884,502043,2,55,74,14,18,2024-09-14,validation,mlb_statcast,57,field_out,0.479,xwOBA,0.6898571428571427,persisted_estimated_woba_value,3,20,5,2,2,False,15,15
744884,502043,3,81,95,21,23,2024-09-14,validation,mlb_statcast,87,walk,0.467,xwOBA,0.689131,persisted_estimated_woba_value,3,15,3,6,2,False,15,15
744886,656849,1,8,13,3,3,2024-09-10,validation,mlb_statcast,13,walk,0.462,xwOBA,0.689131,persisted_estimated_woba_value,3,6,1,5,2,True,0,0
744886,656849,2,32,34,8,8,2024-09-10,validation,mlb_statcast,34,single,0.543,xwOBA,0.941,persisted_estimated_woba_value,3,3,1,2,2,False,11,11
744886,656849,3,51,61,14,18,2024-09-10,validation,mlb_statcast,51,single,0.5,xwOBA,0.509,persisted_estimated_woba_value,3,11,5,0,2,False,15,15
744887,650911,1,8,15,3,5,2024-09-04,validation,mlb_statcast,9,double,0.487,xwOBA,0.741,persisted_estimated_woba_value,3,8,3,1,2,True,0,0
744887,650911,2,82,84,24,24,2024-09-04,validation,mlb_statcast,84,single,0.461,xwOBA,0.537,persisted_estimated_woba_value,3,3,1,2,2,False,15,15
744892,542881,1,74,85,17,19,2024-08-25,validation,mlb_statcast,75,field_out,0.45,xwOBA,0.71,persisted_estimated_woba_value,3,12,3,1,2,False,15,14
744892,592332,1,40,50,10,12,2024-08-25,validation,mlb_statcast,42,triple,0.556,xwOBA,1.502966101694915,persisted_estimated_woba_value,3,11,3,2,2,False,15,15
744898,592332,1,7,10,2,3,2024-08-19,validation,mlb_statcast,7,field_out,0.802,xwOBA,0.585875,persisted_estimated_woba_value,2,4,2,0,1,True,0,0
744898,592332,2,58,68,13,15,2024-08-19,validation,mlb_statcast,59,home_run,0.453,xwOBA,1.3472622950819673,persisted_estimated_woba_value,3,11,3,1,2,False,15,15
744898,592332,3,83,86,20,20,2024-08-19,validation,mlb_statcast,86,field_out,0.465,xwOBA,0.39,persisted_estimated_woba_value,3,4,1,3,2,False,15,15
744899,592332,1,33,46,10,12,2024-08-08,validation,mlb_statcast,33,home_run,0.72,xwOBA,1.4584186046511625,persisted_estimated_woba_value,3,14,3,0,2,False,12,12
744906,579328,1,61,65,15,15,2024-07-26,validation,mlb_statcast,65,walk,0.467,xwOBA,0.689131,persisted_estimated_woba_value,3,5,1,4,2,False,15,15
744906,579328,2,67,80,17,19,2024-07-26,validation,mlb_statcast,72,field_out,0.666,xwOBA,0.8460769230769233,persisted_estimated_woba_value,3,14,3,5,2,False,15,15
744908,592332,1,41,41,11,11,2024-07-27,validation,mlb_statcast,41,field_out,0.471,xwOBA,0.301,persisted_estimated_woba_value,3,1,1,0,2,False,15,15
744908,592332,2,45,53,14,15,2024-07-27,validation,mlb_statcast,49,single,0.527,xwOBA,0.542,persisted_estimated_woba_value,3,9,2,4,2,False,15,15
744908,592332,3,108,113,33,33,2024-07-27,validation,mlb_statcast,113,walk,0.535,xwOBA,0.689131,persisted_estimated_woba_value,3,6,1,5,2,False,15,15
744909,592332,1,2,8,2,4,2024-07-21,validation,mlb_statcast,3,single,0.76,xwOBA,0.79,persisted_estimated_woba_value,2,7,3,1,1,True,0,0
744909,592332,2,72,81,21,24,2024-07-21,validation,mlb_statcast,76,walk,0.463,xwOBA+BB/HBP,0.689131,persisted_estimated_woba_value,3,10,4,4,2,False,15,15
744910,579328,1,39,45,11,11,2024-07-20,validation,mlb_statcast,45,walk,0.628,xwOBA,0.689131,persisted_estimated_woba_value,3,7,1,6,2,False,15,15
744910,579328,2,88,94,23,23,2024-07-20,validation,mlb_statcast,94,hit_by_pitch,0.588,xwOBA+BB/HBP,0.720192,persisted_estimated_woba_value,3,7,1,6,2,False,15,15
744911,656427,1,3,10,2,3,2024-07-19,validation,mlb_statcast,4,field_out,0.795,xwOBA,0.87,persisted_estimated_woba_value,2,8,2,1,1,True,0,0
744911,656427,2,90,98,21,21,2024-07-19,validation,mlb_statcast,98,home_run,0.896,xwOBA,2.0,persisted_estimated_woba_value,3,9,1,8,2,False,15,15
744915,579328,1,56,68,12,15,2024-07-03,validation,mlb_statcast,60,double,0.487,xwOBA,0.7720909090909092,persisted_estimated_woba_value,3,13,4,4,2,False,15,15
744915,579328,2,87,92,21,23,2024-07-03,validation,mlb_statcast,87,home_run,0.815,xwOBA,1.9067391304347825,persisted_estimated_woba_value,3,6,3,0,2,False,15,15
744916,543037,1,15,28,5,7,2024-06-30,validation,mlb_statcast,18,single,0.538,xwOBA,0.786,persisted_estimated_woba_value,3,14,3,3,2,True,0,0
744916,543037,2,54,62,12,13,2024-06-30,validation,mlb_statcast,58,hit_by_pitch,0.472,xwOBA+BB/HBP,0.720192,persisted_estimated_woba_value,3,9,2,4,2,False,15,15
744916,592332,1,13,32,3,8,2024-06-30,validation,mlb_statcast,14,home_run,0.764,xwOBA,1.704857142857143,persisted_estimated_woba_value,3,20,6,1,2,True,0,0
744916,592332,2,84,89,21,22,2024-06-30,validation,mlb_statcast,86,hit_by_pitch,0.47,xwOBA+BB/HBP,0.720192,persisted_estimated_woba_value,3,6,2,2,2,False,15,15
744916,592332,3,101,108,26,26,2024-06-30,validation,mlb_statcast,108,double,0.52,xwOBA,0.869,persisted_estimated_woba_value,3,8,1,7,2,False,15,14
744918,579328,1,12,36,3,6,2024-06-17,validation,mlb_statcast,16,home_run,0.616,xwOBA,1.847777777777778,persisted_estimated_woba_value,3,25,4,4,2,True,0,0
744918,579328,2,48,55,9,11,2024-06-17,validation,mlb_statcast,50,home_run,0.628,xwOBA,1.883684210526316,persisted_estimated_woba_value,3,8,3,2,2,False,15,15
744918,579328,3,59,71,13,17,2024-06-17,validation,mlb_statcast,59,field_out,0.547,xwOBA,0.354,persisted_estimated_woba_value,3,13,5,0,2,False,15,15
744920,592332,1,35,39,11,11,2024-06-19,validation,mlb_statcast,39,single,0.463,xwOBA,0.931,persisted_estimated_woba_value,3,5,1,4,2,False,14,14
744920,592332,2,50,64,15,16,2024-06-19,validation,mlb_statcast,56,home_run,0.47,xwOBA,1.2872083333333335,persisted_estimated_woba_value,3,15,2,6,2,False,15,15
744920,592332,3,70,79,19,21,2024-06-19,validation,mlb_statcast,70,home_run,0.71,xwOBA,2.0,persisted_estimated_woba_value,3,10,3,0,2,False,15,15
744920,592332,4,85,94,24,26,2024-06-19,validation,mlb_statcast,91,walk,0.546,xwOBA,0.689131,persisted_estimated_woba_value,3,10,3,6,2,False,15,15
744921,641482,1,10,20,3,5,2024-06-29,validation,mlb_statcast,14,home_run,0.663,xwOBA,1.5579454545454543,persisted_estimated_woba_value,3,11,3,4,2,True,0,0
744921,641482,2,56,73,13,16,2024-06-29,validation,mlb_statcast,60,double,0.534,xwOBA,1.0731190476190478,persisted_estimated_woba_value,3,18,4,4,2,False,15,14
744922,573186,1,7,8,2,2,2024-06-28,validation,mlb_statcast,8,field_out,0.496,xwOBA,0.302,persisted_estimated_woba_value,2,2,1,1,1,True,0,0
744922,573186,2,43,53,11,13,2024-06-28,validation,mlb_statcast,45,single,0.53,xwOBA,0.668,persisted_estimated_woba_value,3,11,3,2,2,False,15,12
744922,573186,3,76,79,20,20,2024-06-28,validation,mlb_statcast,79,hit_by_pitch,0.459,xwOBA,0.720192,persisted_estimated_woba_value,3,4,1,3,2,False,15,15
744922,573186,4,86,89,22,22,2024-06-28,validation,mlb_statcast,89,walk,0.486,xwOBA+BB/HBP,0.689131,persisted_estimated_woba_value,3,4,1,3,2,False,15,15
744922,579328,1,81,84,20,20,2024-06-28,validation,mlb_statcast,84,home_run,0.854,xwOBA,1.5845454545454545,persisted_estimated_woba_value,3,4,1,3,2,False,15,15
744923,579328,1,54,59,13,14,2024-06-06,validation,mlb_statcast,58,walk,0.58,xwOBA,0.689131,persisted_estimated_woba_value,3,6,2,4,2,False,15,15
744923,579328,2,79,85,21,21,2024-06-06,validation,mlb_statcast,85,field_out,0.498,xwOBA,0.506,persisted_estimated_woba_value,3,7,1,6,2,False,15,15
744924,592332,1,27,29,7,8,2024-06-14,validation,mlb_statcast,28,double,0.565,xwOBA,0.741,persisted_estimated_woba_value,3,3,2,1,2,False,6,6
744924,592332,2,76,79,19,19,2024-06-14,validation,mlb_statcast,79,field_out,0.462,xwOBA,0.873,persisted_estimated_woba_value,3,4,1,3,2,False,15,15
744924,671106,1,17,22,6,6,2024-06-14,validation,mlb_statcast,22,walk,0.459,xwOBA+BB/HBP,0.689131,persisted_estimated_woba_value,3,6,1,5,2,True,0,0
744924,671106,2,33,47,9,11,2024-06-14,validation,mlb_statcast,37,double,0.471,xwOBA,1.2607021276595742,persisted_estimated_woba_value,3,15,3,4,2,False,12,12
744924,671106,3,53,55,13,13,2024-06-14,validation,mlb_statcast,55,field_out,0.516,xwOBA,0.575,persisted_estimated_woba_value,3,3,1,2,2,False,15,15
744924,671106,4,81,84,19,19,2024-06-14,validation,mlb_statcast,84,single,0.45,xwOBA,0.778,persisted_estimated_woba_value,3,4,1,3,2,False,15,15
744926,594902,1,5,15,2,3,2024-06-16,validation,mlb_statcast,11,walk,0.585,xwOBA,0.689131,persisted_estimated_woba_value,2,11,2,6,1,True,0,0
744926,594902,2,40,40,9,9,2024-06-16,validation,mlb_statcast,40,home_run,0.7,xwOBA,1.3093833333333331,persisted_estimated_woba_value,3,1,1,0,2,False,15,15
744926,594902,3,76,88,19,20,2024-06-16,validation,mlb_statcast,81,walk,0.457,xwOBA,0.689131,persisted_estimated_woba_value,3,13,2,5,2,False,15,15
744930,592332,1,19,32,5,7,2024-06-03,validation,mlb_statcast,23,home_run,0.565,xwOBA,0.8780000000000001,persisted_estimated_woba_value,3,14,3,4,2,True,0,0
744930,592332,2,59,72,16,19,2024-06-03,validation,mlb_statcast,59,double,0.732,xwOBA,1.5759180327868858,persisted_estimated_woba_value,3,14,4,0,2,False,15,15
744930,592332,3,93,97,26,27,2024-06-03,validation,mlb_statcast,93,home_run,0.994,xwOBA+barrels,1.9139615384615385,persisted_estimated_woba_value,3,5,2,0,2,False,15,15
744931,669203,1,93,99,25,26,2024-06-04,validation,mlb_statcast,94,home_run,0.526,xwOBA,1.551925373134328,persisted_estimated_woba_value,3,7,2,1,2,False,15,15
744932,579328,1,9,10,3,3,2024-06-01,validation,mlb_statcast,10,double,0.507,xwOBA,0.8315749999999997,persisted_estimated_woba_value,3,2,1,1,2,True,0,0
744932,579328,2,13,14,5,5,2024-06-01,validation,mlb_statcast,14,home_run,0.71,xwOBA+barrels,1.2864468085106382,persisted_estimated_woba_value,3,2,1,1,2,True,0,0
744932,579328,3,21,30,7,9,2024-06-01,validation,mlb_statcast,23,field_out,0.724,xwOBA+barrels,0.8861904761904762,persisted_estimated_woba_value,3,10,3,2,2,False,0,0
744932,579328,4,68,89,21,25,2024-06-01,validation,mlb_statcast,70,single,0.614,xwOBA,0.896,persisted_estimated_woba_value,3,22,5,2,2,False,15,15
744936,579328,1,31,36,10,11,2024-05-21,validation,mlb_statcast,31,field_out,0.539,xwOBA,0.704,persisted_estimated_woba_value,3,6,2,0,2,False,10,10
744936,579328,2,71,80,21,22,2024-05-21,validation,mlb_statcast,76,double,0.522,xwOBA,0.8771999999999999,persisted_estimated_woba_value,3,10,2,5,2,False,15,15
744937,650644,1,16,30,5,8,2024-05-19,validation,mlb_statcast,17,home_run,0.862,xwOBA,1.692516129032258,persisted_estimated_woba_value,3,15,4,1,2,True,0,0
744937,650644,2,47,68,14,19,2024-05-19,validation,mlb_statcast,51,double,0.501,xwOBA,0.634,persisted_estimated_woba_value,3,22,6,4,2,False,15,15
744937,650644,3,83,96,23,25,2024-05-19,validation,mlb_statcast,85,single,0.591,xwOBA,0.928,persisted_estimated_woba_value,3,14,3,2,2,False,15,15
744938,592332,1,52,64,14,15,2024-05-18,validation,mlb_statcast,60,fielders_choice_out,0.472,xwOBA,0.429,persisted_estimated_woba_value,3,13,2,8,2,False,15,14
744938,592332,2,98,102,24,26,2024-05-18,validation,mlb_statcast,99,single,0.513,xwOBA,0.85,persisted_estimated_woba_value,3,5,3,1,2,False,15,13
744940,579328,1,3,11,2,3,2024-05-10,validation,mlb_statcast,6,single,0.678,xwOBA,0.519,persisted_estimated_woba_value,2,9,2,3,1,True,0,0
744942,666142,1,101,105,26,26,2024-04-30,validation,mlb_statcast,105,walk,0.459,xwOBA+BB/HBP,0.689131,persisted_estimated_woba_value,3,5,1,4,2,False,15,15
744943,592332,1,22,31,6,8,2024-05-11,validation,mlb_statcast,24,single,0.694,xwOBA,0.875,persisted_estimated_woba_value,3,10,3,2,2,False,1,1
744943,592332,2,69,81,16,19,2024-05-11,validation,mlb_statcast,71,double,0.709,xwOBA,1.4385,persisted_estimated_woba_value,3,13,4,2,2,False,15,12
744944,579328,1,35,38,8,8,2024-04-16,validation,mlb_statcast,38,single,0.54,xwOBA,0.931,persisted_estimated_woba_value,3,4,1,3,2,False,14,14
744944,579328,2,72,86,18,20,2024-04-16,validation,mlb_statcast,76,double,0.63,xwOBA,0.938,persisted_estimated_woba_value,3,15,3,4,2,False,15,15
744946,579328,1,6,13,2,3,2024-04-27,validation,mlb_statcast,10,field_out,0.598,xwOBA,0.388,persisted_estimated_woba_value,2,8,2,4,1,True,0,0
744946,579328,2,19,19,5,5,2024-04-27,validation,mlb_statcast,19,field_out,0.45,xwOBA,0.392,persisted_estimated_woba_value,3,1,1,0,2,True,0,0
744946,579328,3,25,27,7,7,2024-04-27,validation,mlb_statcast,27,single,0.488,xwOBA,0.958,persisted_estimated_woba_value,3,3,1,2,2,False,4,4
744947,592332,1,3,12,2,4,2024-04-28,validation,mlb_statcast,8,field_out,0.903,xwOBA,1.4385,persisted_estimated_woba_value,2,10,3,5,1,True,0,0
744947,592332,2,72,81,22,24,2024-04-28,validation,mlb_statcast,74,home_run,0.563,xwOBA,1.6584583333333327,persisted_estimated_woba_value,3,10,3,2,2,False,15,14
744948,573186,1,29,37,8,9,2024-04-17,validation,mlb_statcast,32,walk,0.58,xwOBA,0.689131,persisted_estimated_woba_value,3,9,2,3,2,False,8,8
744948,592332,1,17,27,4,6,2024-04-17,validation,mlb_statcast,18,single,0.532,xwOBA,0.906,persisted_estimated_woba_value,3,11,3,1,2,True,0,0
744948,592332,2,94,101,20,21,2024-04-17,validation,mlb_statcast,95,double,0.752,xwOBA,1.6903333333333332,persisted_estimated_woba_value,3,8,2,1,2,False,15,14
744950,579328,1,39,42,10,10,2024-04-10,validation,mlb_statcast,42,single,0.529,xwOBA,0.897,persisted_estimated_woba_value,3,4,1,3,2,False,15,15
744952,607536,1,6,8,2,2,2024-04-14,validation,mlb_statcast,8,field_out,0.45,xwOBA,0.61,persisted_estimated_woba_value,2,3,1,2,1,True,0,0
744954,592332,1,57,59,15,15,2024-04-12,validation,mlb_statcast,59,field_out,0.576,xwOBA,0.4146666666666666,persisted_estimated_woba_value,3,3,1,2,2,False,15,15
744954,592332,2,73,78,20,21,2024-04-12,validation,mlb_statcast,76,single,0.546,xwOBA,0.86,persisted_estimated_woba_value,3,6,2,3,2,False,15,15
744958,641540,1,2,12,2,3,2024-09-21,validation,mlb_statcast,4,single,1.03,xwOBA,0.75,persisted_estimated_woba_value,2,11,2,2,1,True,0,0
744958,641540,2,24,27,7,7,2024-09-21,validation,mlb_statcast,27,walk,0.557,xwOBA,0.689131,persisted_estimated_woba_value,3,4,1,3,2,False,3,3
744962,592332,1,28,37,9,11,2024-09-19,validation,mlb_statcast,32,field_out,0.643,xwOBA,1.104861111111111,persisted_estimated_woba_value,3,10,3,4,2,False,7,7
744963,542881,1,83,87,17,17,2024-09-07,validation,mlb_statcast,87,double,0.495,xwOBA,0.796,persisted_estimated_woba_value,3,5,1,4,2,False,15,10
744964,573186,1,12,25,3,5,2024-09-04,validation,mlb_statcast,14,single,0.489,xwOBA,0.735,persisted_estimated_woba_value,3,14,3,2,2,True,0,0
744964,573186,2,61,68,14,15,2024-09-04,validation,mlb_statcast,64,field_out,0.559,xwOBA,0.799,persisted_estimated_woba_value,3,8,2,3,2,False,15,14
744964,573186,3,85,88,20,21,2024-09-04,validation,mlb_statcast,87,double,0.48,xwOBA,0.933,persisted_estimated_woba_value,3,4,2,2,2,False,15,15
744972,543037,1,4,17,2,4,2024-09-02,validation,mlb_statcast,4,single,0.464,xwOBA,0.928,persisted_estimated_woba_value,2,14,3,0,1,True,0,0
744976,641540,1,56,63,17,18,2024-08-19,validation,mlb_statcast,58,home_run,0.738,xwOBA,1.33248,persisted_estimated_woba_value,3,8,2,2,2,False,15,15
744981,579328,1,9,10,4,4,2024-08-07,validation,mlb_statcast,10,single,0.469,xwOBA,0.743,persisted_estimated_woba_value,3,2,1,1,2,True,0,0
744981,579328,2,20,27,7,9,2024-08-07,validation,mlb_statcast,20,field_out,0.616,xwOBA,1.4257540983606556,persisted_estimated_woba_value,3,8,3,0,2,True,0,0
744981,579328,3,85,100,21,23,2024-08-07,validation,mlb_statcast,87,home_run,0.688,xwOBA,1.8200833333333335,persisted_estimated_woba_value,3,16,3,2,2,False,15,15
744990,669203,1,25,31,6,8,2024-07-19,validation,mlb_statcast,27,home_run,0.685,xwOBA,2.0,persisted_estimated_woba_value,3,7,3,2,2,False,4,4
744990,669203,2,40,52,11,12,2024-07-19,validation,mlb_statcast,45,walk,0.551,xwOBA,0.689131,persisted_estimated_woba_value,3,13,2,5,2,False,15,15
744990,669203,3,64,75,16,17,2024-07-19,validation,mlb_statcast,68,field_out,0.526,xwOBA,0.518,persisted_estimated_woba_value,3,12,2,4,2,False,15,15
744996,650633,1,38,41,10,10,2024-07-04,validation,mlb_statcast,41,single,0.506,xwOBA,0.601,persisted_estimated_woba_value,3,4,1,3,2,False,15,15
744996,650633,2,87,92,21,21,2024-07-04,validation,mlb_statcast,92,walk,0.523,xwOBA,0.689131,persisted_estimated_woba_value,3,6,1,5,2,False,15,15
744999,656302,1,4,21,2,4,2024-07-02,validation,mlb_statcast,6,single,0.464,xwOBA,0.928,persisted_estimated_woba_value,2,18,3,2,1,True,0,0
744999,656302,2,39,40,8,8,2024-07-02,validation,mlb_statcast,40,double,0.667,xwOBA,1.232761904761905,persisted_estimated_woba_value,3,2,1,1,2,False,15,15
744999,656302,3,43,47,10,10,2024-07-02,validation,mlb_statcast,47,field_out,0.533,xwOBA,0.301,persisted_estimated_woba_value,3,5,1,4,2,False,15,15
744999,656302,4,53,67,12,15,2024-07-02,validation,mlb_statcast,57,home_run,0.703,xwOBA,1.1186603773584909,persisted_estimated_woba_value,3,15,4,4,2,False,15,15
745000,679525,1,3,8,2,2,2024-06-23,validation,mlb_statcast,8,double,0.484,xwOBA,0.962,persisted_estimated_woba_value,2,6,1,5,1,True,0,0
745000,679525,2,44,52,11,13,2024-06-23,validation,mlb_statcast,46,field_out,0.513,xwOBA,1.061409090909091,persisted_estimated_woba_value,3,9,3,2,2,False,15,15
745000,679525,3,57,61,15,15,2024-06-23,validation,mlb_statcast,61,double,0.476,xwOBA,0.47,persisted_estimated_woba_value,3,5,1,4,2,False,15,15
745000,679525,4,74,74,20,20,2024-06-23,validation,mlb_statcast,74,single,0.561,xwOBA,0.707,persisted_estimated_woba_value,3,1,1,0,2,False,15,15
745000,679525,5,80,87,22,24,2024-06-23,validation,mlb_statcast,81,single,0.527,xwOBA,0.871,persisted_estimated_woba_value,3,8,3,1,2,False,15,15
745000,679525,6,99,101,28,28,2024-06-23,validation,mlb_statcast,101,double,0.551,xwOBA,0.741,persisted_estimated_woba_value,3,3,1,2,2,False,15,15
745002,640455,1,17,36,4,7,2024-06-19,validation,mlb_statcast,22,walk,0.459,xwOBA+BB/HBP,0.689131,persisted_estimated_woba_value,3,20,4,5,2,True,0,0
745002,640455,2,95,95,23,23,2024-06-19,validation,mlb_statcast,95,double,0.487,xwOBA,0.689,persisted_estimated_woba_value,3,1,1,0,2,False,15,15
745004,622663,1,30,42,10,11,2024-06-18,validation,mlb_statcast,39,walk,0.578,xwOBA,0.689131,persisted_estimated_woba_value,3,13,2,9,2,False,9,9
745004,622663,2,62,68,17,19,2024-06-18,validation,mlb_statcast,63,single,0.465,xwOBA,0.83,persisted_estimated_woba_value,3,7,3,1,2,False,15,15
745004,622663,3,72,78,23,25,2024-06-18,validation,mlb_statcast,73,home_run,0.851,xwOBA,1.8964137931034484,persisted_estimated_woba_value,3,7,3,1,2,False,15,15
745005,656849,1,48,58,12,14,2024-06-17,validation,mlb_statcast,53,home_run,0.609,xwOBA,1.1390000000000002,persisted_estimated_woba_value,3,11,3,5,2,False,15,15
745005,656849,2,74,88,20,22,2024-06-17,validation,mlb_statcast,74,double,0.718,xwOBA,1.726268292682927,persisted_estimated_woba_value,3,15,3,0,2,False,15,15
745008,657277,1,59,68,16,19,2024-06-07,validation,mlb_statcast,59,sac_fly,0.526,xwOBA,0.874037037037037,persisted_estimated_woba_value,3,10,4,0,2,False,15,15
745010,641540,1,29,45,7,9,2024-06-04,validation,mlb_statcast,34,field_out,0.552,xwOBA,0.339,persisted_estimated_woba_value,3,17,3,5,2,False,8,8
745010,641540,2,59,71,14,17,2024-06-04,validation,mlb_statcast,61,field_out,0.554,xwOBA,1.3093833333333331,persisted_estimated_woba_value,3,13,4,2,2,False,15,15
745010,641540,3,83,84,20,21,2024-06-04,validation,mlb_statcast,83,home_run,0.454,xwOBA,1.3472622950819673,persisted_estimated_woba_value,3,2,2,0,2,False,15,15
745010,656427,1,52,60,14,16,2024-06-04,validation,mlb_statcast,52,single,0.642,xwOBA,0.877,persisted_estimated_woba_value,3,9,3,0,2,False,15,15
745011,641540,1,48,65,12,14,2024-05-29,validation,mlb_statcast,54,walk,0.516,xwOBA,0.689131,persisted_estimated_woba_value,3,18,3,6,2,False,15,14
745011,641540,2,85,92,21,22,2024-05-29,validation,mlb_statcast,86,single,0.491,xwOBA,0.756,persisted_estimated_woba_value,3,8,2,1,2,False,15,14
745011,669194,1,26,36,7,9,2024-05-29,validation,mlb_statcast,27,single,0.605,xwOBA,0.842,persisted_estimated_woba_value,3,11,3,1,2,False,5,5
745011,669194,2,61,68,14,15,2024-05-29,validation,mlb_statcast,62,single,0.455,xwOBA,0.599,persisted_estimated_woba_value,3,8,2,1,2,False,15,12
745011,669194,3,84,84,20,20,2024-05-29,validation,mlb_statcast,84,home_run,0.481,xwOBA,0.6866800000000002,persisted_estimated_woba_value,3,1,1,0,2,False,15,15
745011,669194,4,89,94,22,22,2024-05-29,validation,mlb_statcast,94,walk,0.514,xwOBA,0.689131,persisted_estimated_woba_value,3,6,1,5,2,False,15,15
745013,663776,1,8,13,2,3,2024-05-18,validation,mlb_statcast,12,field_out,0.916,xwOBA,1.1421904761904764,persisted_estimated_woba_value,2,6,2,4,1,True,0,0
745013,663776,2,27,27,7,7,2024-05-18,validation,mlb_statcast,27,single,0.467,xwOBA,0.477,persisted_estimated_woba_value,3,1,1,0,2,False,6,6
745013,663776,3,95,99,22,23,2024-05-18,validation,mlb_statcast,98,home_run,0.603,xwOBA,1.5924067796610166,persisted_estimated_woba_value,3,5,2,3,2,False,15,15
745014,594902,1,43,46,11,11,2024-05-14,validation,mlb_statcast,46,home_run,0.452,xwOBA,1.3296944444444447,persisted_estimated_woba_value,3,4,1,3,2,False,15,11
745014,594902,2,53,53,13,13,2024-05-14,validation,mlb_statcast,53,field_out,0.639,xwOBA,0.585875,persisted_estimated_woba_value,3,1,1,0,2,False,15,12
745014,594902,3,57,61,15,15,2024-05-14,validation,mlb_statcast,61,walk,0.483,xwOBA,0.689131,persisted_estimated_woba_value,3,5,1,4,2,False,15,13
745014,594902,4,64,72,17,18,2024-05-14,validation,mlb_statcast,66,single,0.477,xwOBA,0.412,persisted_estimated_woba_value,3,9,2,2,2,False,15,14
745016,542881,1,17,25,6,7,2024-05-17,validation,mlb_statcast,20,walk,0.625,xwOBA,0.689131,persisted_estimated_woba_value,3,9,2,3,2,True,0,0
745016,542881,2,53,58,15,16,2024-05-17,validation,mlb_statcast,53,field_out,0.63,xwOBA,0.748,persisted_estimated_woba_value,3,6,2,0,2,False,15,15
745016,542881,3,80,83,21,22,2024-05-17,validation,mlb_statcast,82,field_out,0.451,xwOBA,0.168,persisted_estimated_woba_value,3,4,2,2,2,False,15,15
745016,542881,4,86,92,24,24,2024-05-17,validation,mlb_statcast,92,walk,0.539,xwOBA,0.689131,persisted_estimated_woba_value,3,7,1,6,2,False,15,15
745020,668881,1,67,70,16,16,2024-04-27,validation,mlb_statcast,70,field_out,0.682,xwOBA,1.0012424242424245,persisted_estimated_woba_value,3,4,1,3,2,False,15,15
745022,641540,1,68,69,19,19,2024-04-28,validation,mlb_statcast,69,single,0.485,xwOBA,0.624,persisted_estimated_woba_value,3,2,1,1,2,False,15,15
745026,641540,1,2,17,2,5,2024-04-23,validation,mlb_statcast,3,field_out,0.491,xwOBA,0.067,persisted_estimated_woba_value,2,16,4,1,1,True,0,0
745026,641540,2,42,58,11,13,2024-04-23,validation,mlb_statcast,43,home_run,0.83,xwOBA,2.0,persisted_estimated_woba_value,3,17,3,1,2,False,15,15
745026,641540,3,74,89,18,20,2024-04-23,validation,mlb_statcast,78,field_out,0.453,xwOBA,0.41,persisted_estimated_woba_value,3,16,3,4,2,False,15,15
745032,641540,1,37,48,10,13,2024-04-07,validation,mlb_statcast,42,walk,0.459,xwOBA+BB/HBP,0.689131,persisted_estimated_woba_value,3,12,4,5,2,False,15,15
745037,543294,1,26,36,7,9,2024-03-30,validation,mlb_statcast,28,home_run,0.806,xwOBA,1.807592592592593,persisted_estimated_woba_value,3,11,3,2,2,False,5,5
745037,543294,2,45,49,13,14,2024-03-30,validation,mlb_statcast,45,home_run,0.647,xwOBA,1.008457142857143,persisted_estimated_woba_value,3,5,2,0,2,False,15,14
745037,543294,3,53,57,16,18,2024-03-30,validation,mlb_statcast,54,double,0.727,xwOBA,1.86075,persisted_estimated_woba_value,3,5,3,1,2,False,15,14
745037,543294,4,65,72,20,21,2024-03-30,validation,mlb_statcast,66,single,0.45,xwOBA,0.218,persisted_estimated_woba_value,3,8,2,1,2,False,15,14
745048,656302,1,75,84,19,20,2024-09-01,validation,mlb_statcast,78,walk,0.52,xwOBA+BB/HBP,0.689131,persisted_estimated_woba_value,3,10,2,3,2,False,15,15
745052,527048,1,8,20,2,3,2024-08-30,validation,mlb_statcast,12,fielders_choice_out,0.455,xwOBA,0.22,persisted_estimated_woba_value,2,13,2,4,1,True,0,0
745052,527048,2,37,53,8,12,2024-08-30,validation,mlb_statcast,37,single,0.576,xwOBA,0.687,persisted_estimated_woba_value,3,17,5,0,2,False,15,15
745052,527048,3,64,67,15,15,2024-08-30,validation,mlb_statcast,67,field_out,0.587,xwOBA,1.0731190476190478,persisted_estimated_woba_value,3,4,1,3,2,False,15,15
745054,669194,1,50,66,14,17,2024-08-16,validation,mlb_statcast,51,field_out,0.461,xwOBA,0.198,persisted_estimated_woba_value,3,17,4,1,2,False,15,15
745054,669194,2,79,94,21,24,2024-08-16,validation,mlb_statcast,81,single,0.513,xwOBA,0.933,persisted_estimated_woba_value,3,16,4,2,2,False,15,15
745055,579328,1,40,45,8,8,2024-08-13,validation,mlb_statcast,45,field_out,0.498,xwOBA,0.275,persisted_estimated_woba_value,3,6,1,5,2,False,15,15
745055,579328,2,48,65,10,12,2024-08-13,validation,mlb_statcast,53,field_out,0.644,xwOBA,1.6032142857142853,persisted_estimated_woba_value,3,18,3,5,2,False,15,15
745056,669203,1,31,45,9,11,2024-08-10,validation,mlb_statcast,36,walk,0.523,xwOBA,0.689131,persisted_estimated_woba_value,3,15,3,5,2,False,10,9
745056,669203,2,60,63,15,16,2024-08-10,validation,mlb_statcast,61,single,0.517,xwOBA,0.649,persisted_estimated_woba_value,3,4,2,1,2,False,15,15
745056,669203,3,76,82,20,20,2024-08-10,validation,mlb_statcast,82,field_out,0.472,xwOBA,0.101,persisted_estimated_woba_value,3,7,1,6,2,False,15,14
745060,665795,1,48,67,12,16,2024-07-30,validation,mlb_statcast,49,home_run,0.525,xwOBA,1.5759180327868858,persisted_estimated_woba_value,3,20,5,1,2,False,15,15
745063,668881,1,56,72,16,18,2024-07-28,validation,mlb_statcast,57,hit_by_pitch,0.479,xwOBA+BB/HBP,0.720192,persisted_estimated_woba_value,3,17,3,1,2,False,15,15
745063,668881,2,79,81,21,21,2024-07-28,validation,mlb_statcast,81,hit_by_pitch,0.465,xwOBA,0.720192,persisted_estimated_woba_value,3,3,1,2,2,False,15,15
745065,641482,1,4,10,2,3,2024-07-11,validation,mlb_statcast,7,home_run,1.19,xwOBA+barrels,0.6991923076923078,persisted_estimated_woba_value,2,7,2,3,1,True,0,0
745065,641482,2,45,56,12,14,2024-07-11,validation,mlb_statcast,45,single,0.572,xwOBA,0.636,persisted_estimated_woba_value,3,12,3,0,2,False,15,15
745065,641482,3,90,97,22,23,2024-07-11,validation,mlb_statcast,95,walk,0.529,xwOBA,0.689131,persisted_estimated_woba_value,3,8,2,5,2,False,15,15
745066,594902,1,18,25,7,9,2024-07-14,validation,mlb_statcast,18,home_run,0.628,xwOBA,1.884684210526316,persisted_estimated_woba_value,3,8,3,0,2,True,0,0
745066,594902,2,41,42,13,13,2024-07-14,validation,mlb_statcast,42,field_out,0.564,xwOBA,0.4958999999999999,persisted_estimated_woba_value,3,2,1,1,2,False,15,15
745066,594902,3,66,76,20,22,2024-07-14,validation,mlb_statcast,66,home_run,0.486,xwOBA,1.357090909090909,persisted_estimated_woba_value,3,11,3,0,2,False,15,15
745069,573186,1,7,32,3,8,2024-07-10,validation,mlb_statcast,14,field_out,0.518,xwOBA,0.9947631578947372,persisted_estimated_woba_value,3,26,6,7,2,True,0,0
745069,573186,2,66,70,18,18,2024-07-10,validation,mlb_statcast,70,single,0.457,xwOBA,0.353,persisted_estimated_woba_value,3,5,1,4,2,False,15,13
745071,650644,1,5,21,2,4,2024-06-29,validation,mlb_statcast,11,walk,0.999,xwOBA,0.689131,persisted_estimated_woba_value,2,17,3,6,1,True,0,0
745071,650644,2,50,59,11,12,2024-06-29,validation,mlb_statcast,53,single,0.552,xwOBA,0.913,persisted_estimated_woba_value,3,10,2,3,2,False,15,15
745071,650644,3,64,64,16,16,2024-06-29,validation,mlb_statcast,64,single,0.568,xwOBA,0.796,persisted_estimated_woba_value,3,1,1,0,2,False,15,15
745071,650644,4,92,102,24,25,2024-06-29,validation,mlb_statcast,97,single,0.524,xwOBA,0.486,persisted_estimated_woba_value,3,11,2,5,2,False,15,14
745079,650644,1,13,18,5,6,2024-06-12,validation,mlb_statcast,16,walk,0.557,xwOBA,0.689131,persisted_estimated_woba_value,3,6,2,3,2,True,0,0
745079,650644,2,45,58,13,15,2024-06-12,validation,mlb_statcast,49,home_run,0.566,xwOBA,1.6189629629629625,persisted_estimated_woba_value,3,14,3,4,2,False,15,15
745079,650644,3,68,74,20,21,2024-06-12,validation,mlb_statcast,70,single,0.691,xwOBA,0.768,persisted_estimated_woba_value,3,7,2,2,2,False,15,15
745080,669203,1,8,12,2,3,2024-06-10,validation,mlb_statcast,8,field_out,0.498,xwOBA,0.444,persisted_estimated_woba_value,2,5,2,0,1,True,0,0
745080,669203,2,33,43,9,11,2024-06-10,validation,mlb_statcast,38,home_run,0.673,xwOBA,2.0,persisted_estimated_woba_value,3,11,3,5,2,False,12,12
745080,669203,3,82,84,23,24,2024-06-10,validation,mlb_statcast,83,grounded_into_double_play,0.468,xwOBA,0.418,persisted_estimated_woba_value,3,3,2,1,2,False,15,15
745083,650644,1,11,16,4,5,2024-06-07,validation,mlb_statcast,12,field_out,0.488,xwOBA,0.744,persisted_estimated_woba_value,3,6,2,1,2,True,0,0
745083,650644,2,59,66,15,16,2024-06-07,validation,mlb_statcast,63,single,0.494,xwOBA,0.928,persisted_estimated_woba_value,3,8,2,4,2,False,15,14
745083,650644,3,82,102,20,23,2024-06-07,validation,mlb_statcast,84,field_out,0.545,xwOBA,0.7675499999999998,persisted_estimated_woba_value,3,21,4,2,2,False,15,15
745086,650644,1,2,3,2,2,2024-05-25,validation,mlb_statcast,3,field_out,0.474,xwOBA,0.8861904761904762,persisted_estimated_woba_value,2,2,1,1,1,True,0,0
745086,650644,2,43,47,12,13,2024-05-25,validation,mlb_statcast,46,hit_by_pitch,0.552,xwOBA,0.720192,persisted_estimated_woba_value,3,5,2,3,2,False,15,15
745086,663903,1,14,15,6,6,2024-05-25,validation,mlb_statcast,15,hit_by_pitch,0.573,xwOBA,0.720192,persisted_estimated_woba_value,3,2,1,1,2,True,0,0
745086,663903,2,28,34,10,11,2024-05-25,validation,mlb_statcast,30,single,0.644,xwOBA,0.845,persisted_estimated_woba_value,3,7,2,2,2,False,7,7
745086,663903,3,38,55,13,15,2024-05-25,validation,mlb_statcast,47,home_run,0.596,xwOBA,1.7699523809523812,persisted_estimated_woba_value,3,18,3,9,2,False,15,15
745086,663903,4,66,81,18,21,2024-05-25,validation,mlb_statcast,67,field_out,0.462,xwOBA,0.06,persisted_estimated_woba_value,3,16,4,1,2,False,15,15
745096,641482,1,2,8,2,3,2024-05-11,validation,mlb_statcast,7,walk,0.846,xwOBA,0.689131,persisted_estimated_woba_value,2,7,2,5,1,True,0,0
745096,641482,2,38,51,10,13,2024-05-11,validation,mlb_statcast,43,double,0.604,xwOBA,1.123,persisted_estimated_woba_value,3,14,4,5,2,False,15,15
745099,656427,1,12,24,3,5,2024-04-24,validation,mlb_statcast,16,home_run,0.508,xwOBA,1.0830857142857149,persisted_estimated_woba_value,3,13,3,4,2,True,0,0
745099,656427,2,62,69,15,15,2024-04-24,validation,mlb_statcast,69,single,0.462,xwOBA,0.48,persisted_estimated_woba_value,3,8,1,7,2,False,15,13
745101,650644,1,23,36,6,10,2024-05-03,validation,mlb_statcast,24,single,0.478,xwOBA,0.921,persisted_estimated_woba_value,3,14,5,1,2,False,2,2
745101,650644,2,57,62,16,16,2024-05-03,validation,mlb_statcast,62,double,0.491,xwOBA,0.973,persisted_estimated_woba_value,3,6,1,5,2,False,15,15
745101,650644,3,68,77,18,21,2024-05-03,validation,mlb_statcast,68,single,0.601,xwOBA,0.83,persisted_estimated_woba_value,3,10,4,0,2,False,15,13
745103,622663,1,58,91,16,23,2024-05-05,validation,mlb_statcast,59,field_out,0.623,xwOBA,1.1802380952380946,persisted_estimated_woba_value,3,34,8,1,2,False,15,15
745106,663776,1,11,29,3,5,2024-04-15,validation,mlb_statcast,16,field_out,0.585,xwOBA,1.5235,persisted_estimated_woba_value,3,19,3,5,2,True,0,0
745106,663776,2,66,75,14,16,2024-04-15,validation,mlb_statcast,70,single,0.696,xwOBA,0.88,persisted_estimated_woba_value,3,10,3,4,2,False,15,15
745106,663776,3,83,87,19,19,2024-04-15,validation,mlb_statcast,87,force_out,0.462,xwOBA,0.203,persisted_estimated_woba_value,3,5,1,4,2,False,15,15
745108,650644,1,51,64,14,16,2024-04-16,validation,mlb_statcast,52,home_run,0.735,xwOBA,1.6584583333333327,persisted_estimated_woba_value,3,14,3,1,2,False,15,11
745109,641540,1,12,12,5,5,2024-04-01,validation,mlb_statcast,12,field_out,0.531,xwOBA,0.565,persisted_estimated_woba_value,3,1,1,0,2,True,0,0
745109,641540,2,17,18,7,7,2024-04-01,validation,mlb_statcast,18,double,0.484,xwOBA,0.887,persisted_estimated_woba_value,3,2,1,1,2,True,0,0
745109,641540,3,22,26,9,9,2024-04-01,validation,mlb_statcast,26,walk,0.525,xwOBA,0.689131,persisted_estimated_woba_value,3,5,1,4,2,False,1,1
745109,641540,4,33,33,11,11,2024-04-01,validation,mlb_statcast,33,hit_by_pitch,0.47,xwOBA+BB/HBP,0.720192,persisted_estimated_woba_value,3,1,1,0,2,False,12,12
745109,641540,5,37,47,13,14,2024-04-01,validation,mlb_statcast,39,field_out,0.478,xwOBA,0.651,persisted_estimated_woba_value,3,11,2,2,2,False,15,14
745109,641540,6,52,57,16,16,2024-04-01,validation,mlb_statcast,57,hit_by_pitch,0.47,xwOBA+BB/HBP,0.720192,persisted_estimated_woba_value,3,6,1,5,2,False,15,15
745109,641540,7,77,93,22,26,2024-04-01,validation,mlb_statcast,78,field_out,0.46,xwOBA,0.645,persisted_estimated_woba_value,3,17,5,1,2,False,15,14
745110,657277,1,33,34,10,10,2024-04-13,validation,mlb_statcast,34,grounded_into_double_play,0.559,xwOBA,0.419,persisted_estimated_woba_value,3,2,1,1,2,False,12,12
745110,657277,2,74,83,21,23,2024-04-13,validation,mlb_statcast,75,single,0.636,xwOBA,0.938,persisted_estimated_woba_value,3,10,3,1,2,False,15,15
745110,657277,3,89,96,26,27,2024-04-13,validation,mlb_statcast,94,walk,0.481,xwOBA,0.689131,persisted_estimated_woba_value,3,8,2,5,2,False,15,15
745115,592332,1,11,25,3,5,2024-03-31,validation,mlb_statcast,15,home_run,0.797,xwOBA,1.754000000000001,persisted_estimated_woba_value,3,15,3,4,2,True,0,0
745117,650644,1,43,50,11,12,2024-03-29,validation,mlb_statcast,47,walk,0.553,xwOBA,0.689131,persisted_estimated_woba_value,3,8,2,4,2,False,15,12
745119,579328,1,57,65,13,15,2024-03-30,validation,mlb_statcast,62,walk,0.559,xwOBA+BB/HBP,0.689131,persisted_estimated_woba_value,3,9,3,5,2,False,15,11
745119,579328,2,87,90,21,22,2024-03-30,validation,mlb_statcast,88,home_run,0.587,xwOBA,1.4283636363636365,persisted_estimated_woba_value,3,4,2,1,2,False,15,12
745123,502043,1,30,43,10,14,2024-09-20,validation,mlb_statcast,32,single,0.502,xwOBA,0.276,persisted_estimated_woba_value,3,14,5,2,2,False,9,9
745123,502043,2,50,50,18,18,2024-09-20,validation,mlb_statcast,50,single,0.518,xwOBA,0.905,persisted_estimated_woba_value,3,1,1,0,2,False,15,15
745123,502043,3,65,72,24,26,2024-09-20,validation,mlb_statcast,67,home_run,0.605,xwOBA,1.693822222222222,persisted_estimated_woba_value,3,8,3,2,2,False,15,15
745125,502043,1,3,9,2,2,2024-09-07,validation,mlb_statcast,9,single,0.591,xwOBA,0.362,persisted_estimated_woba_value,2,7,1,6,1,True,0,0
745125,502043,2,106,112,26,26,2024-09-07,validation,mlb_statcast,112,walk,0.496,xwOBA+BB/HBP,0.689131,persisted_estimated_woba_value,3,7,1,6,2,False,15,15
745132,656302,1,3,8,2,2,2024-08-27,validation,mlb_statcast,8,double,0.499,xwOBA,0.176,persisted_estimated_woba_value,2,6,1,5,1,True,0,0
745132,656302,2,16,22,6,7,2024-08-27,validation,mlb_statcast,16,field_out,0.53,xwOBA,0.6752631578947369,persisted_estimated_woba_value,3,7,2,0,2,True,0,0
745132,656302,3,27,32,10,11,2024-08-27,validation,mlb_statcast,30,walk,0.547,xwOBA,0.689131,persisted_estimated_woba_value,3,6,2,3,2,False,6,6
745132,656302,4,63,70,17,18,2024-08-27,validation,mlb_statcast,67,walk,0.459,xwOBA+BB/HBP,0.689131,persisted_estimated_woba_value,3,8,2,4,2,False,15,14
745133,502043,1,10,21,4,6,2024-08-26,validation,mlb_statcast,12,home_run,0.869,xwOBA,1.4502727272727272,persisted_estimated_woba_value,3,12,3,2,2,True,0,0
745134,605397,1,2,4,2,3,2024-08-28,validation,mlb_statcast,3,field_out,0.455,xwOBA,0.221,persisted_estimated_woba_value,2,3,2,1,1,True,0,0
745134,605397,2,43,56,13,17,2024-08-28,validation,mlb_statcast,45,double,0.459,xwOBA,0.90321875,persisted_estimated_woba_value,3,14,5,2,2,False,15,15
745134,605397,3,88,94,25,25,2024-08-28,validation,mlb_statcast,94,field_out,0.653,xwOBA,1.0995333333333337,persisted_estimated_woba_value,3,7,1,6,2,False,15,15
745135,650633,1,15,19,4,4,2024-08-29,validation,mlb_statcast,19,walk,0.519,xwOBA,0.689131,persisted_estimated_woba_value,3,5,1,4,2,True,0,0
745135,650633,2,42,55,11,12,2024-08-29,validation,mlb_statcast,48,walk,0.54,xwOBA,0.689131,persisted_estimated_woba_value,3,14,2,6,2,False,15,15
745135,650633,3,101,107,23,24,2024-08-29,validation,mlb_statcast,103,double,0.678,xwOBA,0.9185384615384616,persisted_estimated_woba_value,3,7,2,2,2,False,15,15
745138,502043,1,17,30,5,8,2024-08-21,validation,mlb_statcast,17,field_out,0.545,xwOBA,0.898,persisted_estimated_woba_value,3,14,4,0,2,True,0,0
745138,502043,2,66,80,17,21,2024-08-21,validation,mlb_statcast,68,single,0.516,xwOBA,0.858,persisted_estimated_woba_value,3,15,5,2,2,False,15,15
745143,502043,1,2,6,2,3,2024-08-08,validation,mlb_statcast,2,double,0.829,xwOBA,1.2069696969696966,persisted_estimated_woba_value,2,5,2,0,1,True,0,0
745143,502043,2,61,63,16,18,2024-08-08,validation,mlb_statcast,61,single,0.569,xwOBA,0.87,persisted_estimated_woba_value,3,3,3,0,2,False,15,15
745150,502043,1,6,10,2,2,2024-07-27,validation,mlb_statcast,10,field_out,0.496,xwOBA,0.068,persisted_estimated_woba_value,2,5,1,4,1,True,0,0
745150,502043,2,42,47,12,12,2024-07-27,validation,mlb_statcast,47,single,0.539,xwOBA,0.851,persisted_estimated_woba_value,3,6,1,5,2,False,15,15
745150,502043,3,51,51,14,14,2024-07-27,validation,mlb_statcast,51,single,0.483,xwOBA,0.588,persisted_estimated_woba_value,3,1,1,0,2,False,15,15
745150,502043,4,61,73,17,19,2024-07-27,validation,mlb_statcast,67,walk,0.462,xwOBA+BB/HBP,0.689131,persisted_estimated_woba_value,3,13,3,6,2,False,15,15
745150,502043,5,81,91,22,24,2024-07-27,validation,mlb_statcast,82,hit_by_pitch,0.547,xwOBA,0.720192,persisted_estimated_woba_value,3,11,3,1,2,False,15,15
745153,543294,1,11,14,3,3,2024-07-12,validation,mlb_statcast,14,single,0.454,xwOBA,0.616,persisted_estimated_woba_value,3,4,1,3,2,True,0,0
745153,543294,2,57,60,16,16,2024-07-12,validation,mlb_statcast,60,single,0.495,xwOBA,0.403,persisted_estimated_woba_value,3,4,1,3,2,False,15,15
745153,543294,3,65,68,18,18,2024-07-12,validation,mlb_statcast,68,field_out,0.476,xwOBA,0.665,persisted_estimated_woba_value,3,4,1,3,2,False,15,15
745154,668881,1,87,91,21,21,2024-06-30,validation,mlb_statcast,91,hit_by_pitch,0.495,xwOBA,0.720192,persisted_estimated_woba_value,3,5,1,4,2,False,15,15
745155,679525,1,49,53,11,11,2024-07-10,validation,mlb_statcast,53,home_run,0.46,xwOBA,0.6795714285714286,persisted_estimated_woba_value,3,5,1,4,2,False,15,15
745157,502043,1,11,34,4,8,2024-06-26,validation,mlb_statcast,18,walk,0.478,xwOBA,0.689131,persisted_estimated_woba_value,3,24,5,7,2,True,0,0
745157,502043,2,40,44,10,10,2024-06-26,validation,mlb_statcast,44,single,0.543,xwOBA,0.562,persisted_estimated_woba_value,3,5,1,4,2,False,15,15
745157,502043,3,77,83,20,20,2024-06-26,validation,mlb_statcast,83,walk,0.558,xwOBA+BB/HBP,0.689131,persisted_estimated_woba_value,3,7,1,6,2,False,15,15
745165,657277,1,3,3,2,2,2024-06-23,validation,mlb_statcast,3,single,0.653,xwOBA,0.427,persisted_estimated_woba_value,2,1,1,0,1,True,0,0
745165,657277,2,70,70,18,18,2024-06-23,validation,mlb_statcast,70,single,0.529,xwOBA,0.869,persisted_estimated_woba_value,3,1,1,0,2,False,15,15
745165,657277,3,92,98,26,26,2024-06-23,validation,mlb_statcast,98,walk,0.517,xwOBA+BB/HBP,0.689131,persisted_estimated_woba_value,3,7,1,6,2,False,15,15
745166,502043,1,4,16,2,4,2024-06-08,validation,mlb_statcast,12,walk,0.541,xwOBA,0.689131,persisted_estimated_woba_value,2,13,3,8,1,True,0,0
745166,502043,2,42,53,12,14,2024-06-08,validation,mlb_statcast,45,single,0.486,xwOBA,0.907,persisted_estimated_woba_value,3,12,3,3,2,False,15,15
745166,502043,3,66,70,19,19,2024-06-08,validation,mlb_statcast,70,walk,0.482,xwOBA,0.689131,persisted_estimated_woba_value,3,5,1,4,2,False,15,15
745166,502043,4,74,84,21,23,2024-06-08,validation,mlb_statcast,76,home_run,0.739,xwOBA,1.33248,persisted_estimated_woba_value,3,11,3,2,2,False,15,15
745173,502043,1,69,72,15,15,2024-05-22,validation,mlb_statcast,72,single,0.483,xwOBA,0.39,persisted_estimated_woba_value,3,4,1,3,2,False,15,15
745175,502043,1,6,7,2,2,2024-07-13,validation,mlb_statcast,7,double,0.573,xwOBA,0.9262222222222224,persisted_estimated_woba_value,2,2,1,1,1,True,0,0
745175,502043,2,21,54,6,13,2024-07-13,validation,mlb_statcast,25,single,0.462,xwOBA,0.799,persisted_estimated_woba_value,3,34,8,4,2,False,0,0
745175,502043,3,76,79,19,19,2024-07-13,validation,mlb_statcast,79,single,0.501,xwOBA,0.781,persisted_estimated_woba_value,3,4,1,3,2,False,15,15
745178,502043,1,37,49,11,16,2024-05-17,validation,mlb_statcast,38,field_out,0.719,xwOBA,0.9947631578947372,persisted_estimated_woba_value,3,13,6,1,2,False,15,15
745178,502043,2,78,90,25,27,2024-05-17,validation,mlb_statcast,79,field_out,0.497,xwOBA,0.8788695652173912,persisted_estimated_woba_value,3,13,3,1,2,False,15,15
745182,502043,1,14,24,4,6,2024-05-06,validation,mlb_statcast,15,double,0.47,xwOBA,0.7198,persisted_estimated_woba_value,3,11,3,1,2,True,0,0
745182,502043,2,62,62,17,17,2024-05-06,validation,mlb_statcast,62,field_out,0.552,xwOBA,0.35,persisted_estimated_woba_value,3,1,1,0,2,False,15,15
745182,502043,3,66,69,19,20,2024-05-06,validation,mlb_statcast,67,single,0.629,xwOBA,0.7720909090909092,persisted_estimated_woba_value,3,4,2,1,2,False,15,15
745182,640455,1,23,29,7,8,2024-05-06,validation,mlb_statcast,25,double,0.461,xwOBA,0.636,persisted_estimated_woba_value,3,7,2,2,2,False,2,2
745182,640455,2,74,80,21,22,2024-05-06,validation,mlb_statcast,78,walk,0.577,xwOBA,0.689131,persisted_estimated_woba_value,3,7,2,4,2,False,15,15
745188,502043,1,3,19,2,6,2024-04-24,validation,mlb_statcast,6,single,0.5,xwOBA,0.883,persisted_estimated_woba_value,2,17,5,3,1,True,0,0
745188,502043,2,63,73,18,20,2024-04-24,validation,mlb_statcast,65,single,0.512,xwOBA,0.847,persisted_estimated_woba_value,3,11,3,2,2,False,15,15
745189,502043,1,28,36,10,11,2024-04-19,validation,mlb_statcast,34,walk,0.625,xwOBA,0.689131,persisted_estimated_woba_value,3,9,2,6,2,False,7,7
745189,502043,2,49,57,15,16,2024-04-19,validation,mlb_statcast,53,walk,0.612,xwOBA+BB/HBP,0.689131,persisted_estimated_woba_value,3,9,2,4,2,False,15,15
745189,502043,3,75,76,21,21,2024-04-19,validation,mlb_statcast,76,single,0.495,xwOBA,0.795,persisted_estimated_woba_value,3,2,1,1,2,False,15,15
745195,554430,1,50,58,14,16,2024-04-09,validation,mlb_statcast,53,home_run,0.608,xwOBA,1.745106382978723,persisted_estimated_woba_value,3,9,3,3,2,False,15,13
745195,554430,2,93,100,25,26,2024-04-09,validation,mlb_statcast,96,walk,0.552,xwOBA,0.689131,persisted_estimated_woba_value,3,8,2,3,2,False,15,12
745196,605400,1,22,37,5,7,2024-04-10,validation,mlb_statcast,27,home_run,0.757,xwOBA,2.0,persisted_estimated_woba_value,3,16,3,5,2,False,1,1
745196,605400,2,49,52,12,12,2024-04-10,validation,mlb_statcast,52,grounded_into_double_play,0.472,xwOBA,0.506,persisted_estimated_woba_value,3,4,1,3,2,False,15,15
745196,605400,3,59,66,16,18,2024-04-10,validation,mlb_statcast,61,field_out,0.475,xwOBA,0.606,persisted_estimated_woba_value,3,8,3,2,2,False,15,15
745198,502043,1,5,46,2,12,2024-04-07,validation,mlb_statcast,9,walk,0.745,xwOBA,0.689131,persisted_estimated_woba_value,2,42,11,4,1,True,0,0
745198,502043,2,74,76,21,21,2024-04-07,validation,mlb_statcast,76,field_out,0.591,xwOBA,1.2214651162790702,persisted_estimated_woba_value,3,3,1,2,2,False,15,15
745198,502043,3,79,84,23,23,2024-04-07,validation,mlb_statcast,84,field_out,0.45,xwOBA,0.049,persisted_estimated_woba_value,3,6,1,5,2,False,15,15
745199,641482,1,14,27,4,6,2024-09-18,validation,mlb_statcast,16,double,0.52,xwOBA,1.5235,persisted_estimated_woba_value,3,14,3,2,2,True,0,0
745199,641482,2,81,86,22,22,2024-09-18,validation,mlb_statcast,86,walk,0.54,xwOBA,0.689131,persisted_estimated_woba_value,3,6,1,5,2,False,15,15
745214,650633,1,35,44,10,12,2024-09-11,validation,mlb_statcast,39,hit_by_pitch,0.517,xwOBA+BB/HBP,0.720192,persisted_estimated_woba_value,3,10,3,4,2,False,14,14
745214,650633,2,52,58,14,14,2024-09-11,validation,mlb_statcast,58,single,0.6,xwOBA,0.901,persisted_estimated_woba_value,3,7,1,6,2,False,15,15
745214,650633,3,71,80,19,20,2024-09-11,validation,mlb_statcast,76,walk,0.487,xwOBA,0.689131,persisted_estimated_woba_value,3,10,2,5,2,False,15,15
745216,622663,1,14,30,5,7,2024-08-11,validation,mlb_statcast,19,home_run,0.766,xwOBA,1.5924067796610166,persisted_estimated_woba_value,3,17,3,5,2,True,0,0
745216,622663,2,48,55,12,13,2024-08-11,validation,mlb_statcast,52,walk,0.462,xwOBA+BB/HBP,0.689131,persisted_estimated_woba_value,3,8,2,4,2,False,15,15
745216,622663,3,86,92,21,22,2024-08-11,validation,mlb_statcast,86,home_run,0.653,xwOBA,1.8972222222222224,persisted_estimated_woba_value,3,7,2,0,2,False,15,15
745219,640455,1,21,23,6,6,2024-08-10,validation,mlb_statcast,23,single,0.518,xwOBA,0.503,persisted_estimated_woba_value,3,3,1,2,2,False,0,0
745219,640455,2,45,51,11,11,2024-08-10,validation,mlb_statcast,51,walk,0.486,xwOBA+BB/HBP,0.689131,persisted_estimated_woba_value,3,7,1,6,2,False,15,15
745219,640455,3,54,68,13,14,2024-08-10,validation,mlb_statcast,61,walk,0.507,xwOBA+BB/HBP,0.689131,persisted_estimated_woba_value,3,15,2,7,2,False,15,15
745219,640455,4,79,85,17,18,2024-08-10,validation,mlb_statcast,84,walk,0.463,xwOBA+BB/HBP,0.689131,persisted_estimated_woba_value,3,7,2,5,2,False,15,15
745222,554430,1,6,14,3,5,2024-08-04,validation,mlb_statcast,6,double,0.485,xwOBA,1.058638888888889,persisted_estimated_woba_value,3,9,3,0,2,True,0,0
745222,554430,2,76,85,22,24,2024-08-04,validation,mlb_statcast,80,field_out,0.653,xwOBA,1.3787368421052633,persisted_estimated_woba_value,3,10,3,4,2,False,15,14
745232,542881,1,3,6,2,2,2024-07-22,validation,mlb_statcast,6,single,0.497,xwOBA,0.273,persisted_estimated_woba_value,2,4,1,3,1,True,0,0
745232,542881,2,87,96,22,22,2024-07-22,validation,mlb_statcast,96,walk,0.658,xwOBA,0.689131,persisted_estimated_woba_value,3,10,1,9,2,False,15,15
745236,669203,1,58,76,14,17,2024-07-04,validation,mlb_statcast,60,home_run,0.643,xwOBA,1.9301290322580644,persisted_estimated_woba_value,3,19,4,2,2,False,15,15
745237,592332,1,12,27,5,7,2024-07-05,validation,mlb_statcast,14,field_out,0.598,xwOBA,1.6032142857142853,persisted_estimated_woba_value,3,16,3,2,2,True,0,0
745237,592332,2,54,55,14,14,2024-07-05,validation,mlb_statcast,55,double,0.615,xwOBA,0.795,persisted_estimated_woba_value,3,2,1,1,2,False,15,15
745237,592332,3,72,83,19,20,2024-07-05,validation,mlb_statcast,78,walk,0.459,xwOBA,0.689131,persisted_estimated_woba_value,3,12,2,6,2,False,15,15
745237,592332,4,96,100,25,26,2024-07-05,validation,mlb_statcast,97,field_out,0.482,xwOBA,0.5333888888888889,persisted_estimated_woba_value,3,5,2,1,2,False,15,15
745242,641540,1,79,84,16,16,2024-06-16,validation,mlb_statcast,84,walk,0.636,xwOBA,0.689131,persisted_estimated_woba_value,3,6,1,5,2,False,15,13
745242,641540,2,94,98,21,21,2024-06-16,validation,mlb_statcast,98,walk,0.543,xwOBA,0.689131,persisted_estimated_woba_value,3,5,1,4,2,False,15,13
745256,663903,1,6,11,2,2,2024-05-13,validation,mlb_statcast,11,field_out,0.468,xwOBA,0.492,persisted_estimated_woba_value,2,6,1,5,1,True,0,0
745256,663903,2,23,37,6,8,2024-05-13,validation,mlb_statcast,25,home_run,0.942,xwOBA,2.0,persisted_estimated_woba_value,3,15,3,2,2,False,2,2
745256,663903,3,43,62,10,15,2024-05-13,validation,mlb_statcast,48,field_out,0.491,xwOBA,0.605,persisted_estimated_woba_value,3,20,6,5,2,False,15,15
745256,663903,4,81,91,20,22,2024-05-13,validation,mlb_statcast,84,field_out,0.496,xwOBA,0.913,persisted_estimated_woba_value,3,11,3,3,2,False,15,15
745259,679525,1,5,9,2,2,2024-05-15,validation,mlb_statcast,9,single,0.548,xwOBA,0.616,persisted_estimated_woba_value,2,5,1,4,1,True,0,0
745259,679525,2,75,85,15,17,2024-05-15,validation,mlb_statcast,75,home_run,0.553,xwOBA,1.6584583333333327,persisted_estimated_woba_value,3,11,3,0,2,False,15,15
745261,519242,1,57,67,15,16,2024-05-01,validation,mlb_statcast,63,single,0.5,xwOBA,0.458,persisted_estimated_woba_value,3,11,2,6,2,False,15,15
745270,668881,1,57,76,11,13,2024-04-16,validation,mlb_statcast,64,single,0.518,xwOBA,0.883,persisted_estimated_woba_value,3,20,3,7,2,False,15,15
745275,671106,1,36,42,10,10,2024-04-03,validation,mlb_statcast,42,walk,0.467,xwOBA,0.689131,persisted_estimated_woba_value,3,7,1,6,2,False,15,15
745275,671106,2,60,61,17,17,2024-04-03,validation,mlb_statcast,61,double,0.45,xwOBA,0.745,persisted_estimated_woba_value,3,2,1,1,2,False,15,15
745275,671106,3,67,68,19,19,2024-04-03,validation,mlb_statcast,68,field_out,0.464,xwOBA,0.5665454545454546,persisted_estimated_woba_value,3,2,1,1,2,False,15,15
745284,605397,1,40,48,11,12,2024-09-14,validation,mlb_statcast,42,field_out,0.486,xwOBA,0.897,persisted_estimated_woba_value,3,9,2,2,2,False,15,15
745284,605397,2,62,65,16,16,2024-09-14,validation,mlb_statcast,65,single,0.482,xwOBA,0.893,persisted_estimated_woba_value,3,4,1,3,2,False,15,15
745286,656302,1,58,65,15,16,2024-09-13,validation,mlb_statcast,64,walk,0.534,xwOBA,0.689131,persisted_estimated_woba_value,3,8,2,6,2,False,15,15
745286,657277,1,3,8,2,4,2024-09-13,validation,mlb_statcast,4,home_run,1.282,xwOBA,2.0,persisted_estimated_woba_value,2,6,3,1,1,True,0,0
745287,527048,1,47,48,12,12,2024-09-15,validation,mlb_statcast,48,field_out,0.478,xwOBA,0.801,persisted_estimated_woba_value,3,2,1,1,2,False,15,15
745287,527048,2,54,60,14,14,2024-09-15,validation,mlb_statcast,60,walk,0.509,xwOBA,0.689131,persisted_estimated_woba_value,3,7,1,6,2,False,15,15
745287,527048,3,68,69,18,18,2024-09-15,validation,mlb_statcast,69,home_run,0.454,xwOBA,1.058638888888889,persisted_estimated_woba_value,3,2,1,1,2,False,15,15
745291,650644,1,28,37,9,11,2024-09-10,validation,mlb_statcast,30,field_out,0.508,xwOBA,1.4257540983606556,persisted_estimated_woba_value,3,10,3,2,2,False,7,6
745292,657277,1,62,72,19,21,2024-09-01,validation,mlb_statcast,64,home_run,1.043,xwOBA,2.0,persisted_estimated_woba_value,3,11,3,2,2,False,15,15
745293,669194,1,6,15,2,4,2024-09-03,validation,mlb_statcast,8,double,0.752,xwOBA,0.815,persisted_estimated_woba_value,2,10,3,2,1,True,0,0
745296,665795,1,8,14,2,2,2024-08-31,validation,mlb_statcast,14,walk,0.455,xwOBA,0.689131,persisted_estimated_woba_value,2,7,1,6,1,True,0,0
745296,665795,2,19,23,4,4,2024-08-31,validation,mlb_statcast,23,walk,0.46,xwOBA+BB/HBP,0.689131,persisted_estimated_woba_value,3,5,1,4,2,True,0,0
745296,665795,3,53,64,12,14,2024-08-31,validation,mlb_statcast,55,field_out,0.564,xwOBA,0.8315749999999997,persisted_estimated_woba_value,3,12,3,2,2,False,15,15
745296,665795,4,95,98,24,24,2024-08-31,validation,mlb_statcast,98,single,0.648,xwOBA,0.901,persisted_estimated_woba_value,3,4,1,3,2,False,15,15
745297,657277,1,4,4,2,2,2024-08-21,validation,mlb_statcast,4,field_out,0.561,xwOBA,0.161,persisted_estimated_woba_value,2,1,1,0,1,True,0,0
745297,657277,2,14,17,7,7,2024-08-21,validation,mlb_statcast,17,field_out,0.541,xwOBA,0.508,persisted_estimated_woba_value,3,4,1,3,2,True,0,0
745297,657277,3,31,38,12,13,2024-08-21,validation,mlb_statcast,35,field_out,0.468,xwOBA,0.5046428571428572,persisted_estimated_woba_value,3,8,2,4,2,False,10,10
745298,657277,1,31,39,8,10,2024-08-15,validation,mlb_statcast,33,grounded_into_double_play,0.498,xwOBA,0.499,persisted_estimated_woba_value,3,9,3,2,2,False,10,10
745300,519242,1,3,4,2,2,2024-08-12,validation,mlb_statcast,4,single,0.471,xwOBA,0.88,persisted_estimated_woba_value,2,2,1,1,1,True,0,0
745304,657277,1,46,52,15,15,2024-08-10,validation,mlb_statcast,52,triple,0.543,xwOBA,0.745,persisted_estimated_woba_value,3,7,1,6,2,False,15,15
745304,657277,2,77,110,22,27,2024-08-10,validation,mlb_statcast,82,walk,0.603,xwOBA,0.689131,persisted_estimated_woba_value,3,34,6,5,2,False,15,15
745306,657277,1,2,3,2,2,2024-07-31,validation,mlb_statcast,3,single,0.469,xwOBA,0.88,persisted_estimated_woba_value,2,2,1,1,1,True,0,0
745306,657277,2,97,101,31,32,2024-07-31,validation,mlb_statcast,100,field_out,0.615,xwOBA,0.639,persisted_estimated_woba_value,3,5,2,3,2,False,15,15
745313,592332,1,55,55,16,16,2024-07-11,validation,mlb_statcast,55,field_out,0.461,xwOBA,0.49,persisted_estimated_woba_value,3,1,1,0,2,False,15,15
745313,592332,2,65,76,20,21,2024-07-11,validation,mlb_statcast,69,field_out,0.619,xwOBA+barrels,1.0830857142857149,persisted_estimated_woba_value,3,12,2,4,2,False,15,15
745315,607536,1,7,11,2,3,2024-07-26,validation,mlb_statcast,7,field_out,0.993,xwOBA,0.072,persisted_estimated_woba_value,2,5,2,0,1,True,0,0
745315,607536,2,26,29,7,8,2024-07-26,validation,mlb_statcast,27,single,0.523,xwOBA,0.88,persisted_estimated_woba_value,3,4,2,1,2,False,5,5
745315,607536,3,40,45,12,12,2024-07-26,validation,mlb_statcast,45,triple,0.66,xwOBA,1.1578461538461535,persisted_estimated_woba_value,3,6,1,5,2,False,15,15
745315,607536,4,82,83,20,21,2024-07-26,validation,mlb_statcast,82,home_run,0.806,xwOBA,1.692516129032258,persisted_estimated_woba_value,3,2,2,0,2,False,15,15
745316,579328,1,42,49,11,13,2024-07-09,validation,mlb_statcast,44,home_run,0.923,xwOBA,1.6922499999999998,persisted_estimated_woba_value,3,8,3,2,2,False,15,15
745318,657277,1,29,32,9,9,2024-07-10,validation,mlb_statcast,32,field_out,0.492,xwOBA,0.384,persisted_estimated_woba_value,3,4,1,3,2,False,8,8
745318,657277,2,58,86,18,24,2024-07-10,validation,mlb_statcast,64,walk,0.475,xwOBA,0.689131,persisted_estimated_woba_value,3,29,7,6,2,False,15,15
745322,543294,1,9,27,4,6,2024-06-25,validation,mlb_statcast,9,single,0.45,xwOBA,0.531,persisted_estimated_woba_value,3,19,3,0,2,True,0,0
745322,543294,2,32,37,8,10,2024-06-25,validation,mlb_statcast,32,sac_fly,0.54,xwOBA,1.2899615384615388,persisted_estimated_woba_value,3,6,3,0,2,False,11,11
745326,542881,1,13,23,3,4,2024-06-14,validation,mlb_statcast,17,walk,0.459,xwOBA+BB/HBP,0.689131,persisted_estimated_woba_value,3,11,2,4,2,True,0,0
745326,542881,2,64,72,16,17,2024-06-14,validation,mlb_statcast,71,walk,0.674,xwOBA,0.689131,persisted_estimated_woba_value,3,9,2,7,2,False,15,15
745326,542881,3,104,105,25,25,2024-06-14,validation,mlb_statcast,105,single,0.517,xwOBA,0.861,persisted_estimated_woba_value,3,2,1,1,2,False,15,15
745328,657277,1,2,7,2,3,2024-06-12,validation,mlb_statcast,3,single,0.767,xwOBA,0.687,persisted_estimated_woba_value,2,6,2,1,1,True,0,0
745328,657277,2,33,40,12,14,2024-06-12,validation,mlb_statcast,33,double,0.692,xwOBA,1.9301290322580644,persisted_estimated_woba_value,3,8,3,0,2,False,12,12
745328,657277,3,67,77,21,23,2024-06-12,validation,mlb_statcast,68,home_run,0.743,xwOBA,1.6584583333333327,persisted_estimated_woba_value,3,11,3,1,2,False,15,15
745329,663776,1,5,21,2,4,2024-06-15,validation,mlb_statcast,12,home_run,1.341,xwOBA,1.8270857142857144,persisted_estimated_woba_value,2,17,3,7,1,True,0,0
745329,663776,2,75,75,17,17,2024-06-15,validation,mlb_statcast,75,field_out,0.52,xwOBA,0.6752631578947369,persisted_estimated_woba_value,3,1,1,0,2,False,15,15
745329,663776,3,78,86,19,20,2024-06-15,validation,mlb_statcast,82,walk,0.545,xwOBA,0.689131,persisted_estimated_woba_value,3,9,2,4,2,False,15,15
745330,641482,1,18,22,5,5,2024-06-02,validation,mlb_statcast,22,double,0.465,xwOBA,0.704,persisted_estimated_woba_value,3,5,1,4,2,True,0,0
745330,641482,2,26,61,7,12,2024-06-02,validation,mlb_statcast,30,single,0.483,xwOBA,0.745,persisted_estimated_woba_value,3,36,6,4,2,False,5,5
745330,641482,3,72,81,16,17,2024-06-02,validation,mlb_statcast,77,home_run,0.484,xwOBA,1.1459444444444444,persisted_estimated_woba_value,3,10,2,5,2,False,15,14
745331,573186,1,46,53,14,16,2024-05-31,validation,mlb_statcast,46,field_out,0.792,xwOBA,1.4502727272727272,persisted_estimated_woba_value,3,8,3,0,2,False,15,15
745331,573186,2,81,82,25,25,2024-05-31,validation,mlb_statcast,82,field_out,0.521,xwOBA,0.353,persisted_estimated_woba_value,3,2,1,1,2,False,15,14
745332,657277,1,4,28,2,5,2024-06-01,validation,mlb_statcast,9,single,0.478,xwOBA,0.898,persisted_estimated_woba_value,2,25,4,5,1,True,0,0
745332,657277,2,48,56,11,12,2024-06-01,validation,mlb_statcast,52,sac_fly,0.777,xwOBA,1.0497419354838708,persisted_estimated_woba_value,3,9,2,4,2,False,15,15
745332,657277,3,78,81,20,20,2024-06-01,validation,mlb_statcast,81,triple,0.49,xwOBA,0.931,persisted_estimated_woba_value,3,4,1,3,2,False,15,15
745333,650911,1,17,24,5,6,2024-05-29,validation,mlb_statcast,20,single,0.564,xwOBA,0.707,persisted_estimated_woba_value,3,8,2,3,2,True,0,0
745333,650911,2,42,52,12,14,2024-05-29,validation,mlb_statcast,43,single,0.626,xwOBA,0.899,persisted_estimated_woba_value,3,11,3,1,2,False,15,15
745340,657277,1,13,14,4,4,2024-05-10,validation,mlb_statcast,14,double,0.665,xwOBA,1.1956190476190478,persisted_estimated_woba_value,3,2,1,1,2,True,0,0
745340,657277,2,20,22,6,6,2024-05-10,validation,mlb_statcast,22,single,0.585,xwOBA,0.559,persisted_estimated_woba_value,3,3,1,2,2,True,0,0
745340,657277,3,24,29,8,8,2024-05-10,validation,mlb_statcast,29,walk,0.519,xwOBA,0.689131,persisted_estimated_woba_value,3,6,1,5,2,False,3,3
745340,657277,4,38,44,12,13,2024-05-10,validation,mlb_statcast,43,walk,0.506,xwOBA,0.689131,persisted_estimated_woba_value,3,7,2,5,2,False,15,15
745340,657277,5,57,57,19,19,2024-05-10,validation,mlb_statcast,57,double,0.552,xwOBA,0.869,persisted_estimated_woba_value,3,1,1,0,2,False,15,15
745341,657277,1,4,23,2,4,2024-05-15,validation,mlb_statcast,9,walk,0.802,xwOBA,0.689131,persisted_estimated_woba_value,2,20,3,5,1,True,0,0
745341,657277,2,46,51,10,10,2024-05-15,validation,mlb_statcast,51,field_out,0.466,xwOBA,0.4468,persisted_estimated_woba_value,3,6,1,5,2,False,15,14
745341,657277,3,63,77,14,17,2024-05-15,validation,mlb_statcast,67,field_out,0.503,xwOBA,0.315,persisted_estimated_woba_value,3,15,4,4,2,False,15,13
745341,657277,4,92,92,22,22,2024-05-15,validation,mlb_statcast,92,force_out,0.48,xwOBA,0.238,persisted_estimated_woba_value,3,1,1,0,2,False,15,15
745346,640455,1,23,32,5,7,2024-04-24,validation,mlb_statcast,23,single,0.526,xwOBA,0.89,persisted_estimated_woba_value,3,10,3,0,2,False,2,2
745346,640455,2,49,60,11,12,2024-04-24,validation,mlb_statcast,55,walk,0.464,xwOBA+BB/HBP,0.689131,persisted_estimated_woba_value,3,12,2,6,2,False,15,15
745346,640455,3,77,80,17,17,2024-04-24,validation,mlb_statcast,80,field_out,0.569,xwOBA,0.5665454545454546,persisted_estimated_woba_value,3,4,1,3,2,False,15,15
745348,622663,1,71,74,18,20,2024-04-23,validation,mlb_statcast,71,field_out,0.45,xwOBA,0.269,persisted_estimated_woba_value,3,4,3,0,2,False,15,13
745348,622663,2,79,82,22,22,2024-04-23,validation,mlb_statcast,82,single,0.537,xwOBA,0.89,persisted_estimated_woba_value,3,4,1,3,2,False,15,14
745348,622663,3,90,91,24,24,2024-04-23,validation,mlb_statcast,91,force_out,0.493,xwOBA,0.588,persisted_estimated_woba_value,3,2,1,1,2,False,15,15
745348,657277,1,3,4,2,2,2024-04-23,validation,mlb_statcast,4,field_out,0.546,xwOBA,0.609,persisted_estimated_woba_value,2,2,1,1,1,True,0,0
745348,657277,2,34,43,11,13,2024-04-23,validation,mlb_statcast,37,single,0.679,xwOBA,0.88,persisted_estimated_woba_value,3,10,3,3,2,False,13,13
745348,657277,3,76,77,22,22,2024-04-23,validation,mlb_statcast,77,single,0.458,xwOBA,0.601,persisted_estimated_woba_value,3,2,1,1,2,False,15,15
745350,527048,1,17,22,6,8,2024-04-27,validation,mlb_statcast,18,field_out,0.474,xwOBA,0.6610454545454546,persisted_estimated_woba_value,3,6,3,1,2,True,0,0
745350,527048,2,30,32,11,12,2024-04-27,validation,mlb_statcast,31,field_out,0.499,xwOBA,0.744,persisted_estimated_woba_value,3,3,2,1,2,False,9,9
745350,527048,3,42,51,15,16,2024-04-27,validation,mlb_statcast,50,walk,0.486,xwOBA,0.689131,persisted_estimated_woba_value,3,10,2,8,2,False,15,15
745356,657277,1,4,4,2,2,2024-04-18,validation,mlb_statcast,4,single,0.515,xwOBA,0.881,persisted_estimated_woba_value,2,1,1,0,1,True,0,0
745356,657277,2,73,78,18,18,2024-04-18,validation,mlb_statcast,78,field_out,0.482,xwOBA,1.0164482758620688,persisted_estimated_woba_value,3,6,1,5,2,False,15,15
745356,657277,3,95,102,23,23,2024-04-18,validation,mlb_statcast,102,field_out,0.459,xwOBA,0.384,persisted_estimated_woba_value,3,8,1,7,2,False,15,15
745359,650633,1,26,31,7,7,2024-04-06,validation,mlb_statcast,31,single,0.575,xwOBA,0.918,persisted_estimated_woba_value,3,6,1,5,2,False,5,5
745359,650633,2,42,43,11,11,2024-04-06,validation,mlb_statcast,43,field_out,0.466,xwOBA,0.6679999999999999,persisted_estimated_woba_value,3,2,1,1,2,False,15,13
745359,650633,3,85,94,25,26,2024-04-06,validation,mlb_statcast,90,walk,0.536,xwOBA,0.689131,persisted_estimated_woba_value,3,10,2,5,2,False,15,15
745360,527048,1,32,38,10,11,2024-09-21,validation,mlb_statcast,35,walk,0.459,xwOBA+BB/HBP,0.689131,persisted_estimated_woba_value,3,7,2,3,2,False,11,11
745360,527048,2,76,81,21,22,2024-09-21,validation,mlb_statcast,80,walk,0.577,xwOBA+BB/HBP,0.689131,persisted_estimated_woba_value,3,6,2,4,2,False,15,14
745361,656302,1,35,43,9,10,2024-04-05,validation,mlb_statcast,37,field_out,0.459,xwOBA,0.4468,persisted_estimated_woba_value,3,9,2,2,2,False,14,14
745361,656302,2,55,65,13,15,2024-04-05,validation,mlb_statcast,57,double,0.481,xwOBA,1.4394310344827588,persisted_estimated_woba_value,3,11,3,2,2,False,15,15
745361,656302,3,92,94,22,22,2024-04-05,validation,mlb_statcast,94,single,0.583,xwOBA,1.058638888888889,persisted_estimated_woba_value,3,3,1,2,2,False,15,15
745361,656302,4,97,102,24,24,2024-04-05,validation,mlb_statcast,102,field_out,0.513,xwOBA,0.199,persisted_estimated_woba_value,3,6,1,5,2,False,15,15
745362,657277,1,6,16,3,5,2024-04-07,validation,mlb_statcast,9,double,0.785,xwOBA,1.6189629629629625,persisted_estimated_woba_value,3,11,3,3,2,True,0,0
745362,657277,2,26,26,8,8,2024-04-07,validation,mlb_statcast,26,single,0.476,xwOBA,0.622,persisted_estimated_woba_value,3,1,1,0,2,False,5,5
745362,657277,3,53,75,19,26,2024-04-07,validation,mlb_statcast,53,field_out,0.568,xwOBA,1.0794444444444449,persisted_estimated_woba_value,3,23,8,0,2,False,15,14
745364,605397,1,6,14,2,4,2024-09-20,validation,mlb_statcast,8,field_out,0.49,xwOBA,0.473,persisted_estimated_woba_value,2,9,3,2,1,True,0,0
745365,656302,1,66,68,18,18,2024-09-18,validation,mlb_statcast,68,field_out,0.491,xwOBA,0.397,persisted_estimated_woba_value,3,3,1,2,2,False,15,15
745366,650633,1,4,8,2,2,2024-09-17,validation,mlb_statcast,8,walk,0.492,xwOBA,0.689131,persisted_estimated_woba_value,2,5,1,4,1,True,0,0
745366,650633,2,42,47,13,15,2024-09-17,validation,mlb_statcast,42,field_out,0.846,xwOBA,1.1985087719298244,persisted_estimated_woba_value,3,6,3,0,2,False,15,15
745369,527048,1,7,11,3,3,2024-09-05,validation,mlb_statcast,11,walk,0.507,xwOBA,0.689131,persisted_estimated_woba_value,3,5,1,4,2,True,0,0
745369,527048,2,76,80,24,24,2024-09-05,validation,mlb_statcast,80,single,0.608,xwOBA,0.901,persisted_estimated_woba_value,3,5,1,4,2,False,15,15
745371,650633,1,41,41,11,11,2024-09-06,validation,mlb_statcast,41,single,0.545,xwOBA,0.768,persisted_estimated_woba_value,3,1,1,0,2,False,15,15
745371,650633,2,48,48,13,13,2024-09-06,validation,mlb_statcast,48,single,0.561,xwOBA,0.913,persisted_estimated_woba_value,3,1,1,0,2,False,15,15
745371,650633,3,51,55,15,15,2024-09-06,validation,mlb_statcast,55,walk,0.619,xwOBA,0.689131,persisted_estimated_woba_value,3,5,1,4,2,False,15,15
745371,650633,4,77,92,21,23,2024-09-06,validation,mlb_statcast,84,home_run,0.479,xwOBA,1.4257540983606556,persisted_estimated_woba_value,3,16,3,7,2,False,15,15
745372,656302,1,4,15,2,4,2024-09-07,validation,mlb_statcast,13,single,0.831,xwOBA,0.973,persisted_estimated_woba_value,2,12,3,9,1,True,0,0
745372,656302,2,33,43,9,11,2024-09-07,validation,mlb_statcast,35,home_run,0.754,xwOBA,1.8062307692307693,persisted_estimated_woba_value,3,11,3,2,2,False,12,12
745372,656302,3,59,71,15,17,2024-09-07,validation,mlb_statcast,64,walk,0.487,xwOBA,0.689131,persisted_estimated_woba_value,3,13,3,5,2,False,15,14
745372,657277,1,4,13,2,6,2024-09-07,validation,mlb_statcast,4,single,0.787,xwOBA,0.676,persisted_estimated_woba_value,2,10,5,0,1,True,0,0
745372,657277,2,29,29,12,12,2024-09-07,validation,mlb_statcast,29,grounded_into_double_play,0.502,xwOBA,0.276,persisted_estimated_woba_value,3,1,1,0,2,False,8,6
745372,657277,3,52,59,17,19,2024-09-07,validation,mlb_statcast,56,double,0.692,xwOBA,0.8788695652173912,persisted_estimated_woba_value,3,8,3,4,2,False,15,15
745373,605397,1,37,46,10,12,2024-09-02,validation,mlb_statcast,38,field_out,0.583,xwOBA,0.8244347826086956,persisted_estimated_woba_value,3,10,3,1,2,False,15,15
745374,527048,1,48,58,13,15,2024-08-20,validation,mlb_statcast,48,home_run,0.824,xwOBA,1.6798333333333335,persisted_estimated_woba_value,3,11,3,0,2,False,15,15
745374,527048,2,74,79,19,20,2024-08-20,validation,mlb_statcast,75,single,0.565,xwOBA,0.616,persisted_estimated_woba_value,3,6,2,1,2,False,15,15
745376,527048,1,12,20,5,6,2024-08-25,validation,mlb_statcast,15,field_out,0.475,xwOBA,0.388,persisted_estimated_woba_value,3,9,2,3,2,True,0,0
745376,527048,2,46,53,13,13,2024-08-25,validation,mlb_statcast,53,field_out,0.479,xwOBA,0.696,persisted_estimated_woba_value,3,8,1,7,2,False,15,15
745376,527048,3,55,79,15,18,2024-08-25,validation,mlb_statcast,58,home_run,0.887,xwOBA,1.9090909090909087,persisted_estimated_woba_value,3,25,4,3,2,False,15,15
745377,650633,1,11,17,3,4,2024-08-24,validation,mlb_statcast,16,walk,0.503,xwOBA+BB/HBP,0.689131,persisted_estimated_woba_value,3,7,2,5,2,True,0,0
745377,650633,2,66,78,18,21,2024-08-24,validation,mlb_statcast,69,hit_by_pitch,0.65,xwOBA,0.720192,persisted_estimated_woba_value,3,13,4,3,2,False,15,15
745377,656849,1,18,26,6,7,2024-08-24,validation,mlb_statcast,22,field_out,0.556,xwOBA,0.487,persisted_estimated_woba_value,3,9,2,4,2,True,0,0
745377,656849,2,44,49,12,14,2024-08-24,validation,mlb_statcast,45,single,0.509,xwOBA,0.92,persisted_estimated_woba_value,3,6,3,1,2,False,15,15
745377,656849,3,65,69,18,19,2024-08-24,validation,mlb_statcast,67,single,0.643,xwOBA,0.907,persisted_estimated_woba_value,3,5,2,2,2,False,15,15
745377,656849,4,78,88,22,25,2024-08-24,validation,mlb_statcast,78,field_out,0.622,xwOBA,1.4502727272727272,persisted_estimated_woba_value,3,11,4,0,2,False,15,15
745378,605397,1,49,53,14,15,2024-08-23,validation,mlb_statcast,51,double,0.603,xwOBA,0.9262222222222224,persisted_estimated_woba_value,3,5,2,2,2,False,15,15
745379,622663,1,26,27,7,7,2024-08-22,validation,mlb_statcast,27,single,0.53,xwOBA,0.902,persisted_estimated_woba_value,3,2,1,1,2,False,5,5
745379,622663,2,44,49,11,12,2024-08-22,validation,mlb_statcast,44,single,0.607,xwOBA,0.915,persisted_estimated_woba_value,3,6,2,0,2,False,15,15
745379,622663,3,68,87,19,23,2024-08-22,validation,mlb_statcast,69,single,0.54,xwOBA,0.9,persisted_estimated_woba_value,3,20,5,1,2,False,15,15
745379,656302,1,5,12,2,4,2024-08-22,validation,mlb_statcast,5,double,0.881,xwOBA,0.931,persisted_estimated_woba_value,2,8,3,0,1,True,0,0
745380,650633,1,33,37,9,9,2024-08-19,validation,mlb_statcast,37,walk,0.649,xwOBA,0.689131,persisted_estimated_woba_value,3,5,1,4,2,False,12,12
745380,650633,2,57,68,15,18,2024-08-19,validation,mlb_statcast,61,walk,0.47,xwOBA+BB/HBP,0.689131,persisted_estimated_woba_value,3,12,4,4,2,False,15,15
745380,650633,3,74,74,21,21,2024-08-19,validation,mlb_statcast,74,field_out,0.462,xwOBA,0.547,persisted_estimated_woba_value,3,1,1,0,2,False,15,15
745381,527048,1,64,79,16,19,2024-08-14,validation,mlb_statcast,65,single,0.619,xwOBA,0.822,persisted_estimated_woba_value,3,16,4,1,2,False,15,15
745385,519242,1,9,17,4,6,2024-07-14,validation,mlb_statcast,9,single,0.677,xwOBA,0.856,persisted_estimated_woba_value,3,9,3,0,2,True,0,0
745385,519242,2,30,31,10,10,2024-07-14,validation,mlb_statcast,31,field_out,0.5,xwOBA,1.0012424242424245,persisted_estimated_woba_value,3,2,1,1,2,False,9,9
745385,519242,3,40,44,12,12,2024-07-14,validation,mlb_statcast,44,walk,0.569,xwOBA,0.689131,persisted_estimated_woba_value,3,5,1,4,2,False,15,15
745386,656302,1,55,57,12,12,2024-07-31,validation,mlb_statcast,57,double,0.591,xwOBA,1.0830857142857149,persisted_estimated_woba_value,3,3,1,2,2,False,15,15
745386,656302,2,68,77,16,17,2024-07-31,validation,mlb_statcast,73,walk,0.504,xwOBA,0.689131,persisted_estimated_woba_value,3,10,2,5,2,False,15,15
745388,527048,1,30,38,8,10,2024-08-03,validation,mlb_statcast,32,home_run,0.56,xwOBA,1.6805294117647065,persisted_estimated_woba_value,3,9,3,2,2,False,9,9
745391,656302,1,5,13,2,3,2024-07-07,validation,mlb_statcast,6,field_out,0.895,xwOBA,0.176,persisted_estimated_woba_value,2,9,2,1,1,True,0,0
745391,656302,2,22,29,6,9,2024-07-07,validation,mlb_statcast,23,grounded_into_double_play,0.461,xwOBA,0.513,persisted_estimated_woba_value,3,8,4,1,2,False,1,1
745391,656302,3,99,103,25,26,2024-07-07,validation,mlb_statcast,101,home_run,0.494,xwOBA,0.6513333333333333,persisted_estimated_woba_value,3,5,2,2,2,False,15,15
745391,669194,1,9,18,2,3,2024-07-07,validation,mlb_statcast,13,home_run,0.899,xwOBA,1.2864468085106382,persisted_estimated_woba_value,2,10,2,4,1,True,0,0
745392,656302,1,62,69,14,15,2024-07-13,validation,mlb_statcast,66,walk,0.459,xwOBA+BB/HBP,0.689131,persisted_estimated_woba_value,3,8,2,4,2,False,15,14
745394,650633,1,60,66,16,17,2024-07-10,validation,mlb_statcast,63,single,0.492,xwOBA,0.914,persisted_estimated_woba_value,3,7,2,3,2,False,15,15
745396,650633,1,41,41,11,11,2024-06-23,validation,mlb_statcast,41,single,0.564,xwOBA,0.36,persisted_estimated_woba_value,3,1,1,0,2,False,15,15
745396,650633,2,78,90,22,25,2024-06-23,validation,mlb_statcast,78,double_play,0.723,xwOBA,1.413333333333333,persisted_estimated_woba_value,3,13,4,0,2,False,15,15
745405,650633,1,21,29,5,6,2024-06-12,validation,mlb_statcast,22,single,0.531,xwOBA,0.904,persisted_estimated_woba_value,3,9,2,1,2,False,0,0
745406,650633,1,10,11,3,3,2024-06-07,validation,mlb_statcast,11,single,0.544,xwOBA,0.92,persisted_estimated_woba_value,3,2,1,1,2,True,0,0
745409,656302,1,20,33,5,9,2024-06-10,validation,mlb_statcast,21,home_run,0.534,xwOBA,1.6032142857142853,persisted_estimated_woba_value,3,14,5,1,2,True,0,0
745410,669194,1,3,4,2,2,2024-06-08,validation,mlb_statcast,4,field_out,0.455,xwOBA,0.037,persisted_estimated_woba_value,2,2,1,1,1,True,0,0
745410,669194,2,22,34,6,8,2024-06-08,validation,mlb_statcast,27,single,0.556,xwOBA,0.873,persisted_estimated_woba_value,3,13,3,5,2,False,1,1
745410,669194,3,67,79,16,18,2024-06-08,validation,mlb_statcast,67,double,0.838,xwOBA,1.5579454545454543,persisted_estimated_woba_value,3,13,3,0,2,False,15,15
745410,669194,4,87,91,21,21,2024-06-08,validation,mlb_statcast,91,walk,0.606,xwOBA,0.689131,persisted_estimated_woba_value,3,5,1,4,2,False,15,15
745411,573186,1,54,56,14,14,2024-05-25,validation,mlb_statcast,56,field_out,0.468,xwOBA,0.32,persisted_estimated_woba_value,3,3,1,2,2,False,15,15
745411,573186,2,85,91,22,23,2024-05-25,validation,mlb_statcast,89,field_out,0.636,xwOBA,1.104861111111111,persisted_estimated_woba_value,3,7,2,4,2,False,15,15
745411,656302,1,5,13,3,5,2024-05-25,validation,mlb_statcast,7,home_run,0.856,xwOBA,1.96475,persisted_estimated_woba_value,3,9,3,2,2,True,0,0
745411,656302,2,41,53,13,15,2024-05-25,validation,mlb_statcast,42,single,0.508,xwOBA,0.868,persisted_estimated_woba_value,3,13,3,1,2,False,15,14
745413,605397,1,10,22,3,5,2024-05-26,validation,mlb_statcast,12,single,0.592,xwOBA,1.503,persisted_estimated_woba_value,3,13,3,2,2,True,0,0
745413,605397,2,79,79,20,20,2024-05-26,validation,mlb_statcast,79,field_out,0.534,xwOBA+barrels,0.6513333333333333,persisted_estimated_woba_value,3,1,1,0,2,False,15,15
745413,605397,3,81,87,22,22,2024-05-26,validation,mlb_statcast,87,double,0.625,xwOBA,0.571,persisted_estimated_woba_value,3,7,1,6,2,False,15,15
745414,666129,1,7,10,2,2,2024-05-29,validation,mlb_statcast,10,field_out,0.557,xwOBA,0.393,persisted_estimated_woba_value,2,4,1,3,1,True,0,0
745414,666129,2,45,48,10,11,2024-05-29,validation,mlb_statcast,46,single,0.485,xwOBA,0.444,persisted_estimated_woba_value,3,4,2,1,2,False,15,15
745414,666129,3,80,80,20,20,2024-05-29,validation,mlb_statcast,80,single,0.593,xwOBA,1.221434782608696,persisted_estimated_woba_value,3,1,1,0,2,False,15,15
745416,650633,1,48,61,10,12,2024-05-27,validation,mlb_statcast,50,home_run,0.746,xwOBA,1.8972222222222224,persisted_estimated_woba_value,3,14,3,2,2,False,15,15
745417,650633,1,12,28,5,8,2024-05-15,validation,mlb_statcast,13,home_run,0.678,xwOBA,2.0,persisted_estimated_woba_value,3,17,4,1,2,True,0,0
745417,650633,2,43,48,14,14,2024-05-15,validation,mlb_statcast,48,walk,0.564,xwOBA,0.689131,persisted_estimated_woba_value,3,6,1,5,2,False,15,14
745417,650633,3,53,58,16,18,2024-05-15,validation,mlb_statcast,53,single,0.606,xwOBA,0.901,persisted_estimated_woba_value,3,6,3,0,2,False,15,14
745421,650633,1,93,103,25,26,2024-05-10,validation,mlb_statcast,100,walk,0.45,xwOBA,0.689131,persisted_estimated_woba_value,3,11,2,7,2,False,15,15
745423,605397,1,63,64,16,16,2024-05-01,validation,mlb_statcast,64,single,0.456,xwOBA,0.667,persisted_estimated_woba_value,3,2,1,1,2,False,15,15
745424,605397,1,5,8,2,3,2024-04-26,validation,mlb_statcast,6,field_out,0.726,xwOBA,0.095,persisted_estimated_woba_value,2,4,2,1,1,True,0,0
745424,605397,2,14,26,5,7,2024-04-26,validation,mlb_statcast,20,walk,0.537,xwOBA,0.689131,persisted_estimated_woba_value,3,13,3,6,2,True,0,0
745424,605397,3,51,72,12,17,2024-04-26,validation,mlb_statcast,56,home_run,0.82,xwOBA,1.7699523809523812,persisted_estimated_woba_value,3,22,6,5,2,False,15,15
745424,605400,1,18,31,7,11,2024-04-26,validation,mlb_statcast,20,single,0.531,xwOBA,0.673,persisted_estimated_woba_value,3,14,5,2,2,True,0,0
745424,605400,2,69,80,22,24,2024-04-26,validation,mlb_statcast,69,single,0.595,xwOBA,0.938,persisted_estimated_woba_value,3,12,3,0,2,False,15,15
745424,605400,3,83,88,26,28,2024-04-26,validation,mlb_statcast,84,home_run,0.636,xwOBA,1.5759180327868858,persisted_estimated_woba_value,3,6,3,1,2,False,15,15
745425,656302,1,11,20,4,6,2024-04-27,validation,mlb_statcast,11,home_run,0.81,xwOBA,1.551925373134328,persisted_estimated_woba_value,3,10,3,0,2,True,0,0
745425,656302,2,66,87,21,25,2024-04-27,validation,mlb_statcast,69,walk,0.57,xwOBA+BB/HBP,0.689131,persisted_estimated_woba_value,3,22,5,3,2,False,15,12
745428,650633,1,34,44,8,10,2024-04-28,validation,mlb_statcast,36,home_run,0.747,xwOBA,1.551925373134328,persisted_estimated_woba_value,3,11,3,2,2,False,13,12
745428,650633,2,63,77,16,19,2024-04-28,validation,mlb_statcast,68,walk,0.456,xwOBA,0.689131,persisted_estimated_woba_value,3,15,4,5,2,False,15,12
745428,650633,3,85,95,23,25,2024-04-28,validation,mlb_statcast,85,home_run,0.882,xwOBA,1.8206818181818183,persisted_estimated_woba_value,3,11,3,0,2,False,15,12
745429,543294,1,26,27,7,7,2024-04-10,validation,mlb_statcast,27,single,0.556,xwOBA,0.904,persisted_estimated_woba_value,3,2,1,1,2,False,5,5
745429,543294,2,50,63,14,17,2024-04-10,validation,mlb_statcast,55,double,0.605,xwOBA,0.901,persisted_estimated_woba_value,3,14,4,5,2,False,15,14
745429,543294,3,75,83,21,23,2024-04-10,validation,mlb_statcast,76,home_run,0.56,xwOBA,1.142175,persisted_estimated_woba_value,3,9,3,1,2,False,15,14
745429,656302,1,20,25,5,6,2024-04-10,validation,mlb_statcast,23,walk,0.663,xwOBA,0.689131,persisted_estimated_woba_value,3,6,2,3,2,True,0,0
745429,656302,2,57,70,14,16,2024-04-10,validation,mlb_statcast,61,home_run,0.893,xwOBA,1.8444090909090909,persisted_estimated_woba_value,3,14,3,4,2,False,15,13
745433,605397,1,7,8,2,2,2024-04-09,validation,mlb_statcast,8,single,0.45,xwOBA,0.9,persisted_estimated_woba_value,2,2,1,1,1,True,0,0
745433,605397,2,15,20,4,4,2024-04-09,validation,mlb_statcast,20,walk,0.53,xwOBA,0.689131,persisted_estimated_woba_value,3,6,1,5,2,True,0,0
745433,605397,3,56,56,13,13,2024-04-09,validation,mlb_statcast,56,field_out,0.561,xwOBA,0.889,persisted_estimated_woba_value,3,1,1,0,2,False,15,15
745433,605397,4,61,62,15,15,2024-04-09,validation,mlb_statcast,62,single,0.551,xwOBA,0.671,persisted_estimated_woba_value,3,2,1,1,2,False,15,15
745433,605397,5,72,85,18,21,2024-04-09,validation,mlb_statcast,72,home_run,0.616,xwOBA,1.8420851063829784,persisted_estimated_woba_value,3,14,4,0,2,False,15,15
745434,605397,1,21,34,7,9,2024-04-21,validation,mlb_statcast,25,field_out,0.618,xwOBA,0.6871538461538464,persisted_estimated_woba_value,3,14,3,4,2,False,0,0
745434,605397,2,74,80,19,19,2024-04-21,validation,mlb_statcast,80,single,0.474,xwOBA,0.776,persisted_estimated_woba_value,3,7,1,6,2,False,15,15
745435,605397,1,3,26,2,8,2024-03-29,validation,mlb_statcast,7,grounded_into_double_play,0.475,xwOBA,0.433,persisted_estimated_woba_value,2,24,7,4,1,True,0,0
745435,605397,2,58,63,18,20,2024-03-29,validation,mlb_statcast,59,hit_by_pitch,0.528,xwOBA+BB/HBP,0.720192,persisted_estimated_woba_value,3,6,3,1,2,False,15,6
745436,656302,1,39,49,9,10,2024-03-30,validation,mlb_statcast,43,field_out,0.494,xwOBA,0.58,persisted_estimated_woba_value,3,11,2,4,2,False,15,15
745437,502043,1,12,15,4,4,2024-04-01,validation,mlb_statcast,15,single,0.454,xwOBA,0.648,persisted_estimated_woba_value,3,4,1,3,2,True,0,0
745437,502043,2,33,40,9,11,2024-04-01,validation,mlb_statcast,33,home_run,0.535,xwOBA,1.5759180327868858,persisted_estimated_woba_value,3,8,3,0,2,False,12,12
745437,502043,3,67,79,20,22,2024-04-01,validation,mlb_statcast,71,home_run,0.997,xwOBA,2.0,persisted_estimated_woba_value,3,13,3,4,2,False,15,15
745438,650633,1,6,6,2,2,2024-03-31,validation,mlb_statcast,6,force_out,0.528,xwOBA,0.367,persisted_estimated_woba_value,2,1,1,0,1,True,0,0
745438,650633,2,11,17,4,4,2024-03-31,validation,mlb_statcast,17,field_out,0.484,xwOBA,1.0850454545454546,persisted_estimated_woba_value,3,7,1,6,2,True,0,0
745438,650633,3,24,28,6,6,2024-03-31,validation,mlb_statcast,28,walk,0.643,xwOBA,0.689131,persisted_estimated_woba_value,3,5,1,4,2,False,3,3
745438,650633,4,32,32,8,8,2024-03-31,validation,mlb_statcast,32,single,0.534,xwOBA,0.912,persisted_estimated_woba_value,3,1,1,0,2,False,11,11
745438,650633,5,40,43,10,10,2024-03-31,validation,mlb_statcast,43,walk,0.534,xwOBA,0.689131,persisted_estimated_woba_value,3,4,1,3,2,False,15,14
745438,650633,6,49,52,12,12,2024-03-31,validation,mlb_statcast,52,walk,0.459,xwOBA+BB/HBP,0.689131,persisted_estimated_woba_value,3,4,1,3,2,False,15,15
745438,650633,7,62,80,16,19,2024-03-31,validation,mlb_statcast,62,home_run,0.794,xwOBA,1.6258627450980392,persisted_estimated_woba_value,3,19,4,0,2,False,15,15
745440,605397,1,4,8,2,2,2024-04-03,validation,mlb_statcast,8,grounded_into_double_play,0.531,xwOBA,0.341,persisted_estimated_woba_value,2,5,1,4,1,True,0,0
745440,605397,2,46,57,12,14,2024-04-03,validation,mlb_statcast,50,double,0.494,xwOBA,0.675,persisted_estimated_woba_value,3,12,3,4,2,False,15,12
745440,605397,3,65,72,17,18,2024-04-03,validation,mlb_statcast,70,walk,0.459,xwOBA,0.689131,persisted_estimated_woba_value,3,8,2,5,2,False,15,11
745440,605397,4,81,88,22,23,2024-04-03,validation,mlb_statcast,82,hit_by_pitch,0.489,xwOBA,0.720192,persisted_estimated_woba_value,3,8,2,1,2,False,15,13
745443,650644,1,4,6,2,2,2024-09-26,validation,mlb_statcast,6,field_out,0.452,xwOBA,0.182,persisted_estimated_woba_value,2,3,1,2,1,True,0,0
745443,650644,2,39,43,11,12,2024-09-26,validation,mlb_statcast,41,single,0.617,xwOBA,0.95,persisted_estimated_woba_value,3,5,2,2,2,False,15,14
745445,657277,1,46,65,11,16,2024-03-28,validation,mlb_statcast,50,grounded_into_double_play,0.454,xwOBA,0.473,persisted_estimated_woba_value,3,20,6,4,2,False,15,15
745447,679525,1,6,8,2,2,2024-09-13,validation,mlb_statcast,8,double,0.571,xwOBA,1.1427317073170735,persisted_estimated_woba_value,2,3,1,2,1,True,0,0
745447,679525,2,69,79,18,19,2024-09-13,validation,mlb_statcast,73,single,0.548,xwOBA,0.867,persisted_estimated_woba_value,3,11,2,4,2,False,15,15
745447,679525,3,95,96,23,23,2024-09-13,validation,mlb_statcast,96,single,0.623,xwOBA,0.796,persisted_estimated_woba_value,3,2,1,1,2,False,15,15
745449,663903,1,51,56,15,16,2024-09-15,validation,mlb_statcast,54,walk,0.509,xwOBA,0.689131,persisted_estimated_woba_value,3,6,2,3,2,False,15,15
745449,663903,2,64,64,19,19,2024-09-15,validation,mlb_statcast,64,single,0.525,xwOBA,0.47,persisted_estimated_woba_value,3,1,1,0,2,False,15,15
745449,663903,3,78,89,23,25,2024-09-15,validation,mlb_statcast,83,walk,0.459,xwOBA+BB/HBP,0.689131,persisted_estimated_woba_value,3,12,3,5,2,False,15,15
745452,543294,1,5,19,2,4,2024-08-28,validation,mlb_statcast,9,home_run,0.73,xwOBA,1.3787368421052633,persisted_estimated_woba_value,2,15,3,4,1,True,0,0
745452,543294,2,30,44,7,9,2024-08-28,validation,mlb_statcast,35,walk,0.459,xwOBA+BB/HBP,0.689131,persisted_estimated_woba_value,3,15,3,5,2,False,9,9
745452,543294,3,52,52,12,12,2024-08-28,validation,mlb_statcast,52,double,0.455,xwOBA,0.7065,persisted_estimated_woba_value,3,1,1,0,2,False,15,15
745452,543294,4,59,70,14,16,2024-08-28,validation,mlb_statcast,62,single,0.545,xwOBA,0.914,persisted_estimated_woba_value,3,12,3,3,2,False,15,15
745468,669194,1,27,35,7,8,2024-08-04,validation,mlb_statcast,34,walk,0.47,xwOBA+BB/HBP,0.689131,persisted_estimated_woba_value,3,9,2,7,2,False,6,6
745468,669194,2,48,53,12,12,2024-08-04,validation,mlb_statcast,53,grounded_into_double_play,0.46,xwOBA,0.506,persisted_estimated_woba_value,3,6,1,5,2,False,15,15
745468,669194,3,60,65,14,14,2024-08-04,validation,mlb_statcast,65,single,0.469,xwOBA,0.901,persisted_estimated_woba_value,3,6,1,5,2,False,15,15
745469,650633,1,18,21,5,5,2024-08-07,validation,mlb_statcast,21,walk,0.527,xwOBA,0.689131,persisted_estimated_woba_value,3,4,1,3,2,True,0,0
745469,650633,2,72,84,20,22,2024-08-07,validation,mlb_statcast,75,home_run,0.568,xwOBA,1.2953571428571429,persisted_estimated_woba_value,3,13,3,3,2,False,15,15
745472,527048,1,7,12,3,4,2024-07-24,validation,mlb_statcast,10,walk,0.482,xwOBA,0.689131,persisted_estimated_woba_value,3,6,2,3,2,True,0,0
745472,527048,2,64,80,19,23,2024-07-24,validation,mlb_statcast,65,single,0.548,xwOBA,0.802,persisted_estimated_woba_value,3,17,5,1,2,False,15,15
745472,527048,3,87,88,25,25,2024-07-24,validation,mlb_statcast,88,field_out,0.464,xwOBA,0.116,persisted_estimated_woba_value,3,2,1,1,2,False,15,15
745476,656849,1,71,84,16,19,2024-07-06,validation,mlb_statcast,77,walk,0.514,xwOBA,0.689131,persisted_estimated_woba_value,3,14,4,6,2,False,15,15
745477,640455,1,7,13,2,3,2024-07-07,validation,mlb_statcast,8,grounded_into_double_play,0.513,xwOBA,0.336,persisted_estimated_woba_value,2,7,2,1,1,True,0,0
745477,640455,2,80,80,20,20,2024-07-07,validation,mlb_statcast,80,field_out,0.45,xwOBA,0.661,persisted_estimated_woba_value,3,1,1,0,2,False,15,14
745478,650911,1,18,18,4,4,2024-07-20,validation,mlb_statcast,18,field_out,0.57,xwOBA,0.775,persisted_estimated_woba_value,3,1,1,0,2,True,0,0
745478,650911,2,46,59,14,16,2024-07-20,validation,mlb_statcast,51,field_out,0.58,xwOBA,0.8860967741935484,persisted_estimated_woba_value,3,14,3,5,2,False,15,15
745478,650911,3,74,85,20,22,2024-07-20,validation,mlb_statcast,78,home_run,0.814,xwOBA,2.0,persisted_estimated_woba_value,3,12,3,4,2,False,15,15
745479,622663,1,14,21,6,7,2024-07-05,validation,mlb_statcast,17,field_out,0.499,xwOBA,0.7675499999999998,persisted_estimated_woba_value,3,8,2,3,2,True,0,0
745479,622663,2,32,35,11,11,2024-07-05,validation,mlb_statcast,35,single,0.658,xwOBA,0.833,persisted_estimated_woba_value,3,4,1,3,2,False,11,11
745479,622663,3,39,44,13,15,2024-07-05,validation,mlb_statcast,41,home_run,0.844,xwOBA,1.6141935483870968,persisted_estimated_woba_value,3,6,3,2,2,False,15,15
745479,622663,4,50,65,19,22,2024-07-05,validation,mlb_statcast,53,walk,0.525,xwOBA,0.689131,persisted_estimated_woba_value,3,16,4,3,2,False,15,15
745479,622663,5,87,91,27,28,2024-07-05,validation,mlb_statcast,87,single,0.577,xwOBA,0.833,persisted_estimated_woba_value,3,5,2,0,2,False,15,15
745481,527048,1,15,21,4,5,2024-07-19,validation,mlb_statcast,18,walk,0.538,xwOBA+BB/HBP,0.689131,persisted_estimated_woba_value,3,7,2,3,2,True,0,0
745481,527048,2,31,34,10,10,2024-07-19,validation,mlb_statcast,34,single,0.461,xwOBA,0.664,persisted_estimated_woba_value,3,4,1,3,2,False,10,10
745481,527048,3,52,70,15,18,2024-07-19,validation,mlb_statcast,53,field_out,0.468,xwOBA,0.49,persisted_estimated_woba_value,3,19,4,1,2,False,15,15
745481,527048,4,73,82,20,21,2024-07-19,validation,mlb_statcast,78,home_run,0.527,xwOBA,1.2330444444444444,persisted_estimated_woba_value,3,10,2,5,2,False,15,15
745481,605400,1,5,15,2,4,2024-07-19,validation,mlb_statcast,5,single,0.619,xwOBA,0.6762631578947369,persisted_estimated_woba_value,2,11,3,0,1,True,0,0
745481,605400,2,44,49,12,14,2024-07-19,validation,mlb_statcast,44,double,0.755,xwOBA,1.5755,persisted_estimated_woba_value,3,6,3,0,2,False,15,15
745482,502043,1,64,79,17,20,2024-07-02,validation,mlb_statcast,69,home_run,0.905,xwOBA,2.0,persisted_estimated_woba_value,3,16,4,5,2,False,15,15
745484,527048,1,9,15,2,3,2024-07-04,validation,mlb_statcast,11,force_out,0.451,xwOBA,0.212,persisted_estimated_woba_value,2,7,2,2,1,True,0,0
745484,527048,2,43,48,13,14,2024-07-04,validation,mlb_statcast,45,single,0.539,xwOBA,0.518,persisted_estimated_woba_value,3,6,2,2,2,False,15,15
745484,527048,3,69,69,21,21,2024-07-04,validation,mlb_statcast,69,grounded_into_double_play,0.472,xwOBA,0.086,persisted_estimated_woba_value,3,1,1,0,2,False,15,15
745485,650644,1,21,27,7,7,2024-06-23,validation,mlb_statcast,27,field_out,0.582,xwOBA,0.6972692307692306,persisted_estimated_woba_value,3,7,1,6,2,False,0,0
745489,668881,1,27,27,8,8,2024-06-19,validation,mlb_statcast,27,double,0.551,xwOBA,0.796,persisted_estimated_woba_value,3,1,1,0,2,False,6,5
745489,668881,2,101,106,23,23,2024-06-19,validation,mlb_statcast,106,double,0.649,xwOBA,1.8200833333333335,persisted_estimated_woba_value,3,6,1,5,2,False,15,15
745498,519242,1,29,30,9,9,2024-05-26,validation,mlb_statcast,30,field_out,0.479,xwOBA,0.399,persisted_estimated_woba_value,3,2,1,1,2,False,8,8
745498,519242,2,70,74,20,21,2024-05-26,validation,mlb_statcast,72,single,0.461,xwOBA,0.87,persisted_estimated_woba_value,3,5,2,2,2,False,15,15
745498,527048,1,3,11,2,4,2024-05-26,validation,mlb_statcast,3,field_out,1.139,xwOBA,0.727,persisted_estimated_woba_value,2,9,3,0,1,True,0,0
745498,527048,2,44,49,12,12,2024-05-26,validation,mlb_statcast,49,walk,0.518,xwOBA,0.689131,persisted_estimated_woba_value,3,6,1,5,2,False,15,15
745499,543294,1,5,10,2,3,2024-05-12,validation,mlb_statcast,5,field_out,0.754,xwOBA,0.616,persisted_estimated_woba_value,2,6,2,0,1,True,0,0
745499,543294,2,59,76,13,15,2024-05-12,validation,mlb_statcast,66,walk,0.461,xwOBA,0.689131,persisted_estimated_woba_value,3,18,3,7,2,False,15,14
745503,527048,1,53,68,13,15,2024-05-21,validation,mlb_statcast,56,field_out,0.48,xwOBA,0.515,persisted_estimated_woba_value,3,16,3,3,2,False,15,14
745503,527048,2,90,98,20,22,2024-05-21,validation,mlb_statcast,91,home_run,0.689,xwOBA,1.33248,persisted_estimated_woba_value,3,9,3,1,2,False,15,10
745503,657277,1,19,29,5,7,2024-05-21,validation,mlb_statcast,22,single,0.578,xwOBA,0.893,persisted_estimated_woba_value,3,11,3,3,2,True,0,0
745503,657277,2,55,64,13,15,2024-05-21,validation,mlb_statcast,61,field_out,0.461,xwOBA,0.471,persisted_estimated_woba_value,3,10,3,6,2,False,15,14
745503,657277,3,83,86,19,19,2024-05-21,validation,mlb_statcast,86,single,0.453,xwOBA,0.059,persisted_estimated_woba_value,3,4,1,3,2,False,15,15
745507,527048,1,25,25,8,8,2024-05-08,validation,mlb_statcast,25,home_run,0.546,xwOBA,1.0731190476190478,persisted_estimated_woba_value,3,1,1,0,2,False,4,4
745507,527048,2,29,31,10,10,2024-05-08,validation,mlb_statcast,31,grounded_into_double_play,0.484,xwOBA,0.115,persisted_estimated_woba_value,3,3,1,2,2,False,8,8
745509,542881,1,4,10,2,3,2024-05-06,validation,mlb_statcast,5,single,0.948,xwOBA,0.887,persisted_estimated_woba_value,2,7,2,1,1,True,0,0
745509,542881,2,39,44,10,10,2024-05-06,validation,mlb_statcast,44,walk,0.459,xwOBA+BB/HBP,0.689131,persisted_estimated_woba_value,3,6,1,5,2,False,15,15
745509,542881,3,46,50,12,12,2024-05-06,validation,mlb_statcast,50,walk,0.59,xwOBA+BB/HBP,0.689131,persisted_estimated_woba_value,3,5,1,4,2,False,15,15
745509,542881,4,53,59,14,16,2024-05-06,validation,mlb_statcast,53,home_run,0.794,xwOBA,1.6922499999999998,persisted_estimated_woba_value,3,7,3,0,2,False,15,15
745510,527048,1,3,20,2,6,2024-05-03,validation,mlb_statcast,6,field_out,1.071,xwOBA,1.1985087719298244,persisted_estimated_woba_value,2,18,5,3,1,True,0,0
745510,527048,2,38,46,11,13,2024-05-03,validation,mlb_statcast,38,field_out,0.64,xwOBA,1.2136304347826088,persisted_estimated_woba_value,3,9,3,0,2,False,15,15
745510,527048,3,73,88,21,24,2024-05-03,validation,mlb_statcast,75,home_run,0.792,xwOBA,2.0,persisted_estimated_woba_value,3,16,4,2,2,False,15,15
745514,527048,1,12,17,3,3,2024-04-21,validation,mlb_statcast,17,walk,0.459,xwOBA+BB/HBP,0.689131,persisted_estimated_woba_value,3,6,1,5,2,True,0,0
745514,527048,2,42,55,11,14,2024-04-21,validation,mlb_statcast,45,single,0.475,xwOBA,0.518,persisted_estimated_woba_value,3,14,4,3,2,False,15,15
745514,527048,3,80,92,21,23,2024-04-21,validation,mlb_statcast,81,field_out,0.496,xwOBA,0.799,persisted_estimated_woba_value,3,13,3,1,2,False,15,15
745517,527048,1,3,6,2,2,2024-04-09,validation,mlb_statcast,6,strikeout,0.507,xwOBA,0.0,persisted_estimated_woba_value,2,4,1,3,1,True,0,0
745520,681857,1,17,23,5,6,2024-04-08,validation,mlb_statcast,22,single,0.521,xwOBA,0.873,persisted_estimated_woba_value,3,7,2,5,2,True,0,0
745520,681857,2,43,46,12,13,2024-04-08,validation,mlb_statcast,44,field_out,0.452,xwOBA,0.652,persisted_estimated_woba_value,3,4,2,1,2,False,15,15
745520,681857,3,48,67,15,19,2024-04-08,validation,mlb_statcast,51,hit_by_pitch,0.458,xwOBA,0.720192,persisted_estimated_woba_value,3,20,5,3,2,False,15,15
745520,681857,4,82,90,24,26,2024-04-08,validation,mlb_statcast,85,single,0.641,xwOBA,0.914,persisted_estimated_woba_value,3,9,3,3,2,False,15,15
745521,650911,1,82,94,20,22,2024-09-25,validation,mlb_statcast,90,walk,0.472,xwOBA,0.689131,persisted_estimated_woba_value,3,13,3,8,2,False,15,15
745525,554430,1,21,27,6,7,2024-09-11,validation,mlb_statcast,24,walk,0.459,xwOBA+BB/HBP,0.689131,persisted_estimated_woba_value,3,7,2,3,2,False,0,0
745525,554430,2,42,44,11,11,2024-09-11,validation,mlb_statcast,44,triple,0.689,xwOBA,1.2717833333333333,persisted_estimated_woba_value,3,3,1,2,2,False,15,15
745525,554430,3,63,65,17,17,2024-09-11,validation,mlb_statcast,65,fielders_choice_out,0.457,xwOBA,0.037,persisted_estimated_woba_value,3,3,1,2,2,False,15,15
745525,554430,4,92,103,24,26,2024-09-11,validation,mlb_statcast,98,home_run,0.542,xwOBA,1.6258627450980392,persisted_estimated_woba_value,3,12,3,6,2,False,15,15
745527,605400,1,38,47,11,13,2024-09-23,validation,mlb_statcast,40,field_out,0.539,xwOBA,1.4394310344827588,persisted_estimated_woba_value,3,10,3,2,2,False,15,15
745527,605400,2,95,102,26,27,2024-09-23,validation,mlb_statcast,101,walk,0.549,xwOBA,0.689131,persisted_estimated_woba_value,3,8,2,6,2,False,15,15
745528,622663,1,44,53,12,14,2024-09-14,validation,mlb_statcast,44,home_run,0.573,xwOBA,1.551925373134328,persisted_estimated_woba_value,3,10,3,0,2,False,15,15
745528,622663,2,78,86,21,22,2024-09-14,validation,mlb_statcast,84,home_run,0.696,xwOBA,1.1427317073170735,persisted_estimated_woba_value,3,9,2,6,2,False,15,15
745529,605400,1,16,26,4,5,2024-09-13,validation,mlb_statcast,21,walk,0.478,xwOBA+BB/HBP,0.689131,persisted_estimated_woba_value,3,11,2,5,2,True,0,0
745529,605400,2,66,72,16,17,2024-09-13,validation,mlb_statcast,70,single,0.459,xwOBA,0.45,persisted_estimated_woba_value,3,7,2,4,2,False,15,15
745529,605400,3,85,90,21,21,2024-09-13,validation,mlb_statcast,90,home_run,0.59,xwOBA,0.4713636363636363,persisted_estimated_woba_value,3,6,1,5,2,False,15,15
745530,650911,1,46,59,14,18,2024-09-15,validation,mlb_statcast,46,field_out,0.483,xwOBA,0.9614528301886794,persisted_estimated_woba_value,3,14,5,0,2,False,15,15
745530,650911,2,71,87,23,27,2024-09-15,validation,mlb_statcast,71,field_out,0.611,xwOBA,1.4283636363636365,persisted_estimated_woba_value,3,17,5,0,2,False,15,15
745530,656849,1,2,22,2,4,2024-09-15,validation,mlb_statcast,8,field_out,0.478,xwOBA,0.616,persisted_estimated_woba_value,2,21,3,6,1,True,0,0
745531,650911,1,36,38,10,10,2024-08-29,validation,mlb_statcast,38,field_error,0.532,xwOBA,0.51,persisted_estimated_woba_value,3,3,1,2,2,False,15,15
745531,650911,2,53,64,13,15,2024-08-29,validation,mlb_statcast,54,home_run,0.701,xwOBA,2.0,persisted_estimated_woba_value,3,12,3,1,2,False,15,15
745531,650911,3,84,95,22,24,2024-08-29,validation,mlb_statcast,85,home_run,0.59,xwOBA,1.6318275862068965,persisted_estimated_woba_value,3,12,3,1,2,False,15,15
745532,554430,1,82,88,22,23,2024-08-31,validation,mlb_statcast,85,field_out,0.452,xwOBA,1.1802380952380946,persisted_estimated_woba_value,3,7,2,3,2,False,15,15
745534,650911,1,69,73,18,18,2024-09-09,validation,mlb_statcast,73,single,0.523,xwOBA,0.908,persisted_estimated_woba_value,3,5,1,4,2,False,15,15
745537,650911,1,32,37,11,12,2024-08-17,validation,mlb_statcast,33,field_out,0.518,xwOBA,0.345,persisted_estimated_woba_value,3,6,2,1,2,False,11,11
745537,650911,2,83,86,25,25,2024-08-17,validation,mlb_statcast,86,grounded_into_double_play,0.523,xwOBA,0.553,persisted_estimated_woba_value,3,4,1,3,2,False,15,15
745538,554430,1,2,11,2,3,2024-08-26,validation,mlb_statcast,7,single,0.848,xwOBA,0.928,persisted_estimated_woba_value,2,10,2,5,1,True,0,0
745538,554430,2,46,58,11,12,2024-08-26,validation,mlb_statcast,54,walk,0.522,xwOBA,0.689131,persisted_estimated_woba_value,3,13,2,8,2,False,15,15
745538,554430,3,67,75,15,17,2024-08-26,validation,mlb_statcast,72,walk,0.594,xwOBA,0.689131,persisted_estimated_woba_value,3,9,3,5,2,False,15,15
745542,605400,1,108,112,28,28,2024-08-16,validation,mlb_statcast,112,double,0.507,xwOBA,0.827,persisted_estimated_woba_value,3,5,1,4,2,False,15,15
745543,641482,1,47,65,10,13,2024-07-31,validation,mlb_statcast,53,walk,0.465,xwOBA,0.689131,persisted_estimated_woba_value,3,19,4,6,2,False,15,15
745543,641482,2,73,84,16,18,2024-07-31,validation,mlb_statcast,75,home_run,0.704,xwOBA,1.5759180327868858,persisted_estimated_woba_value,3,12,3,2,2,False,15,15
745543,650911,1,5,8,2,2,2024-07-31,validation,mlb_statcast,8,field_out,0.571,xwOBA,1.1421904761904764,persisted_estimated_woba_value,2,4,1,3,1,True,0,0
745543,650911,2,13,38,4,10,2024-07-31,validation,mlb_statcast,16,single,0.653,xwOBA+barrels,0.817,persisted_estimated_woba_value,3,26,7,3,2,True,0,0
745543,650911,3,64,68,18,18,2024-07-31,validation,mlb_statcast,68,single,0.475,xwOBA,0.958,persisted_estimated_woba_value,3,5,1,4,2,False,15,15
745544,665795,1,9,36,3,9,2024-08-14,validation,mlb_statcast,11,double,0.467,xwOBA,0.796,persisted_estimated_woba_value,3,28,7,2,2,True,0,0
745544,665795,2,44,50,11,11,2024-08-14,validation,mlb_statcast,50,walk,0.481,xwOBA+BB/HBP,0.689131,persisted_estimated_woba_value,3,7,1,6,2,False,15,15
745544,665795,3,78,82,19,20,2024-08-14,validation,mlb_statcast,81,home_run,0.703,xwOBA,1.6922499999999998,persisted_estimated_woba_value,3,5,2,3,2,False,15,15
745545,554430,1,24,28,5,6,2024-08-15,validation,mlb_statcast,25,double,0.469,xwOBA,0.874037037037037,persisted_estimated_woba_value,3,5,2,1,2,False,3,3
745545,554430,2,67,81,15,17,2024-08-15,validation,mlb_statcast,70,home_run,0.525,xwOBA,1.1488,persisted_estimated_woba_value,3,15,3,3,2,False,15,15
745545,554430,3,84,86,19,19,2024-08-15,validation,mlb_statcast,86,hit_by_pitch,0.533,xwOBA,0.720192,persisted_estimated_woba_value,3,3,1,2,2,False,15,15
745546,605400,1,4,12,2,4,2024-07-30,validation,mlb_statcast,8,walk,0.611,xwOBA,0.689131,persisted_estimated_woba_value,2,9,3,4,1,True,0,0
745546,605400,2,55,60,17,17,2024-07-30,validation,mlb_statcast,60,double,0.584,xwOBA,0.912,persisted_estimated_woba_value,3,6,1,5,2,False,15,15
745546,605400,3,74,81,23,24,2024-07-30,validation,mlb_statcast,76,home_run,0.812,xwOBA,1.1337333333333333,persisted_estimated_woba_value,3,8,2,2,2,False,15,15
745547,554430,1,12,13,3,3,2024-07-29,validation,mlb_statcast,13,home_run,0.522,xwOBA,1.2872083333333335,persisted_estimated_woba_value,3,2,1,1,2,True,0,0
745547,554430,2,17,20,5,5,2024-07-29,validation,mlb_statcast,20,field_out,0.507,xwOBA,0.233,persisted_estimated_woba_value,3,4,1,3,2,True,0,0
745547,554430,3,35,47,10,12,2024-07-29,validation,mlb_statcast,40,walk,0.512,xwOBA,0.689131,persisted_estimated_woba_value,3,13,3,5,2,False,14,14
745547,554430,4,72,88,19,21,2024-07-29,validation,mlb_statcast,73,single,0.628,xwOBA,0.798,persisted_estimated_woba_value,3,17,3,1,2,False,15,15
745554,594902,1,73,79,17,19,2024-07-26,validation,mlb_statcast,74,home_run,0.61,xwOBA,1.82959375,persisted_estimated_woba_value,3,7,3,1,2,False,15,15
745554,650911,1,66,72,22,22,2024-07-26,validation,mlb_statcast,72,walk,0.518,xwOBA,0.689131,persisted_estimated_woba_value,3,7,1,6,2,False,15,15
745556,650911,1,50,52,13,13,2024-07-10,validation,mlb_statcast,52,single,0.526,xwOBA,0.796,persisted_estimated_woba_value,3,3,1,2,2,False,15,15
745556,650911,2,72,73,19,19,2024-07-10,validation,mlb_statcast,73,single,0.63,xwOBA,0.92,persisted_estimated_woba_value,3,2,1,1,2,False,15,15
745557,554430,1,69,76,20,21,2024-07-09,validation,mlb_statcast,72,walk,0.546,xwOBA+BB/HBP,0.689131,persisted_estimated_woba_value,3,8,2,3,2,False,15,15
745558,605400,1,35,42,9,10,2024-07-11,validation,mlb_statcast,38,single,0.54,xwOBA,0.931,persisted_estimated_woba_value,3,8,2,3,2,False,14,14
745559,605400,1,36,39,12,13,2024-06-29,validation,mlb_statcast,37,single,0.473,xwOBA,0.863,persisted_estimated_woba_value,3,4,2,1,2,False,15,15
745559,605400,2,93,100,26,27,2024-06-29,validation,mlb_statcast,94,double,0.452,xwOBA,0.79,persisted_estimated_woba_value,3,8,2,1,2,False,15,15
745563,605400,1,75,84,17,19,2024-06-18,validation,mlb_statcast,77,home_run,0.641,xwOBA,1.2330444444444444,persisted_estimated_woba_value,3,10,3,2,2,False,15,15
745563,650633,1,27,33,7,8,2024-06-18,validation,mlb_statcast,28,single,0.575,xwOBA,0.83,persisted_estimated_woba_value,3,7,2,1,2,False,6,6
745563,650633,2,60,79,16,19,2024-06-18,validation,mlb_statcast,63,single,0.495,xwOBA,0.75,persisted_estimated_woba_value,3,20,4,3,2,False,15,15
745563,650633,3,100,100,24,24,2024-06-18,validation,mlb_statcast,100,single,0.55,xwOBA,0.95,persisted_estimated_woba_value,3,1,1,0,2,False,15,15
745564,554430,1,59,66,14,15,2024-06-22,validation,mlb_statcast,61,single,0.503,xwOBA,0.79,persisted_estimated_woba_value,3,8,2,2,2,False,15,15
745565,554430,1,31,31,9,9,2024-06-27,validation,mlb_statcast,31,hit_by_pitch,0.49,xwOBA,0.720192,persisted_estimated_woba_value,3,1,1,0,2,False,10,10
745565,554430,2,35,40,11,11,2024-06-27,validation,mlb_statcast,40,walk,0.474,xwOBA+BB/HBP,0.689131,persisted_estimated_woba_value,3,6,1,5,2,False,14,14
745565,554430,3,65,81,18,20,2024-06-27,validation,mlb_statcast,68,single,0.561,xwOBA,0.828,persisted_estimated_woba_value,3,17,3,3,2,False,15,15
745566,650911,1,19,24,5,6,2024-06-23,validation,mlb_statcast,20,single,0.486,xwOBA,0.53,persisted_estimated_woba_value,3,6,2,1,2,True,0,0
745566,650911,2,42,49,11,12,2024-06-23,validation,mlb_statcast,44,single,0.484,xwOBA,0.862,persisted_estimated_woba_value,3,8,2,2,2,False,15,15
745567,650911,1,47,49,13,13,2024-06-17,validation,mlb_statcast,49,single,0.482,xwOBA,0.678,persisted_estimated_woba_value,3,3,1,2,2,False,15,15
745568,650911,1,11,13,5,5,2024-06-04,validation,mlb_statcast,13,grounded_into_double_play,0.465,xwOBA,0.458,persisted_estimated_woba_value,3,3,1,2,2,True,0,0
745569,554430,1,28,45,8,10,2024-06-03,validation,mlb_statcast,34,walk,0.535,xwOBA,0.689131,persisted_estimated_woba_value,3,18,3,6,2,False,7,7
745569,554430,2,79,87,17,19,2024-06-03,validation,mlb_statcast,79,field_out,0.638,xwOBA,1.224410256410256,persisted_estimated_woba_value,3,9,3,0,2,False,15,15
745569,554430,3,99,114,24,26,2024-06-03,validation,mlb_statcast,102,home_run,0.484,xwOBA,0.7969473684210527,persisted_estimated_woba_value,3,16,3,3,2,False,15,15
745570,605400,1,73,94,20,23,2024-06-05,validation,mlb_statcast,75,double,0.487,xwOBA,0.9243243243243244,persisted_estimated_woba_value,3,22,4,2,2,False,15,15
745573,554430,1,11,21,4,6,2024-05-23,validation,mlb_statcast,13,home_run,0.78,xwOBA,1.643431818181818,persisted_estimated_woba_value,3,11,3,2,2,True,0,0
745573,554430,2,63,65,17,17,2024-05-23,validation,mlb_statcast,65,field_out,0.45,xwOBA,0.5046428571428572,persisted_estimated_woba_value,3,3,1,2,2,False,15,15
745573,554430,3,84,90,25,27,2024-05-23,validation,mlb_statcast,85,single,0.498,xwOBA,0.542,persisted_estimated_woba_value,3,7,3,1,2,False,15,15
745574,605400,1,23,24,7,7,2024-05-31,validation,mlb_statcast,24,home_run,0.467,xwOBA,1.1802380952380946,persisted_estimated_woba_value,3,2,1,1,2,False,2,2
745574,605400,2,58,68,16,18,2024-05-31,validation,mlb_statcast,59,single,0.604,xwOBA,0.889,persisted_estimated_woba_value,3,11,3,1,2,False,15,15
745576,641540,1,29,30,7,7,2024-05-22,validation,mlb_statcast,30,single,0.597,xwOBA,0.869,persisted_estimated_woba_value,3,2,1,1,2,False,8,8
745576,641540,2,45,45,11,11,2024-05-22,validation,mlb_statcast,45,home_run,0.478,xwOBA,1.1036666666666666,persisted_estimated_woba_value,3,1,1,0,2,False,15,15
745576,641540,3,67,74,16,16,2024-05-22,validation,mlb_statcast,74,single,0.494,xwOBA,0.591,persisted_estimated_woba_value,3,8,1,7,2,False,15,15
745577,605400,1,50,56,15,15,2024-05-19,validation,mlb_statcast,56,walk,0.46,xwOBA,0.689131,persisted_estimated_woba_value,3,7,1,6,2,False,15,15
745577,605400,2,62,72,18,20,2024-05-19,validation,mlb_statcast,64,home_run,0.613,xwOBA,1.357090909090909,persisted_estimated_woba_value,3,11,3,2,2,False,15,14
745579,554430,1,3,6,2,2,2024-05-17,validation,mlb_statcast,6,field_out,0.475,xwOBA,0.027,persisted_estimated_woba_value,2,4,1,3,1,True,0,0
745581,650911,1,8,12,3,4,2024-05-18,validation,mlb_statcast,8,single,0.505,xwOBA,0.619,persisted_estimated_woba_value,3,5,2,0,2,True,0,0
745581,650911,2,64,69,19,20,2024-05-18,validation,mlb_statcast,66,single,0.506,xwOBA,0.705,persisted_estimated_woba_value,3,6,2,2,2,False,15,15
745584,605400,1,46,46,12,12,2024-05-08,validation,mlb_statcast,46,single,0.49,xwOBA,0.889,persisted_estimated_woba_value,3,1,1,0,2,False,15,15
745584,605400,2,87,87,25,25,2024-05-08,validation,mlb_statcast,87,single,0.603,xwOBA,0.713,persisted_estimated_woba_value,3,1,1,0,2,False,15,15
745585,554430,1,8,10,3,3,2024-05-06,validation,mlb_statcast,10,single,0.472,xwOBA,0.603,persisted_estimated_woba_value,3,3,1,2,2,True,0,0
745585,554430,2,52,62,14,15,2024-05-06,validation,mlb_statcast,55,walk,0.661,xwOBA,0.689131,persisted_estimated_woba_value,3,11,2,3,2,False,15,15
745585,554430,3,82,82,22,22,2024-05-06,validation,mlb_statcast,82,sac_fly,0.465,xwOBA,0.501,persisted_estimated_woba_value,3,1,1,0,2,False,15,15
745586,650911,1,5,9,2,2,2024-05-07,validation,mlb_statcast,9,field_out,0.569,xwOBA,0.269,persisted_estimated_woba_value,2,5,1,4,1,True,0,0
745586,650911,2,32,38,10,11,2024-05-07,validation,mlb_statcast,33,grounded_into_double_play,0.512,xwOBA,0.196,persisted_estimated_woba_value,3,7,2,1,2,False,11,11
745586,650911,3,74,77,22,22,2024-05-07,validation,mlb_statcast,77,grounded_into_double_play,0.451,xwOBA,0.35,persisted_estimated_woba_value,3,4,1,3,2,False,15,14
745586,650911,4,85,86,26,26,2024-05-07,validation,mlb_statcast,86,field_out,0.463,xwOBA,0.24,persisted_estimated_woba_value,3,2,1,1,2,False,15,15
745587,657277,1,51,60,11,14,2024-05-05,validation,mlb_statcast,51,single,0.488,xwOBA,0.774,persisted_estimated_woba_value,3,10,4,0,2,False,15,15
745587,657277,2,62,74,16,17,2024-05-05,validation,mlb_statcast,66,double,0.544,xwOBA,0.767,persisted_estimated_woba_value,3,13,2,4,2,False,15,15
745588,605400,1,5,19,2,6,2024-04-21,validation,mlb_statcast,6,single,0.493,xwOBA,0.92,persisted_estimated_woba_value,2,15,5,1,1,True,0,0
745589,605400,1,16,50,6,11,2024-05-03,validation,mlb_statcast,23,walk,0.46,xwOBA+BB/HBP,0.689131,persisted_estimated_woba_value,3,35,6,7,2,True,0,0
745589,605400,2,56,63,13,13,2024-05-03,validation,mlb_statcast,63,single,0.519,xwOBA,0.866,persisted_estimated_woba_value,3,8,1,7,2,False,15,15
745589,605400,3,66,69,15,15,2024-05-03,validation,mlb_statcast,69,grounded_into_double_play,0.454,xwOBA,0.166,persisted_estimated_woba_value,3,4,1,3,2,False,15,15
745591,650911,1,4,9,2,2,2024-04-17,validation,mlb_statcast,9,single,0.528,xwOBA,0.136,persisted_estimated_woba_value,2,6,1,5,1,True,0,0
745595,554430,1,8,16,4,5,2024-04-14,validation,mlb_statcast,9,single,0.519,xwOBA,0.665,persisted_estimated_woba_value,3,9,2,1,2,True,0,0
745595,554430,2,55,60,15,15,2024-04-14,validation,mlb_statcast,60,walk,0.511,xwOBA,0.689131,persisted_estimated_woba_value,3,6,1,5,2,False,15,13
745595,554430,3,96,100,23,24,2024-04-14,validation,mlb_statcast,98,single,0.535,xwOBA,0.767,persisted_estimated_woba_value,3,5,2,2,2,False,15,13
745596,650911,1,30,38,9,10,2024-04-12,validation,mlb_statcast,34,walk,0.477,xwOBA+BB/HBP,0.689131,persisted_estimated_woba_value,3,9,2,4,2,False,9,9
745597,605400,1,54,54,16,16,2024-04-15,validation,mlb_statcast,54,home_run,0.555,xwOBA,0.8616666666666667,persisted_estimated_woba_value,3,1,1,0,2,False,15,15
745599,605400,1,27,34,8,10,2024-03-30,validation,mlb_statcast,29,double,0.697,xwOBA,0.902,persisted_estimated_woba_value,3,8,3,2,2,False,6,6
745599,605400,2,57,58,16,16,2024-03-30,validation,mlb_statcast,58,single,0.474,xwOBA,0.203,persisted_estimated_woba_value,3,2,1,1,2,False,15,15
745600,650911,1,9,11,3,3,2024-04-01,validation,mlb_statcast,11,single,0.517,xwOBA,0.705,persisted_estimated_woba_value,3,3,1,2,2,True,0,0
745600,650911,2,23,28,7,8,2024-04-01,validation,mlb_statcast,23,single,0.591,xwOBA,0.7041333333333332,persisted_estimated_woba_value,3,6,2,0,2,False,2,2
745602,519242,1,3,9,2,3,2024-03-31,validation,mlb_statcast,7,strikeout,0.788,xwOBA,0.0,persisted_estimated_woba_value,2,7,2,4,1,True,0,0
745602,519242,2,14,25,5,7,2024-03-31,validation,mlb_statcast,18,walk,0.455,xwOBA,0.689131,persisted_estimated_woba_value,3,12,3,4,2,True,0,0
745602,519242,3,57,72,16,19,2024-03-31,validation,mlb_statcast,63,single,0.596,xwOBA,0.767,persisted_estimated_woba_value,3,16,4,6,2,False,15,15
745602,519242,4,82,83,22,22,2024-03-31,validation,mlb_statcast,83,field_out,0.625,xwOBA,1.3719333333333334,persisted_estimated_woba_value,3,2,1,1,2,False,15,15
745603,554430,1,43,50,12,14,2024-04-03,validation,mlb_statcast,46,double,0.835,xwOBA,1.6903333333333332,persisted_estimated_woba_value,3,8,3,3,2,False,15,14
745603,554430,2,85,93,24,25,2024-04-03,validation,mlb_statcast,87,double,0.556,xwOBA,1.221434782608696,persisted_estimated_woba_value,3,9,2,2,2,False,15,10
745604,675911,1,42,46,12,12,2024-03-29,validation,mlb_statcast,46,walk,0.474,xwOBA,0.689131,persisted_estimated_woba_value,3,5,1,4,2,False,15,13
745604,675911,2,68,86,17,19,2024-03-29,validation,mlb_statcast,72,home_run,0.619,xwOBA,1.4283636363636365,persisted_estimated_woba_value,3,19,3,4,2,False,15,11
745625,650644,1,3,15,2,4,2024-08-23,validation,mlb_statcast,7,walk,0.886,xwOBA,0.689131,persisted_estimated_woba_value,2,13,3,4,1,True,0,0
745625,650644,2,22,30,6,6,2024-08-23,validation,mlb_statcast,30,walk,0.531,xwOBA,0.689131,persisted_estimated_woba_value,3,9,1,8,2,False,1,0
745625,650644,3,58,74,15,18,2024-08-23,validation,mlb_statcast,59,single,0.609,xwOBA,0.671,persisted_estimated_woba_value,3,17,4,1,2,False,15,14
745636,656427,1,6,10,2,3,2024-08-03,validation,mlb_statcast,8,single,0.779,xwOBA,0.941,persisted_estimated_woba_value,2,5,2,2,1,True,0,0
745636,656427,2,85,93,22,23,2024-08-03,validation,mlb_statcast,90,walk,0.52,xwOBA,0.689131,persisted_estimated_woba_value,3,9,2,5,2,False,15,14
745646,666142,1,13,41,5,13,2024-06-19,validation,mlb_statcast,15,field_out,0.66,xwOBA,0.7969473684210527,persisted_estimated_woba_value,3,29,9,2,2,True,0,0
745650,679525,1,6,16,2,4,2024-06-18,validation,mlb_statcast,9,double,0.944,xwOBA,1.1985087719298244,persisted_estimated_woba_value,2,11,3,3,1,True,0,0
745650,679525,2,46,47,11,11,2024-06-18,validation,mlb_statcast,47,double,0.551,xwOBA,1.104861111111111,persisted_estimated_woba_value,3,2,1,1,2,False,15,15
745650,679525,3,74,76,18,18,2024-06-18,validation,mlb_statcast,76,home_run,0.991,xwOBA,1.643431818181818,persisted_estimated_woba_value,3,3,1,2,2,False,15,15
745652,592332,1,52,53,15,15,2024-06-08,validation,mlb_statcast,53,single,0.566,xwOBA,0.707,persisted_estimated_woba_value,3,2,1,1,2,False,15,15
745652,592332,2,70,88,22,26,2024-06-08,validation,mlb_statcast,72,field_out,0.581,xwOBA,0.5333888888888889,persisted_estimated_woba_value,3,19,5,2,2,False,15,15
745652,592332,3,98,109,30,32,2024-06-08,validation,mlb_statcast,101,field_out,0.746,xwOBA,1.517754098360656,persisted_estimated_woba_value,3,12,3,3,2,False,15,15
745682,671106,1,47,59,12,14,2024-03-29,validation,mlb_statcast,50,home_run,0.764,xwOBA,1.6189629629629625,persisted_estimated_woba_value,3,13,3,3,2,False,15,15
745682,671106,2,70,71,19,19,2024-03-29,validation,mlb_statcast,71,sac_fly,0.54,xwOBA,0.585875,persisted_estimated_woba_value,3,2,1,1,2,False,15,15
745682,671106,3,76,82,21,21,2024-03-29,validation,mlb_statcast,82,home_run,0.491,xwOBA,0.8860967741935484,persisted_estimated_woba_value,3,7,1,6,2,False,15,15
745690,573186,1,7,16,3,5,2024-09-25,validation,mlb_statcast,8,single,0.507,xwOBA,0.745,persisted_estimated_woba_value,3,10,3,1,2,True,0,0
745690,573186,2,45,49,12,12,2024-09-25,validation,mlb_statcast,49,field_out,0.588,xwOBA,0.8788695652173912,persisted_estimated_woba_value,3,5,1,4,2,False,15,15
745690,573186,3,52,52,14,14,2024-09-25,validation,mlb_statcast,52,field_error,0.509,xwOBA,0.265,persisted_estimated_woba_value,3,1,1,0,2,False,15,15
745690,573186,4,61,66,18,19,2024-09-25,validation,mlb_statcast,63,field_out,0.599,xwOBA,0.605,persisted_estimated_woba_value,3,6,2,2,2,False,15,15
745691,543037,1,6,13,2,3,2024-09-26,validation,mlb_statcast,10,field_out,0.687,xwOBA,0.179,persisted_estimated_woba_value,2,8,2,4,1,True,0,0
745691,543037,2,84,89,18,20,2024-09-26,validation,mlb_statcast,84,single,0.52,xwOBA,0.941,persisted_estimated_woba_value,3,6,3,0,2,False,15,12
745691,669203,1,17,23,5,7,2024-09-26,validation,mlb_statcast,18,home_run,0.45,xwOBA,1.1802380952380946,persisted_estimated_woba_value,3,7,3,1,2,True,0,0
745694,573186,1,4,7,2,2,2024-09-10,validation,mlb_statcast,7,force_out,0.47,xwOBA,0.36,persisted_estimated_woba_value,2,4,1,3,1,True,0,0
745694,573186,2,38,41,12,13,2024-09-10,validation,mlb_statcast,39,single,0.459,xwOBA,0.767,persisted_estimated_woba_value,3,4,2,1,2,False,15,15
745695,641482,1,26,32,7,7,2024-09-12,validation,mlb_statcast,32,walk,0.512,xwOBA,0.689131,persisted_estimated_woba_value,3,7,1,6,2,False,5,5
745695,641482,2,62,89,14,19,2024-09-12,validation,mlb_statcast,69,walk,0.459,xwOBA+BB/HBP,0.689131,persisted_estimated_woba_value,3,28,6,7,2,False,15,14
745697,666142,1,78,95,20,22,2024-09-11,validation,mlb_statcast,84,home_run,0.639,xwOBA,1.224410256410256,persisted_estimated_woba_value,3,18,3,6,2,False,15,15
745698,663903,1,8,21,2,4,2024-09-09,validation,mlb_statcast,13,single,0.629,xwOBA,0.802,persisted_estimated_woba_value,2,14,3,5,1,True,0,0
745698,663903,2,33,53,8,12,2024-09-09,validation,mlb_statcast,36,field_out,0.476,xwOBA,0.638,persisted_estimated_woba_value,3,21,5,3,2,False,12,12
745698,663903,3,73,83,18,19,2024-09-09,validation,mlb_statcast,76,home_run,0.553,xwOBA,0.7113043478260872,persisted_estimated_woba_value,3,11,2,3,2,False,15,15
745699,502043,1,2,9,2,3,2024-08-31,validation,mlb_statcast,7,strikeout,0.531,xwOBA,0.0,persisted_estimated_woba_value,2,8,2,5,1,True,0,0
745700,573186,1,22,30,5,7,2024-08-30,validation,mlb_statcast,22,double,0.585,xwOBA,1.1421904761904764,persisted_estimated_woba_value,3,9,3,0,2,False,1,1
745700,573186,2,47,59,12,14,2024-08-30,validation,mlb_statcast,50,single,0.565,xwOBA,0.827,persisted_estimated_woba_value,3,13,3,3,2,False,15,13
745700,573186,3,62,64,16,16,2024-08-30,validation,mlb_statcast,64,single,0.523,xwOBA,0.814,persisted_estimated_woba_value,3,3,1,2,2,False,15,14
745701,641482,1,3,13,2,4,2024-09-01,validation,mlb_statcast,7,walk,0.62,xwOBA,0.689131,persisted_estimated_woba_value,2,11,3,4,1,True,0,0
745701,641482,2,20,23,8,9,2024-09-01,validation,mlb_statcast,21,single,0.556,xwOBA,0.576,persisted_estimated_woba_value,3,4,2,1,2,True,0,0
745701,641482,3,42,53,14,16,2024-09-01,validation,mlb_statcast,42,field_out,0.584,xwOBA,0.561,persisted_estimated_woba_value,3,12,3,0,2,False,15,14
745702,607536,1,6,18,2,4,2024-08-23,validation,mlb_statcast,11,walk,0.774,xwOBA,0.689131,persisted_estimated_woba_value,2,13,3,5,1,True,0,0
745702,607536,2,50,59,13,15,2024-08-23,validation,mlb_statcast,52,home_run,0.705,xwOBA,1.1488,persisted_estimated_woba_value,3,10,3,2,2,False,15,15
745705,543037,1,9,12,3,3,2024-08-22,validation,mlb_statcast,12,field_out,0.516,xwOBA,0.652,persisted_estimated_woba_value,3,4,1,3,2,True,0,0
745705,543037,2,18,21,5,5,2024-08-22,validation,mlb_statcast,21,walk,0.463,xwOBA,0.689131,persisted_estimated_woba_value,3,4,1,3,2,True,0,0
745705,543037,3,52,60,12,13,2024-08-22,validation,mlb_statcast,56,walk,0.606,xwOBA+BB/HBP,0.689131,persisted_estimated_woba_value,3,9,2,4,2,False,15,15
745705,543037,4,89,96,22,23,2024-08-22,validation,mlb_statcast,94,walk,0.46,xwOBA+BB/HBP,0.689131,persisted_estimated_woba_value,3,8,2,5,2,False,15,15
745706,573186,1,12,18,2,3,2024-08-25,validation,mlb_statcast,16,single,0.56,xwOBA,0.43,persisted_estimated_woba_value,2,7,2,4,1,True,0,0
745706,573186,2,34,37,8,8,2024-08-25,validation,mlb_statcast,37,walk,0.495,xwOBA,0.689131,persisted_estimated_woba_value,3,4,1,3,2,False,13,13
745706,573186,3,82,82,18,18,2024-08-25,validation,mlb_statcast,82,single,0.468,xwOBA,0.915,persisted_estimated_woba_value,3,1,1,0,2,False,15,15
745706,573186,4,88,89,20,20,2024-08-25,validation,mlb_statcast,89,field_out,0.524,xwOBA,0.657,persisted_estimated_woba_value,3,2,1,1,2,False,15,15
745706,573186,5,96,97,22,23,2024-08-25,validation,mlb_statcast,96,double,0.658,xwOBA,0.629,persisted_estimated_woba_value,3,2,2,0,2,False,15,14
745708,543037,1,56,68,15,17,2024-08-10,validation,mlb_statcast,62,walk,0.48,xwOBA,0.689131,persisted_estimated_woba_value,3,13,3,6,2,False,15,15
745710,542881,1,31,40,8,9,2024-08-08,validation,mlb_statcast,35,field_out,0.516,xwOBA,0.276,persisted_estimated_woba_value,3,10,2,4,2,False,10,10
745710,542881,2,79,95,20,22,2024-08-08,validation,mlb_statcast,85,field_out,0.786,xwOBA,1.6691052631578946,persisted_estimated_woba_value,3,17,3,6,2,False,15,13
745710,641482,1,5,14,2,3,2024-08-08,validation,mlb_statcast,9,strikeout,0.624,xwOBA,0.0,persisted_estimated_woba_value,2,10,2,4,1,True,0,0
745710,641482,2,64,95,17,22,2024-08-08,validation,mlb_statcast,65,field_out,0.559,xwOBA,0.718,persisted_estimated_woba_value,3,32,6,1,2,False,15,15
745711,573186,1,3,16,2,4,2024-08-11,validation,mlb_statcast,5,single,0.515,xwOBA,0.6026363636363636,persisted_estimated_woba_value,2,14,3,2,1,True,0,0
745711,573186,2,38,50,9,11,2024-08-11,validation,mlb_statcast,41,single,0.659,xwOBA,0.901,persisted_estimated_woba_value,3,13,3,3,2,False,15,15
745711,573186,3,84,89,20,20,2024-08-11,validation,mlb_statcast,89,double,0.475,xwOBA,0.657,persisted_estimated_woba_value,3,6,1,5,2,False,15,13
745716,543037,1,10,15,2,2,2024-07-24,validation,mlb_statcast,15,strikeout,0.456,xwOBA,0.0,persisted_estimated_woba_value,2,6,1,5,1,True,0,0
745716,543037,2,32,40,9,11,2024-07-24,validation,mlb_statcast,37,home_run,0.593,xwOBA,1.643431818181818,persisted_estimated_woba_value,3,9,3,5,2,False,11,11
745716,543037,3,48,52,13,15,2024-07-24,validation,mlb_statcast,48,home_run,0.73,xwOBA,1.9605,persisted_estimated_woba_value,3,5,3,0,2,False,15,15
745716,543037,4,60,75,18,21,2024-07-24,validation,mlb_statcast,65,single,0.505,xwOBA,0.495,persisted_estimated_woba_value,3,16,4,5,2,False,15,15
745716,543037,5,100,101,27,27,2024-07-24,validation,mlb_statcast,101,single,0.524,xwOBA,0.776,persisted_estimated_woba_value,3,2,1,1,2,False,15,14
745716,640455,1,6,16,2,3,2024-07-24,validation,mlb_statcast,10,field_out,0.797,xwOBA,0.076,persisted_estimated_woba_value,2,11,2,4,1,True,0,0
745716,640455,2,35,37,8,8,2024-07-24,validation,mlb_statcast,37,grounded_into_double_play,0.46,xwOBA,0.553,persisted_estimated_woba_value,3,3,1,2,2,False,14,7
745716,640455,3,51,61,11,13,2024-07-24,validation,mlb_statcast,55,home_run,0.667,xwOBA,2.0,persisted_estimated_woba_value,3,11,3,4,2,False,15,6
745716,640455,4,95,103,21,22,2024-07-24,validation,mlb_statcast,96,hit_by_pitch,0.47,xwOBA+BB/HBP,0.720192,persisted_estimated_woba_value,3,9,2,1,2,False,15,9
745718,543037,1,9,9,3,3,2024-08-04,validation,mlb_statcast,9,field_out,0.547,xwOBA,1.005421052631579,persisted_estimated_woba_value,3,1,1,0,2,True,0,0
745718,543037,2,15,18,5,5,2024-08-04,validation,mlb_statcast,18,field_out,0.53,xwOBA,0.585875,persisted_estimated_woba_value,3,4,1,3,2,True,0,0
745718,543037,3,26,33,7,10,2024-08-04,validation,mlb_statcast,27,double,0.731,xwOBA,0.876,persisted_estimated_woba_value,3,8,4,1,2,False,5,5
745718,543037,4,40,41,12,12,2024-08-04,validation,mlb_statcast,41,double,0.641,xwOBA,0.935,persisted_estimated_woba_value,3,2,1,1,2,False,15,15
745718,543037,5,75,77,20,21,2024-08-04,validation,mlb_statcast,76,hit_by_pitch,0.554,xwOBA,0.720192,persisted_estimated_woba_value,3,3,2,1,2,False,15,15
745719,573186,1,7,15,2,4,2024-08-02,validation,mlb_statcast,10,triple,0.881,xwOBA,1.693822222222222,persisted_estimated_woba_value,2,9,3,3,1,True,0,0
745719,573186,2,45,46,13,13,2024-08-02,validation,mlb_statcast,46,single,0.62,xwOBA,0.667,persisted_estimated_woba_value,3,2,1,1,2,False,15,12
745719,592332,1,4,16,2,5,2024-08-02,validation,mlb_statcast,5,double,0.53,xwOBA,1.0592857142857142,persisted_estimated_woba_value,2,13,4,1,1,True,0,0
745719,592332,2,19,30,7,9,2024-08-02,validation,mlb_statcast,23,single,0.618,xwOBA,1.469076923076923,persisted_estimated_woba_value,3,12,3,4,2,True,0,0
745719,592332,3,68,93,18,23,2024-08-02,validation,mlb_statcast,69,home_run,0.617,xwOBA,1.1186603773584909,persisted_estimated_woba_value,3,26,6,1,2,False,15,15
745720,641482,1,44,57,12,14,2024-07-20,validation,mlb_statcast,44,double,0.665,xwOBA,1.3900166666666676,persisted_estimated_woba_value,3,14,3,0,2,False,15,15
745720,641482,2,72,78,18,19,2024-07-20,validation,mlb_statcast,77,home_run,0.589,xwOBA,0.950714285714286,persisted_estimated_woba_value,3,7,2,5,2,False,15,15
745720,641482,3,91,92,22,22,2024-07-20,validation,mlb_statcast,92,home_run,0.695,xwOBA,1.517754098360656,persisted_estimated_woba_value,3,2,1,1,2,False,15,15
745721,543037,1,7,11,2,2,2024-07-19,validation,mlb_statcast,11,field_out,0.488,xwOBA,0.102,persisted_estimated_woba_value,2,5,1,4,1,True,0,0
745722,573186,1,58,69,13,15,2024-07-21,validation,mlb_statcast,61,home_run,0.519,xwOBA,1.5579454545454543,persisted_estimated_woba_value,3,12,3,3,2,False,15,12
745722,573186,2,75,86,18,20,2024-07-21,validation,mlb_statcast,76,field_out,0.463,xwOBA,1.1427317073170735,persisted_estimated_woba_value,3,12,3,1,2,False,15,14
745724,543037,1,34,42,8,9,2024-07-06,validation,mlb_statcast,38,walk,0.488,xwOBA,0.689131,persisted_estimated_woba_value,3,9,2,4,2,False,13,13
745724,543037,2,55,66,14,16,2024-07-06,validation,mlb_statcast,58,walk,0.469,xwOBA,0.689131,persisted_estimated_woba_value,3,12,3,3,2,False,15,15
745724,543037,3,88,90,22,22,2024-07-06,validation,mlb_statcast,90,home_run,0.667,xwOBA,2.0,persisted_estimated_woba_value,3,3,1,2,2,False,15,15
745725,641482,1,64,74,15,18,2024-07-05,validation,mlb_statcast,67,home_run,0.613,xwOBA,1.8270857142857144,persisted_estimated_woba_value,3,11,4,3,2,False,15,14
745726,573186,1,2,4,2,2,2024-07-04,validation,mlb_statcast,4,hit_by_pitch,0.508,xwOBA,0.720192,persisted_estimated_woba_value,2,3,1,2,1,True,0,0
745726,573186,2,44,49,11,12,2024-07-04,validation,mlb_statcast,48,field_out,0.664,xwOBA,0.862,persisted_estimated_woba_value,3,6,2,4,2,False,15,14
745729,519242,1,74,86,16,17,2024-06-21,validation,mlb_statcast,79,walk,0.531,xwOBA+BB/HBP,0.689131,persisted_estimated_woba_value,3,13,2,5,2,False,15,15
745731,573186,1,5,10,3,3,2024-06-22,validation,mlb_statcast,10,home_run,0.486,xwOBA,1.058638888888889,persisted_estimated_woba_value,3,6,1,5,2,True,0,0
745732,543037,1,13,13,5,5,2024-06-19,validation,mlb_statcast,13,field_out,0.486,xwOBA,0.6157999999999999,persisted_estimated_woba_value,3,1,1,0,2,True,0,0
745733,641482,1,58,62,13,13,2024-06-18,validation,mlb_statcast,62,field_out,0.529,xwOBA,0.274,persisted_estimated_woba_value,3,5,1,4,2,False,15,14
745735,641482,1,16,45,5,11,2024-06-08,validation,mlb_statcast,16,home_run,0.637,xwOBA,1.8444090909090909,persisted_estimated_woba_value,3,30,7,0,2,True,0,0
745738,573186,1,7,12,3,5,2024-06-06,validation,mlb_statcast,8,home_run,0.527,xwOBA,1.551925373134328,persisted_estimated_woba_value,3,6,3,1,2,True,0,0
745738,573186,2,27,45,9,12,2024-06-06,validation,mlb_statcast,33,home_run,0.521,xwOBA,1.058638888888889,persisted_estimated_woba_value,3,19,4,6,2,False,6,6
745738,573186,3,51,60,15,17,2024-06-06,validation,mlb_statcast,54,single,0.597,xwOBA,0.915,persisted_estimated_woba_value,3,10,3,3,2,False,15,13
745743,641482,1,31,41,6,7,2024-05-22,validation,mlb_statcast,35,walk,0.541,xwOBA,0.689131,persisted_estimated_woba_value,3,11,2,4,2,False,10,10
745743,641482,2,67,77,12,14,2024-05-22,validation,mlb_statcast,69,single,0.757,xwOBA,1.6838205128205137,persisted_estimated_woba_value,3,11,3,2,2,False,15,14
745746,573186,1,19,23,6,6,2024-05-20,validation,mlb_statcast,23,walk,0.459,xwOBA,0.689131,persisted_estimated_woba_value,3,5,1,4,2,True,0,0
745746,573186,2,76,91,20,22,2024-05-20,validation,mlb_statcast,77,field_out,0.584,xwOBA,1.1956190476190478,persisted_estimated_woba_value,3,16,3,1,2,False,15,15
745746,573186,3,96,96,25,25,2024-05-20,validation,mlb_statcast,96,home_run,0.702,xwOBA,1.847777777777778,persisted_estimated_woba_value,3,1,1,0,2,False,15,15
745747,641482,1,61,67,19,20,2024-05-17,validation,mlb_statcast,64,single,0.497,xwOBA,0.801,persisted_estimated_woba_value,3,7,2,3,2,False,15,15
745748,573186,1,5,25,3,7,2024-05-09,validation,mlb_statcast,12,home_run,0.711,xwOBA,1.946,persisted_estimated_woba_value,3,21,5,7,2,True,0,0
745748,573186,2,73,73,19,19,2024-05-09,validation,mlb_statcast,73,field_out,0.457,xwOBA,1.008457142857143,persisted_estimated_woba_value,3,1,1,0,2,False,15,15
745748,573186,3,77,77,21,21,2024-05-09,validation,mlb_statcast,77,double,0.581,xwOBA,0.696,persisted_estimated_woba_value,3,1,1,0,2,False,15,14
745748,573186,4,90,95,26,26,2024-05-09,validation,mlb_statcast,95,walk,0.484,xwOBA,0.689131,persisted_estimated_woba_value,3,6,1,5,2,False,15,15
745751,641482,1,95,97,23,23,2024-05-05,validation,mlb_statcast,97,single,0.507,xwOBA,0.893,persisted_estimated_woba_value,3,3,1,2,2,False,15,15
745754,573186,1,35,44,8,10,2024-04-23,validation,mlb_statcast,36,home_run,0.772,xwOBA,1.9656428571428572,persisted_estimated_woba_value,3,10,3,1,2,False,14,14
745754,573186,2,87,97,22,24,2024-04-23,validation,mlb_statcast,91,field_out,0.579,xwOBA,1.328,persisted_estimated_woba_value,3,11,3,4,2,False,15,15
745755,641482,1,25,30,9,10,2024-04-25,validation,mlb_statcast,25,single,0.591,xwOBA,0.741,persisted_estimated_woba_value,3,6,2,0,2,False,4,4
745755,641482,2,93,94,25,26,2024-04-25,validation,mlb_statcast,93,field_out,0.557,xwOBA,1.0794444444444449,persisted_estimated_woba_value,3,2,2,0,2,False,15,15
745756,573186,1,3,11,2,3,2024-05-03,validation,mlb_statcast,5,single,0.46,xwOBA,0.501,persisted_estimated_woba_value,2,9,2,2,1,True,0,0
745756,573186,2,21,26,7,7,2024-05-03,validation,mlb_statcast,26,walk,0.469,xwOBA,0.689131,persisted_estimated_woba_value,3,6,1,5,2,False,0,0
745756,573186,3,70,90,21,23,2024-05-03,validation,mlb_statcast,74,walk,0.489,xwOBA,0.689131,persisted_estimated_woba_value,3,21,3,4,2,False,15,15
745756,681857,1,3,13,2,3,2024-05-03,validation,mlb_statcast,7,grounded_into_double_play,0.524,xwOBA,0.16,persisted_estimated_woba_value,2,11,2,4,1,True,0,0
745759,650644,1,17,23,4,4,2024-04-21,validation,mlb_statcast,23,walk,0.459,xwOBA+BB/HBP,0.689131,persisted_estimated_woba_value,3,7,1,6,2,True,0,0
745759,650644,2,41,46,11,11,2024-04-21,validation,mlb_statcast,46,field_out,0.503,xwOBA,0.507,persisted_estimated_woba_value,3,6,1,5,2,False,15,14
745759,650644,3,55,62,16,17,2024-04-21,validation,mlb_statcast,60,field_out,0.608,xwOBA,0.90321875,persisted_estimated_woba_value,3,8,2,5,2,False,15,15
745759,650644,4,87,104,23,27,2024-04-21,validation,mlb_statcast,95,walk,0.486,xwOBA+BB/HBP,0.689131,persisted_estimated_woba_value,3,18,5,8,2,False,15,14
745763,573186,1,27,31,6,6,2024-04-10,validation,mlb_statcast,31,double_play,0.652,xwOBA,0.65,persisted_estimated_woba_value,3,5,1,4,2,False,6,6
745763,573186,2,57,68,12,14,2024-04-10,validation,mlb_statcast,58,home_run,0.716,xwOBA,1.8270857142857144,persisted_estimated_woba_value,3,12,3,1,2,False,15,15
745764,573186,1,24,25,7,7,2024-04-05,validation,mlb_statcast,25,single,0.465,xwOBA,0.939409090909091,persisted_estimated_woba_value,3,2,1,1,2,False,3,3
745764,573186,2,69,74,17,17,2024-04-05,validation,mlb_statcast,74,field_out,0.513,xwOBA,0.412,persisted_estimated_woba_value,3,6,1,5,2,False,15,15
745766,592332,1,10,16,3,5,2024-04-06,validation,mlb_statcast,12,home_run,0.893,xwOBA,1.976,persisted_estimated_woba_value,3,7,3,2,2,True,0,0
745766,592332,2,33,51,9,11,2024-04-06,validation,mlb_statcast,38,single,0.534,xwOBA,0.913,persisted_estimated_woba_value,3,19,3,5,2,False,12,12
745767,554430,1,29,29,9,9,2024-09-22,validation,mlb_statcast,29,single,0.652,xwOBA,0.88,event_weight_fallback,3,1,1,0,2,False,8,8
745767,554430,2,65,70,20,22,2024-09-22,validation,mlb_statcast,65,home_run,0.607,xwOBA,1.5235,persisted_estimated_woba_value,3,6,3,0,2,False,15,15
745768,640455,1,3,12,2,3,2024-09-21,validation,mlb_statcast,5,field_out,0.786,xwOBA,0.021,persisted_estimated_woba_value,2,10,2,2,1,True,0,0
745769,622663,1,42,50,11,13,2024-09-19,validation,mlb_statcast,43,home_run,0.796,xwOBA,2.0,persisted_estimated_woba_value,3,9,3,1,2,False,15,15
745769,622663,2,67,70,17,18,2024-09-19,validation,mlb_statcast,67,single,0.527,xwOBA,0.893,persisted_estimated_woba_value,3,4,2,0,2,False,15,15
745770,650911,1,4,11,2,3,2024-09-20,validation,mlb_statcast,5,single,0.634,xwOBA,0.163,persisted_estimated_woba_value,2,8,2,1,1,True,0,0
745770,650911,2,91,98,21,22,2024-09-20,validation,mlb_statcast,95,walk,0.621,xwOBA+BB/HBP,0.689131,persisted_estimated_woba_value,3,8,2,4,2,False,15,15
745770,656849,1,17,18,7,7,2024-09-20,validation,mlb_statcast,18,sac_fly,0.518,xwOBA,0.7969473684210527,persisted_estimated_woba_value,3,2,1,1,2,True,0,0
745770,656849,2,41,53,12,15,2024-09-20,validation,mlb_statcast,43,single,0.61,xwOBA,0.932,persisted_estimated_woba_value,3,13,4,2,2,False,15,15
745770,656849,3,56,64,17,19,2024-09-20,validation,mlb_statcast,56,double,0.537,xwOBA,0.8315749999999997,persisted_estimated_woba_value,3,9,3,0,2,False,15,15
745773,640455,1,42,43,14,14,2024-09-16,validation,mlb_statcast,43,single,0.526,xwOBA,0.496,persisted_estimated_woba_value,3,2,1,1,2,False,15,15
745773,640455,2,67,69,20,20,2024-09-16,validation,mlb_statcast,69,field_out,0.483,xwOBA,0.492,persisted_estimated_woba_value,3,3,1,2,2,False,15,15
745774,622663,1,35,46,10,11,2024-09-08,validation,mlb_statcast,40,field_out,0.5,xwOBA,0.423,persisted_estimated_woba_value,3,12,2,5,2,False,14,14
745777,640455,1,46,54,11,13,2024-09-06,validation,mlb_statcast,47,home_run,0.95,xwOBA,1.968,persisted_estimated_woba_value,3,9,3,1,2,False,15,15
745777,640455,2,95,97,24,24,2024-09-06,validation,mlb_statcast,97,home_run,0.55,xwOBA,0.9614528301886794,persisted_estimated_woba_value,3,3,1,2,2,False,15,15
745778,656849,1,42,45,13,13,2024-09-03,validation,mlb_statcast,45,field_out,0.495,xwOBA,0.614,persisted_estimated_woba_value,3,4,1,3,2,False,15,15
745778,656849,2,80,85,23,23,2024-09-03,validation,mlb_statcast,85,walk,0.515,xwOBA,0.689131,persisted_estimated_woba_value,3,6,1,5,2,False,15,14
745779,622663,1,17,19,7,7,2024-09-02,validation,mlb_statcast,19,grounded_into_double_play,0.547,xwOBA,0.485,persisted_estimated_woba_value,3,3,1,2,2,True,0,0
745779,622663,2,78,96,21,24,2024-09-02,validation,mlb_statcast,80,single,0.503,xwOBA,0.437,persisted_estimated_woba_value,3,19,4,2,2,False,15,15
745780,656849,1,7,8,2,2,2024-08-19,validation,mlb_statcast,8,grounded_into_double_play,0.45,xwOBA,0.211,persisted_estimated_woba_value,2,2,1,1,1,True,0,0
745780,656849,2,55,58,15,15,2024-08-19,validation,mlb_statcast,58,force_out,0.483,xwOBA,0.399,persisted_estimated_woba_value,3,4,1,3,2,False,15,15
745780,656849,3,98,101,26,27,2024-08-19,validation,mlb_statcast,98,home_run,0.687,xwOBA,2.0,persisted_estimated_woba_value,3,4,2,0,2,False,15,15
745781,640455,1,74,79,19,21,2024-08-21,validation,mlb_statcast,74,home_run,0.636,xwOBA,1.1186603773584909,persisted_estimated_woba_value,3,6,3,0,2,False,15,15
745784,640455,1,59,61,16,16,2024-08-16,validation,mlb_statcast,61,force_out,0.46,xwOBA,0.226,persisted_estimated_woba_value,3,3,1,2,2,False,15,15
745784,640455,2,71,84,20,22,2024-08-16,validation,mlb_statcast,76,home_run,0.57,xwOBA,1.4390624999999997,persisted_estimated_woba_value,3,14,3,5,2,False,15,15
745785,622663,1,36,36,11,11,2024-08-17,validation,mlb_statcast,36,double,0.476,xwOBA,0.884,persisted_estimated_woba_value,3,1,1,0,2,False,15,15
745785,622663,2,54,59,16,16,2024-08-17,validation,mlb_statcast,59,double,0.485,xwOBA,0.757,persisted_estimated_woba_value,3,6,1,5,2,False,15,15
745785,622663,3,98,98,29,29,2024-08-17,validation,mlb_statcast,98,hit_by_pitch,0.459,xwOBA,0.720192,persisted_estimated_woba_value,3,1,1,0,2,False,15,15
745789,622663,1,17,57,5,15,2024-07-31,validation,mlb_statcast,20,home_run,0.667,xwOBA,2.0,persisted_estimated_woba_value,3,41,11,3,2,True,0,0
745790,656849,1,34,48,9,13,2024-08-14,validation,mlb_statcast,37,field_out,0.454,xwOBA,0.5908571428571429,persisted_estimated_woba_value,3,15,5,3,2,False,13,13
745790,656849,2,71,74,20,21,2024-08-14,validation,mlb_statcast,71,double,0.668,xwOBA,1.0731190476190478,persisted_estimated_woba_value,3,4,2,0,2,False,15,15
745794,519242,1,42,42,10,10,2024-07-25,validation,mlb_statcast,42,home_run,0.591,xwOBA,1.0830857142857149,persisted_estimated_woba_value,3,1,1,0,2,False,15,15
745794,622663,1,6,19,2,4,2024-07-25,validation,mlb_statcast,8,double,0.556,xwOBA,0.889,persisted_estimated_woba_value,2,14,3,2,1,True,0,0
745794,622663,2,43,45,11,11,2024-07-25,validation,mlb_statcast,45,single,0.451,xwOBA,0.639,persisted_estimated_woba_value,3,3,1,2,2,False,15,15
745794,622663,3,53,55,13,13,2024-07-25,validation,mlb_statcast,55,single,0.517,xwOBA,0.694,persisted_estimated_woba_value,3,3,1,2,2,False,15,15
745794,622663,4,93,95,23,23,2024-07-25,validation,mlb_statcast,95,single,0.463,xwOBA,0.492,persisted_estimated_woba_value,3,3,1,2,2,False,15,15
745795,656849,1,6,6,2,2,2024-07-28,validation,mlb_statcast,6,single,0.452,xwOBA,0.905,persisted_estimated_woba_value,2,1,1,0,1,True,0,0
745795,656849,2,42,74,12,18,2024-07-28,validation,mlb_statcast,45,single,0.462,xwOBA,0.69,persisted_estimated_woba_value,3,33,7,3,2,False,15,15
745796,622663,1,7,12,3,3,2024-07-10,validation,mlb_statcast,12,walk,0.48,xwOBA,0.689131,persisted_estimated_woba_value,3,6,1,5,2,True,0,0
745796,622663,2,52,63,15,18,2024-07-10,validation,mlb_statcast,54,single,0.465,xwOBA,0.58,persisted_estimated_woba_value,3,12,4,2,2,False,15,15
745796,622663,3,65,67,20,20,2024-07-10,validation,mlb_statcast,67,hit_by_pitch,0.487,xwOBA,0.720192,persisted_estimated_woba_value,3,3,1,2,2,False,15,15
745796,622663,4,86,91,26,26,2024-07-10,validation,mlb_statcast,91,walk,0.478,xwOBA+BB/HBP,0.689131,persisted_estimated_woba_value,3,6,1,5,2,False,15,15
745799,656849,1,3,6,2,2,2024-07-11,validation,mlb_statcast,6,single,0.484,xwOBA,0.864,persisted_estimated_woba_value,2,4,1,3,1,True,0,0
745799,656849,2,8,15,4,4,2024-07-11,validation,mlb_statcast,15,walk,0.537,xwOBA,0.689131,persisted_estimated_woba_value,3,8,1,7,2,True,0,0
745799,656849,3,17,18,6,6,2024-07-11,validation,mlb_statcast,18,double,0.489,xwOBA,0.7685714285714287,persisted_estimated_woba_value,3,2,1,1,2,True,0,0
745799,656849,4,73,79,19,21,2024-07-11,validation,mlb_statcast,73,hit_by_pitch,0.553,xwOBA,0.720192,persisted_estimated_woba_value,3,7,3,0,2,False,15,15
745800,640455,1,32,45,7,9,2024-07-12,validation,mlb_statcast,36,home_run,0.692,xwOBA,1.3719333333333334,persisted_estimated_woba_value,3,14,3,4,2,False,11,10
745800,640455,2,85,102,21,26,2024-07-12,validation,mlb_statcast,89,single,0.46,xwOBA,0.915,persisted_estimated_woba_value,3,18,6,4,2,False,15,14
745802,622663,1,8,12,3,3,2024-06-30,validation,mlb_statcast,12,field_out,0.512,xwOBA,0.641,persisted_estimated_woba_value,3,5,1,4,2,True,0,0
745802,622663,2,18,22,6,7,2024-06-30,validation,mlb_statcast,19,home_run,0.511,xwOBA,1.0063478260869567,persisted_estimated_woba_value,3,5,2,1,2,True,0,0
745802,622663,3,33,46,12,14,2024-06-30,validation,mlb_statcast,38,walk,0.486,xwOBA,0.689131,persisted_estimated_woba_value,3,14,3,5,2,False,12,12
745806,543037,1,4,44,2,11,2024-06-25,validation,mlb_statcast,10,walk,0.814,xwOBA,0.689131,persisted_estimated_woba_value,2,41,10,6,1,True,0,0
745806,543037,2,61,66,16,18,2024-06-25,validation,mlb_statcast,61,home_run,0.659,xwOBA,1.2864468085106382,persisted_estimated_woba_value,3,6,3,0,2,False,15,15
745806,543037,3,69,69,20,20,2024-06-25,validation,mlb_statcast,69,home_run,0.629,xwOBA,1.1578461538461535,persisted_estimated_woba_value,3,1,1,0,2,False,15,15
745806,656849,1,2,19,2,4,2024-06-25,validation,mlb_statcast,7,walk,0.743,xwOBA,0.689131,persisted_estimated_woba_value,2,18,3,5,1,True,0,0
745806,656849,2,78,83,18,18,2024-06-25,validation,mlb_statcast,83,single,0.548,xwOBA,0.613,persisted_estimated_woba_value,3,6,1,5,2,False,15,14
745806,656849,3,87,105,20,23,2024-06-25,validation,mlb_statcast,90,home_run,0.798,xwOBA,1.7810434782608695,persisted_estimated_woba_value,3,19,4,3,2,False,15,15
745807,656302,1,4,26,2,6,2024-06-16,validation,mlb_statcast,10,single,1.112,xwOBA,0.621,persisted_estimated_woba_value,2,23,5,6,1,True,0,0
745807,656302,2,62,62,14,14,2024-06-16,validation,mlb_statcast,62,field_out,0.459,xwOBA,0.6871538461538464,persisted_estimated_woba_value,3,1,1,0,2,False,15,15
745807,656302,3,69,71,16,16,2024-06-16,validation,mlb_statcast,71,single,0.481,xwOBA,0.757,persisted_estimated_woba_value,3,3,1,2,2,False,15,15
745807,656302,4,75,90,18,21,2024-06-16,validation,mlb_statcast,78,double,0.549,xwOBA,0.78,persisted_estimated_woba_value,3,16,4,3,2,False,15,15
745808,640455,1,4,25,2,6,2024-06-26,validation,mlb_statcast,8,walk,0.502,xwOBA,0.689131,persisted_estimated_woba_value,2,22,5,4,1,True,0,0
745808,640455,2,49,59,13,14,2024-06-26,validation,mlb_statcast,53,walk,0.45,xwOBA,0.689131,persisted_estimated_woba_value,3,11,2,4,2,False,15,15
745808,640455,3,75,77,19,19,2024-06-26,validation,mlb_statcast,77,field_out,0.45,xwOBA,0.481,persisted_estimated_woba_value,3,3,1,2,2,False,15,15
745809,622663,1,31,31,10,10,2024-06-13,validation,mlb_statcast,31,field_out,0.454,xwOBA,0.208,persisted_estimated_woba_value,3,1,1,0,2,False,10,10
745809,622663,2,44,63,15,17,2024-06-13,validation,mlb_statcast,47,walk,0.533,xwOBA,0.689131,persisted_estimated_woba_value,3,20,3,3,2,False,15,15
745809,622663,3,88,98,24,26,2024-06-13,validation,mlb_statcast,91,home_run,0.575,xwOBA,1.1802380952380946,persisted_estimated_woba_value,3,11,3,3,2,False,15,15
745810,640455,1,51,53,10,10,2024-06-14,validation,mlb_statcast,53,field_out,0.474,xwOBA,0.808,persisted_estimated_woba_value,3,3,1,2,2,False,15,15
745810,640455,2,79,81,17,17,2024-06-14,validation,mlb_statcast,81,home_run,0.486,xwOBA,1.1802380952380946,persisted_estimated_woba_value,3,3,1,2,2,False,15,15
745810,640455,3,88,90,19,19,2024-06-14,validation,mlb_statcast,90,single,0.501,xwOBA,0.324,persisted_estimated_woba_value,3,3,1,2,2,False,15,15
745811,656849,1,2,3,2,2,2024-06-12,validation,mlb_statcast,3,field_out,0.653,xwOBA,0.6871538461538464,persisted_estimated_woba_value,2,2,1,1,1,True,0,0
745811,656849,2,50,54,16,17,2024-06-12,validation,mlb_statcast,51,field_out,0.551,xwOBA,0.799,persisted_estimated_woba_value,3,5,2,1,2,False,15,15
745811,656849,3,60,65,20,21,2024-06-12,validation,mlb_statcast,60,double,0.506,xwOBA,0.404,persisted_estimated_woba_value,3,6,2,0,2,False,15,15
745811,656849,4,78,84,23,24,2024-06-12,validation,mlb_statcast,80,single,0.465,xwOBA,0.48,persisted_estimated_woba_value,3,7,2,2,2,False,15,15
745811,666129,1,3,14,2,4,2024-06-12,validation,mlb_statcast,7,home_run,1.384,xwOBA,2.0,persisted_estimated_woba_value,2,12,3,4,1,True,0,0
745811,666129,2,60,61,16,17,2024-06-12,validation,mlb_statcast,60,field_out,0.486,xwOBA,0.6610454545454546,persisted_estimated_woba_value,3,2,2,0,2,False,15,15
745811,666129,3,83,89,23,23,2024-06-12,validation,mlb_statcast,89,home_run,0.76,xwOBA,2.0,persisted_estimated_woba_value,3,7,1,6,2,False,15,15
745812,640455,1,25,36,9,10,2024-06-01,validation,mlb_statcast,29,walk,0.495,xwOBA,0.689131,persisted_estimated_woba_value,3,12,2,4,2,False,4,4
745812,640455,2,47,58,13,14,2024-06-01,validation,mlb_statcast,47,home_run,0.529,xwOBA,0.8976363636363637,persisted_estimated_woba_value,3,12,2,0,2,False,15,15
745812,640455,3,97,105,24,25,2024-06-01,validation,mlb_statcast,101,double,0.504,xwOBA,1.0850454545454546,persisted_estimated_woba_value,3,9,2,4,2,False,15,15
745817,656849,1,4,7,2,2,2024-05-29,validation,mlb_statcast,7,field_out,0.457,xwOBA,0.90321875,persisted_estimated_woba_value,2,4,1,3,1,True,0,0
745817,656849,2,9,23,4,6,2024-05-29,validation,mlb_statcast,12,home_run,0.8,xwOBA+barrels,1.4390624999999997,persisted_estimated_woba_value,3,15,3,3,2,True,0,0
745817,656849,3,56,72,16,18,2024-05-29,validation,mlb_statcast,59,single,0.454,xwOBA,0.903,persisted_estimated_woba_value,3,17,3,3,2,False,15,15
745820,622663,1,2,15,2,4,2024-05-31,validation,mlb_statcast,6,hit_by_pitch,0.522,xwOBA,0.720192,persisted_estimated_woba_value,2,14,3,4,1,True,0,0
745820,622663,2,55,64,16,17,2024-05-31,validation,mlb_statcast,59,field_out,0.543,xwOBA,1.0173333333333334,persisted_estimated_woba_value,3,10,2,4,2,False,15,15
745821,605400,1,61,72,17,19,2024-05-14,validation,mlb_statcast,65,field_out,0.556,xwOBA,0.901,persisted_estimated_woba_value,3,12,3,4,2,False,15,15
745821,605400,2,74,75,21,22,2024-05-14,validation,mlb_statcast,74,field_out,0.679,xwOBA,0.862,persisted_estimated_woba_value,3,2,2,0,2,False,15,15
745821,605400,3,96,99,27,27,2024-05-14,validation,mlb_statcast,99,double,0.459,xwOBA,0.758,persisted_estimated_woba_value,3,4,1,3,2,False,15,15
745821,605400,4,105,108,29,29,2024-05-14,validation,mlb_statcast,108,single,0.527,xwOBA,0.766,persisted_estimated_woba_value,3,4,1,3,2,False,15,15
745823,622663,1,43,45,14,14,2024-05-25,validation,mlb_statcast,45,field_out,0.454,xwOBA,0.566,persisted_estimated_woba_value,3,3,1,2,2,False,15,15
745823,622663,2,72,76,21,21,2024-05-25,validation,mlb_statcast,76,single,0.545,xwOBA,0.88,event_weight_fallback,3,5,1,4,2,False,15,15
745824,640455,1,26,26,6,6,2024-05-26,validation,mlb_statcast,26,field_out,0.502,xwOBA,0.344,persisted_estimated_woba_value,3,1,1,0,2,False,5,5
745824,640455,2,43,49,9,11,2024-05-26,validation,mlb_statcast,45,home_run,0.532,xwOBA,0.9262222222222224,persisted_estimated_woba_value,3,7,3,2,2,False,15,15
745824,640455,3,76,80,18,18,2024-05-26,validation,mlb_statcast,80,single,0.526,xwOBA,0.889,persisted_estimated_woba_value,3,5,1,4,2,False,15,15
745824,640455,4,84,85,20,20,2024-05-26,validation,mlb_statcast,85,field_out,0.509,xwOBA,0.639,persisted_estimated_woba_value,3,2,1,1,2,False,15,15
745824,657277,1,38,41,9,9,2024-05-26,validation,mlb_statcast,41,field_out,0.487,xwOBA,0.5908571428571429,persisted_estimated_woba_value,3,4,1,3,2,False,15,12
745824,657277,2,43,45,11,12,2024-05-26,validation,mlb_statcast,43,field_out,0.777,xwOBA,1.1802380952380946,persisted_estimated_woba_value,3,3,2,0,2,False,15,14
745824,657277,3,78,87,21,22,2024-05-26,validation,mlb_statcast,83,walk,0.551,xwOBA,0.689131,persisted_estimated_woba_value,3,10,2,5,2,False,15,15
745825,622663,1,13,21,5,6,2024-05-12,validation,mlb_statcast,16,walk,0.622,xwOBA+BB/HBP,0.689131,persisted_estimated_woba_value,3,9,2,3,2,True,0,0
745825,622663,2,32,40,9,10,2024-05-12,validation,mlb_statcast,34,field_out,0.625,xwOBA,0.6137142857142857,persisted_estimated_woba_value,3,9,2,2,2,False,11,11
745825,622663,3,83,94,21,22,2024-05-12,validation,mlb_statcast,88,walk,0.48,xwOBA,0.689131,persisted_estimated_woba_value,3,12,2,5,2,False,15,15
745826,640455,1,67,79,17,18,2024-05-13,validation,mlb_statcast,73,field_out,0.485,xwOBA,0.767,persisted_estimated_woba_value,3,13,2,6,2,False,15,15
745826,650911,1,11,26,4,7,2024-05-13,validation,mlb_statcast,15,double,0.485,xwOBA,1.0173333333333334,persisted_estimated_woba_value,3,16,4,4,2,True,0,0
745826,650911,2,34,60,11,15,2024-05-13,validation,mlb_statcast,39,double,0.546,xwOBA,1.005421052631579,persisted_estimated_woba_value,3,27,5,5,2,False,13,13
745826,650911,3,82,84,23,23,2024-05-13,validation,mlb_statcast,84,double,0.478,xwOBA,0.7685714285714287,persisted_estimated_woba_value,3,3,1,2,2,False,15,15
745826,650911,4,88,90,25,25,2024-05-13,validation,mlb_statcast,90,single,0.473,xwOBA,0.649,persisted_estimated_woba_value,3,3,1,2,2,False,15,15
745831,640455,1,3,9,2,2,2024-04-30,validation,mlb_statcast,9,walk,0.488,xwOBA,0.689131,persisted_estimated_woba_value,2,7,1,6,1,True,0,0
745831,640455,2,25,38,6,8,2024-04-30,validation,mlb_statcast,29,single,0.522,xwOBA,0.876,persisted_estimated_woba_value,3,14,3,4,2,False,4,4
745832,622663,1,76,94,21,25,2024-04-29,validation,mlb_statcast,77,field_out,0.452,xwOBA,0.296,persisted_estimated_woba_value,3,19,5,1,2,False,15,10
745836,622663,1,39,46,11,12,2024-04-17,validation,mlb_statcast,40,single,0.493,xwOBA,0.141,persisted_estimated_woba_value,3,8,2,1,2,False,15,13
745836,622663,2,49,54,14,14,2024-04-17,validation,mlb_statcast,54,walk,0.586,xwOBA+BB/HBP,0.689131,persisted_estimated_woba_value,3,6,1,5,2,False,15,15
745838,622663,1,6,35,2,8,2024-04-12,validation,mlb_statcast,9,field_out,0.599,xwOBA,0.4841111111111111,persisted_estimated_woba_value,2,30,7,3,1,True,0,0
745839,640455,1,4,8,2,2,2024-04-13,validation,mlb_statcast,8,single,0.452,xwOBA,0.837,persisted_estimated_woba_value,2,5,1,4,1,True,0,0
745839,640455,2,33,57,9,13,2024-04-13,validation,mlb_statcast,38,walk,0.546,xwOBA,0.689131,persisted_estimated_woba_value,3,25,5,5,2,False,12,11
745839,640455,3,67,76,18,19,2024-04-13,validation,mlb_statcast,72,field_out,0.725,xwOBA,1.2330444444444444,persisted_estimated_woba_value,3,10,2,5,2,False,15,14
745839,640455,4,82,89,22,24,2024-04-13,validation,mlb_statcast,82,home_run,0.686,xwOBA,1.130027777777778,persisted_estimated_woba_value,3,8,3,0,2,False,15,14
745839,679525,1,10,11,2,2,2024-04-13,validation,mlb_statcast,11,single,0.461,xwOBA,0.233,persisted_estimated_woba_value,2,2,1,1,1,True,0,0
745839,679525,2,56,62,13,14,2024-04-13,validation,mlb_statcast,59,home_run,0.55,xwOBA,1.2607021276595742,persisted_estimated_woba_value,3,7,2,3,2,False,15,15
745840,527048,1,15,16,5,5,2024-04-15,validation,mlb_statcast,16,hit_by_pitch,0.557,xwOBA,0.720192,persisted_estimated_woba_value,3,2,1,1,2,True,0,0
745840,527048,2,19,21,7,7,2024-04-15,validation,mlb_statcast,21,field_out,0.526,xwOBA,0.5771111111111111,persisted_estimated_woba_value,3,3,1,2,2,True,0,0
745840,527048,3,35,47,11,13,2024-04-15,validation,mlb_statcast,39,double,0.564,xwOBA,1.328,persisted_estimated_woba_value,3,13,3,4,2,False,14,13
745840,527048,4,60,61,17,17,2024-04-15,validation,mlb_statcast,61,single,0.524,xwOBA,0.864,persisted_estimated_woba_value,3,2,1,1,2,False,15,15
745840,527048,5,65,87,19,25,2024-04-15,validation,mlb_statcast,66,field_out,0.721,xwOBA,1.1578461538461535,persisted_estimated_woba_value,3,23,7,1,2,False,15,15
745841,666142,1,7,13,2,3,2024-04-14,validation,mlb_statcast,10,strikeout,0.455,xwOBA,0.0,persisted_estimated_woba_value,2,7,2,3,1,True,0,0
745841,666142,2,52,59,12,13,2024-04-14,validation,mlb_statcast,53,single,0.482,xwOBA,0.741,persisted_estimated_woba_value,3,8,2,1,2,False,15,15
745841,666142,3,86,95,22,23,2024-04-14,validation,mlb_statcast,91,walk,0.498,xwOBA,0.689131,persisted_estimated_woba_value,3,10,2,5,2,False,15,15
745842,640455,1,5,17,2,3,2024-04-01,validation,mlb_statcast,11,strikeout,0.537,xwOBA,0.0,persisted_estimated_woba_value,2,13,2,6,1,True,0,0
745842,640455,2,59,70,14,16,2024-04-01,validation,mlb_statcast,64,field_out,0.532,xwOBA,0.874037037037037,persisted_estimated_woba_value,3,12,3,5,2,False,15,11
745842,640455,3,75,81,18,18,2024-04-01,validation,mlb_statcast,81,walk,0.536,xwOBA,0.689131,persisted_estimated_woba_value,3,7,1,6,2,False,15,12
745842,640455,4,88,88,20,20,2024-04-01,validation,mlb_statcast,88,single,0.503,xwOBA,0.59,persisted_estimated_woba_value,3,1,1,0,2,False,15,13
745842,681857,1,6,16,2,3,2024-04-01,validation,mlb_statcast,13,walk,0.705,xwOBA+BB/HBP,0.689131,persisted_estimated_woba_value,2,11,2,7,1,True,0,0
745842,681857,2,31,41,7,9,2024-04-01,validation,mlb_statcast,34,field_out,0.717,xwOBA,1.754000000000001,persisted_estimated_woba_value,3,11,3,3,2,False,10,10
745850,622663,1,13,19,4,5,2024-03-30,validation,mlb_statcast,15,double,0.507,xwOBA,0.663,persisted_estimated_woba_value,3,7,2,2,2,True,0,0
745850,622663,2,43,56,15,17,2024-03-30,validation,mlb_statcast,48,home_run,0.697,xwOBA,1.8964137931034484,persisted_estimated_woba_value,3,14,3,5,2,False,15,15
745850,622663,3,68,77,21,23,2024-03-30,validation,mlb_statcast,72,field_out,0.805,xwOBA,1.3719333333333334,persisted_estimated_woba_value,3,10,3,4,2,False,15,15
745854,665795,1,37,39,9,9,2024-09-25,validation,mlb_statcast,39,fielders_choice,0.45,xwOBA,0.186,persisted_estimated_woba_value,3,3,1,2,2,False,15,15
745854,665795,2,49,61,12,16,2024-09-25,validation,mlb_statcast,49,single,0.569,xwOBA,0.928,persisted_estimated_woba_value,3,13,5,0,2,False,15,15
745854,665795,3,79,79,22,22,2024-09-25,validation,mlb_statcast,79,double_play,0.573,xwOBA,0.896,persisted_estimated_woba_value,3,1,1,0,2,False,15,15
745862,592332,1,5,8,2,2,2024-08-30,validation,mlb_statcast,8,field_out,0.45,xwOBA,0.342,persisted_estimated_woba_value,2,4,1,3,1,True,0,0
745862,592332,2,70,74,17,17,2024-08-30,validation,mlb_statcast,74,walk,0.631,xwOBA,0.689131,persisted_estimated_woba_value,3,5,1,4,2,False,15,15
745862,592332,3,86,87,21,21,2024-08-30,validation,mlb_statcast,87,single,0.528,xwOBA,0.657,persisted_estimated_woba_value,3,2,1,1,2,False,15,15
745866,519242,1,83,102,19,23,2024-08-28,validation,mlb_statcast,87,double,0.515,xwOBA,0.9469130434782608,persisted_estimated_woba_value,3,20,5,4,2,False,15,15
745869,666142,1,40,52,12,14,2024-08-14,validation,mlb_statcast,41,home_run,0.816,xwOBA,1.7448749999999995,persisted_estimated_woba_value,3,13,3,1,2,False,15,15
745869,666142,2,68,72,18,19,2024-08-14,validation,mlb_statcast,68,single,0.625,xwOBA,0.748,persisted_estimated_woba_value,3,5,2,0,2,False,15,15
745874,663903,1,24,28,7,7,2024-08-12,validation,mlb_statcast,28,walk,0.471,xwOBA,0.689131,persisted_estimated_woba_value,3,5,1,4,2,False,3,3
745874,663903,2,33,48,9,12,2024-08-12,validation,mlb_statcast,34,single,0.714,xwOBA,0.943,persisted_estimated_woba_value,3,16,4,1,2,False,12,12
745877,605400,1,12,19,6,8,2024-07-24,validation,mlb_statcast,12,home_run,0.682,xwOBA,2.0,persisted_estimated_woba_value,3,8,3,0,2,True,0,0
745877,605400,2,47,56,14,15,2024-07-24,validation,mlb_statcast,51,walk,0.531,xwOBA,0.689131,persisted_estimated_woba_value,3,10,2,4,2,False,15,15
745877,605400,3,80,98,24,26,2024-07-24,validation,mlb_statcast,85,walk,0.558,xwOBA,0.689131,persisted_estimated_woba_value,3,19,3,5,2,False,15,15
745878,554430,1,10,25,2,4,2024-07-23,validation,mlb_statcast,18,field_out,0.759,xwOBA,1.517754098360656,persisted_estimated_woba_value,2,16,3,8,1,True,0,0
745878,554430,2,32,40,7,9,2024-07-23,validation,mlb_statcast,34,field_out,0.549,xwOBA+barrels,0.82125,persisted_estimated_woba_value,3,9,3,2,2,False,11,11
745882,650644,1,16,24,5,6,2024-07-21,validation,mlb_statcast,21,walk,0.563,xwOBA+BB/HBP,0.689131,persisted_estimated_woba_value,3,9,2,5,2,True,0,0
745882,650644,2,39,40,10,10,2024-07-21,validation,mlb_statcast,40,hit_by_pitch,0.582,xwOBA+BB/HBP,0.720192,persisted_estimated_woba_value,3,2,1,1,2,False,15,14
745882,650644,3,43,47,12,12,2024-07-21,validation,mlb_statcast,47,home_run,0.688,xwOBA,1.2136304347826088,persisted_estimated_woba_value,3,5,1,4,2,False,15,15
745882,650644,4,74,80,19,19,2024-07-21,validation,mlb_statcast,80,walk,0.501,xwOBA,0.689131,persisted_estimated_woba_value,3,7,1,6,2,False,15,15
745893,650644,1,3,14,2,3,2024-06-18,validation,mlb_statcast,5,field_out,0.701,xwOBA,0.012,persisted_estimated_woba_value,2,12,2,2,1,True,0,0
745893,650644,2,41,48,10,11,2024-06-18,validation,mlb_statcast,47,walk,0.474,xwOBA,0.689131,persisted_estimated_woba_value,3,8,2,6,2,False,15,15
745893,650644,3,78,84,19,20,2024-06-18,validation,mlb_statcast,78,double,0.726,xwOBA,0.902,persisted_estimated_woba_value,3,7,2,0,2,False,15,15
745903,666142,1,7,10,2,2,2024-05-28,validation,mlb_statcast,10,double,0.509,xwOBA,0.842,persisted_estimated_woba_value,2,4,1,3,1,True,0,0
745903,666142,2,29,31,7,7,2024-05-28,validation,mlb_statcast,31,field_out,0.61,xwOBA,1.142175,persisted_estimated_woba_value,3,3,1,2,2,False,8,8
745903,666142,3,36,37,9,9,2024-05-28,validation,mlb_statcast,37,field_out,0.618,xwOBA,0.509,persisted_estimated_woba_value,3,2,1,1,2,False,15,15
745903,666142,4,72,80,18,20,2024-05-28,validation,mlb_statcast,75,field_error,0.514,xwOBA,0.629,persisted_estimated_woba_value,3,9,3,3,2,False,15,15
745904,679525,1,39,45,9,11,2024-05-27,validation,mlb_statcast,39,home_run,0.836,xwOBA,2.0,persisted_estimated_woba_value,3,7,3,0,2,False,15,14
745904,679525,2,56,84,16,21,2024-05-27,validation,mlb_statcast,61,walk,0.453,xwOBA,0.689131,persisted_estimated_woba_value,3,29,6,5,2,False,15,11
745904,679525,3,98,103,26,27,2024-05-27,validation,mlb_statcast,98,single,0.739,xwOBA,0.901,persisted_estimated_woba_value,3,6,2,0,2,False,15,14
745908,573186,1,2,18,2,5,2024-05-15,validation,mlb_statcast,5,field_out,0.522,xwOBA,0.381,persisted_estimated_woba_value,2,17,4,3,1,True,0,0
745908,573186,2,29,34,8,8,2024-05-15,validation,mlb_statcast,34,walk,0.459,xwOBA+BB/HBP,0.689131,persisted_estimated_woba_value,3,6,1,5,2,False,8,8
745908,573186,3,37,38,10,10,2024-05-15,validation,mlb_statcast,38,double,0.509,xwOBA,0.618,persisted_estimated_woba_value,3,2,1,1,2,False,15,15
745921,681857,1,35,39,7,7,2024-04-20,validation,mlb_statcast,39,sac_fly,0.477,xwOBA,0.477,persisted_estimated_woba_value,3,5,1,4,2,False,14,14
745921,681857,2,45,46,9,9,2024-04-20,validation,mlb_statcast,46,double,0.461,xwOBA,0.906,persisted_estimated_woba_value,3,2,1,1,2,False,15,15
745930,640455,1,21,39,5,8,2024-09-27,validation,mlb_statcast,27,walk,0.477,xwOBA+BB/HBP,0.689131,persisted_estimated_woba_value,3,19,4,6,2,False,0,0
745930,640455,2,44,48,10,10,2024-09-27,validation,mlb_statcast,48,double,0.538,xwOBA,0.83,persisted_estimated_woba_value,3,5,1,4,2,False,15,15
745932,656849,1,63,68,17,17,2024-09-29,validation,mlb_statcast,68,walk,0.451,xwOBA,0.689131,persisted_estimated_woba_value,3,6,1,5,2,False,15,15
745933,605400,1,71,71,18,18,2024-09-18,validation,mlb_statcast,71,field_out,0.489,xwOBA,0.343,persisted_estimated_woba_value,3,1,1,0,2,False,15,15
745935,554430,1,58,64,13,14,2024-09-17,validation,mlb_statcast,61,triple,0.593,xwOBA,0.876,persisted_estimated_woba_value,3,7,2,3,2,False,15,15
745936,650644,1,6,8,3,4,2024-09-21,validation,mlb_statcast,7,home_run,0.517,xwOBA,0.6614666666666668,persisted_estimated_woba_value,3,3,2,1,2,True,0,0
745936,650644,2,63,74,15,16,2024-09-21,validation,mlb_statcast,66,hit_by_pitch,0.525,xwOBA,0.720192,persisted_estimated_woba_value,3,12,2,3,2,False,15,14
745936,650644,3,83,91,19,20,2024-09-21,validation,mlb_statcast,87,walk,0.452,xwOBA,0.689131,persisted_estimated_woba_value,3,9,2,4,2,False,15,15
745939,650644,1,84,90,20,21,2024-09-16,validation,mlb_statcast,88,single,0.542,xwOBA,0.423,persisted_estimated_woba_value,3,7,2,4,2,False,15,15
745940,607536,1,28,32,6,6,2024-09-08,validation,mlb_statcast,32,field_out,0.474,xwOBA,0.314,persisted_estimated_woba_value,3,5,1,4,2,False,7,7
745944,650644,1,4,10,2,3,2024-09-03,validation,mlb_statcast,8,field_out,0.64,xwOBA,0.4837692307692307,persisted_estimated_woba_value,2,7,2,4,1,True,0,0
745944,650644,2,14,16,5,5,2024-09-03,validation,mlb_statcast,16,double,0.492,xwOBA,0.7041333333333332,persisted_estimated_woba_value,3,3,1,2,2,True,0,0
745944,650644,3,55,66,14,16,2024-09-03,validation,mlb_statcast,59,home_run,0.636,xwOBA,1.9067391304347825,persisted_estimated_woba_value,3,12,3,4,2,False,15,14
745945,650644,1,13,16,4,4,2024-08-29,validation,mlb_statcast,16,single,0.565,xwOBA,0.518,persisted_estimated_woba_value,3,4,1,3,2,True,0,0
745945,650644,2,70,72,18,18,2024-08-29,validation,mlb_statcast,72,field_out,0.49,xwOBA,0.652,persisted_estimated_woba_value,3,3,1,2,2,False,15,14
745946,657277,1,11,25,3,3,2024-08-27,validation,mlb_statcast,25,walk,0.466,xwOBA,0.689131,persisted_estimated_woba_value,3,15,1,14,2,True,0,0
745946,657277,2,52,62,11,13,2024-08-27,validation,mlb_statcast,54,home_run,0.992,xwOBA,2.0,persisted_estimated_woba_value,3,11,3,2,2,False,15,15
745946,657277,3,72,78,16,17,2024-08-27,validation,mlb_statcast,75,field_out,0.504,xwOBA,0.56875,persisted_estimated_woba_value,3,7,2,3,2,False,15,15
745946,657277,4,97,110,22,23,2024-08-27,validation,mlb_statcast,102,walk,0.515,xwOBA,0.689131,persisted_estimated_woba_value,3,14,2,5,2,False,15,15
745948,594902,1,4,8,2,2,2024-08-18,validation,mlb_statcast,8,field_out,0.6,xwOBA,0.273,persisted_estimated_woba_value,2,5,1,4,1,True,0,0
745948,594902,2,51,57,16,16,2024-08-18,validation,mlb_statcast,57,walk,0.478,xwOBA,0.689131,persisted_estimated_woba_value,3,7,1,6,2,False,15,14
745948,594902,3,71,72,21,21,2024-08-18,validation,mlb_statcast,72,field_out,0.451,xwOBA,0.58825,persisted_estimated_woba_value,3,2,1,1,2,False,15,15
745950,656427,1,8,26,2,6,2024-08-15,validation,mlb_statcast,9,home_run,1.274,xwOBA,1.6189629629629625,persisted_estimated_woba_value,2,19,5,1,1,True,0,0
745950,656427,2,48,55,12,13,2024-08-15,validation,mlb_statcast,53,field_out,0.545,xwOBA,0.434,persisted_estimated_woba_value,3,8,2,5,2,False,15,13
745957,650644,1,16,23,6,7,2024-08-09,validation,mlb_statcast,21,single,0.527,xwOBA,0.488,persisted_estimated_woba_value,3,8,2,5,2,True,0,0
745957,650644,2,32,34,10,10,2024-08-09,validation,mlb_statcast,34,field_out,0.5,xwOBA,0.506,persisted_estimated_woba_value,3,3,1,2,2,False,11,10
745957,650644,3,89,93,24,24,2024-08-09,validation,mlb_statcast,93,double,0.62,xwOBA,0.6610454545454546,persisted_estimated_woba_value,3,5,1,4,2,False,15,15
745960,519242,1,4,11,2,3,2024-07-31,validation,mlb_statcast,5,single,0.532,xwOBA,0.149,persisted_estimated_woba_value,2,8,2,1,1,True,0,0
745966,650644,1,20,29,5,7,2024-07-27,validation,mlb_statcast,22,double,0.672,xwOBA+barrels,1.1421904761904764,persisted_estimated_woba_value,3,10,3,2,2,True,0,0
745966,650644,2,44,54,12,14,2024-07-27,validation,mlb_statcast,46,double,0.498,xwOBA,0.508,persisted_estimated_woba_value,3,11,3,2,2,False,15,15
745967,650644,1,30,43,10,12,2024-07-11,validation,mlb_statcast,35,single,0.591,xwOBA,0.912,persisted_estimated_woba_value,3,14,3,5,2,False,9,8
745967,650644,2,70,80,22,24,2024-07-11,validation,mlb_statcast,73,single,0.513,xwOBA,0.935,persisted_estimated_woba_value,3,11,3,3,2,False,15,14
745967,650644,3,96,101,28,28,2024-07-11,validation,mlb_statcast,101,walk,0.499,xwOBA,0.689131,persisted_estimated_woba_value,3,6,1,5,2,False,15,15
745969,527048,1,82,89,20,22,2024-07-10,validation,mlb_statcast,84,double,0.796,xwOBA,1.565,persisted_estimated_woba_value,3,8,3,2,2,False,15,15
745969,527048,2,94,107,24,25,2024-07-10,validation,mlb_statcast,98,home_run,0.686,xwOBA,1.7780000000000002,persisted_estimated_woba_value,3,14,2,4,2,False,15,15
745971,543294,1,41,52,12,14,2024-06-30,validation,mlb_statcast,44,home_run,0.649,xwOBA,1.6922499999999998,persisted_estimated_woba_value,3,12,3,3,2,False,15,15
745971,543294,2,57,59,16,16,2024-06-30,validation,mlb_statcast,59,single,0.486,xwOBA,0.71,persisted_estimated_woba_value,3,3,1,2,2,False,15,15
745971,543294,3,67,68,19,19,2024-06-30,validation,mlb_statcast,68,home_run,0.598,xwOBA,1.2864468085106382,persisted_estimated_woba_value,3,2,1,1,2,False,15,15
745979,668881,1,4,6,2,2,2024-06-14,validation,mlb_statcast,6,single,0.454,xwOBA,0.749,persisted_estimated_woba_value,2,3,1,2,1,True,0,0
745979,668881,2,36,48,8,9,2024-06-14,validation,mlb_statcast,41,walk,0.519,xwOBA+BB/HBP,0.689131,persisted_estimated_woba_value,3,13,2,5,2,False,15,15
745979,668881,3,52,60,11,13,2024-06-14,validation,mlb_statcast,52,home_run,0.667,xwOBA,1.847777777777778,persisted_estimated_woba_value,3,9,3,0,2,False,15,14
745979,668881,4,83,88,19,19,2024-06-14,validation,mlb_statcast,88,walk,0.524,xwOBA+BB/HBP,0.689131,persisted_estimated_woba_value,3,6,1,5,2,False,15,15
745979,668881,5,92,93,21,21,2024-06-14,validation,mlb_statcast,93,single,0.502,xwOBA,0.757,persisted_estimated_woba_value,3,2,1,1,2,False,15,15
745981,579328,1,7,10,2,2,2024-06-11,validation,mlb_statcast,10,single,0.5,xwOBA,0.31,persisted_estimated_woba_value,2,4,1,3,1,True,0,0
745981,579328,2,43,50,10,10,2024-06-11,validation,mlb_statcast,50,field_out,0.609,xwOBA,1.1390000000000002,persisted_estimated_woba_value,3,8,1,7,2,False,15,15
745981,579328,3,55,55,12,12,2024-06-11,validation,mlb_statcast,55,field_out,0.521,xwOBA,0.327,persisted_estimated_woba_value,3,1,1,0,2,False,15,15
745992,527048,1,30,47,10,14,2024-05-15,validation,mlb_statcast,31,home_run,0.572,xwOBA,1.1390000000000002,persisted_estimated_woba_value,3,18,5,1,2,False,9,9
745992,527048,2,66,77,20,23,2024-05-15,validation,mlb_statcast,69,field_out,0.455,xwOBA,0.291,persisted_estimated_woba_value,3,12,4,3,2,False,15,15
745992,527048,3,86,86,26,26,2024-05-15,validation,mlb_statcast,86,home_run,0.847,xwOBA,2.0,persisted_estimated_woba_value,3,1,1,0,2,False,15,15
745994,502043,1,34,44,9,11,2024-05-11,validation,mlb_statcast,39,walk,0.661,xwOBA,0.689131,persisted_estimated_woba_value,3,11,3,5,2,False,13,13
745994,502043,2,51,51,13,13,2024-05-11,validation,mlb_statcast,51,hit_by_pitch,0.47,xwOBA+BB/HBP,0.720192,persisted_estimated_woba_value,3,1,1,0,2,False,15,15
745994,502043,3,91,104,22,23,2024-05-11,validation,mlb_statcast,95,walk,0.482,xwOBA,0.689131,persisted_estimated_woba_value,3,14,2,4,2,False,15,15
746001,573186,1,17,18,5,5,2024-04-28,validation,mlb_statcast,18,hit_by_pitch,0.47,xwOBA+BB/HBP,0.720192,persisted_estimated_woba_value,3,2,1,1,2,True,0,0
746001,573186,2,23,34,7,8,2024-04-28,validation,mlb_statcast,27,grounded_into_double_play,0.476,xwOBA,0.101,persisted_estimated_woba_value,3,12,2,4,2,False,2,2
746001,573186,3,36,38,10,11,2024-04-28,validation,mlb_statcast,37,triple,0.762,xwOBA,1.2136304347826088,persisted_estimated_woba_value,3,3,2,1,2,False,15,15
746001,573186,4,69,72,19,19,2024-04-28,validation,mlb_statcast,72,walk,0.486,xwOBA+BB/HBP,0.689131,persisted_estimated_woba_value,3,4,1,3,2,False,15,15
746001,573186,5,75,88,21,23,2024-04-28,validation,mlb_statcast,79,double,0.45,xwOBA,0.442,persisted_estimated_woba_value,3,14,3,4,2,False,15,15
746002,605397,1,3,11,2,3,2024-04-15,validation,mlb_statcast,6,walk,0.801,xwOBA,0.689131,persisted_estimated_woba_value,2,9,2,3,1,True,0,0
746002,605397,2,49,59,14,16,2024-04-15,validation,mlb_statcast,52,field_out,0.639,xwOBA,0.9262222222222224,persisted_estimated_woba_value,3,11,3,3,2,False,15,15
746002,605397,3,63,78,19,22,2024-04-15,validation,mlb_statcast,64,field_out,0.551,xwOBA,0.6898571428571427,persisted_estimated_woba_value,3,16,4,1,2,False,15,15
746002,605397,4,84,86,24,24,2024-04-15,validation,mlb_statcast,86,field_out,0.594,xwOBA,0.887,persisted_estimated_woba_value,3,3,1,2,2,False,15,15
746004,656302,1,15,23,4,5,2024-04-16,validation,mlb_statcast,15,double,0.522,xwOBA,0.873,persisted_estimated_woba_value,3,9,2,0,2,True,0,0
746004,656302,2,38,49,9,10,2024-04-16,validation,mlb_statcast,43,walk,0.562,xwOBA,0.689131,persisted_estimated_woba_value,3,12,2,5,2,False,15,14
746004,656302,3,91,92,20,20,2024-04-16,validation,mlb_statcast,92,field_out,0.503,xwOBA,0.531,persisted_estimated_woba_value,3,2,1,1,2,False,15,14
746004,656302,4,96,110,22,24,2024-04-16,validation,mlb_statcast,100,field_out,0.678,xwOBA,1.5023157894736845,persisted_estimated_woba_value,3,15,3,4,2,False,15,14
746005,650633,1,24,30,6,6,2024-04-17,validation,mlb_statcast,30,walk,0.533,xwOBA+BB/HBP,0.689131,persisted_estimated_woba_value,3,7,1,6,2,False,3,3
746011,656427,1,16,28,4,6,2024-09-19,validation,mlb_statcast,20,home_run,0.663,xwOBA,1.921705882352941,persisted_estimated_woba_value,3,13,3,4,2,True,0,0
746011,656427,2,61,72,16,18,2024-09-19,validation,mlb_statcast,66,single,0.501,xwOBA,0.902,persisted_estimated_woba_value,3,12,3,5,2,False,15,15
746011,656427,3,80,80,21,21,2024-09-19,validation,mlb_statcast,80,field_out,0.469,xwOBA,0.119,persisted_estimated_woba_value,3,1,1,0,2,False,15,15
746011,665795,1,6,11,2,3,2024-09-19,validation,mlb_statcast,6,field_out,0.88,xwOBA,0.037,persisted_estimated_woba_value,2,6,2,0,1,True,0,0
746011,665795,2,42,46,10,11,2024-09-19,validation,mlb_statcast,43,single,0.525,xwOBA,0.898,persisted_estimated_woba_value,3,5,2,1,2,False,15,15
746011,665795,3,50,73,14,17,2024-09-19,validation,mlb_statcast,56,single,0.488,xwOBA,0.742,persisted_estimated_woba_value,3,24,4,6,2,False,15,15
746017,665795,1,42,51,11,12,2024-09-08,validation,mlb_statcast,45,double_play,0.459,xwOBA,0.687,persisted_estimated_woba_value,3,10,2,3,2,False,15,15
746017,665795,2,62,66,17,17,2024-09-08,validation,mlb_statcast,66,single,0.451,xwOBA,0.547,persisted_estimated_woba_value,3,5,1,4,2,False,15,15
746017,665795,3,90,93,23,23,2024-09-08,validation,mlb_statcast,93,single,0.538,xwOBA,0.928,persisted_estimated_woba_value,3,4,1,3,2,False,15,15
746018,605400,1,6,15,2,4,2024-09-07,validation,mlb_statcast,8,home_run,1.308,xwOBA,2.0,persisted_estimated_woba_value,2,10,3,2,1,True,0,0
746018,605400,2,56,61,13,13,2024-09-07,validation,mlb_statcast,61,single,0.494,xwOBA,0.236,persisted_estimated_woba_value,3,6,1,5,2,False,15,15
746018,605400,3,84,86,20,20,2024-09-07,validation,mlb_statcast,86,single,0.535,xwOBA,0.912,persisted_estimated_woba_value,3,3,1,2,2,False,15,15
746018,605400,4,90,90,22,22,2024-09-07,validation,mlb_statcast,90,home_run,0.643,xwOBA,1.0164482758620688,persisted_estimated_woba_value,3,1,1,0,2,False,15,15
746018,605400,5,96,97,24,24,2024-09-07,validation,mlb_statcast,97,field_out,0.48,xwOBA,0.423,persisted_estimated_woba_value,3,2,1,1,2,False,15,15
746024,543294,1,7,12,3,3,2024-08-23,validation,mlb_statcast,12,field_out,0.54,xwOBA,1.0837586206896554,persisted_estimated_woba_value,3,6,1,5,2,True,0,0
746024,543294,2,19,20,5,5,2024-08-23,validation,mlb_statcast,20,double,0.623,xwOBA+barrels,0.6866800000000002,persisted_estimated_woba_value,3,2,1,1,2,True,0,0
746024,543294,3,36,45,11,13,2024-08-23,validation,mlb_statcast,36,field_out,0.522,xwOBA,0.6107777777777776,persisted_estimated_woba_value,3,10,3,0,2,False,15,15
746024,543294,4,66,77,20,22,2024-08-23,validation,mlb_statcast,71,single,0.476,xwOBA,0.689,persisted_estimated_woba_value,3,12,3,5,2,False,15,15
746025,656302,1,2,5,2,2,2024-08-11,validation,mlb_statcast,5,single,0.512,xwOBA,0.122,persisted_estimated_woba_value,2,4,1,3,1,True,0,0
746025,656302,2,40,50,11,13,2024-08-11,validation,mlb_statcast,42,home_run,0.484,xwOBA,1.3093833333333331,persisted_estimated_woba_value,3,11,3,2,2,False,15,15
746029,593958,1,83,100,21,23,2024-08-20,validation,mlb_statcast,88,walk,0.5,xwOBA,0.689131,persisted_estimated_woba_value,3,18,3,5,2,False,15,15
746029,665795,1,16,19,5,5,2024-08-20,validation,mlb_statcast,19,walk,0.57,xwOBA,0.689131,persisted_estimated_woba_value,3,4,1,3,2,True,0,0
746029,665795,2,37,42,11,11,2024-08-20,validation,mlb_statcast,42,walk,0.462,xwOBA,0.689131,persisted_estimated_woba_value,3,6,1,5,2,False,15,15
746029,665795,3,63,64,19,19,2024-08-20,validation,mlb_statcast,64,home_run,0.527,xwOBA,1.2699322033898306,persisted_estimated_woba_value,3,2,1,1,2,False,15,15
746029,665795,4,72,76,21,21,2024-08-20,validation,mlb_statcast,76,walk,0.653,xwOBA,0.689131,persisted_estimated_woba_value,3,5,1,4,2,False,15,15
746029,665795,5,83,90,23,24,2024-08-20,validation,mlb_statcast,86,home_run,0.954,xwOBA,1.9288888888888889,persisted_estimated_woba_value,3,8,2,3,2,False,15,15
746030,668881,1,52,75,14,19,2024-08-08,validation,mlb_statcast,56,walk,0.553,xwOBA,0.689131,persisted_estimated_woba_value,3,24,6,4,2,False,15,15
746032,527048,1,27,31,7,8,2024-08-09,validation,mlb_statcast,28,field_out,0.551,xwOBA,0.6762631578947369,persisted_estimated_woba_value,3,5,2,1,2,False,6,6
746032,527048,2,37,51,11,14,2024-08-09,validation,mlb_statcast,39,home_run,0.743,xwOBA,1.921705882352941,persisted_estimated_woba_value,3,15,4,2,2,False,15,15
746032,665795,1,4,24,2,6,2024-08-09,validation,mlb_statcast,11,field_out,0.47,xwOBA,0.915,persisted_estimated_woba_value,2,21,5,7,1,True,0,0
746032,665795,2,38,50,10,12,2024-08-09,validation,mlb_statcast,41,field_out,0.477,xwOBA,0.901,persisted_estimated_woba_value,3,13,3,3,2,False,15,15
746034,656849,1,7,16,2,3,2024-07-22,validation,mlb_statcast,7,double_play,0.514,xwOBA,0.307,persisted_estimated_woba_value,2,10,2,0,1,True,0,0
746034,656849,2,43,52,11,12,2024-07-22,validation,mlb_statcast,48,single,0.574,xwOBA,0.61,persisted_estimated_woba_value,3,10,2,5,2,False,15,15
746034,656849,3,60,68,16,18,2024-07-22,validation,mlb_statcast,62,single,0.506,xwOBA,0.928,persisted_estimated_woba_value,3,9,3,2,2,False,15,15
746034,656849,4,78,88,22,23,2024-07-22,validation,mlb_statcast,81,double,0.604,xwOBA,0.727,persisted_estimated_woba_value,3,11,2,3,2,False,15,15
746035,665795,1,36,39,10,10,2024-07-24,validation,mlb_statcast,39,walk,0.476,xwOBA,0.689131,persisted_estimated_woba_value,3,4,1,3,2,False,15,15
746035,665795,2,65,72,17,18,2024-07-24,validation,mlb_statcast,68,walk,0.459,xwOBA+BB/HBP,0.689131,persisted_estimated_woba_value,3,8,2,3,2,False,15,15
746035,665795,3,86,90,22,23,2024-07-24,validation,mlb_statcast,86,single,0.657,xwOBA,0.87,persisted_estimated_woba_value,3,5,2,0,2,False,15,15
746037,669203,1,41,44,13,13,2024-07-25,validation,mlb_statcast,44,double,0.516,xwOBA,0.674,persisted_estimated_woba_value,3,4,1,3,2,False,15,15
746037,669203,2,74,80,21,23,2024-07-25,validation,mlb_statcast,77,home_run,0.774,xwOBA,1.643431818181818,persisted_estimated_woba_value,3,7,3,3,2,False,15,15
746039,665795,1,8,10,2,2,2024-07-07,validation,mlb_statcast,10,field_out,0.649,xwOBA,1.058638888888889,persisted_estimated_woba_value,2,3,1,2,1,True,0,0
746039,665795,2,60,65,13,13,2024-07-07,validation,mlb_statcast,65,field_out,0.534,xwOBA,0.409,persisted_estimated_woba_value,3,6,1,5,2,False,15,15
746039,665795,3,78,82,17,17,2024-07-07,validation,mlb_statcast,82,home_run,0.497,xwOBA,1.150666666666667,persisted_estimated_woba_value,3,5,1,4,2,False,15,15
746040,640455,1,44,52,12,14,2024-07-19,validation,mlb_statcast,47,double,0.621,xwOBA,0.828,persisted_estimated_woba_value,3,9,3,3,2,False,15,11
746040,640455,2,57,66,17,18,2024-07-19,validation,mlb_statcast,65,walk,0.571,xwOBA,0.689131,persisted_estimated_woba_value,3,10,2,8,2,False,15,12
746040,640455,3,73,81,21,23,2024-07-19,validation,mlb_statcast,77,home_run,0.687,xwOBA,1.807592592592593,persisted_estimated_woba_value,3,9,3,4,2,False,15,13
746040,665795,1,5,15,2,3,2024-07-19,validation,mlb_statcast,10,field_out,0.464,xwOBA,0.238,persisted_estimated_woba_value,2,11,2,5,1,True,0,0
746040,665795,2,27,33,8,8,2024-07-19,validation,mlb_statcast,33,field_out,0.457,xwOBA,0.034,persisted_estimated_woba_value,3,7,1,6,2,False,6,6
746040,665795,3,42,50,11,13,2024-07-19,validation,mlb_statcast,43,single,0.656,xwOBA,0.88,event_weight_fallback,3,9,3,1,2,False,15,15
746040,665795,4,57,81,17,22,2024-07-19,validation,mlb_statcast,62,home_run,0.6,xwOBA,1.130027777777778,persisted_estimated_woba_value,3,25,6,5,2,False,15,15
746041,622663,1,83,86,24,24,2024-07-20,validation,mlb_statcast,86,walk,0.47,xwOBA+BB/HBP,0.689131,persisted_estimated_woba_value,3,4,1,3,2,False,15,15
746053,671106,1,2,3,2,2,2024-06-07,validation,mlb_statcast,3,single,0.497,xwOBA,0.87,persisted_estimated_woba_value,2,2,1,1,1,True,0,0
746053,671106,2,35,47,11,14,2024-06-07,validation,mlb_statcast,39,home_run,0.877,xwOBA,2.0,persisted_estimated_woba_value,3,13,4,4,2,False,14,14
746053,671106,3,61,68,20,21,2024-06-07,validation,mlb_statcast,62,double,0.585,xwOBA,0.674,persisted_estimated_woba_value,3,8,2,1,2,False,15,15
746053,671106,4,82,83,25,25,2024-06-07,validation,mlb_statcast,83,field_out,0.499,xwOBA,0.458,persisted_estimated_woba_value,3,2,1,1,2,False,15,15
746055,666129,1,14,22,4,5,2024-06-17,validation,mlb_statcast,17,field_out,0.454,xwOBA,0.515,persisted_estimated_woba_value,3,9,2,3,2,True,0,0
746055,666129,2,26,26,7,7,2024-06-17,validation,mlb_statcast,26,field_out,0.461,xwOBA,0.6157999999999999,persisted_estimated_woba_value,3,1,1,0,2,False,5,5
746055,666129,3,45,58,12,13,2024-06-17,validation,mlb_statcast,50,field_error,0.482,xwOBA,0.644,persisted_estimated_woba_value,3,14,2,5,2,False,15,15
746055,666129,4,70,76,18,20,2024-06-17,validation,mlb_statcast,70,home_run,0.454,xwOBA,1.1578461538461535,persisted_estimated_woba_value,3,7,3,0,2,False,15,15
746056,666129,1,10,18,3,4,2024-06-05,validation,mlb_statcast,13,single,0.497,xwOBA,0.751,persisted_estimated_woba_value,3,9,2,3,2,True,0,0
746056,666129,2,30,34,8,8,2024-06-05,validation,mlb_statcast,34,hit_by_pitch,0.453,xwOBA,0.720192,persisted_estimated_woba_value,3,5,1,4,2,False,9,9
746056,666129,3,37,37,10,10,2024-06-05,validation,mlb_statcast,37,field_out,0.457,xwOBA,0.559,persisted_estimated_woba_value,3,1,1,0,2,False,15,15
746056,666129,4,41,45,12,13,2024-06-05,validation,mlb_statcast,44,single,0.482,xwOBA,0.613,persisted_estimated_woba_value,3,5,2,3,2,False,15,15
746057,594902,1,44,57,13,15,2024-06-08,validation,mlb_statcast,44,field_out,0.491,xwOBA,1.1459444444444444,persisted_estimated_woba_value,3,14,3,0,2,False,15,15
746057,594902,2,60,62,17,17,2024-06-08,validation,mlb_statcast,62,field_out,0.54,xwOBA,0.744,persisted_estimated_woba_value,3,3,1,2,2,False,15,15
746064,640455,1,15,26,4,5,2024-05-19,validation,mlb_statcast,19,field_out,0.494,xwOBA,0.364,persisted_estimated_woba_value,3,12,2,4,2,True,0,0
746064,640455,2,29,43,7,9,2024-05-19,validation,mlb_statcast,30,home_run,0.697,xwOBA,1.3716190476190475,persisted_estimated_woba_value,3,15,3,1,2,False,8,8
746064,640455,3,94,95,21,21,2024-05-19,validation,mlb_statcast,95,field_out,0.592,xwOBA,1.1709166666666664,persisted_estimated_woba_value,3,2,1,1,2,False,15,15
746067,622663,1,13,26,4,6,2024-05-18,validation,mlb_statcast,19,walk,0.535,xwOBA,0.689131,persisted_estimated_woba_value,3,14,3,6,2,True,0,0
746067,622663,2,33,43,10,12,2024-05-18,validation,mlb_statcast,35,home_run,0.605,xwOBA,1.693822222222222,persisted_estimated_woba_value,3,11,3,2,2,False,12,12
746067,622663,3,53,59,16,17,2024-05-18,validation,mlb_statcast,54,force_out,0.488,xwOBA,0.214,persisted_estimated_woba_value,3,7,2,1,2,False,15,15
746067,622663,4,89,89,26,26,2024-05-18,validation,mlb_statcast,89,field_out,0.451,xwOBA,0.305,persisted_estimated_woba_value,3,1,1,0,2,False,15,15
746067,666129,1,5,19,2,6,2024-05-18,validation,mlb_statcast,7,single,0.59,xwOBA,0.46,persisted_estimated_woba_value,2,15,5,2,1,True,0,0
746067,666129,2,81,85,23,23,2024-05-18,validation,mlb_statcast,85,walk,0.472,xwOBA+BB/HBP,0.689131,persisted_estimated_woba_value,3,5,1,4,2,False,15,15
746068,554430,1,11,29,4,7,2024-05-12,validation,mlb_statcast,16,walk,0.46,xwOBA,0.689131,persisted_estimated_woba_value,3,19,4,5,2,True,0,0
746068,554430,2,41,63,10,17,2024-05-12,validation,mlb_statcast,41,double,0.623,xwOBA,1.1802380952380946,persisted_estimated_woba_value,3,23,8,0,2,False,15,15
746068,666129,1,13,23,4,6,2024-05-12,validation,mlb_statcast,13,home_run,0.767,xwOBA,1.142175,persisted_estimated_woba_value,3,11,3,0,2,True,0,0
746068,666129,2,54,54,15,15,2024-05-12,validation,mlb_statcast,54,fielders_choice_out,0.465,xwOBA,0.298,persisted_estimated_woba_value,3,1,1,0,2,False,15,15
746068,666129,3,73,81,21,23,2024-05-12,validation,mlb_statcast,76,single,0.45,xwOBA,0.942,persisted_estimated_woba_value,3,9,3,3,2,False,15,15
746070,665795,1,16,23,5,5,2024-05-02,validation,mlb_statcast,23,walk,0.459,xwOBA+BB/HBP,0.689131,persisted_estimated_woba_value,3,8,1,7,2,True,0,0
746070,665795,2,39,49,9,11,2024-05-02,validation,mlb_statcast,41,home_run,0.59,xwOBA,1.7699523809523812,persisted_estimated_woba_value,3,11,3,2,2,False,15,15
746070,665795,3,88,91,19,19,2024-05-02,validation,mlb_statcast,91,walk,0.677,xwOBA+BB/HBP,0.689131,persisted_estimated_woba_value,3,4,1,3,2,False,15,15
746075,665795,1,58,67,16,17,2024-04-27,validation,mlb_statcast,63,walk,0.552,xwOBA,0.689131,persisted_estimated_woba_value,3,10,2,5,2,False,15,15
746075,665795,2,75,78,20,20,2024-04-27,validation,mlb_statcast,78,home_run,0.741,xwOBA,1.247357142857143,persisted_estimated_woba_value,3,4,1,3,2,False,15,15
746080,665795,1,76,88,20,22,2024-04-15,validation,mlb_statcast,81,single,0.734,xwOBA,1.6336060606060607,persisted_estimated_woba_value,3,13,3,5,2,False,15,15
746082,519242,1,7,10,3,3,2024-04-13,validation,mlb_statcast,10,walk,0.488,xwOBA,0.689131,persisted_estimated_woba_value,3,4,1,3,2,True,0,0
746082,519242,2,66,79,21,24,2024-04-13,validation,mlb_statcast,70,walk,0.542,xwOBA+BB/HBP,0.689131,persisted_estimated_woba_value,3,14,4,4,2,False,15,15
746083,663776,1,32,43,10,12,2024-04-03,validation,mlb_statcast,39,hit_by_pitch,0.547,xwOBA,0.720192,persisted_estimated_woba_value,3,12,3,7,2,False,11,11
746083,663776,2,62,66,17,17,2024-04-03,validation,mlb_statcast,66,field_out,0.619,xwOBA,0.913,persisted_estimated_woba_value,3,5,1,4,2,False,15,14
746083,663776,3,84,94,22,23,2024-04-03,validation,mlb_statcast,86,single,0.478,xwOBA,0.874,persisted_estimated_woba_value,3,11,2,2,2,False,15,15
746086,542881,1,75,83,25,26,2024-04-02,validation,mlb_statcast,79,walk,0.479,xwOBA,0.689131,persisted_estimated_woba_value,3,9,2,4,2,False,15,15
746088,605397,1,5,10,2,3,2024-09-26,validation,mlb_statcast,8,single,0.708,xwOBA,0.915,persisted_estimated_woba_value,2,6,2,3,1,True,0,0
746088,605397,2,77,85,24,25,2024-09-26,validation,mlb_statcast,81,home_run,0.868,xwOBA,1.9139615384615385,persisted_estimated_woba_value,3,9,2,4,2,False,15,15
746091,527048,1,47,51,12,13,2024-03-29,validation,mlb_statcast,47,single,0.496,xwOBA,0.609,persisted_estimated_woba_value,3,5,2,0,2,False,15,13
746091,527048,2,68,81,17,20,2024-03-29,validation,mlb_statcast,70,single,0.547,xwOBA,0.869,persisted_estimated_woba_value,3,14,4,2,2,False,15,15
746093,650633,1,2,15,2,4,2024-09-24,validation,mlb_statcast,5,field_error,0.941,xwOBA,0.251,persisted_estimated_woba_value,2,14,3,3,1,True,0,0
746093,650633,2,43,54,11,12,2024-09-24,validation,mlb_statcast,48,walk,0.47,xwOBA+BB/HBP,0.689131,persisted_estimated_woba_value,3,12,2,5,2,False,15,15
746093,650633,3,64,69,15,16,2024-09-24,validation,mlb_statcast,64,double_play,0.49,xwOBA,0.591,persisted_estimated_woba_value,3,6,2,0,2,False,15,15
746094,607536,1,9,19,3,5,2024-09-20,validation,mlb_statcast,12,field_out,0.683,xwOBA,1.4385,persisted_estimated_woba_value,3,11,3,3,2,True,0,0
746094,607536,2,53,64,15,17,2024-09-20,validation,mlb_statcast,55,home_run,0.615,xwOBA,1.4502727272727272,persisted_estimated_woba_value,3,12,3,2,2,False,15,15
746094,607536,3,66,84,19,23,2024-09-20,validation,mlb_statcast,71,home_run,0.767,xwOBA,1.9668,persisted_estimated_woba_value,3,19,5,5,2,False,15,15
746095,656302,1,23,32,6,7,2024-09-25,validation,mlb_statcast,28,field_out,0.61,xwOBA,0.7221052631578949,persisted_estimated_woba_value,3,10,2,5,2,False,2,2
746095,656302,2,71,87,17,21,2024-09-25,validation,mlb_statcast,73,single,0.483,xwOBA,0.739,persisted_estimated_woba_value,3,17,5,2,2,False,15,15
746095,656427,1,7,10,2,2,2024-09-25,validation,mlb_statcast,10,walk,0.514,xwOBA,0.689131,persisted_estimated_woba_value,2,4,1,3,1,True,0,0
746095,656427,2,14,35,4,7,2024-09-25,validation,mlb_statcast,20,walk,0.504,xwOBA+BB/HBP,0.689131,persisted_estimated_woba_value,3,22,4,6,2,True,0,0
746095,656427,3,54,68,11,13,2024-09-25,validation,mlb_statcast,57,double,0.525,xwOBA,0.7720909090909092,persisted_estimated_woba_value,3,15,3,3,2,False,15,15
746095,656427,4,91,100,20,21,2024-09-25,validation,mlb_statcast,94,home_run,0.932,xwOBA,2.0,persisted_estimated_woba_value,3,10,2,3,2,False,15,15
746098,656427,1,34,36,11,11,2024-09-08,validation,mlb_statcast,36,field_out,0.508,xwOBA,0.463,persisted_estimated_woba_value,3,3,1,2,2,False,13,13
746098,656427,2,39,45,13,13,2024-09-08,validation,mlb_statcast,45,double_play,0.501,xwOBA,0.499,persisted_estimated_woba_value,3,7,1,6,2,False,15,15
746101,543294,1,45,57,11,13,2024-09-09,validation,mlb_statcast,48,walk,0.459,xwOBA+BB/HBP,0.689131,persisted_estimated_woba_value,3,13,3,3,2,False,15,15
746101,543294,2,85,90,21,21,2024-09-09,validation,mlb_statcast,90,walk,0.477,xwOBA,0.689131,persisted_estimated_woba_value,3,6,1,5,2,False,15,15
746103,669203,1,6,8,2,2,2024-08-28,validation,mlb_statcast,8,field_out,0.604,xwOBA,0.068,persisted_estimated_woba_value,2,3,1,2,1,True,0,0
746103,669203,2,42,65,11,15,2024-08-28,validation,mlb_statcast,44,single,0.693,xwOBA,0.868,persisted_estimated_woba_value,3,24,5,2,2,False,15,15
746105,656427,1,14,22,5,7,2024-08-27,validation,mlb_statcast,18,home_run,0.549,xwOBA,1.1956190476190478,persisted_estimated_woba_value,3,9,3,4,2,True,0,0
746105,656427,2,35,41,11,12,2024-08-27,validation,mlb_statcast,38,single,0.479,xwOBA,0.74,persisted_estimated_woba_value,3,7,2,3,2,False,14,13
746105,656427,3,65,75,18,20,2024-08-27,validation,mlb_statcast,68,home_run,0.827,xwOBA,1.5759180327868858,persisted_estimated_woba_value,3,11,3,3,2,False,15,15
746105,656427,4,80,86,22,22,2024-08-27,validation,mlb_statcast,86,walk,0.465,xwOBA,0.689131,persisted_estimated_woba_value,3,7,1,6,2,False,15,15
746110,656427,1,32,35,6,6,2024-08-21,validation,mlb_statcast,35,single,0.483,xwOBA,0.728,persisted_estimated_woba_value,3,4,1,3,2,False,11,9
746110,656427,2,65,76,16,18,2024-08-21,validation,mlb_statcast,65,field_out,0.617,xwOBA,1.1036666666666666,persisted_estimated_woba_value,3,12,3,0,2,False,15,15
746110,656427,3,87,94,22,23,2024-08-21,validation,mlb_statcast,91,walk,0.484,xwOBA,0.689131,persisted_estimated_woba_value,3,8,2,4,2,False,15,15
746113,656427,1,42,53,12,14,2024-08-09,validation,mlb_statcast,46,home_run,0.492,xwOBA,1.469076923076923,persisted_estimated_woba_value,3,12,3,4,2,False,15,15
746113,656427,2,86,100,22,24,2024-08-09,validation,mlb_statcast,87,home_run,0.711,xwOBA,1.4426666666666663,persisted_estimated_woba_value,3,15,3,1,2,False,15,15
746116,605400,1,30,60,7,14,2024-08-05,validation,mlb_statcast,31,double,0.671,xwOBA,0.915,persisted_estimated_woba_value,3,31,8,1,2,False,9,9
746116,605400,2,79,84,21,21,2024-08-05,validation,mlb_statcast,84,field_out,0.54,xwOBA,0.531,persisted_estimated_woba_value,3,6,1,5,2,False,15,15
746117,657277,1,57,60,16,16,2024-07-25,validation,mlb_statcast,60,double,0.497,xwOBA,0.674,persisted_estimated_woba_value,3,4,1,3,2,False,15,14
746117,657277,2,74,87,21,25,2024-07-25,validation,mlb_statcast,75,field_out,0.526,xwOBA,0.291,persisted_estimated_woba_value,3,14,5,1,2,False,15,15
746120,650911,1,65,77,18,21,2024-08-06,validation,mlb_statcast,65,force_out,0.462,xwOBA,0.17,persisted_estimated_woba_value,3,13,4,0,2,False,15,15
746127,650644,1,65,78,16,18,2024-07-05,validation,mlb_statcast,65,home_run,0.588,xwOBA,1.1956190476190478,persisted_estimated_woba_value,3,14,3,0,2,False,15,15
746130,663903,1,47,58,11,13,2024-06-16,validation,mlb_statcast,50,home_run,0.676,xwOBA,2.0,persisted_estimated_woba_value,3,12,3,3,2,False,15,14
746130,663903,2,80,90,20,24,2024-06-16,validation,mlb_statcast,80,home_run,0.588,xwOBA,1.696,persisted_estimated_woba_value,3,11,5,0,2,False,15,13
746134,666142,1,62,72,16,18,2024-06-14,validation,mlb_statcast,66,home_run,0.463,xwOBA,1.1488,persisted_estimated_woba_value,3,11,3,4,2,False,15,15
746134,666142,2,77,80,20,20,2024-06-14,validation,mlb_statcast,80,single,0.652,xwOBA,0.786,persisted_estimated_woba_value,3,4,1,3,2,False,15,15
746134,666142,3,89,97,24,25,2024-06-14,validation,mlb_statcast,94,double_play,0.502,xwOBA,0.755,persisted_estimated_woba_value,3,9,2,5,2,False,15,15
746139,641540,1,7,25,2,5,2024-06-11,validation,mlb_statcast,12,walk,0.481,xwOBA,0.689131,persisted_estimated_woba_value,2,19,4,5,1,True,0,0
746139,641540,2,75,84,16,18,2024-06-11,validation,mlb_statcast,77,single,0.558,xwOBA,0.776,persisted_estimated_woba_value,3,10,3,2,2,False,15,14
746143,669194,1,33,39,8,9,2024-05-22,validation,mlb_statcast,38,field_out,0.512,xwOBA,0.513,persisted_estimated_woba_value,3,7,2,5,2,False,12,12
746143,669194,2,47,50,12,13,2024-05-22,validation,mlb_statcast,47,double,0.594,xwOBA,0.863,persisted_estimated_woba_value,3,4,2,0,2,False,15,15
746143,669194,3,64,64,17,17,2024-05-22,validation,mlb_statcast,64,field_out,0.501,xwOBA,0.6136363636363635,persisted_estimated_woba_value,3,1,1,0,2,False,15,15
746144,668881,1,53,56,12,12,2024-05-19,validation,mlb_statcast,56,single,0.53,xwOBA,0.713,persisted_estimated_woba_value,3,4,1,3,2,False,15,15
746144,668881,2,61,61,14,14,2024-05-19,validation,mlb_statcast,61,home_run,0.649,xwOBA,1.232761904761905,persisted_estimated_woba_value,3,1,1,0,2,False,15,14
746147,665795,1,4,32,2,7,2024-05-07,validation,mlb_statcast,8,walk,0.572,xwOBA,0.689131,persisted_estimated_woba_value,2,29,6,4,1,True,0,0
746147,665795,2,39,54,9,11,2024-05-07,validation,mlb_statcast,41,field_out,0.597,xwOBA,0.723,persisted_estimated_woba_value,3,16,3,2,2,False,15,15
746160,640455,1,10,20,3,5,2024-04-19,validation,mlb_statcast,12,field_out,0.453,xwOBA,0.674,persisted_estimated_woba_value,3,11,3,2,2,True,0,0
746160,640455,2,45,51,10,11,2024-04-19,validation,mlb_statcast,46,field_out,0.548,xwOBA,0.476,persisted_estimated_woba_value,3,7,2,1,2,False,15,13
746160,640455,3,65,85,16,21,2024-04-19,validation,mlb_statcast,67,double,0.686,xwOBA,1.5023157894736845,persisted_estimated_woba_value,3,21,6,2,2,False,15,15
746162,650633,1,8,30,2,7,2024-04-12,validation,mlb_statcast,9,home_run,0.884,xwOBA,1.754000000000001,persisted_estimated_woba_value,2,23,6,1,1,True,0,0
746162,650633,2,37,46,10,13,2024-04-12,validation,mlb_statcast,37,home_run,0.638,xwOBA,1.6032142857142853,persisted_estimated_woba_value,3,10,4,0,2,False,15,15
746162,650633,3,52,61,15,17,2024-04-12,validation,mlb_statcast,52,home_run,0.564,xwOBA,1.6922499999999998,persisted_estimated_woba_value,3,10,3,0,2,False,15,15
746169,657277,1,15,17,3,3,2024-04-02,validation,mlb_statcast,17,single,0.559,xwOBA,0.95,persisted_estimated_woba_value,3,3,1,2,2,True,0,0
746169,657277,2,45,60,9,12,2024-04-02,validation,mlb_statcast,47,field_out,0.552,xwOBA,0.9614528301886794,persisted_estimated_woba_value,3,16,4,2,2,False,15,15
746169,657277,3,66,96,14,20,2024-04-02,validation,mlb_statcast,71,double,0.529,xwOBA,0.741,persisted_estimated_woba_value,3,31,7,5,2,False,15,15
746175,605397,1,7,26,2,6,2024-03-21,validation,mlb_statcast,7,single,0.464,xwOBA,0.918,persisted_estimated_woba_value,2,20,5,0,1,True,0,0
746175,605397,2,41,43,10,11,2024-03-21,validation,mlb_statcast,41,single,0.51,xwOBA,0.46,persisted_estimated_woba_value,3,3,2,0,2,False,15,12
746175,605397,3,50,55,13,15,2024-03-21,validation,mlb_statcast,51,single,0.565,xwOBA,0.912,persisted_estimated_woba_value,3,6,3,1,2,False,15,11
746177,542881,1,17,25,5,6,2024-09-14,validation,mlb_statcast,18,double,0.517,xwOBA,0.508,persisted_estimated_woba_value,3,9,2,1,2,True,0,0
746177,542881,2,78,85,20,22,2024-09-14,validation,mlb_statcast,79,home_run,0.938,xwOBA,2.0,persisted_estimated_woba_value,3,8,3,1,2,False,15,15
746177,542881,3,89,97,24,25,2024-09-14,validation,mlb_statcast,93,single,0.519,xwOBA,0.657,persisted_estimated_woba_value,3,9,2,4,2,False,15,14
746181,579328,1,35,40,9,10,2024-09-13,validation,mlb_statcast,39,walk,0.463,xwOBA+BB/HBP,0.689131,persisted_estimated_woba_value,3,6,2,4,2,False,14,14
746181,579328,2,51,60,16,18,2024-09-13,validation,mlb_statcast,54,home_run,0.556,xwOBA,1.3900166666666676,persisted_estimated_woba_value,3,10,3,3,2,False,15,15
746181,579328,3,79,85,24,25,2024-09-13,validation,mlb_statcast,79,field_out,0.457,xwOBA,0.866,persisted_estimated_woba_value,3,7,2,0,2,False,15,15
746182,542881,1,3,6,2,2,2024-08-31,validation,mlb_statcast,6,single,0.479,xwOBA,0.918,persisted_estimated_woba_value,2,4,1,3,1,True,0,0
746182,542881,2,57,65,14,16,2024-08-31,validation,mlb_statcast,59,home_run,0.525,xwOBA,1.502966101694915,persisted_estimated_woba_value,3,9,3,2,2,False,15,15
746182,542881,3,71,83,18,21,2024-08-31,validation,mlb_statcast,74,walk,0.532,xwOBA,0.689131,persisted_estimated_woba_value,3,13,4,3,2,False,15,15
746187,592332,1,26,33,8,9,2024-08-13,validation,mlb_statcast,32,walk,0.511,xwOBA+BB/HBP,0.689131,persisted_estimated_woba_value,3,8,2,6,2,False,5,5
746188,542881,1,15,20,6,7,2024-08-14,validation,mlb_statcast,15,home_run,0.505,xwOBA,0.8269,persisted_estimated_woba_value,3,6,2,0,2,True,0,0
746188,542881,2,63,74,19,21,2024-08-14,validation,mlb_statcast,68,walk,0.469,xwOBA+BB/HBP,0.689131,persisted_estimated_woba_value,3,12,3,5,2,False,15,13
746188,542881,3,94,98,28,28,2024-08-14,validation,mlb_statcast,98,walk,0.475,xwOBA+BB/HBP,0.689131,persisted_estimated_woba_value,3,5,1,4,2,False,15,13
746190,519242,1,18,24,5,5,2024-08-17,validation,mlb_statcast,24,walk,0.521,xwOBA,0.689131,persisted_estimated_woba_value,3,7,1,6,2,True,0,0
746190,519242,2,42,50,11,12,2024-08-17,validation,mlb_statcast,48,walk,0.495,xwOBA,0.689131,persisted_estimated_woba_value,3,9,2,6,2,False,15,15
746193,542881,1,33,38,8,8,2024-08-02,validation,mlb_statcast,38,single,0.54,xwOBA,0.913,persisted_estimated_woba_value,3,6,1,5,2,False,12,12
746193,542881,2,57,68,13,15,2024-08-02,validation,mlb_statcast,57,home_run,0.927,xwOBA,2.0042,persisted_estimated_woba_value,3,12,3,0,2,False,15,14
746194,656849,1,16,22,5,6,2024-08-03,validation,mlb_statcast,19,single,0.498,xwOBA,0.928,persisted_estimated_woba_value,3,7,2,3,2,True,0,0
746198,607536,1,39,41,10,10,2024-07-31,validation,mlb_statcast,41,single,0.454,xwOBA,0.518,persisted_estimated_woba_value,3,3,1,2,2,False,15,15
746198,607536,2,54,58,15,17,2024-07-31,validation,mlb_statcast,55,home_run,0.552,xwOBA,1.5759180327868858,persisted_estimated_woba_value,3,5,3,1,2,False,15,15
746198,607536,3,85,85,25,25,2024-07-31,validation,mlb_statcast,85,single,0.541,xwOBA,0.481,persisted_estimated_woba_value,3,1,1,0,2,False,15,15
746203,542881,1,14,20,4,5,2024-07-27,validation,mlb_statcast,14,home_run,0.485,xwOBA,1.1337333333333333,persisted_estimated_woba_value,3,7,2,0,2,True,0,0
746203,542881,2,36,37,10,10,2024-07-27,validation,mlb_statcast,37,field_out,0.455,xwOBA,0.675,persisted_estimated_woba_value,3,2,1,1,2,False,15,15
746207,542881,1,8,21,4,6,2024-07-12,validation,mlb_statcast,9,home_run,0.581,xwOBA,1.2069696969696966,persisted_estimated_woba_value,3,14,3,1,2,True,0,0
746207,542881,2,46,55,12,14,2024-07-12,validation,mlb_statcast,47,home_run,0.808,xwOBA,1.745106382978723,persisted_estimated_woba_value,3,10,3,1,2,False,15,15
746209,542881,1,26,31,8,8,2024-06-30,validation,mlb_statcast,31,single,0.584,xwOBA,0.87,persisted_estimated_woba_value,3,6,1,5,2,False,5,5
746209,542881,2,36,39,10,10,2024-06-30,validation,mlb_statcast,39,single,0.454,xwOBA,0.492,persisted_estimated_woba_value,3,4,1,3,2,False,15,15
746209,542881,3,70,82,17,20,2024-06-30,validation,mlb_statcast,70,home_run,0.524,xwOBA,1.1390000000000002,persisted_estimated_woba_value,3,13,4,0,2,False,15,15
746210,656427,1,10,23,4,6,2024-06-27,validation,mlb_statcast,14,home_run,0.65,xwOBA,1.6003333333333334,persisted_estimated_woba_value,3,14,3,4,2,True,0,0
746210,656427,2,55,57,14,16,2024-06-27,validation,mlb_statcast,55,home_run,0.54,xwOBA,1.6189629629629625,persisted_estimated_woba_value,3,3,3,0,2,False,15,14
746210,656427,3,67,82,20,22,2024-06-27,validation,mlb_statcast,72,home_run,0.625,xwOBA,1.2136304347826088,persisted_estimated_woba_value,3,16,3,5,2,False,15,12
746210,656427,4,90,98,25,25,2024-06-27,validation,mlb_statcast,98,walk,0.53,xwOBA,0.689131,persisted_estimated_woba_value,3,9,1,8,2,False,15,14
746211,681857,1,2,4,2,3,2024-06-29,validation,mlb_statcast,3,field_out,0.598,xwOBA,0.524,persisted_estimated_woba_value,2,3,2,1,1,True,0,0
746211,681857,2,29,34,12,12,2024-06-29,validation,mlb_statcast,34,walk,0.584,xwOBA+BB/HBP,0.689131,persisted_estimated_woba_value,3,6,1,5,2,False,8,8
746213,542881,1,37,69,9,15,2024-06-25,validation,mlb_statcast,42,walk,0.641,xwOBA,0.689131,persisted_estimated_woba_value,3,33,7,5,2,False,15,15
746213,542881,2,92,104,22,24,2024-06-25,validation,mlb_statcast,96,home_run,0.644,xwOBA,1.8444090909090909,persisted_estimated_woba_value,3,13,3,4,2,False,15,15
746216,663776,1,31,43,8,10,2024-06-09,validation,mlb_statcast,35,single,0.479,xwOBA,0.748,persisted_estimated_woba_value,3,13,3,4,2,False,10,10
746216,663776,2,57,57,15,15,2024-06-09,validation,mlb_statcast,57,single,0.471,xwOBA,0.601,persisted_estimated_woba_value,3,1,1,0,2,False,15,11
746219,542881,1,92,99,27,28,2024-06-19,validation,mlb_statcast,95,field_out,0.484,xwOBA,0.8341818181818182,persisted_estimated_woba_value,3,8,2,3,2,False,15,14
746221,656302,1,16,35,6,10,2024-06-05,validation,mlb_statcast,19,single,0.644,xwOBA,0.689,persisted_estimated_woba_value,3,20,5,3,2,True,0,0
746221,656302,2,90,94,21,21,2024-06-05,validation,mlb_statcast,94,walk,0.469,xwOBA,0.689131,persisted_estimated_woba_value,3,5,1,4,2,False,15,15
746222,663776,1,40,55,11,13,2024-06-04,validation,mlb_statcast,44,single,0.545,xwOBA,0.82,persisted_estimated_woba_value,3,16,3,4,2,False,15,15
746222,663776,2,70,70,18,18,2024-06-04,validation,mlb_statcast,70,field_out,0.459,xwOBA,0.429,persisted_estimated_woba_value,3,1,1,0,2,False,15,15
746222,663776,3,86,100,23,24,2024-06-04,validation,mlb_statcast,92,walk,0.536,xwOBA,0.689131,persisted_estimated_woba_value,3,15,2,6,2,False,15,15
746223,542881,1,8,9,3,3,2024-06-08,validation,mlb_statcast,9,double,0.481,xwOBA,0.7720909090909092,persisted_estimated_woba_value,3,2,1,1,2,True,0,0
746223,542881,2,28,50,9,13,2024-06-08,validation,mlb_statcast,30,triple,0.638,xwOBA,1.2717833333333333,persisted_estimated_woba_value,3,23,5,2,2,False,7,7
746223,542881,3,71,76,20,21,2024-06-08,validation,mlb_statcast,71,single,0.612,xwOBA,0.591,persisted_estimated_woba_value,3,6,2,0,2,False,15,15
746224,542881,1,6,17,3,5,2024-06-03,validation,mlb_statcast,9,home_run,0.722,xwOBA,2.0,persisted_estimated_woba_value,3,12,3,3,2,True,0,0
746224,542881,2,67,76,20,21,2024-06-03,validation,mlb_statcast,71,double,0.568,xwOBA,0.915,persisted_estimated_woba_value,3,10,2,4,2,False,15,15
746225,663776,1,52,63,12,14,2024-05-30,validation,mlb_statcast,55,home_run,0.985,xwOBA,2.0,persisted_estimated_woba_value,3,12,3,3,2,False,15,9
746225,663776,2,98,103,22,22,2024-05-30,validation,mlb_statcast,103,field_out,0.549,xwOBA,0.958,persisted_estimated_woba_value,3,6,1,5,2,False,15,13
746227,663776,1,27,35,6,7,2024-05-24,validation,mlb_statcast,32,walk,0.459,xwOBA+BB/HBP,0.689131,persisted_estimated_woba_value,3,9,2,5,2,False,6,5
746227,663776,2,49,63,11,14,2024-05-24,validation,mlb_statcast,49,hit_by_pitch,0.486,xwOBA+BB/HBP,0.720192,persisted_estimated_woba_value,3,15,4,0,2,False,15,14
746227,663776,3,80,84,21,22,2024-05-24,validation,mlb_statcast,83,home_run,0.545,xwOBA,1.0995333333333337,persisted_estimated_woba_value,3,5,2,3,2,False,15,11
746227,671106,1,3,24,2,6,2024-05-24,validation,mlb_statcast,7,home_run,1.006,xwOBA,1.6336060606060607,persisted_estimated_woba_value,2,22,5,4,1,True,0,0
746227,671106,2,62,63,15,15,2024-05-24,validation,mlb_statcast,63,field_out,0.492,xwOBA,1.1459444444444444,persisted_estimated_woba_value,3,2,1,1,2,False,15,15
746227,671106,3,66,69,17,17,2024-05-24,validation,mlb_statcast,69,walk,0.648,xwOBA,0.689131,persisted_estimated_woba_value,3,4,1,3,2,False,15,15
746227,671106,4,94,99,24,25,2024-05-24,validation,mlb_statcast,96,home_run,0.671,xwOBA,2.0,persisted_estimated_woba_value,3,6,2,2,2,False,15,15
746228,542881,1,5,16,2,4,2024-05-29,validation,mlb_statcast,10,walk,0.721,xwOBA,0.689131,persisted_estimated_woba_value,2,12,3,5,1,True,0,0
746228,542881,2,28,34,8,9,2024-05-29,validation,mlb_statcast,33,walk,0.642,xwOBA,0.689131,persisted_estimated_woba_value,3,7,2,5,2,False,7,7
746228,542881,3,58,70,15,16,2024-05-29,validation,mlb_statcast,65,walk,0.594,xwOBA,0.689131,persisted_estimated_woba_value,3,13,2,7,2,False,15,15
746228,542881,4,89,94,21,22,2024-05-29,validation,mlb_statcast,92,walk,0.498,xwOBA+BB/HBP,0.689131,persisted_estimated_woba_value,3,6,2,3,2,False,15,15
746229,641482,1,3,9,2,2,2024-05-28,validation,mlb_statcast,9,single,0.617,xwOBA,0.883,persisted_estimated_woba_value,2,7,1,6,1,True,0,0
746229,641482,2,47,53,12,12,2024-05-28,validation,mlb_statcast,53,field_out,0.577,xwOBA,0.8460769230769233,persisted_estimated_woba_value,3,7,1,6,2,False,15,14
746229,641482,3,56,57,14,14,2024-05-28,validation,mlb_statcast,57,field_out,0.723,xwOBA+barrels,0.8269,persisted_estimated_woba_value,3,2,1,1,2,False,15,14
746230,594902,1,39,42,12,12,2024-05-26,validation,mlb_statcast,42,walk,0.455,xwOBA,0.689131,persisted_estimated_woba_value,3,4,1,3,2,False,15,15
746230,594902,2,57,72,17,19,2024-05-26,validation,mlb_statcast,62,home_run,0.751,xwOBA,2.0,persisted_estimated_woba_value,3,16,3,5,2,False,15,15
746232,542881,1,56,63,17,19,2024-05-11,validation,mlb_statcast,59,walk,0.676,xwOBA,0.689131,persisted_estimated_woba_value,3,8,3,3,2,False,15,15
746232,542881,2,67,79,21,23,2024-05-11,validation,mlb_statcast,68,field_out,0.728,xwOBA,1.1337333333333333,persisted_estimated_woba_value,3,13,3,1,2,False,15,15
746232,666142,1,12,32,3,9,2024-05-11,validation,mlb_statcast,16,field_out,0.45,xwOBA,0.766,persisted_estimated_woba_value,3,21,7,4,2,True,0,0
746232,666142,2,37,42,11,11,2024-05-11,validation,mlb_statcast,42,single,0.53,xwOBA,0.812,persisted_estimated_woba_value,3,6,1,5,2,False,15,15
746232,666142,3,46,46,13,13,2024-05-11,validation,mlb_statcast,46,single,0.61,xwOBA,0.866,persisted_estimated_woba_value,3,1,1,0,2,False,15,15
746234,663776,1,40,52,13,16,2024-05-12,validation,mlb_statcast,44,single,0.603,xwOBA,0.914,persisted_estimated_woba_value,3,13,4,4,2,False,15,15
746236,650911,1,7,43,2,11,2024-04-29,validation,mlb_statcast,11,home_run,0.934,xwOBA,1.7716923076923077,persisted_estimated_woba_value,2,37,10,4,1,True,0,0
746236,650911,2,75,75,22,22,2024-04-29,validation,mlb_statcast,75,single,0.638,xwOBA,0.848,persisted_estimated_woba_value,3,1,1,0,2,False,15,15
746238,663776,1,21,24,5,5,2024-05-01,validation,mlb_statcast,24,single,0.528,xwOBA,0.895,persisted_estimated_woba_value,3,4,1,3,2,False,0,0
746238,663776,2,31,36,7,7,2024-05-01,validation,mlb_statcast,36,single,0.46,xwOBA,0.484,persisted_estimated_woba_value,3,6,1,5,2,False,10,10
746239,542881,1,23,26,5,5,2024-04-30,validation,mlb_statcast,26,field_out,0.605,xwOBA,0.8121818181818182,persisted_estimated_woba_value,3,4,1,3,2,False,2,2
746239,542881,2,30,48,7,12,2024-04-30,validation,mlb_statcast,31,single,0.608,xwOBA,0.802,persisted_estimated_woba_value,3,19,6,1,2,False,9,9
746239,542881,3,68,71,18,18,2024-04-30,validation,mlb_statcast,71,force_out,0.489,xwOBA,0.247,persisted_estimated_woba_value,3,4,1,3,2,False,15,13
746240,679525,1,56,67,16,18,2024-05-10,validation,mlb_statcast,57,home_run,0.73,xwOBA,2.0,persisted_estimated_woba_value,3,12,3,1,2,False,15,15
746240,679525,2,81,85,23,23,2024-05-10,validation,mlb_statcast,85,walk,0.46,xwOBA+BB/HBP,0.689131,persisted_estimated_woba_value,3,5,1,4,2,False,15,15
746243,663776,1,16,31,5,7,2024-04-26,validation,mlb_statcast,20,home_run,0.583,xwOBA,1.5579454545454543,persisted_estimated_woba_value,3,16,3,4,2,True,0,0
746243,663776,2,73,76,19,19,2024-04-26,validation,mlb_statcast,76,single,0.453,xwOBA,0.958,persisted_estimated_woba_value,3,4,1,3,2,False,15,15
746244,542881,1,5,6,2,2,2024-04-24,validation,mlb_statcast,6,field_out,0.563,xwOBA,0.405,persisted_estimated_woba_value,2,2,1,1,1,True,0,0
746244,542881,2,20,24,6,6,2024-04-24,validation,mlb_statcast,24,field_out,0.495,xwOBA,0.615,persisted_estimated_woba_value,3,5,1,4,2,True,0,0
746244,542881,3,32,36,8,8,2024-04-24,validation,mlb_statcast,36,walk,0.489,xwOBA,0.689131,persisted_estimated_woba_value,3,5,1,4,2,False,11,11
746244,542881,4,38,39,10,10,2024-04-24,validation,mlb_statcast,39,home_run,0.544,xwOBA,0.846138888888889,persisted_estimated_woba_value,3,2,1,1,2,False,15,15
746244,542881,5,46,57,12,14,2024-04-24,validation,mlb_statcast,50,walk,0.541,xwOBA,0.689131,persisted_estimated_woba_value,3,12,3,4,2,False,15,15
746244,542881,6,80,105,20,24,2024-04-24,validation,mlb_statcast,82,single,0.561,xwOBA,0.868,persisted_estimated_woba_value,3,26,5,2,2,False,15,15
746250,650644,1,4,16,2,4,2024-04-09,validation,mlb_statcast,7,single,0.556,xwOBA,0.753,persisted_estimated_woba_value,2,13,3,3,1,True,0,0
746250,663776,1,14,40,4,9,2024-04-09,validation,mlb_statcast,18,walk,0.492,xwOBA,0.689131,persisted_estimated_woba_value,3,27,6,4,2,True,0,0
746252,542881,1,37,45,12,13,2024-04-08,validation,mlb_statcast,41,walk,0.579,xwOBA,0.689131,persisted_estimated_woba_value,3,9,2,4,2,False,15,15
746252,542881,2,54,62,15,17,2024-04-08,validation,mlb_statcast,57,field_out,0.509,xwOBA,0.8956818181818181,persisted_estimated_woba_value,3,9,3,3,2,False,15,15
746254,679525,1,6,23,2,5,2024-09-18,validation,mlb_statcast,11,hit_by_pitch,0.668,xwOBA,0.720192,persisted_estimated_woba_value,2,18,4,5,1,True,0,0
746254,679525,2,29,32,7,7,2024-09-18,validation,mlb_statcast,32,walk,0.459,xwOBA+BB/HBP,0.689131,persisted_estimated_woba_value,3,4,1,3,2,False,8,8
746254,679525,3,53,67,13,17,2024-09-18,validation,mlb_statcast,55,home_run,0.673,xwOBA,1.9858571428571428,persisted_estimated_woba_value,3,15,5,2,2,False,15,15
746255,663903,1,4,20,2,5,2024-09-21,validation,mlb_statcast,9,field_out,0.675,xwOBA,0.749,persisted_estimated_woba_value,2,17,4,5,1,True,0,0
746255,663903,2,45,56,13,15,2024-09-21,validation,mlb_statcast,49,home_run,0.958,xwOBA,1.745106382978723,persisted_estimated_woba_value,3,12,3,4,2,False,15,15
746255,663903,3,68,68,18,18,2024-09-21,validation,mlb_statcast,68,single,0.536,xwOBA,0.908,persisted_estimated_woba_value,3,1,1,0,2,False,15,15
746255,663903,4,85,88,23,24,2024-09-21,validation,mlb_statcast,86,double,0.508,xwOBA,0.928,persisted_estimated_woba_value,3,4,2,1,2,False,15,15
746257,666142,1,6,10,3,5,2024-09-06,validation,mlb_statcast,7,single,0.515,xwOBA,0.841,persisted_estimated_woba_value,3,5,3,1,2,True,0,0
746259,679525,1,42,56,10,12,2024-09-07,validation,mlb_statcast,45,double,0.828,xwOBA+barrels,1.7810434782608695,persisted_estimated_woba_value,3,15,3,3,2,False,15,15
746259,679525,2,82,82,20,20,2024-09-07,validation,mlb_statcast,82,hit_by_pitch,0.47,xwOBA,0.720192,persisted_estimated_woba_value,3,1,1,0,2,False,15,15
746260,681857,1,41,41,9,9,2024-09-16,validation,mlb_statcast,41,single,0.474,xwOBA,0.296,persisted_estimated_woba_value,3,1,1,0,2,False,15,15
746260,681857,2,49,50,12,12,2024-09-16,validation,mlb_statcast,50,single,0.572,xwOBA,0.802,persisted_estimated_woba_value,3,2,1,1,2,False,15,15
746261,666142,1,5,10,2,3,2024-09-17,validation,mlb_statcast,7,double,0.602,xwOBA,0.484,persisted_estimated_woba_value,2,6,2,2,1,True,0,0
746261,666142,2,23,26,9,9,2024-09-17,validation,mlb_statcast,26,double,0.613,xwOBA,0.862,persisted_estimated_woba_value,3,4,1,3,2,False,2,2
746261,666142,3,50,60,15,16,2024-09-17,validation,mlb_statcast,57,walk,0.511,xwOBA+BB/HBP,0.689131,persisted_estimated_woba_value,3,11,2,7,2,False,15,15
746261,666142,4,97,105,26,27,2024-09-17,validation,mlb_statcast,98,field_out,0.467,xwOBA,0.696,persisted_estimated_woba_value,3,9,2,1,2,False,15,15
746262,594902,1,22,26,6,6,2024-09-04,validation,mlb_statcast,26,walk,0.624,xwOBA,0.689131,persisted_estimated_woba_value,3,5,1,4,2,False,1,1
746262,594902,2,31,34,8,8,2024-09-04,validation,mlb_statcast,34,single,0.534,xwOBA,0.901,persisted_estimated_woba_value,3,4,1,3,2,False,10,10
746262,594902,3,51,66,13,15,2024-09-04,validation,mlb_statcast,59,field_out,0.566,xwOBA,0.5973333333333333,persisted_estimated_woba_value,3,16,3,8,2,False,15,15
746262,594902,4,70,70,17,17,2024-09-04,validation,mlb_statcast,70,field_out,0.477,xwOBA,0.463,persisted_estimated_woba_value,3,1,1,0,2,False,15,15
746262,594902,5,75,79,19,20,2024-09-04,validation,mlb_statcast,77,home_run,0.709,xwOBA,1.6584583333333327,persisted_estimated_woba_value,3,5,2,2,2,False,15,15
746264,663903,1,15,34,4,8,2024-09-03,validation,mlb_statcast,18,field_out,0.46,xwOBA,0.104,persisted_estimated_woba_value,3,20,5,3,2,True,0,0
746264,663903,2,61,71,15,17,2024-09-03,validation,mlb_statcast,63,double,0.533,xwOBA,1.4385,persisted_estimated_woba_value,3,11,3,2,2,False,15,15
746264,663903,3,79,79,20,20,2024-09-03,validation,mlb_statcast,79,single,0.563,xwOBA,0.909,persisted_estimated_woba_value,3,1,1,0,2,False,15,15
746266,542881,1,5,15,2,4,2024-08-20,validation,mlb_statcast,6,single,0.483,xwOBA,0.935,persisted_estimated_woba_value,2,11,3,1,1,True,0,0
746266,542881,2,70,71,24,24,2024-08-20,validation,mlb_statcast,71,double,0.454,xwOBA,0.5503125,persisted_estimated_woba_value,3,2,1,1,2,False,15,13
746266,542881,3,87,95,28,30,2024-08-20,validation,mlb_statcast,88,single,0.564,xwOBA,0.767,persisted_estimated_woba_value,3,9,3,1,2,False,15,15
746266,666142,1,92,97,21,22,2024-08-20,validation,mlb_statcast,96,walk,0.645,xwOBA,0.689131,persisted_estimated_woba_value,3,6,2,4,2,False,15,15
746271,663903,1,3,8,2,2,2024-08-24,validation,mlb_statcast,8,field_out,0.648,xwOBA,0.291,persisted_estimated_woba_value,2,6,1,5,1,True,0,0
746271,663903,2,49,52,12,12,2024-08-24,validation,mlb_statcast,52,grounded_into_double_play,0.46,xwOBA,0.097,persisted_estimated_woba_value,3,4,1,3,2,False,15,15
746271,663903,3,97,100,25,25,2024-08-24,validation,mlb_statcast,100,home_run,0.71,xwOBA,1.8206818181818183,persisted_estimated_woba_value,3,4,1,3,2,False,15,15
746272,666142,1,43,61,12,17,2024-08-07,validation,mlb_statcast,45,home_run,0.624,xwOBA,1.3900166666666676,persisted_estimated_woba_value,3,19,6,2,2,False,15,15
746272,666142,2,104,106,27,27,2024-08-07,validation,mlb_statcast,106,single,0.552,xwOBA,0.786,persisted_estimated_woba_value,3,3,1,2,2,False,15,15
746274,666142,1,56,63,15,16,2024-07-28,validation,mlb_statcast,57,field_out,0.518,xwOBA,0.396,persisted_estimated_woba_value,3,8,2,1,2,False,15,15
746274,666142,2,67,71,18,18,2024-07-28,validation,mlb_statcast,71,double,0.558,xwOBA,0.892,persisted_estimated_woba_value,3,5,1,4,2,False,15,15
746274,666142,3,98,101,25,25,2024-07-28,validation,mlb_statcast,101,double,0.484,xwOBA,0.575,persisted_estimated_woba_value,3,4,1,3,2,False,15,15
746276,663903,1,6,7,2,2,2024-08-05,validation,mlb_statcast,7,single,0.457,xwOBA,0.914,persisted_estimated_woba_value,2,2,1,1,1,True,0,0
746276,663903,2,27,36,7,8,2024-08-05,validation,mlb_statcast,29,single,0.458,xwOBA,0.507,persisted_estimated_woba_value,3,10,2,2,2,False,6,6
746276,663903,3,43,49,11,13,2024-08-05,validation,mlb_statcast,43,field_out,0.466,xwOBA,1.1186603773584909,persisted_estimated_woba_value,3,7,3,0,2,False,15,15
746276,663903,4,64,83,18,22,2024-08-05,validation,mlb_statcast,66,field_out,0.53,xwOBA,0.312,persisted_estimated_woba_value,3,20,5,2,2,False,15,15
746276,663903,5,102,107,27,27,2024-08-05,validation,mlb_statcast,107,single,0.572,xwOBA,0.82,persisted_estimated_woba_value,3,6,1,5,2,False,15,15
746277,543294,1,8,20,3,6,2024-07-26,validation,mlb_statcast,10,single,0.46,xwOBA,0.89,persisted_estimated_woba_value,3,13,4,2,2,True,0,0
746277,543294,2,73,75,19,19,2024-07-26,validation,mlb_statcast,75,single,0.451,xwOBA,0.45,persisted_estimated_woba_value,3,3,1,2,2,False,15,15
746277,543294,3,78,90,21,23,2024-07-26,validation,mlb_statcast,81,single,0.563,xwOBA,0.83,persisted_estimated_woba_value,3,13,3,3,2,False,15,15
746277,663903,1,58,66,14,16,2024-07-26,validation,mlb_statcast,61,hit_by_pitch,0.485,xwOBA+BB/HBP,0.720192,persisted_estimated_woba_value,3,9,3,3,2,False,15,13
746279,669194,1,3,18,2,4,2024-07-24,validation,mlb_statcast,8,walk,0.604,xwOBA,0.689131,persisted_estimated_woba_value,2,16,3,5,1,True,0,0
746279,669194,2,47,51,14,14,2024-07-24,validation,mlb_statcast,51,double,0.523,xwOBA,0.941,persisted_estimated_woba_value,3,5,1,4,2,False,15,15
746279,669194,3,57,60,16,16,2024-07-24,validation,mlb_statcast,60,walk,0.543,xwOBA,0.689131,persisted_estimated_woba_value,3,4,1,3,2,False,15,15
746280,666142,1,26,43,8,12,2024-07-22,validation,mlb_statcast,27,double,0.545,xwOBA,0.917,persisted_estimated_woba_value,3,18,5,1,2,False,5,5
746281,679525,1,4,31,2,8,2024-07-23,validation,mlb_statcast,8,walk,0.592,xwOBA,0.689131,persisted_estimated_woba_value,2,28,7,4,1,True,0,0
746281,679525,2,79,87,20,22,2024-07-23,validation,mlb_statcast,81,home_run,0.812,xwOBA,1.7716923076923077,persisted_estimated_woba_value,3,9,3,2,2,False,15,15
746282,663903,1,2,10,2,3,2024-07-02,validation,mlb_statcast,4,grounded_into_double_play,0.498,xwOBA,0.131,persisted_estimated_woba_value,2,9,2,2,1,True,0,0
746282,663903,2,31,40,9,9,2024-07-02,validation,mlb_statcast,40,walk,0.453,xwOBA,0.689131,persisted_estimated_woba_value,3,10,1,9,2,False,10,10
746285,679525,1,5,16,2,3,2024-07-04,validation,mlb_statcast,13,walk,0.689,xwOBA+BB/HBP,0.689131,persisted_estimated_woba_value,2,12,2,8,1,True,0,0
746285,679525,2,29,65,7,14,2024-07-04,validation,mlb_statcast,34,home_run,0.71,xwOBA,1.3900166666666676,persisted_estimated_woba_value,3,37,8,5,2,False,8,8
746286,663903,1,44,55,13,15,2024-07-20,validation,mlb_statcast,45,single,0.678,xwOBA,0.903,persisted_estimated_woba_value,3,12,3,1,2,False,15,14
746286,663903,2,62,64,18,18,2024-07-20,validation,mlb_statcast,64,single,0.456,xwOBA,0.898,persisted_estimated_woba_value,3,3,1,2,2,False,15,15
746286,663903,3,89,93,26,27,2024-07-20,validation,mlb_statcast,89,single,0.472,xwOBA,0.795,persisted_estimated_woba_value,3,5,2,0,2,False,15,14
746288,594902,1,5,6,2,2,2024-06-27,validation,mlb_statcast,6,field_out,0.468,xwOBA,0.935,persisted_estimated_woba_value,2,2,1,1,1,True,0,0
746288,594902,2,9,10,4,4,2024-06-27,validation,mlb_statcast,10,single,0.535,xwOBA,0.616,persisted_estimated_woba_value,3,2,1,1,2,True,0,0
746289,666142,1,6,10,2,2,2024-06-29,validation,mlb_statcast,10,hit_by_pitch,0.614,xwOBA,0.720192,persisted_estimated_woba_value,2,5,1,4,1,True,0,0
746289,666142,2,18,21,4,4,2024-06-29,validation,mlb_statcast,21,double,0.546,xwOBA,0.918,persisted_estimated_woba_value,3,4,1,3,2,True,0,0
746289,666142,3,69,93,16,21,2024-06-29,validation,mlb_statcast,74,home_run,0.937,xwOBA,1.927,persisted_estimated_woba_value,3,25,6,5,2,False,15,15
746290,671106,1,6,15,2,4,2024-06-30,validation,mlb_statcast,8,single,0.466,xwOBA,0.914,persisted_estimated_woba_value,2,10,3,2,1,True,0,0
746290,671106,2,49,66,14,16,2024-06-30,validation,mlb_statcast,52,field_out,0.479,xwOBA,1.4257540983606556,persisted_estimated_woba_value,3,18,3,3,2,False,15,15
746291,663903,1,7,14,3,3,2024-06-26,validation,mlb_statcast,14,walk,0.527,xwOBA,0.689131,persisted_estimated_woba_value,3,8,1,7,2,True,0,0
746291,663903,2,24,35,7,10,2024-06-26,validation,mlb_statcast,28,field_out,0.51,xwOBA,1.3093833333333331,persisted_estimated_woba_value,3,12,4,4,2,False,3,3
746291,663903,3,77,77,23,23,2024-06-26,validation,mlb_statcast,77,field_out,0.532,xwOBA,0.452,persisted_estimated_woba_value,3,1,1,0,2,False,15,14
746292,679525,1,3,40,2,10,2024-06-28,validation,mlb_statcast,7,field_out,0.458,xwOBA,0.484,persisted_estimated_woba_value,2,38,9,4,1,True,0,0
746292,679525,2,64,65,15,15,2024-06-28,validation,mlb_statcast,65,field_out,0.457,xwOBA,0.4684666666666665,persisted_estimated_woba_value,3,2,1,1,2,False,15,15
746296,573186,1,8,11,4,4,2024-06-11,validation,mlb_statcast,11,walk,0.509,xwOBA,0.689131,persisted_estimated_woba_value,3,4,1,3,2,True,0,0
746296,573186,2,19,19,6,6,2024-06-11,validation,mlb_statcast,19,field_out,0.53,xwOBA,0.613,persisted_estimated_woba_value,3,1,1,0,2,True,0,0
746296,663903,1,3,14,2,4,2024-06-11,validation,mlb_statcast,7,walk,0.849,xwOBA,0.689131,persisted_estimated_woba_value,2,12,3,4,1,True,0,0
746296,663903,2,41,43,12,12,2024-06-11,validation,mlb_statcast,43,field_out,0.482,xwOBA,0.82,persisted_estimated_woba_value,3,3,1,2,2,False,15,14
746296,663903,3,49,51,14,14,2024-06-11,validation,mlb_statcast,51,hit_by_pitch,0.58,xwOBA,0.720192,persisted_estimated_woba_value,3,3,1,2,2,False,15,13
746296,663903,4,56,69,16,18,2024-06-11,validation,mlb_statcast,60,single,0.523,xwOBA,0.49,persisted_estimated_woba_value,3,14,3,4,2,False,15,14
746296,663903,5,98,103,27,27,2024-06-11,validation,mlb_statcast,103,single,0.539,xwOBA,0.616,persisted_estimated_woba_value,3,6,1,5,2,False,15,13
746297,666142,1,5,12,2,3,2024-06-09,validation,mlb_statcast,7,strikeout,0.788,xwOBA,0.0,persisted_estimated_woba_value,2,8,2,2,1,True,0,0
746297,666142,2,73,79,16,17,2024-06-09,validation,mlb_statcast,77,field_out,0.611,xwOBA,0.6871538461538464,persisted_estimated_woba_value,3,7,2,4,2,False,15,15
746297,666142,3,92,107,20,22,2024-06-09,validation,mlb_statcast,96,single,0.627,xwOBA,0.901,persisted_estimated_woba_value,3,16,3,4,2,False,15,15
746298,666142,1,28,28,7,7,2024-06-24,validation,mlb_statcast,28,field_out,0.452,xwOBA,0.05,persisted_estimated_woba_value,3,1,1,0,2,False,7,7
746298,666142,2,43,52,11,12,2024-06-24,validation,mlb_statcast,49,double,0.52,xwOBA,0.87,persisted_estimated_woba_value,3,10,2,6,2,False,15,15
746298,666142,3,69,74,17,17,2024-06-24,validation,mlb_statcast,74,walk,0.644,xwOBA,0.689131,persisted_estimated_woba_value,3,6,1,5,2,False,15,15
746299,641482,1,43,49,12,12,2024-06-13,validation,mlb_statcast,49,double,0.517,xwOBA,0.354,persisted_estimated_woba_value,3,7,1,6,2,False,15,14
746299,641482,2,83,88,26,27,2024-06-13,validation,mlb_statcast,87,walk,0.548,xwOBA,0.689131,persisted_estimated_woba_value,3,6,2,4,2,False,15,15
746299,679525,1,29,40,7,9,2024-06-13,validation,mlb_statcast,35,field_out,0.459,xwOBA,0.6866800000000002,persisted_estimated_woba_value,3,12,3,6,2,False,8,7
746300,679525,1,2,2,2,2,2024-06-08,validation,mlb_statcast,2,field_out,0.574,xwOBA,0.005,persisted_estimated_woba_value,2,1,1,0,1,True,0,0
746300,679525,2,77,90,18,22,2024-06-08,validation,mlb_statcast,77,single,0.498,xwOBA,0.901,persisted_estimated_woba_value,3,14,5,0,2,False,15,15
746301,650633,1,2,8,2,2,2024-06-02,validation,mlb_statcast,8,field_out,0.499,xwOBA,0.464,persisted_estimated_woba_value,2,7,1,6,1,True,0,0
746301,650633,2,44,47,11,12,2024-06-02,validation,mlb_statcast,46,single,0.625,xwOBA,0.866,persisted_estimated_woba_value,3,4,2,2,2,False,15,15
746301,666142,1,6,10,2,2,2024-06-02,validation,mlb_statcast,10,walk,0.491,xwOBA,0.689131,persisted_estimated_woba_value,2,5,1,4,1,True,0,0
746301,666142,2,80,83,21,21,2024-06-02,validation,mlb_statcast,83,walk,0.468,xwOBA,0.689131,persisted_estimated_woba_value,3,4,1,3,2,False,15,15
746303,656302,1,7,13,2,4,2024-05-31,validation,mlb_statcast,9,field_out,0.91,xwOBA,1.8206818181818183,persisted_estimated_woba_value,2,7,3,2,1,True,0,0
746303,656302,2,87,98,20,21,2024-05-31,validation,mlb_statcast,93,single,0.678,xwOBA,0.901,persisted_estimated_woba_value,3,12,2,6,2,False,15,15
746304,666142,1,52,56,11,11,2024-05-22,validation,mlb_statcast,56,walk,0.459,xwOBA+BB/HBP,0.689131,persisted_estimated_woba_value,3,5,1,4,2,False,15,15
746304,666142,2,74,74,17,17,2024-05-22,validation,mlb_statcast,74,field_out,0.485,xwOBA,1.008457142857143,persisted_estimated_woba_value,3,1,1,0,2,False,15,15
746304,666142,3,93,95,22,22,2024-05-22,validation,mlb_statcast,95,single,0.495,xwOBA,0.795,persisted_estimated_woba_value,3,3,1,2,2,False,15,15
746305,679525,1,3,15,2,5,2024-06-01,validation,mlb_statcast,6,home_run,1.249,xwOBA,1.883684210526316,persisted_estimated_woba_value,2,13,4,3,1,True,0,0
746305,679525,2,52,66,16,19,2024-06-01,validation,mlb_statcast,53,single,0.704,xwOBA,0.909,persisted_estimated_woba_value,3,15,4,1,2,False,15,15
746305,679525,3,70,78,22,23,2024-06-01,validation,mlb_statcast,74,double,0.596,xwOBA,0.796,persisted_estimated_woba_value,3,9,2,4,2,False,15,15
746306,663903,1,47,47,14,14,2024-05-19,validation,mlb_statcast,47,double,0.517,xwOBA,0.6529230769230769,persisted_estimated_woba_value,3,1,1,0,2,False,15,14
746307,681857,1,7,33,2,7,2024-05-20,validation,mlb_statcast,9,double,0.55,xwOBA,0.915,persisted_estimated_woba_value,2,27,6,2,1,True,0,0
746307,681857,2,52,52,14,14,2024-05-20,validation,mlb_statcast,52,single,0.586,xwOBA,0.549,persisted_estimated_woba_value,3,1,1,0,2,False,15,15
746309,679525,1,44,60,11,14,2024-05-21,validation,mlb_statcast,49,walk,0.643,xwOBA+BB/HBP,0.689131,persisted_estimated_woba_value,3,17,4,5,2,False,15,15
746309,679525,2,92,94,25,25,2024-05-21,validation,mlb_statcast,94,field_out,0.472,xwOBA,0.41,persisted_estimated_woba_value,3,3,1,2,2,False,15,15
746310,666142,1,43,49,14,14,2024-05-17,validation,mlb_statcast,49,walk,0.455,xwOBA,0.689131,persisted_estimated_woba_value,3,7,1,6,2,False,15,15
746311,641540,1,60,79,15,18,2024-05-04,validation,mlb_statcast,67,double,0.598,xwOBA,1.3900166666666676,persisted_estimated_woba_value,3,20,4,7,2,False,15,14
746312,663903,1,7,15,2,3,2024-05-08,validation,mlb_statcast,9,double,0.588,xwOBA,0.705,persisted_estimated_woba_value,2,9,2,2,1,True,0,0
746312,663903,2,75,85,18,20,2024-05-08,validation,mlb_statcast,76,field_out,0.459,xwOBA,1.1427317073170735,persisted_estimated_woba_value,3,11,3,1,2,False,15,15
746313,666142,1,56,59,15,15,2024-05-06,validation,mlb_statcast,59,home_run,0.609,xwOBA,1.33248,persisted_estimated_woba_value,3,4,1,3,2,False,15,15
746313,666142,2,65,70,17,17,2024-05-06,validation,mlb_statcast,70,field_out,0.567,xwOBA,0.368,persisted_estimated_woba_value,3,6,1,5,2,False,15,15
746317,679525,1,33,45,8,10,2024-04-24,validation,mlb_statcast,36,field_out,0.778,xwOBA,1.5845454545454545,persisted_estimated_woba_value,3,13,3,3,2,False,12,12
746317,679525,2,57,67,14,17,2024-04-24,validation,mlb_statcast,58,single,0.557,xwOBA,0.912,persisted_estimated_woba_value,3,11,4,1,2,False,15,15
746318,663903,1,18,23,5,5,2024-05-03,validation,mlb_statcast,23,field_out,0.478,xwOBA,1.0738484848484848,persisted_estimated_woba_value,3,6,1,5,2,True,0,0
746318,663903,2,54,60,11,12,2024-05-03,validation,mlb_statcast,56,single,0.611,xwOBA,0.904,persisted_estimated_woba_value,3,7,2,2,2,False,15,15
746319,579328,1,54,70,18,21,2024-04-22,validation,mlb_statcast,56,double,0.539,xwOBA,1.136,persisted_estimated_woba_value,3,17,4,2,2,False,15,15
746319,663903,1,3,17,2,4,2024-04-22,validation,mlb_statcast,7,single,0.576,xwOBA,0.894,persisted_estimated_woba_value,2,15,3,4,1,True,0,0
746319,663903,2,36,47,9,11,2024-04-22,validation,mlb_statcast,38,double,0.568,xwOBA,0.593,persisted_estimated_woba_value,3,12,3,2,2,False,15,15
746319,663903,3,83,104,22,25,2024-04-22,validation,mlb_statcast,90,walk,0.474,xwOBA,0.689131,persisted_estimated_woba_value,3,22,4,7,2,False,15,15
746320,666142,1,40,58,13,16,2024-04-25,validation,mlb_statcast,43,double,0.572,xwOBA,1.104861111111111,persisted_estimated_woba_value,3,19,4,3,2,False,15,15
746320,666142,2,69,73,20,20,2024-04-25,validation,mlb_statcast,73,walk,0.466,xwOBA,0.689131,persisted_estimated_woba_value,3,5,1,4,2,False,15,15
746321,592332,1,36,38,10,10,2024-04-23,validation,mlb_statcast,38,field_out,0.482,xwOBA,0.214,persisted_estimated_woba_value,3,3,1,2,2,False,15,15
746321,592332,2,45,45,12,12,2024-04-23,validation,mlb_statcast,45,field_out,0.476,xwOBA,1.0497419354838708,persisted_estimated_woba_value,3,1,1,0,2,False,15,14
746321,592332,3,69,73,20,22,2024-04-23,validation,mlb_statcast,69,double,0.481,xwOBA,0.584,persisted_estimated_woba_value,3,5,3,0,2,False,15,15
746322,663903,1,54,66,14,16,2024-04-11,validation,mlb_statcast,61,home_run,0.884,xwOBA,2.0,persisted_estimated_woba_value,3,13,3,7,2,False,15,15
746324,666142,1,18,33,6,8,2024-04-20,validation,mlb_statcast,24,field_out,0.529,xwOBA,0.7041333333333332,persisted_estimated_woba_value,3,16,3,6,2,True,0,0
746324,666142,2,38,62,10,14,2024-04-20,validation,mlb_statcast,38,single,0.479,xwOBA,0.822,persisted_estimated_woba_value,3,25,5,0,2,False,15,15
746324,669203,1,15,17,5,5,2024-04-20,validation,mlb_statcast,17,field_out,0.528,xwOBA,0.606,persisted_estimated_woba_value,3,3,1,2,2,True,0,0
746324,669203,2,88,98,21,22,2024-04-20,validation,mlb_statcast,94,walk,0.519,xwOBA,0.689131,persisted_estimated_woba_value,3,11,2,6,2,False,15,15
746325,679525,1,5,10,2,3,2024-04-19,validation,mlb_statcast,7,single,0.813,xwOBA,0.905,persisted_estimated_woba_value,2,6,2,2,1,True,0,0
746325,679525,2,45,62,12,15,2024-04-19,validation,mlb_statcast,46,field_out,0.62,xwOBA,1.2699322033898306,persisted_estimated_woba_value,3,18,4,1,2,False,15,15
746326,664299,1,22,22,6,6,2024-04-09,validation,mlb_statcast,22,double,0.517,xwOBA,0.776,persisted_estimated_woba_value,3,1,1,0,2,False,1,1
746326,664299,2,28,41,10,12,2024-04-09,validation,mlb_statcast,33,field_out,0.51,xwOBA,1.0021071428571429,persisted_estimated_woba_value,3,14,3,5,2,False,7,7
746326,664299,3,54,60,16,16,2024-04-09,validation,mlb_statcast,60,walk,0.459,xwOBA+BB/HBP,0.689131,persisted_estimated_woba_value,3,7,1,6,2,False,15,15
746326,664299,4,72,79,20,22,2024-04-09,validation,mlb_statcast,74,triple,0.64,xwOBA,1.232761904761905,persisted_estimated_woba_value,3,8,3,2,2,False,15,15
746326,666142,1,5,10,2,3,2024-04-09,validation,mlb_statcast,7,single,0.572,xwOBA,0.635,persisted_estimated_woba_value,2,6,2,2,1,True,0,0
746326,666142,2,44,47,10,10,2024-04-09,validation,mlb_statcast,47,walk,0.564,xwOBA,0.689131,persisted_estimated_woba_value,3,4,1,3,2,False,15,15
746326,666142,3,66,70,18,19,2024-04-09,validation,mlb_statcast,67,double,0.473,xwOBA,0.9262222222222224,persisted_estimated_woba_value,3,5,2,1,2,False,15,15
746328,663903,1,16,28,4,6,2024-04-05,validation,mlb_statcast,20,home_run,0.767,xwOBA,1.528739130434783,persisted_estimated_woba_value,3,13,3,4,2,True,0,0
746330,679525,1,7,13,2,3,2024-04-07,validation,mlb_statcast,11,single,0.467,xwOBA,0.604,persisted_estimated_woba_value,2,7,2,4,1,True,0,0
746330,679525,2,40,45,10,11,2024-04-07,validation,mlb_statcast,41,field_out,0.478,xwOBA,0.495,persisted_estimated_woba_value,3,6,2,1,2,False,15,9
746330,679525,3,70,78,20,23,2024-04-07,validation,mlb_statcast,71,field_out,0.553,xwOBA,0.474,persisted_estimated_woba_value,3,9,4,1,2,False,15,14
746331,579328,1,41,48,8,10,2024-09-25,validation,mlb_statcast,43,field_out,0.649,xwOBA,1.33248,persisted_estimated_woba_value,3,8,3,2,2,False,15,15
746332,663903,1,81,89,24,25,2024-03-31,validation,mlb_statcast,83,hit_by_pitch,0.547,xwOBA,0.720192,persisted_estimated_woba_value,3,9,2,2,2,False,15,13
746335,666142,1,4,19,3,5,2024-03-28,validation,mlb_statcast,6,home_run,0.543,xwOBA,1.413333333333333,persisted_estimated_woba_value,3,16,3,2,2,True,0,0
746335,666142,2,35,40,10,11,2024-03-28,validation,mlb_statcast,35,field_out,0.454,xwOBA,0.5216666666666666,persisted_estimated_woba_value,3,6,2,0,2,False,14,14
746335,666142,3,44,54,13,14,2024-03-28,validation,mlb_statcast,49,double,0.561,xwOBA,0.887,persisted_estimated_woba_value,3,11,2,5,2,False,15,15
746340,542881,1,21,34,5,8,2024-09-20,validation,mlb_statcast,26,single,0.49,xwOBA,0.828,persisted_estimated_woba_value,3,14,4,5,2,False,0,0
746340,542881,2,57,63,13,15,2024-09-20,validation,mlb_statcast,59,home_run,0.836,xwOBA,1.5924067796610166,persisted_estimated_woba_value,3,7,3,2,2,False,15,13
746340,542881,3,71,75,18,18,2024-09-20,validation,mlb_statcast,75,single,0.498,xwOBA,0.47,persisted_estimated_woba_value,3,5,1,4,2,False,15,15
746341,579328,1,7,14,2,3,2024-09-19,validation,mlb_statcast,10,strikeout,0.813,xwOBA,0.0,persisted_estimated_woba_value,2,8,2,3,1,True,0,0
746344,579328,1,31,32,9,9,2024-09-07,validation,mlb_statcast,32,sac_fly,0.481,xwOBA,0.5680000000000001,persisted_estimated_woba_value,3,2,1,1,2,False,10,10
746344,579328,2,55,57,16,16,2024-09-07,validation,mlb_statcast,57,home_run,0.454,xwOBA,0.7113043478260872,persisted_estimated_woba_value,3,3,1,2,2,False,15,15
746344,579328,3,82,86,22,22,2024-09-07,validation,mlb_statcast,86,field_out,0.505,xwOBA,0.526,persisted_estimated_woba_value,3,5,1,4,2,False,15,14
746344,579328,4,89,92,24,24,2024-09-07,validation,mlb_statcast,92,field_out,0.504,xwOBA,0.256,persisted_estimated_woba_value,3,4,1,3,2,False,15,14
746344,593958,1,22,41,8,13,2024-09-07,validation,mlb_statcast,23,field_out,0.572,xwOBA,1.0731190476190478,persisted_estimated_woba_value,3,20,6,1,2,False,1,1
746344,593958,2,52,72,16,20,2024-09-07,validation,mlb_statcast,55,hit_by_pitch,0.492,xwOBA+BB/HBP,0.720192,persisted_estimated_woba_value,3,21,5,3,2,False,15,15
746344,593958,3,79,84,22,22,2024-09-07,validation,mlb_statcast,84,walk,0.498,xwOBA,0.689131,persisted_estimated_woba_value,3,6,1,5,2,False,15,14
746345,669194,1,50,50,14,14,2024-09-08,validation,mlb_statcast,50,field_out,0.487,xwOBA,0.321,persisted_estimated_woba_value,3,1,1,0,2,False,15,15
746345,669194,2,56,77,18,21,2024-09-08,validation,mlb_statcast,61,single,0.623,xwOBA,0.912,persisted_estimated_woba_value,3,22,4,5,2,False,15,15
746347,679525,1,42,49,11,12,2024-09-01,validation,mlb_statcast,43,home_run,0.498,xwOBA,0.708625,persisted_estimated_woba_value,3,8,2,1,2,False,15,15
746347,679525,2,56,66,15,17,2024-09-01,validation,mlb_statcast,59,home_run,0.843,xwOBA,1.726268292682927,persisted_estimated_woba_value,3,11,3,3,2,False,15,15
746347,679525,3,69,73,19,19,2024-09-01,validation,mlb_statcast,73,field_out,0.556,xwOBA,0.426,persisted_estimated_woba_value,3,5,1,4,2,False,15,15
746348,579328,1,79,84,20,20,2024-08-31,validation,mlb_statcast,84,field_out,0.521,xwOBA,0.713,persisted_estimated_woba_value,3,6,1,5,2,False,15,15
746348,579328,2,95,96,25,25,2024-08-31,validation,mlb_statcast,96,force_out,0.492,xwOBA,0.144,persisted_estimated_woba_value,3,2,1,1,2,False,15,15
746348,666142,1,80,93,20,22,2024-08-31,validation,mlb_statcast,86,walk,0.667,xwOBA+BB/HBP,0.689131,persisted_estimated_woba_value,3,14,3,6,2,False,15,15
746351,579328,1,2,18,2,5,2024-08-19,validation,mlb_statcast,7,strikeout,0.552,xwOBA,0.0,persisted_estimated_woba_value,2,17,4,5,1,True,0,0
746351,579328,2,56,60,15,16,2024-08-19,validation,mlb_statcast,56,single,0.456,xwOBA,0.727,persisted_estimated_woba_value,3,5,2,0,2,False,15,15
746351,579328,3,88,92,24,24,2024-08-19,validation,mlb_statcast,92,field_error,0.452,xwOBA,0.284,persisted_estimated_woba_value,3,5,1,4,2,False,15,15
746352,663903,1,8,9,2,2,2024-08-29,validation,mlb_statcast,9,single,0.5,xwOBA,0.869,persisted_estimated_woba_value,2,2,1,1,1,True,0,0
746352,663903,2,97,101,24,24,2024-08-29,validation,mlb_statcast,101,walk,0.457,xwOBA,0.689131,persisted_estimated_woba_value,3,5,1,4,2,False,15,15
746354,579328,1,3,6,2,2,2024-08-02,validation,mlb_statcast,6,home_run,0.501,xwOBA,0.35,persisted_estimated_woba_value,2,4,1,3,1,True,0,0
746354,579328,2,26,26,7,7,2024-08-02,validation,mlb_statcast,26,single,0.517,xwOBA,0.638,persisted_estimated_woba_value,3,1,1,0,2,False,5,5
746376,669203,1,43,50,12,14,2024-06-22,validation,mlb_statcast,44,home_run,0.615,xwOBA,1.8444090909090909,persisted_estimated_woba_value,3,8,3,1,2,False,15,15
746376,669203,2,60,73,18,20,2024-06-22,validation,mlb_statcast,66,home_run,0.688,xwOBA,1.704857142857143,persisted_estimated_woba_value,3,14,3,6,2,False,15,15
746381,656427,1,30,42,9,11,2024-06-15,validation,mlb_statcast,33,triple,0.486,xwOBA,1.1427317073170735,persisted_estimated_woba_value,3,13,3,3,2,False,9,9
746382,502043,1,86,96,24,25,2024-06-03,validation,mlb_statcast,91,single,0.452,xwOBA,0.867,persisted_estimated_woba_value,3,11,2,5,2,False,15,15
746385,664299,1,5,15,2,4,2024-05-21,validation,mlb_statcast,5,home_run,0.694,xwOBA,0.7221052631578949,persisted_estimated_woba_value,2,11,3,0,1,True,0,0
746385,664299,2,31,49,10,15,2024-05-21,validation,mlb_statcast,33,single,0.581,xwOBA,0.801,persisted_estimated_woba_value,3,19,6,2,2,False,10,10
746385,664299,3,66,71,21,22,2024-05-21,validation,mlb_statcast,69,walk,0.539,xwOBA,0.689131,persisted_estimated_woba_value,3,6,2,3,2,False,15,15
746386,542881,1,26,33,9,11,2024-05-22,validation,mlb_statcast,26,double,0.457,xwOBA,1.0021071428571429,persisted_estimated_woba_value,3,8,3,0,2,False,5,5
746386,542881,2,57,60,17,18,2024-05-22,validation,mlb_statcast,59,double,0.524,xwOBA,0.884,persisted_estimated_woba_value,3,4,2,2,2,False,15,15
746386,542881,3,78,79,26,26,2024-05-22,validation,mlb_statcast,79,single,0.479,xwOBA,0.941,persisted_estimated_woba_value,3,2,1,1,2,False,15,14
746386,542881,4,92,95,30,31,2024-05-22,validation,mlb_statcast,93,field_out,0.473,xwOBA,0.455,persisted_estimated_woba_value,3,4,2,1,2,False,15,15
746391,664299,1,79,81,21,21,2024-05-16,validation,mlb_statcast,81,field_out,0.507,xwOBA,0.219,persisted_estimated_woba_value,3,3,1,2,2,False,15,15
746403,671106,1,2,4,2,2,2024-05-02,validation,mlb_statcast,4,field_out,0.652,xwOBA,0.615,persisted_estimated_woba_value,2,3,1,2,1,True,0,0
746403,671106,2,84,98,23,25,2024-05-02,validation,mlb_statcast,88,triple,0.484,xwOBA,1.4257540983606556,persisted_estimated_woba_value,3,15,3,4,2,False,15,15
746404,664299,1,48,53,12,14,2024-04-14,validation,mlb_statcast,48,home_run,0.525,xwOBA,1.286225806451613,persisted_estimated_woba_value,3,6,3,0,2,False,15,15
746404,664299,2,70,74,19,21,2024-04-14,validation,mlb_statcast,70,double,0.57,xwOBA,0.915,persisted_estimated_woba_value,3,5,3,0,2,False,15,15
746407,664299,1,48,52,11,11,2024-04-03,validation,mlb_statcast,52,walk,0.563,xwOBA+BB/HBP,0.689131,persisted_estimated_woba_value,3,5,1,4,2,False,15,15
746407,664299,2,59,64,13,13,2024-04-03,validation,mlb_statcast,64,walk,0.46,xwOBA+BB/HBP,0.689131,persisted_estimated_woba_value,3,6,1,5,2,False,15,15
746408,641540,1,4,15,2,5,2024-04-12,validation,mlb_statcast,6,field_out,0.526,xwOBA,0.035,persisted_estimated_woba_value,2,12,4,2,1,True,0,0
746408,641540,2,41,48,11,12,2024-04-12,validation,mlb_statcast,43,hit_by_pitch,0.47,xwOBA+BB/HBP,0.720192,persisted_estimated_woba_value,3,8,2,2,2,False,15,15
746408,641540,3,53,60,15,16,2024-04-12,validation,mlb_statcast,58,single,0.489,xwOBA,0.581,persisted_estimated_woba_value,3,8,2,5,2,False,15,13
746410,573186,1,58,68,15,16,2024-03-30,validation,mlb_statcast,61,field_out,0.588,xwOBA,0.59,persisted_estimated_woba_value,3,11,2,3,2,False,15,15
746410,573186,2,74,75,20,20,2024-03-30,validation,mlb_statcast,75,force_out,0.518,xwOBA,0.364,persisted_estimated_woba_value,3,2,1,1,2,False,15,15
746412,664299,1,39,39,11,11,2024-03-29,validation,mlb_statcast,39,single,0.462,xwOBA,0.554,persisted_estimated_woba_value,3,1,1,0,2,False,15,15
746415,681857,1,7,18,2,4,2024-09-26,validation,mlb_statcast,9,field_out,0.543,xwOBA,1.0830857142857149,persisted_estimated_woba_value,2,12,3,2,1,True,0,0
746418,641482,1,5,21,2,5,2024-03-28,validation,mlb_statcast,5,single,0.454,xwOBA,0.909,persisted_estimated_woba_value,2,17,4,0,1,True,0,0
746418,641482,2,28,43,7,11,2024-03-28,validation,mlb_statcast,30,single,0.613,xwOBA,0.748,persisted_estimated_woba_value,3,16,5,2,2,False,7,7
746438,543037,1,90,90,22,22,2024-08-16,validation,mlb_statcast,90,field_out,0.523,xwOBA,0.291,persisted_estimated_woba_value,3,1,1,0,2,False,15,15
746443,666142,1,13,28,4,6,2024-08-02,validation,mlb_statcast,18,home_run,0.46,xwOBA,1.3687575757575758,persisted_estimated_woba_value,3,16,3,5,2,True,0,0
746451,594902,1,80,80,24,24,2024-07-09,validation,mlb_statcast,80,home_run,0.47,xwOBA,0.6898571428571427,persisted_estimated_woba_value,3,1,1,0,2,False,15,15
746452,656427,1,24,29,8,10,2024-07-11,validation,mlb_statcast,24,home_run,0.455,xwOBA,0.874037037037037,persisted_estimated_woba_value,3,6,3,0,2,False,3,3
746452,656427,2,47,50,15,15,2024-07-11,validation,mlb_statcast,50,walk,0.459,xwOBA+BB/HBP,0.689131,persisted_estimated_woba_value,3,4,1,3,2,False,15,15
746453,681857,1,37,47,10,12,2024-07-10,validation,mlb_statcast,41,double,0.586,xwOBA,0.883,persisted_estimated_woba_value,3,11,3,4,2,False,15,15
746457,681857,1,21,32,5,7,2024-06-23,validation,mlb_statcast,21,field_out,0.557,xwOBA,0.74275,persisted_estimated_woba_value,3,12,3,0,2,False,0,0
746457,681857,2,94,97,22,23,2024-06-23,validation,mlb_statcast,94,double,0.508,xwOBA,0.898,persisted_estimated_woba_value,3,4,2,0,2,False,15,15
746458,605400,1,45,48,14,14,2024-06-24,validation,mlb_statcast,48,field_out,0.481,xwOBA,0.733,persisted_estimated_woba_value,3,4,1,3,2,False,15,15
746460,656427,1,72,83,19,21,2024-06-21,validation,mlb_statcast,72,home_run,0.596,xwOBA,1.561090909090909,persisted_estimated_woba_value,3,12,3,0,2,False,15,14
746460,656427,2,95,98,24,24,2024-06-21,validation,mlb_statcast,98,walk,0.606,xwOBA,0.689131,persisted_estimated_woba_value,3,4,1,3,2,False,15,15
746462,681857,1,33,49,11,13,2024-06-12,validation,mlb_statcast,38,walk,0.641,xwOBA,0.689131,persisted_estimated_woba_value,3,17,3,5,2,False,12,12
746462,681857,2,57,57,16,16,2024-06-12,validation,mlb_statcast,57,sac_fly,0.462,xwOBA,0.507,persisted_estimated_woba_value,3,1,1,0,2,False,15,15
746462,681857,3,88,91,26,27,2024-06-12,validation,mlb_statcast,90,single,0.63,xwOBA,0.879,persisted_estimated_woba_value,3,4,2,2,2,False,15,15
746466,681857,1,21,28,6,8,2024-06-07,validation,mlb_statcast,22,double,0.582,xwOBA,1.1421904761904764,persisted_estimated_woba_value,3,8,3,1,2,False,0,0
746466,681857,2,32,47,10,13,2024-06-07,validation,mlb_statcast,33,single,0.59,xwOBA,0.915,persisted_estimated_woba_value,3,16,4,1,2,False,11,11
746466,681857,3,67,78,19,21,2024-06-07,validation,mlb_statcast,69,double,0.507,xwOBA,0.735,persisted_estimated_woba_value,3,12,3,2,2,False,15,15
746469,579328,1,9,37,3,11,2024-05-26,validation,mlb_statcast,14,field_out,0.457,xwOBA,0.901,persisted_estimated_woba_value,3,29,9,5,2,True,0,0
746469,579328,2,43,45,13,13,2024-05-26,validation,mlb_statcast,45,field_out,0.483,xwOBA,0.268,persisted_estimated_woba_value,3,3,1,2,2,False,15,15
746469,579328,3,50,56,15,17,2024-05-26,validation,mlb_statcast,51,home_run,0.618,xwOBA,1.5845454545454545,persisted_estimated_woba_value,3,7,3,1,2,False,15,15
746473,681857,1,12,20,4,6,2024-05-14,validation,mlb_statcast,13,field_out,0.608,xwOBA,1.5578648648648643,persisted_estimated_woba_value,3,9,3,1,2,True,0,0
746473,681857,2,76,84,22,23,2024-05-14,validation,mlb_statcast,80,single,0.526,xwOBA,0.911,persisted_estimated_woba_value,3,9,2,4,2,False,15,15
746476,656427,1,79,86,19,20,2024-05-12,validation,mlb_statcast,83,home_run,0.65,xwOBA,1.0794444444444449,persisted_estimated_woba_value,3,8,2,4,2,False,15,15
746477,502043,1,12,22,6,8,2024-04-30,validation,mlb_statcast,13,field_out,0.603,xwOBA,1.6032142857142853,persisted_estimated_woba_value,3,11,3,1,2,True,0,0
746477,502043,2,28,37,10,12,2024-04-30,validation,mlb_statcast,30,home_run,0.749,xwOBA,1.9067391304347825,persisted_estimated_woba_value,3,10,3,2,2,False,7,7
746477,502043,3,57,60,18,18,2024-04-30,validation,mlb_statcast,60,field_out,0.535,xwOBA,0.6876666666666665,persisted_estimated_woba_value,3,4,1,3,2,False,15,15
746477,502043,4,76,79,24,24,2024-04-30,validation,mlb_statcast,79,force_out,0.497,xwOBA,0.2,persisted_estimated_woba_value,3,4,1,3,2,False,15,15
746477,656427,1,35,36,10,10,2024-04-30,validation,mlb_statcast,36,field_out,0.489,xwOBA,0.165,persisted_estimated_woba_value,3,2,1,1,2,False,14,14
746480,664299,1,10,15,3,4,2024-05-11,validation,mlb_statcast,14,walk,0.481,xwOBA+BB/HBP,0.689131,persisted_estimated_woba_value,3,6,2,4,2,True,0,0
746480,664299,2,30,34,8,8,2024-05-11,validation,mlb_statcast,34,walk,0.5,xwOBA,0.689131,persisted_estimated_woba_value,3,5,1,4,2,False,9,9
746480,664299,3,38,50,10,13,2024-05-11,validation,mlb_statcast,41,walk,0.599,xwOBA+BB/HBP,0.689131,persisted_estimated_woba_value,3,13,4,3,2,False,15,15
746482,681857,1,23,35,8,11,2024-04-26,validation,mlb_statcast,25,single,0.482,xwOBA,0.745,persisted_estimated_woba_value,3,13,4,2,2,False,2,2
746482,681857,2,79,85,23,23,2024-04-26,validation,mlb_statcast,85,walk,0.513,xwOBA,0.689131,persisted_estimated_woba_value,3,7,1,6,2,False,15,15
746484,663903,1,15,25,3,4,2024-04-27,validation,mlb_statcast,19,walk,0.472,xwOBA+BB/HBP,0.689131,persisted_estimated_woba_value,3,11,2,4,2,True,0,0
746484,663903,2,33,39,7,8,2024-04-27,validation,mlb_statcast,37,triple,0.56,xwOBA,0.767,persisted_estimated_woba_value,3,7,2,4,2,False,12,12
746484,663903,3,64,79,17,19,2024-04-27,validation,mlb_statcast,68,single,0.58,xwOBA,0.89,persisted_estimated_woba_value,3,16,3,4,2,False,15,15
746487,641540,1,12,28,4,6,2024-04-17,validation,mlb_statcast,16,home_run,0.669,xwOBA,1.9288888888888889,persisted_estimated_woba_value,3,17,3,4,2,True,0,0
746487,641540,2,52,63,12,13,2024-04-17,validation,mlb_statcast,59,walk,0.459,xwOBA+BB/HBP,0.689131,persisted_estimated_woba_value,3,12,2,7,2,False,15,15
746487,641540,3,79,97,18,21,2024-04-17,validation,mlb_statcast,83,field_out,0.573,xwOBA,1.3089615384615385,persisted_estimated_woba_value,3,19,4,4,2,False,15,15
746488,681857,1,67,69,18,18,2024-04-15,validation,mlb_statcast,69,single,0.557,xwOBA,0.506,persisted_estimated_woba_value,3,3,1,2,2,False,15,15
746492,656427,1,9,10,4,4,2024-04-14,validation,mlb_statcast,10,single,0.476,xwOBA,0.696,persisted_estimated_woba_value,3,2,1,1,2,True,0,0
746492,656427,2,32,47,9,12,2024-04-14,validation,mlb_statcast,32,single,0.536,xwOBA,0.901,persisted_estimated_woba_value,3,16,4,0,2,False,11,11
746492,656427,3,85,94,25,27,2024-04-14,validation,mlb_statcast,86,field_out,0.584,xwOBA,0.846,persisted_estimated_woba_value,3,10,3,1,2,False,15,14
746493,656427,1,2,8,2,3,2024-04-07,validation,mlb_statcast,6,triple,0.476,xwOBA,0.075,persisted_estimated_woba_value,2,7,2,4,1,True,0,0
746493,656427,2,34,48,11,13,2024-04-07,validation,mlb_statcast,36,home_run,0.948,xwOBA,1.9139615384615385,persisted_estimated_woba_value,3,15,3,2,2,False,13,13
746493,656427,3,65,66,18,18,2024-04-07,validation,mlb_statcast,66,single,0.525,xwOBA,0.885,persisted_estimated_woba_value,3,2,1,1,2,False,15,15
746493,656427,4,83,87,23,25,2024-04-07,validation,mlb_statcast,83,field_out,0.577,xwOBA,0.8794666666666667,persisted_estimated_woba_value,3,5,3,0,2,False,15,15
746495,502043,1,19,27,4,6,2024-09-26,validation,mlb_statcast,21,single,0.66,xwOBA,1.2899615384615388,persisted_estimated_woba_value,3,9,3,2,2,True,0,0
746495,502043,2,44,53,11,13,2024-09-26,validation,mlb_statcast,44,field_out,0.604,xwOBA,0.664,persisted_estimated_woba_value,3,10,3,0,2,False,15,15
746495,502043,3,55,58,15,15,2024-09-26,validation,mlb_statcast,58,walk,0.51,xwOBA+BB/HBP,0.689131,persisted_estimated_woba_value,3,4,1,3,2,False,15,15
746495,502043,4,63,68,17,19,2024-09-26,validation,mlb_statcast,65,double,0.666,xwOBA,1.3089615384615385,persisted_estimated_woba_value,3,6,3,2,2,False,15,15
746495,607536,1,4,30,2,7,2024-09-26,validation,mlb_statcast,4,home_run,0.894,xwOBA,1.2899615384615388,persisted_estimated_woba_value,2,27,6,0,1,True,0,0
746495,607536,2,40,46,10,12,2024-09-26,validation,mlb_statcast,40,double,0.674,xwOBA,0.6762631578947369,persisted_estimated_woba_value,3,7,3,0,2,False,15,15
746495,607536,3,82,85,22,23,2024-09-26,validation,mlb_statcast,84,home_run,0.704,xwOBA,2.0,persisted_estimated_woba_value,3,4,2,2,2,False,15,15
746500,593958,1,45,48,11,12,2024-09-18,validation,mlb_statcast,45,single,0.57,xwOBA,0.692,persisted_estimated_woba_value,3,4,2,0,2,False,15,15
746506,543294,1,18,30,7,9,2024-09-15,validation,mlb_statcast,19,home_run,0.505,xwOBA,1.2330444444444444,persisted_estimated_woba_value,3,13,3,1,2,True,0,0
746506,543294,2,60,73,18,20,2024-09-15,validation,mlb_statcast,65,single,0.531,xwOBA,0.904,persisted_estimated_woba_value,3,14,3,5,2,False,15,15
746508,607536,1,39,48,13,15,2024-09-14,validation,mlb_statcast,42,home_run,0.657,xwOBA,1.1985087719298244,persisted_estimated_woba_value,3,10,3,3,2,False,15,15
746508,607536,2,68,79,22,24,2024-09-14,validation,mlb_statcast,71,field_out,0.54,xwOBA,1.3250199999999994,persisted_estimated_woba_value,3,12,3,3,2,False,15,15
746508,607536,3,81,89,26,28,2024-09-14,validation,mlb_statcast,82,home_run,0.699,xwOBA,1.2330444444444444,persisted_estimated_woba_value,3,9,3,1,2,False,15,15
746512,607536,1,58,60,16,16,2024-08-28,validation,mlb_statcast,60,single,0.457,xwOBA,0.644,persisted_estimated_woba_value,3,3,1,2,2,False,15,15
746512,607536,2,72,75,20,20,2024-08-28,validation,mlb_statcast,75,single,0.503,xwOBA,0.201,persisted_estimated_woba_value,3,4,1,3,2,False,15,15
746513,665795,1,70,71,17,17,2024-08-26,validation,mlb_statcast,71,single,0.55,xwOBA,0.539,persisted_estimated_woba_value,3,2,1,1,2,False,15,15
746513,665795,2,76,79,19,19,2024-08-26,validation,mlb_statcast,79,single,0.477,xwOBA,0.776,persisted_estimated_woba_value,3,4,1,3,2,False,15,15
746513,665795,3,85,102,21,23,2024-08-26,validation,mlb_statcast,91,home_run,0.767,xwOBA,1.5235,persisted_estimated_woba_value,3,18,3,6,2,False,15,15
746515,607536,1,25,26,9,9,2024-08-17,validation,mlb_statcast,26,field_out,0.49,xwOBA,0.687,persisted_estimated_woba_value,3,2,1,1,2,False,4,4
746515,607536,2,44,50,13,14,2024-08-17,validation,mlb_statcast,48,walk,0.459,xwOBA+BB/HBP,0.689131,persisted_estimated_woba_value,3,7,2,4,2,False,15,15
746515,607536,3,69,74,18,20,2024-08-17,validation,mlb_statcast,72,single,0.646,xwOBA,0.784,persisted_estimated_woba_value,3,6,3,3,2,False,15,15
746515,656302,1,54,66,13,15,2024-08-17,validation,mlb_statcast,56,force_out,0.7,xwOBA,0.922,persisted_estimated_woba_value,3,13,3,2,2,False,15,14
746515,656302,2,70,74,17,17,2024-08-17,validation,mlb_statcast,74,walk,0.512,xwOBA+BB/HBP,0.689131,persisted_estimated_woba_value,3,5,1,4,2,False,15,15
746515,656302,3,84,101,21,24,2024-08-17,validation,mlb_statcast,88,single,0.556,xwOBA,0.758,persisted_estimated_woba_value,3,18,4,4,2,False,15,15
746516,605397,1,43,53,10,13,2024-08-18,validation,mlb_statcast,46,field_out,0.517,xwOBA,0.492,persisted_estimated_woba_value,3,11,4,3,2,False,15,15
746517,607536,1,5,23,2,4,2024-08-11,validation,mlb_statcast,10,home_run,0.684,xwOBA,1.3472622950819673,persisted_estimated_woba_value,2,19,3,5,1,True,0,0
746517,607536,2,38,46,8,9,2024-08-11,validation,mlb_statcast,38,field_out,0.496,xwOBA,0.639,persisted_estimated_woba_value,3,9,2,0,2,False,15,15
746517,607536,3,61,65,14,15,2024-08-11,validation,mlb_statcast,62,home_run,0.899,xwOBA,2.0,persisted_estimated_woba_value,3,5,2,1,2,False,15,15
746519,607536,1,72,73,20,20,2024-08-06,validation,mlb_statcast,73,single,0.513,xwOBA,0.92,persisted_estimated_woba_value,3,2,1,1,2,False,15,15
746519,622663,1,19,28,6,8,2024-08-06,validation,mlb_statcast,21,single,0.557,xwOBA,0.95,persisted_estimated_woba_value,3,10,3,2,2,True,0,0
746519,622663,2,42,42,12,12,2024-08-06,validation,mlb_statcast,42,single,0.551,xwOBA,0.775,persisted_estimated_woba_value,3,1,1,0,2,False,15,15
746522,656849,1,40,58,11,15,2024-08-08,validation,mlb_statcast,47,walk,0.523,xwOBA,0.689131,persisted_estimated_woba_value,3,19,5,7,2,False,15,15
746522,656849,2,74,88,20,22,2024-08-08,validation,mlb_statcast,77,walk,0.649,xwOBA,0.689131,persisted_estimated_woba_value,3,15,3,3,2,False,15,15
746527,607536,1,38,44,9,11,2024-07-20,validation,mlb_statcast,41,home_run,0.459,xwOBA,1.3687575757575758,persisted_estimated_woba_value,3,7,3,3,2,False,15,15
746527,607536,2,48,54,13,14,2024-07-20,validation,mlb_statcast,50,field_out,0.511,xwOBA,0.6026363636363636,persisted_estimated_woba_value,3,7,2,2,2,False,15,15
746527,607536,3,58,61,16,16,2024-07-20,validation,mlb_statcast,61,triple,0.512,xwOBA,1.1421904761904764,persisted_estimated_woba_value,3,4,1,3,2,False,15,15
746527,607536,4,68,72,18,18,2024-07-20,validation,mlb_statcast,72,double,0.501,xwOBA,0.362,persisted_estimated_woba_value,3,5,1,4,2,False,15,15
746527,607536,5,78,79,20,20,2024-07-20,validation,mlb_statcast,79,field_out,0.461,xwOBA,0.508,persisted_estimated_woba_value,3,2,1,1,2,False,15,15
746527,657277,1,8,18,2,4,2024-07-20,validation,mlb_statcast,11,single,0.708,xwOBA,0.727,persisted_estimated_woba_value,2,11,3,3,1,True,0,0
746527,657277,2,48,61,13,15,2024-07-20,validation,mlb_statcast,53,walk,0.484,xwOBA+BB/HBP,0.689131,persisted_estimated_woba_value,3,14,3,5,2,False,15,15
746527,657277,3,76,84,21,23,2024-07-20,validation,mlb_statcast,76,home_run,0.876,xwOBA,1.948941176470588,persisted_estimated_woba_value,3,9,3,0,2,False,15,13
746530,663903,1,28,31,9,9,2024-07-07,validation,mlb_statcast,31,single,0.53,xwOBA,0.902,persisted_estimated_woba_value,3,4,1,3,2,False,7,7
746530,663903,2,56,57,17,17,2024-07-07,validation,mlb_statcast,57,grounded_into_double_play,0.508,xwOBA,0.355,persisted_estimated_woba_value,3,2,1,1,2,False,15,14
746530,663903,3,81,86,25,27,2024-07-07,validation,mlb_statcast,82,single,0.541,xwOBA,0.735,persisted_estimated_woba_value,3,6,3,1,2,False,15,14
746533,607536,1,3,6,2,2,2024-07-05,validation,mlb_statcast,6,double,0.524,xwOBA,0.704,persisted_estimated_woba_value,2,4,1,3,1,True,0,0
746533,607536,2,10,12,4,4,2024-07-05,validation,mlb_statcast,12,single,0.502,xwOBA,0.801,persisted_estimated_woba_value,3,3,1,2,2,True,0,0
746533,607536,3,17,18,6,6,2024-07-05,validation,mlb_statcast,18,single,0.522,xwOBA,0.52,persisted_estimated_woba_value,3,2,1,1,2,True,0,0
746533,607536,4,27,37,11,13,2024-07-05,validation,mlb_statcast,27,single,0.475,xwOBA,0.931,persisted_estimated_woba_value,3,11,3,0,2,False,6,6
746533,607536,5,80,86,26,26,2024-07-05,validation,mlb_statcast,86,field_out,0.58,xwOBA,0.7041333333333332,persisted_estimated_woba_value,3,7,1,6,2,False,15,15
746533,666142,1,52,59,15,16,2024-07-05,validation,mlb_statcast,55,walk,0.532,xwOBA,0.689131,persisted_estimated_woba_value,3,8,2,3,2,False,15,15
746533,666142,2,70,73,20,20,2024-07-05,validation,mlb_statcast,73,single,0.496,xwOBA,0.354,persisted_estimated_woba_value,3,4,1,3,2,False,15,15
746533,666142,3,78,86,23,24,2024-07-05,validation,mlb_statcast,82,single,0.592,xwOBA,0.908,persisted_estimated_woba_value,3,9,2,4,2,False,15,15
746536,607536,1,13,22,5,7,2024-06-23,validation,mlb_statcast,14,field_out,0.454,xwOBA,1.1186603773584909,persisted_estimated_woba_value,3,10,3,1,2,True,0,0
746551,671106,1,28,48,6,9,2024-05-29,validation,mlb_statcast,34,walk,0.512,xwOBA,0.689131,persisted_estimated_woba_value,3,21,4,6,2,False,7,7
746551,671106,2,55,59,11,13,2024-05-29,validation,mlb_statcast,55,home_run,0.74,xwOBA,1.3296944444444447,persisted_estimated_woba_value,3,5,3,0,2,False,15,15
746556,605400,1,18,26,4,5,2024-05-25,validation,mlb_statcast,21,walk,0.459,xwOBA+BB/HBP,0.689131,persisted_estimated_woba_value,3,9,2,3,2,True,0,0
746558,650911,1,3,13,2,3,2024-05-24,validation,mlb_statcast,9,single,0.826,xwOBA,0.774,persisted_estimated_woba_value,2,11,2,6,1,True,0,0
746558,650911,2,30,32,9,9,2024-05-24,validation,mlb_statcast,32,field_out,0.465,xwOBA,0.249,persisted_estimated_woba_value,3,3,1,2,2,False,9,9
746558,650911,3,58,67,18,20,2024-05-24,validation,mlb_statcast,60,single,0.677,xwOBA,0.737,persisted_estimated_woba_value,3,10,3,2,2,False,15,15
746565,656302,1,40,43,12,12,2024-04-22,validation,mlb_statcast,43,sac_fly,0.592,xwOBA,0.7020909090909092,persisted_estimated_woba_value,3,4,1,3,2,False,15,14
746566,650633,1,58,77,17,21,2024-04-23,validation,mlb_statcast,60,home_run,0.769,xwOBA,1.643431818181818,persisted_estimated_woba_value,3,20,5,2,2,False,15,15
746569,607536,1,42,53,13,15,2024-04-08,validation,mlb_statcast,43,single,0.546,xwOBA,0.812,persisted_estimated_woba_value,3,12,3,1,2,False,15,15
746578,594902,1,16,29,5,7,2024-09-28,validation,mlb_statcast,17,single,0.466,xwOBA,0.836,persisted_estimated_woba_value,3,14,3,1,2,True,0,0
746578,594902,2,45,57,13,14,2024-09-28,validation,mlb_statcast,49,walk,0.463,xwOBA+BB/HBP,0.689131,persisted_estimated_woba_value,3,13,2,4,2,False,15,14
746585,594902,1,15,24,6,8,2024-09-15,validation,mlb_statcast,15,field_out,0.618,xwOBA,1.0021071428571429,persisted_estimated_woba_value,3,10,3,0,2,True,0,0
746593,594902,1,84,94,22,24,2024-08-30,validation,mlb_statcast,86,double,0.752,xwOBA,1.3250199999999994,persisted_estimated_woba_value,3,11,3,2,2,False,15,15
746596,671106,1,3,7,2,2,2024-08-26,validation,mlb_statcast,7,walk,0.522,xwOBA,0.689131,persisted_estimated_woba_value,2,5,1,4,1,True,0,0
746596,671106,2,11,14,4,4,2024-08-26,validation,mlb_statcast,14,walk,0.533,xwOBA+BB/HBP,0.689131,persisted_estimated_woba_value,3,4,1,3,2,True,0,0
746596,671106,3,18,27,6,8,2024-08-26,validation,mlb_statcast,20,home_run,0.831,xwOBA,1.7464000000000002,persisted_estimated_woba_value,3,10,3,2,2,True,0,0
746596,671106,4,33,36,10,12,2024-08-26,validation,mlb_statcast,34,single,0.469,xwOBA,0.814,persisted_estimated_woba_value,3,4,3,1,2,False,12,12
746596,671106,5,39,42,15,15,2024-08-26,validation,mlb_statcast,42,single,0.457,xwOBA,0.757,persisted_estimated_woba_value,3,4,1,3,2,False,15,15
746596,671106,6,45,54,17,19,2024-08-26,validation,mlb_statcast,48,walk,0.483,xwOBA,0.689131,persisted_estimated_woba_value,3,10,3,3,2,False,15,15
746596,671106,7,59,71,22,24,2024-08-26,validation,mlb_statcast,65,home_run,0.608,xwOBA,1.3687575757575758,persisted_estimated_woba_value,3,13,3,6,2,False,15,15
746596,679525,1,3,16,2,4,2024-08-26,validation,mlb_statcast,4,single,0.499,xwOBA,0.53,persisted_estimated_woba_value,2,14,3,1,1,True,0,0
746596,679525,2,69,77,17,18,2024-08-26,validation,mlb_statcast,73,walk,0.568,xwOBA,0.689131,persisted_estimated_woba_value,3,9,2,4,2,False,15,15
746599,594902,1,64,65,16,17,2024-08-24,validation,mlb_statcast,64,double,0.503,xwOBA,0.914,persisted_estimated_woba_value,3,2,2,0,2,False,15,15
746600,671106,1,2,30,2,8,2024-08-05,validation,mlb_statcast,5,home_run,1.127,xwOBA+barrels,1.1802380952380946,persisted_estimated_woba_value,2,29,7,3,1,True,0,0
746602,593958,1,8,11,4,6,2024-08-07,validation,mlb_statcast,8,home_run,0.539,xwOBA,1.6032142857142853,persisted_estimated_woba_value,3,4,3,0,2,True,0,0
746602,593958,2,24,27,11,12,2024-08-07,validation,mlb_statcast,25,single,0.639,xwOBA,0.926,persisted_estimated_woba_value,3,4,2,1,2,False,3,3
746602,593958,3,58,65,21,23,2024-08-07,validation,mlb_statcast,60,home_run,0.615,xwOBA,1.6032142857142853,persisted_estimated_woba_value,3,8,3,2,2,False,15,15
746603,594902,1,14,32,5,7,2024-08-12,validation,mlb_statcast,19,walk,0.557,xwOBA,0.689131,persisted_estimated_woba_value,3,19,3,5,2,True,0,0
746603,594902,2,41,52,10,12,2024-08-12,validation,mlb_statcast,44,home_run,0.88,xwOBA,1.8444090909090909,persisted_estimated_woba_value,3,12,3,3,2,False,15,15
746603,594902,3,61,79,15,20,2024-08-12,validation,mlb_statcast,65,field_out,0.546,xwOBA,0.818,persisted_estimated_woba_value,3,19,6,4,2,False,15,15
746604,594902,1,19,22,5,5,2024-08-07,validation,mlb_statcast,22,field_out,0.555,xwOBA,0.488,persisted_estimated_woba_value,3,4,1,3,2,True,0,0
746604,594902,2,26,42,7,10,2024-08-07,validation,mlb_statcast,30,walk,0.566,xwOBA,0.689131,persisted_estimated_woba_value,3,17,4,4,2,False,5,5
746604,594902,3,80,85,20,20,2024-08-07,validation,mlb_statcast,85,walk,0.602,xwOBA+BB/HBP,0.689131,persisted_estimated_woba_value,3,6,1,5,2,False,15,15
746606,669203,1,3,10,2,2,2024-08-04,validation,mlb_statcast,10,walk,0.455,xwOBA,0.689131,persisted_estimated_woba_value,2,8,1,7,1,True,0,0
746606,669203,2,62,65,17,17,2024-08-04,validation,mlb_statcast,65,force_out,0.481,xwOBA,0.125,persisted_estimated_woba_value,3,4,1,3,2,False,15,15
746606,669203,3,85,92,22,23,2024-08-04,validation,mlb_statcast,87,home_run,0.687,xwOBA,1.8270857142857144,persisted_estimated_woba_value,3,8,2,2,2,False,15,15
746607,594902,1,12,14,3,3,2024-08-01,validation,mlb_statcast,14,double,0.492,xwOBA,0.713,persisted_estimated_woba_value,3,3,1,2,2,True,0,0
746607,594902,2,62,67,13,15,2024-08-01,validation,mlb_statcast,63,home_run,0.74,xwOBA,2.003,persisted_estimated_woba_value,3,6,3,1,2,False,15,15
746611,656427,1,44,49,11,11,2024-07-24,validation,mlb_statcast,49,single,0.544,xwOBA,0.943,persisted_estimated_woba_value,3,6,1,5,2,False,15,15
746611,656427,2,57,62,13,13,2024-07-24,validation,mlb_statcast,62,walk,0.544,xwOBA,0.689131,persisted_estimated_woba_value,3,6,1,5,2,False,15,15
746615,671106,1,41,47,11,12,2024-07-06,validation,mlb_statcast,41,single,0.474,xwOBA,0.672,persisted_estimated_woba_value,3,7,2,0,2,False,15,15
746615,671106,2,92,93,21,21,2024-07-06,validation,mlb_statcast,93,single,0.465,xwOBA,0.706,persisted_estimated_woba_value,3,2,1,1,2,False,15,15
746619,594902,1,32,46,10,12,2024-07-04,validation,mlb_statcast,36,single,0.618,xwOBA,0.901,persisted_estimated_woba_value,3,15,3,4,2,False,11,11
746619,594902,2,86,93,24,25,2024-07-04,validation,mlb_statcast,90,home_run,0.597,xwOBA,1.3900166666666676,persisted_estimated_woba_value,3,8,2,4,2,False,15,15
746621,579328,1,21,27,5,6,2024-06-23,validation,mlb_statcast,23,single,0.725,xwOBA,0.827,persisted_estimated_woba_value,3,7,2,2,2,False,0,0
746621,579328,2,46,59,13,15,2024-06-23,validation,mlb_statcast,47,double,0.744,xwOBA,1.328,persisted_estimated_woba_value,3,14,3,1,2,False,15,15
746622,594902,1,65,82,17,22,2024-06-22,validation,mlb_statcast,69,walk,0.531,xwOBA,0.689131,persisted_estimated_woba_value,3,18,6,4,2,False,15,15
746628,666142,1,21,27,6,6,2024-08-26,validation,mlb_statcast,27,walk,0.459,xwOBA+BB/HBP,0.689131,persisted_estimated_woba_value,3,7,1,6,2,False,0,0
746628,666142,2,30,43,8,10,2024-08-26,validation,mlb_statcast,34,hit_by_pitch,0.519,xwOBA+BB/HBP,0.720192,persisted_estimated_woba_value,3,14,3,4,2,False,9,9
746628,666142,3,91,94,20,20,2024-08-26,validation,mlb_statcast,94,walk,0.539,xwOBA,0.689131,persisted_estimated_woba_value,3,4,1,3,2,False,15,15
746629,594902,1,23,34,8,9,2024-06-01,validation,mlb_statcast,30,field_out,0.526,xwOBA,0.613,persisted_estimated_woba_value,3,12,2,7,2,False,2,2
746631,663903,1,7,14,3,3,2024-06-06,validation,mlb_statcast,14,walk,0.521,xwOBA,0.689131,persisted_estimated_woba_value,3,8,1,7,2,True,0,0
746631,663903,2,38,49,12,14,2024-06-06,validation,mlb_statcast,43,home_run,0.61,xwOBA,1.693822222222222,persisted_estimated_woba_value,3,12,3,5,2,False,15,15
746631,663903,3,67,70,20,21,2024-06-06,validation,mlb_statcast,67,single,0.518,xwOBA,0.459,persisted_estimated_woba_value,3,4,2,0,2,False,15,13
746637,594902,1,11,15,4,5,2024-05-20,validation,mlb_statcast,13,double,0.52,xwOBA,0.689,persisted_estimated_woba_value,3,5,2,2,2,True,0,0
746637,594902,2,36,43,10,11,2024-05-20,validation,mlb_statcast,41,field_out,0.483,xwOBA,0.4,persisted_estimated_woba_value,3,8,2,5,2,False,15,15
746638,671106,1,14,55,5,13,2024-05-07,validation,mlb_statcast,19,double,0.567,xwOBA,1.3250199999999994,persisted_estimated_woba_value,3,42,9,5,2,True,0,0
746638,671106,2,61,67,15,15,2024-05-07,validation,mlb_statcast,67,double,0.488,xwOBA,0.55,persisted_estimated_woba_value,3,7,1,6,2,False,15,15
746639,656427,1,20,23,5,6,2024-05-06,validation,mlb_statcast,20,single,0.458,xwOBA,0.663,persisted_estimated_woba_value,3,4,2,0,2,True,0,0
746639,656427,2,28,32,8,8,2024-05-06,validation,mlb_statcast,32,single,0.498,xwOBA,0.882,persisted_estimated_woba_value,3,5,1,4,2,False,7,7
746639,656427,3,72,79,19,19,2024-05-06,validation,mlb_statcast,79,field_out,0.476,xwOBA,0.4911666666666666,persisted_estimated_woba_value,3,8,1,7,2,False,15,15
746640,681857,1,8,13,4,4,2024-05-08,validation,mlb_statcast,13,walk,0.51,xwOBA,0.689131,persisted_estimated_woba_value,3,6,1,5,2,True,0,0
746640,681857,2,17,22,6,6,2024-05-08,validation,mlb_statcast,22,walk,0.543,xwOBA+BB/HBP,0.689131,persisted_estimated_woba_value,3,6,1,5,2,True,0,0
746642,671106,1,4,9,2,2,2024-05-18,validation,mlb_statcast,9,walk,0.634,xwOBA,0.689131,persisted_estimated_woba_value,2,6,1,5,1,True,0,0
746642,671106,2,64,74,16,17,2024-05-18,validation,mlb_statcast,69,field_out,0.487,xwOBA,0.713,persisted_estimated_woba_value,3,11,2,5,2,False,15,15
746642,671106,3,85,89,21,22,2024-05-18,validation,mlb_statcast,86,field_out,0.531,xwOBA,0.791,persisted_estimated_woba_value,3,5,2,1,2,False,15,15
746644,594902,1,37,45,11,13,2024-05-04,validation,mlb_statcast,38,field_out,0.479,xwOBA,0.696,persisted_estimated_woba_value,3,9,3,1,2,False,15,15
746644,594902,2,63,75,18,20,2024-05-04,validation,mlb_statcast,66,walk,0.459,xwOBA+BB/HBP,0.689131,persisted_estimated_woba_value,3,13,3,3,2,False,15,13
746647,594902,1,18,26,4,5,2024-04-23,validation,mlb_statcast,21,field_out,0.461,xwOBA,0.241,persisted_estimated_woba_value,3,9,2,3,2,True,0,0
746647,594902,2,79,89,22,23,2024-04-23,validation,mlb_statcast,83,home_run,0.624,xwOBA,1.1186603773584909,persisted_estimated_woba_value,3,11,2,4,2,False,15,14
746648,641482,1,55,65,13,15,2024-04-14,validation,mlb_statcast,55,double,0.516,xwOBA,0.867,persisted_estimated_woba_value,3,11,3,0,2,False,15,13
746648,641482,2,81,94,19,21,2024-04-14,validation,mlb_statcast,86,home_run,0.662,xwOBA,1.8420851063829784,persisted_estimated_woba_value,3,14,3,5,2,False,15,15
746648,671106,1,5,8,2,2,2024-04-14,validation,mlb_statcast,8,field_out,0.58,xwOBA,0.598,persisted_estimated_woba_value,2,4,1,3,1,True,0,0
746648,671106,2,41,55,11,14,2024-04-14,validation,mlb_statcast,45,single,0.457,xwOBA,0.581,persisted_estimated_woba_value,3,15,4,4,2,False,15,13
746648,671106,3,66,69,17,17,2024-04-14,validation,mlb_statcast,69,home_run,0.49,xwOBA,1.2136304347826088,persisted_estimated_woba_value,3,4,1,3,2,False,15,13
746648,671106,4,72,75,19,19,2024-04-14,validation,mlb_statcast,75,field_out,0.493,xwOBA,0.255,persisted_estimated_woba_value,3,4,1,3,2,False,15,14
746648,671106,5,77,80,21,21,2024-04-14,validation,mlb_statcast,80,field_out,0.481,xwOBA,0.8861904761904762,persisted_estimated_woba_value,3,4,1,3,2,False,15,14
746651,671106,1,2,10,2,2,2024-04-20,validation,mlb_statcast,10,walk,0.478,xwOBA,0.689131,persisted_estimated_woba_value,2,9,1,8,1,True,0,0
746651,671106,2,15,19,4,4,2024-04-20,validation,mlb_statcast,19,walk,0.46,xwOBA+BB/HBP,0.689131,persisted_estimated_woba_value,3,5,1,4,2,True,0,0
746651,671106,3,24,26,6,6,2024-04-20,validation,mlb_statcast,26,field_error,0.493,xwOBA,0.423,persisted_estimated_woba_value,3,3,1,2,2,False,3,3
746651,671106,4,42,57,10,12,2024-04-20,validation,mlb_statcast,48,walk,0.609,xwOBA,0.689131,persisted_estimated_woba_value,3,16,3,6,2,False,15,10
746651,671106,5,77,82,18,20,2024-04-20,validation,mlb_statcast,77,home_run,0.555,xwOBA,0.9947631578947372,persisted_estimated_woba_value,3,6,3,0,2,False,15,13
746653,671106,1,7,14,2,4,2024-04-09,validation,mlb_statcast,8,single,0.794,xwOBA,0.899,persisted_estimated_woba_value,2,8,3,1,1,True,0,0
746663,519242,1,49,58,11,13,2024-09-19,validation,mlb_statcast,49,single,0.549,xwOBA,0.871,persisted_estimated_woba_value,3,10,3,0,2,False,15,15
746663,519242,2,75,82,17,19,2024-09-19,validation,mlb_statcast,78,home_run,0.542,xwOBA,1.6258627450980392,persisted_estimated_woba_value,3,8,3,3,2,False,15,15
746673,668881,1,73,75,18,18,2024-08-13,validation,mlb_statcast,75,double,0.507,xwOBA,0.8315749999999997,persisted_estimated_woba_value,3,3,1,2,2,False,15,15
746673,668881,2,89,98,22,24,2024-08-13,validation,mlb_statcast,89,home_run,0.506,xwOBA,1.517754098360656,persisted_estimated_woba_value,3,10,3,0,2,False,15,15
746676,663903,1,20,22,5,5,2024-08-18,validation,mlb_statcast,22,hit_by_pitch,0.542,xwOBA,0.720192,persisted_estimated_woba_value,3,3,1,2,2,True,0,0
746676,663903,2,27,32,7,7,2024-08-18,validation,mlb_statcast,32,single,0.463,xwOBA,0.669,persisted_estimated_woba_value,3,6,1,5,2,False,6,6
746677,502043,1,40,54,9,12,2024-08-14,validation,mlb_statcast,42,single,0.453,xwOBA,0.584,persisted_estimated_woba_value,3,15,4,2,2,False,15,15
746677,502043,2,59,65,14,14,2024-08-14,validation,mlb_statcast,65,walk,0.566,xwOBA,0.689131,persisted_estimated_woba_value,3,7,1,6,2,False,15,15
746677,502043,3,70,71,16,16,2024-08-14,validation,mlb_statcast,71,single,0.509,xwOBA,0.837,persisted_estimated_woba_value,3,2,1,1,2,False,15,15
746677,502043,4,79,86,19,20,2024-08-14,validation,mlb_statcast,82,home_run,0.498,xwOBA,1.1802380952380946,persisted_estimated_woba_value,3,8,2,3,2,False,15,15
746677,502043,5,89,95,23,23,2024-08-14,validation,mlb_statcast,95,double,0.719,xwOBA,0.905,persisted_estimated_woba_value,3,7,1,6,2,False,15,15
746678,543294,1,49,69,13,17,2024-07-31,validation,mlb_statcast,54,walk,0.543,xwOBA,0.689131,persisted_estimated_woba_value,3,21,5,5,2,False,15,15
746681,668881,1,32,38,7,7,2024-08-03,validation,mlb_statcast,38,walk,0.47,xwOBA+BB/HBP,0.689131,persisted_estimated_woba_value,3,7,1,6,2,False,11,11
746687,665795,1,28,54,8,14,2024-07-13,validation,mlb_statcast,31,home_run,0.667,xwOBA,2.0,persisted_estimated_woba_value,3,27,7,3,2,False,7,7
746688,668881,1,41,47,9,9,2024-07-11,validation,mlb_statcast,47,field_out,0.466,xwOBA,0.708625,persisted_estimated_woba_value,3,7,1,6,2,False,15,15
746688,668881,2,70,77,15,17,2024-07-11,validation,mlb_statcast,71,home_run,0.634,xwOBA,1.819866666666667,persisted_estimated_woba_value,3,8,3,1,2,False,15,15
746689,607536,1,88,93,27,27,2024-07-10,validation,mlb_statcast,93,walk,0.504,xwOBA,0.689131,persisted_estimated_woba_value,3,6,1,5,2,False,15,15
746693,681857,1,36,57,11,15,2024-07-05,validation,mlb_statcast,42,walk,0.465,xwOBA,0.689131,persisted_estimated_woba_value,3,22,5,6,2,False,15,15
746693,681857,2,78,88,20,21,2024-07-05,validation,mlb_statcast,83,walk,0.531,xwOBA,0.689131,persisted_estimated_woba_value,3,11,2,5,2,False,15,15
746697,668881,1,7,23,2,4,2024-06-25,validation,mlb_statcast,13,home_run,1.034,xwOBA,1.3787368421052633,persisted_estimated_woba_value,2,17,3,6,1,True,0,0
746697,668881,2,53,68,12,16,2024-06-25,validation,mlb_statcast,56,single,0.688,xwOBA,0.901,persisted_estimated_woba_value,3,16,5,3,2,False,15,15
746707,668881,1,21,29,5,6,2024-06-06,validation,mlb_statcast,23,field_out,0.471,xwOBA,0.725,persisted_estimated_woba_value,3,9,2,2,2,False,0,0
746707,668881,2,43,53,11,13,2024-06-06,validation,mlb_statcast,44,home_run,0.783,xwOBA,1.4283636363636365,persisted_estimated_woba_value,3,11,3,1,2,False,15,15
746707,668881,3,85,92,22,24,2024-06-06,validation,mlb_statcast,88,home_run,0.673,xwOBA,1.4283636363636365,persisted_estimated_woba_value,3,8,3,3,2,False,15,13
746707,668881,4,106,111,28,28,2024-06-06,validation,mlb_statcast,111,walk,0.451,xwOBA,0.689131,persisted_estimated_woba_value,3,6,1,5,2,False,15,14
746709,502043,1,87,88,18,18,2024-05-28,validation,mlb_statcast,88,home_run,0.578,xwOBA,0.9532173913043476,persisted_estimated_woba_value,3,2,1,1,2,False,15,15
746709,502043,2,90,95,20,22,2024-05-28,validation,mlb_statcast,91,field_out,0.462,xwOBA,0.253,persisted_estimated_woba_value,3,6,3,1,2,False,15,15
746710,668881,1,20,26,6,6,2024-05-25,validation,mlb_statcast,26,walk,0.561,xwOBA,0.689131,persisted_estimated_woba_value,3,7,1,6,2,True,0,0
746710,668881,2,59,63,12,12,2024-05-25,validation,mlb_statcast,63,double,0.597,xwOBA,0.8780000000000001,persisted_estimated_woba_value,3,5,1,4,2,False,15,15
746712,650633,1,6,16,3,5,2024-05-22,validation,mlb_statcast,6,home_run,0.482,xwOBA,1.2607021276595742,persisted_estimated_woba_value,3,11,3,0,2,True,0,0
746712,650633,2,79,91,23,25,2024-05-22,validation,mlb_statcast,84,field_out,0.638,xwOBA,0.734,persisted_estimated_woba_value,3,13,3,5,2,False,15,15
746715,668881,1,12,18,4,5,2024-05-09,validation,mlb_statcast,13,double,0.602,xwOBA,0.847,persisted_estimated_woba_value,3,7,2,1,2,True,0,0
746715,668881,2,31,36,9,9,2024-05-09,validation,mlb_statcast,36,walk,0.52,xwOBA+BB/HBP,0.689131,persisted_estimated_woba_value,3,6,1,5,2,False,10,9
746715,668881,3,55,63,16,17,2024-05-09,validation,mlb_statcast,58,walk,0.524,xwOBA,0.689131,persisted_estimated_woba_value,3,9,2,3,2,False,15,10
746715,668881,4,78,84,21,22,2024-05-09,validation,mlb_statcast,79,single,0.481,xwOBA,0.413,persisted_estimated_woba_value,3,7,2,1,2,False,15,13
746721,668881,1,4,16,2,3,2024-05-03,validation,mlb_statcast,12,walk,0.785,xwOBA,0.689131,persisted_estimated_woba_value,2,13,2,8,1,True,0,0
746721,668881,2,49,55,10,10,2024-05-03,validation,mlb_statcast,55,walk,0.459,xwOBA+BB/HBP,0.689131,persisted_estimated_woba_value,3,7,1,6,2,False,15,15
746722,650911,1,45,56,12,13,2024-04-23,validation,mlb_statcast,51,walk,0.457,xwOBA,0.689131,persisted_estimated_woba_value,3,12,2,6,2,False,15,15
746723,668881,1,46,52,15,16,2024-04-22,validation,mlb_statcast,47,single,0.473,xwOBA,0.911,persisted_estimated_woba_value,3,7,2,1,2,False,15,14
746724,554430,1,25,25,8,8,2024-04-25,validation,mlb_statcast,25,single,0.495,xwOBA,0.453,persisted_estimated_woba_value,3,1,1,0,2,False,4,4
746724,554430,2,45,60,12,13,2024-04-25,validation,mlb_statcast,53,field_out,0.5,xwOBA,0.8101379310344828,persisted_estimated_woba_value,3,16,2,8,2,False,15,15
746724,554430,3,93,100,21,21,2024-04-25,validation,mlb_statcast,100,walk,0.588,xwOBA+BB/HBP,0.689131,persisted_estimated_woba_value,3,8,1,7,2,False,15,15
746726,663776,1,5,8,4,4,2024-04-20,validation,mlb_statcast,8,walk,0.453,xwOBA,0.689131,persisted_estimated_woba_value,3,4,1,3,2,True,0,0
746726,663776,2,15,25,6,8,2024-04-20,validation,mlb_statcast,20,walk,0.459,xwOBA+BB/HBP,0.689131,persisted_estimated_woba_value,3,11,3,5,2,True,0,0
746726,663776,3,69,70,17,17,2024-04-20,validation,mlb_statcast,70,double,0.492,xwOBA,0.786,persisted_estimated_woba_value,3,2,1,1,2,False,15,15
746726,663776,4,81,83,21,21,2024-04-20,validation,mlb_statcast,83,single,0.541,xwOBA,0.883,persisted_estimated_woba_value,3,3,1,2,2,False,15,15
746729,542881,1,16,24,5,6,2024-04-19,validation,mlb_statcast,18,field_out,0.459,xwOBA,0.145,persisted_estimated_woba_value,3,9,2,2,2,True,0,0
746729,542881,2,41,45,11,11,2024-04-19,validation,mlb_statcast,45,field_out,0.494,xwOBA,0.316,persisted_estimated_woba_value,3,5,1,4,2,False,15,14
746729,542881,3,70,74,19,19,2024-04-19,validation,mlb_statcast,74,field_out,0.455,xwOBA,0.359,persisted_estimated_woba_value,3,5,1,4,2,False,15,13
746729,542881,4,80,87,22,24,2024-04-19,validation,mlb_statcast,80,home_run,0.733,xwOBA,2.0,persisted_estimated_woba_value,3,8,3,0,2,False,15,15
746729,542881,5,89,93,26,26,2024-04-19,validation,mlb_statcast,93,walk,0.465,xwOBA,0.689131,persisted_estimated_woba_value,3,5,1,4,2,False,15,14
746731,622663,1,38,46,10,11,2024-04-06,validation,mlb_statcast,42,walk,0.459,xwOBA+BB/HBP,0.689131,persisted_estimated_woba_value,3,9,2,4,2,False,15,14
746733,668881,1,3,7,2,2,2024-04-05,validation,mlb_statcast,7,field_out,0.623,xwOBA,0.526,persisted_estimated_woba_value,2,5,1,4,1,True,0,0
746733,668881,2,99,99,24,24,2024-04-05,validation,mlb_statcast,99,force_out,0.451,xwOBA,0.515,persisted_estimated_woba_value,3,1,1,0,2,False,15,14
746734,640455,1,42,50,10,11,2024-04-07,validation,mlb_statcast,44,hit_by_pitch,0.522,xwOBA,0.720192,persisted_estimated_woba_value,3,9,2,2,2,False,15,10
746734,640455,2,62,76,14,17,2024-04-07,validation,mlb_statcast,64,single,0.527,xwOBA,0.893,persisted_estimated_woba_value,3,15,4,2,2,False,15,6
746736,668881,1,25,25,6,6,2024-03-30,validation,mlb_statcast,25,single,0.605,xwOBA,0.921,persisted_estimated_woba_value,3,1,1,0,2,False,4,4
746736,668881,2,52,62,13,14,2024-03-30,validation,mlb_statcast,56,double,0.604,xwOBA,1.123,persisted_estimated_woba_value,3,11,2,4,2,False,15,13
746736,668881,3,85,97,20,21,2024-03-30,validation,mlb_statcast,90,walk,0.487,xwOBA+BB/HBP,0.689131,persisted_estimated_woba_value,3,13,2,5,2,False,15,14
746738,542881,1,11,22,3,6,2024-09-26,validation,mlb_statcast,13,single,0.472,xwOBA,0.675,persisted_estimated_woba_value,3,12,4,2,2,True,0,0
746738,542881,2,64,68,17,17,2024-09-26,validation,mlb_statcast,68,single,0.503,xwOBA,0.82,persisted_estimated_woba_value,3,5,1,4,2,False,15,14
746738,542881,3,80,83,21,22,2024-09-26,validation,mlb_statcast,81,single,0.607,xwOBA,0.95,persisted_estimated_woba_value,3,4,2,1,2,False,15,15
746750,640455,1,41,44,12,12,2024-09-01,validation,mlb_statcast,44,walk,0.454,xwOBA,0.689131,persisted_estimated_woba_value,3,4,1,3,2,False,15,15
746750,640455,2,79,96,23,25,2024-09-01,validation,mlb_statcast,84,walk,0.478,xwOBA+BB/HBP,0.689131,persisted_estimated_woba_value,3,18,3,5,2,False,15,15
746757,641482,1,52,55,12,12,2024-08-13,validation,mlb_statcast,55,single,0.595,xwOBA,0.89,persisted_estimated_woba_value,3,4,1,3,2,False,15,15
746757,641482,2,78,85,18,18,2024-08-13,validation,mlb_statcast,85,double,0.513,xwOBA,0.575,persisted_estimated_woba_value,3,8,1,7,2,False,15,15
746757,641482,3,101,104,24,24,2024-08-13,validation,mlb_statcast,104,field_out,0.48,xwOBA,0.9167307692307692,persisted_estimated_woba_value,3,4,1,3,2,False,15,14
746764,663903,1,13,14,6,6,2024-07-31,validation,mlb_statcast,14,double,0.539,xwOBA,0.274,persisted_estimated_woba_value,3,2,1,1,2,True,0,0
746765,679525,1,12,17,4,6,2024-07-29,validation,mlb_statcast,13,single,0.495,xwOBA,0.88,persisted_estimated_woba_value,3,6,3,1,2,True,0,0
746765,679525,2,61,69,19,21,2024-07-29,validation,mlb_statcast,64,hit_by_pitch,0.502,xwOBA+BB/HBP,0.720192,persisted_estimated_woba_value,3,9,3,3,2,False,15,15
746779,607536,1,17,18,6,6,2024-06-30,validation,mlb_statcast,18,single,0.585,xwOBA,0.896,persisted_estimated_woba_value,3,2,1,1,2,True,0,0
746779,607536,2,32,39,11,13,2024-06-30,validation,mlb_statcast,33,home_run,0.543,xwOBA,1.6189629629629625,persisted_estimated_woba_value,3,8,3,1,2,False,11,11
746779,607536,3,57,61,20,22,2024-06-30,validation,mlb_statcast,57,single,0.463,xwOBA,0.791,persisted_estimated_woba_value,3,5,3,0,2,False,15,15
746779,607536,4,66,74,24,26,2024-06-30,validation,mlb_statcast,68,single,0.506,xwOBA,0.869,persisted_estimated_woba_value,3,9,3,2,2,False,15,15
746791,592332,1,7,12,3,4,2024-05-28,validation,mlb_statcast,11,walk,0.503,xwOBA,0.689131,persisted_estimated_woba_value,3,6,2,4,2,True,0,0
746793,669203,1,17,27,6,8,2024-05-24,validation,mlb_statcast,18,field_out,0.458,xwOBA,0.862,persisted_estimated_woba_value,3,11,3,1,2,True,0,0
746793,669203,2,67,70,20,20,2024-05-24,validation,mlb_statcast,70,double,0.72,xwOBA,0.90321875,persisted_estimated_woba_value,3,4,1,3,2,False,15,15
746798,671106,1,20,34,7,11,2024-05-12,validation,mlb_statcast,21,single,0.608,xwOBA,0.912,persisted_estimated_woba_value,3,15,5,1,2,True,0,0
746802,594902,1,10,24,3,5,2024-05-09,validation,mlb_statcast,14,double,0.721,xwOBA,1.726268292682927,persisted_estimated_woba_value,3,15,3,4,2,True,0,0
746802,594902,2,29,31,7,8,2024-05-09,validation,mlb_statcast,30,single,0.711,xwOBA,0.953,persisted_estimated_woba_value,3,3,2,1,2,False,8,8
746802,594902,3,41,51,11,13,2024-05-09,validation,mlb_statcast,44,walk,0.53,xwOBA,0.689131,persisted_estimated_woba_value,3,11,3,3,2,False,15,15
746802,594902,4,54,57,15,15,2024-05-09,validation,mlb_statcast,57,single,0.585,xwOBA,0.902,persisted_estimated_woba_value,3,4,1,3,2,False,15,15
746803,650644,1,48,58,12,17,2024-04-27,validation,mlb_statcast,49,field_out,0.668,xwOBA,0.796,persisted_estimated_woba_value,3,11,6,1,2,False,15,15
746803,650644,2,73,73,22,22,2024-04-27,validation,mlb_statcast,73,field_out,0.521,xwOBA,0.337,persisted_estimated_woba_value,3,1,1,0,2,False,15,15
746807,663903,1,30,40,6,8,2024-04-17,validation,mlb_statcast,32,home_run,0.848,xwOBA,1.6903333333333332,persisted_estimated_woba_value,3,11,3,2,2,False,9,8
746807,663903,2,72,83,16,17,2024-04-17,validation,mlb_statcast,76,field_out,0.499,xwOBA,0.415,persisted_estimated_woba_value,3,12,2,4,2,False,15,15
746815,656427,1,35,38,9,11,2024-03-31,validation,mlb_statcast,35,home_run,0.628,xwOBA,1.884684210526316,persisted_estimated_woba_value,3,4,3,0,2,False,14,14
746816,519242,1,32,42,8,9,2024-06-27,validation,mlb_statcast,35,single,0.489,xwOBA,0.898,persisted_estimated_woba_value,3,11,2,3,2,False,11,11
746819,543294,1,41,42,12,12,2024-09-28,validation,mlb_statcast,42,field_out,0.523,xwOBA,0.56875,persisted_estimated_woba_value,3,2,1,1,2,False,15,15
746820,668881,1,23,28,5,6,2024-09-29,validation,mlb_statcast,27,walk,0.479,xwOBA+BB/HBP,0.689131,persisted_estimated_woba_value,3,6,2,4,2,False,2,2
746820,668881,2,52,65,13,16,2024-09-29,validation,mlb_statcast,55,walk,0.53,xwOBA,0.689131,persisted_estimated_woba_value,3,14,4,3,2,False,15,14
746826,543294,1,29,34,8,8,2024-09-21,validation,mlb_statcast,34,walk,0.451,xwOBA,0.689131,persisted_estimated_woba_value,3,6,1,5,2,False,8,8
746826,543294,2,82,88,22,23,2024-09-21,validation,mlb_statcast,84,single,0.473,xwOBA,0.387,persisted_estimated_woba_value,3,7,2,2,2,False,15,15
746827,543037,1,5,9,2,2,2024-09-08,validation,mlb_statcast,9,fielders_choice_out,0.45,xwOBA,0.363,persisted_estimated_woba_value,2,5,1,4,1,True,0,0
746827,543037,2,25,27,6,6,2024-09-08,validation,mlb_statcast,27,single,0.582,xwOBA,0.585,persisted_estimated_woba_value,3,3,1,2,2,False,4,4
746827,543037,3,39,39,10,10,2024-09-08,validation,mlb_statcast,39,field_out,0.475,xwOBA,0.487,persisted_estimated_woba_value,3,1,1,0,2,False,15,15
746834,543294,1,25,28,8,8,2024-09-03,validation,mlb_statcast,28,walk,0.554,xwOBA,0.689131,persisted_estimated_woba_value,3,4,1,3,2,False,4,4
746834,543294,2,36,57,10,13,2024-09-03,validation,mlb_statcast,40,single,0.65,xwOBA,0.958,persisted_estimated_woba_value,3,22,4,4,2,False,15,15
746843,543294,1,27,32,7,8,2024-08-16,validation,mlb_statcast,28,single,0.479,xwOBA,0.778,persisted_estimated_woba_value,3,6,2,1,2,False,6,6
746843,543294,2,52,61,13,14,2024-08-16,validation,mlb_statcast,57,single,0.503,xwOBA,0.921,persisted_estimated_woba_value,3,10,2,5,2,False,15,15
746843,543294,3,71,76,18,19,2024-08-16,validation,mlb_statcast,74,home_run,0.473,xwOBA,0.846138888888889,persisted_estimated_woba_value,3,6,2,3,2,False,15,15
746846,502043,1,6,19,2,4,2024-08-03,validation,mlb_statcast,11,home_run,1.031,xwOBA,1.3719333333333334,persisted_estimated_woba_value,2,14,3,5,1,True,0,0
746847,543294,1,57,58,13,13,2024-08-05,validation,mlb_statcast,58,double,0.491,xwOBA,0.8956818181818181,persisted_estimated_woba_value,3,2,1,1,2,False,15,15
746847,543294,2,64,67,15,15,2024-08-05,validation,mlb_statcast,67,field_out,0.568,xwOBA,0.669,persisted_estimated_woba_value,3,4,1,3,2,False,15,15
746847,543294,3,71,73,17,17,2024-08-05,validation,mlb_statcast,73,home_run,0.476,xwOBA,0.56875,persisted_estimated_woba_value,3,3,1,2,2,False,15,15
746852,543294,1,40,50,12,13,2024-07-20,validation,mlb_statcast,44,field_out,0.492,xwOBA,0.774,persisted_estimated_woba_value,3,11,2,4,2,False,15,15
746852,543294,2,68,79,19,21,2024-07-20,validation,mlb_statcast,71,home_run,0.85,xwOBA,1.5924067796610166,persisted_estimated_woba_value,3,12,3,3,2,False,15,15
746857,650911,1,9,19,4,5,2024-07-04,validation,mlb_statcast,14,walk,0.453,xwOBA,0.689131,persisted_estimated_woba_value,3,11,2,5,2,True,0,0
746857,650911,2,47,61,14,18,2024-07-04,validation,mlb_statcast,51,home_run,0.922,xwOBA,1.561090909090909,persisted_estimated_woba_value,3,15,5,4,2,False,15,15
746858,554430,1,42,49,14,14,2024-07-03,validation,mlb_statcast,49,walk,0.489,xwOBA+BB/HBP,0.689131,persisted_estimated_woba_value,3,8,1,7,2,False,15,15
746862,622663,1,6,6,2,2,2024-06-23,validation,mlb_statcast,6,force_out,0.45,xwOBA,0.291,persisted_estimated_woba_value,2,1,1,0,1,True,0,0
746864,543294,1,70,70,19,19,2024-06-19,validation,mlb_statcast,70,single,0.464,xwOBA,0.304,persisted_estimated_woba_value,3,1,1,0,2,False,15,15
746867,657277,1,21,30,6,7,2024-06-18,validation,mlb_statcast,24,home_run,0.482,xwOBA,1.1709166666666664,persisted_estimated_woba_value,3,10,2,3,2,False,0,0
746867,657277,2,45,46,13,13,2024-06-18,validation,mlb_statcast,46,field_out,0.475,xwOBA,0.481,persisted_estimated_woba_value,3,2,1,1,2,False,15,15
746867,657277,3,78,85,22,23,2024-06-18,validation,mlb_statcast,79,field_out,0.514,xwOBA,0.8543333333333332,persisted_estimated_woba_value,3,8,2,1,2,False,15,15
746869,502043,1,4,8,2,2,2024-06-14,validation,mlb_statcast,8,strikeout,0.456,xwOBA,0.0,persisted_estimated_woba_value,2,5,1,4,1,True,0,0
746869,502043,2,36,39,10,11,2024-06-14,validation,mlb_statcast,36,field_out,0.476,xwOBA,0.501,persisted_estimated_woba_value,3,4,2,0,2,False,15,15
746870,668881,1,10,14,4,4,2024-06-01,validation,mlb_statcast,14,walk,0.452,xwOBA,0.689131,persisted_estimated_woba_value,3,5,1,4,2,True,0,0
746870,668881,2,20,39,6,9,2024-06-01,validation,mlb_statcast,25,walk,0.501,xwOBA+BB/HBP,0.689131,persisted_estimated_woba_value,3,20,4,5,2,True,0,0
746870,668881,3,45,78,11,19,2024-06-01,validation,mlb_statcast,51,home_run,0.832,xwOBA,1.8062307692307693,persisted_estimated_woba_value,3,34,9,6,2,False,15,15
746878,543294,1,19,21,6,6,2024-05-17,validation,mlb_statcast,21,field_out,0.527,xwOBA,0.302,persisted_estimated_woba_value,3,3,1,2,2,True,0,0
746878,543294,2,26,37,9,11,2024-05-17,validation,mlb_statcast,29,home_run,0.616,xwOBA,1.1985087719298244,persisted_estimated_woba_value,3,12,3,3,2,False,5,5
746878,543294,3,64,64,18,18,2024-05-17,validation,mlb_statcast,64,single,0.468,xwOBA,0.777,persisted_estimated_woba_value,3,1,1,0,2,False,15,15
746878,543294,4,69,72,20,20,2024-05-17,validation,mlb_statcast,72,single,0.565,xwOBA,0.843,persisted_estimated_woba_value,3,4,1,3,2,False,15,15
746878,543294,5,85,89,25,25,2024-05-17,validation,mlb_statcast,89,single,0.557,xwOBA,0.866,persisted_estimated_woba_value,3,5,1,4,2,False,15,15
746894,543294,1,19,32,5,7,2024-04-21,validation,mlb_statcast,19,home_run,0.727,xwOBA,2.0,persisted_estimated_woba_value,3,14,3,0,2,True,0,0
746894,543294,2,47,53,12,16,2024-04-21,validation,mlb_statcast,48,single,0.594,xwOBA,0.874,persisted_estimated_woba_value,3,7,5,1,2,False,15,13
746894,665795,1,2,12,2,4,2024-04-21,validation,mlb_statcast,5,walk,0.728,xwOBA,0.689131,persisted_estimated_woba_value,2,11,3,3,1,True,0,0
746894,665795,2,30,36,8,9,2024-04-21,validation,mlb_statcast,33,walk,0.559,xwOBA,0.689131,persisted_estimated_woba_value,3,7,2,3,2,False,9,9
746897,543294,1,5,18,2,4,2024-04-05,validation,mlb_statcast,7,double,0.486,xwOBA,0.973,persisted_estimated_woba_value,2,14,3,2,1,True,0,0
746897,543294,2,68,83,17,22,2024-04-05,validation,mlb_statcast,68,field_out,0.465,xwOBA,0.512,persisted_estimated_woba_value,3,16,6,0,2,False,15,14
746898,607536,1,6,18,2,5,2024-04-02,validation,mlb_statcast,8,home_run,1.016,xwOBA,1.3425,persisted_estimated_woba_value,2,13,4,2,1,True,0,0
746898,607536,2,24,55,8,15,2024-04-02,validation,mlb_statcast,27,single,0.577,xwOBA,0.661,persisted_estimated_woba_value,3,32,8,3,2,False,3,3
746898,607536,3,65,67,19,20,2024-04-02,validation,mlb_statcast,65,hit_by_pitch,0.506,xwOBA,0.720192,persisted_estimated_woba_value,3,3,2,0,2,False,15,15
746919,641540,1,18,24,5,5,2024-08-14,validation,mlb_statcast,24,walk,0.564,xwOBA,0.689131,persisted_estimated_woba_value,3,7,1,6,2,True,0,0
746919,641540,2,46,53,12,13,2024-08-14,validation,mlb_statcast,47,field_out,0.489,xwOBA,0.7980967741935484,persisted_estimated_woba_value,3,8,2,1,2,False,15,15
746919,641540,3,72,76,21,21,2024-08-14,validation,mlb_statcast,76,single,0.462,xwOBA,0.236,persisted_estimated_woba_value,3,5,1,4,2,False,15,13
746920,669194,1,3,12,2,5,2024-08-23,validation,mlb_statcast,5,double,0.484,xwOBA,0.7041333333333332,persisted_estimated_woba_value,2,10,4,2,1,True,0,0
746920,669194,2,39,42,13,13,2024-08-23,validation,mlb_statcast,42,walk,0.546,xwOBA,0.689131,persisted_estimated_woba_value,3,4,1,3,2,False,15,15
746920,669194,3,90,96,23,24,2024-08-23,validation,mlb_statcast,93,home_run,0.582,xwOBA,1.7448749999999995,persisted_estimated_woba_value,3,7,2,3,2,False,15,15
746931,573186,1,5,14,2,5,2024-07-27,validation,mlb_statcast,6,home_run,0.803,xwOBA,1.3596666666666668,persisted_estimated_woba_value,2,10,4,1,1,True,0,0
746931,573186,2,27,43,10,15,2024-07-27,validation,mlb_statcast,29,single,0.701,xwOBA,0.879,persisted_estimated_woba_value,3,17,6,2,2,False,6,6
746932,663903,1,17,39,4,9,2024-07-14,validation,mlb_statcast,21,home_run,0.899,xwOBA,2.0,persisted_estimated_woba_value,3,23,6,4,2,True,0,0
746932,663903,2,55,69,13,15,2024-07-14,validation,mlb_statcast,59,double,0.641,xwOBA,1.1567777777777777,persisted_estimated_woba_value,3,15,3,4,2,False,15,14
746933,641482,1,7,11,4,5,2024-07-26,validation,mlb_statcast,10,walk,0.667,xwOBA,0.689131,persisted_estimated_woba_value,3,5,2,3,2,True,0,0
746933,641482,2,70,71,24,24,2024-07-26,validation,mlb_statcast,71,sac_fly,0.584,xwOBA,0.415,persisted_estimated_woba_value,3,2,1,1,2,False,15,14
746940,650633,1,62,78,15,17,2024-06-29,validation,mlb_statcast,67,single,0.566,xwOBA,0.874,persisted_estimated_woba_value,3,17,3,5,2,False,15,15
746940,650633,2,80,88,19,21,2024-06-29,validation,mlb_statcast,80,home_run,0.631,xwOBA,1.6189629629629625,persisted_estimated_woba_value,3,9,3,0,2,False,15,15
746943,592332,1,13,26,4,6,2024-06-25,validation,mlb_statcast,17,home_run,0.749,xwOBA,2.0,persisted_estimated_woba_value,3,14,3,4,2,True,0,0
746943,592332,2,32,36,8,8,2024-06-25,validation,mlb_statcast,36,field_out,0.486,xwOBA,0.201,persisted_estimated_woba_value,3,5,1,4,2,False,11,11
746943,592332,3,78,90,22,25,2024-06-25,validation,mlb_statcast,78,double,0.641,xwOBA,1.835333333333333,persisted_estimated_woba_value,3,13,4,0,2,False,15,15
746944,605400,1,5,11,2,2,2024-06-13,validation,mlb_statcast,11,strikeout,0.473,xwOBA,0.0,persisted_estimated_woba_value,2,7,1,6,1,True,0,0
746944,605400,2,24,33,6,8,2024-06-13,validation,mlb_statcast,30,double,0.45,xwOBA,1.0731190476190478,persisted_estimated_woba_value,3,10,3,6,2,False,3,3
746944,605400,3,39,40,10,10,2024-06-13,validation,mlb_statcast,40,double,0.541,xwOBA,0.789,persisted_estimated_woba_value,3,2,1,1,2,False,15,15
746944,605400,4,72,90,19,23,2024-06-13,validation,mlb_statcast,76,walk,0.459,xwOBA+BB/HBP,0.689131,persisted_estimated_woba_value,3,19,5,4,2,False,15,15
746945,573186,1,54,60,12,13,2024-06-16,validation,mlb_statcast,59,single,0.506,xwOBA,0.83,persisted_estimated_woba_value,3,7,2,5,2,False,15,14
746945,573186,2,86,98,21,23,2024-06-16,validation,mlb_statcast,90,walk,0.555,xwOBA,0.689131,persisted_estimated_woba_value,3,13,3,4,2,False,15,14
746948,650911,1,3,14,2,6,2024-06-12,validation,mlb_statcast,5,field_out,0.54,xwOBA,0.598,persisted_estimated_woba_value,2,12,5,2,1,True,0,0
746948,650911,2,50,56,14,15,2024-06-12,validation,mlb_statcast,53,walk,0.59,xwOBA,0.689131,persisted_estimated_woba_value,3,7,2,3,2,False,15,15
746948,650911,3,63,67,19,19,2024-06-12,validation,mlb_statcast,67,single,0.466,xwOBA,0.239,persisted_estimated_woba_value,3,5,1,4,2,False,15,15
746951,554430,1,5,5,2,2,2024-06-11,validation,mlb_statcast,5,double,0.459,xwOBA,0.223,persisted_estimated_woba_value,2,1,1,0,1,True,0,0
746952,681857,1,15,28,4,6,2024-06-01,validation,mlb_statcast,18,force_out,0.46,xwOBA,0.344,persisted_estimated_woba_value,3,14,3,3,2,True,0,0
746952,681857,2,46,48,11,12,2024-06-01,validation,mlb_statcast,46,single,0.469,xwOBA,0.464,persisted_estimated_woba_value,3,3,2,0,2,False,15,15
746952,681857,3,90,95,22,23,2024-06-01,validation,mlb_statcast,92,field_out,0.516,xwOBA,0.644,persisted_estimated_woba_value,3,6,2,2,2,False,15,15
746968,657277,1,10,23,5,6,2024-04-30,validation,mlb_statcast,14,single,0.563,xwOBA,0.608,persisted_estimated_woba_value,3,14,2,4,2,True,0,0
746968,657277,2,56,64,13,15,2024-04-30,validation,mlb_statcast,57,double,0.487,xwOBA,0.759,persisted_estimated_woba_value,3,9,3,1,2,False,15,15
746975,542881,1,9,24,3,6,2024-04-14,validation,mlb_statcast,10,home_run,0.646,xwOBA,1.8626666666666667,persisted_estimated_woba_value,3,16,4,1,2,True,0,0
746975,542881,2,54,64,13,14,2024-04-14,validation,mlb_statcast,59,walk,0.492,xwOBA,0.689131,persisted_estimated_woba_value,3,11,2,5,2,False,15,14
746975,542881,3,88,93,20,20,2024-04-14,validation,mlb_statcast,93,double,0.645,xwOBA,1.2214651162790702,persisted_estimated_woba_value,3,6,1,5,2,False,15,15
746981,669203,1,5,17,3,5,2024-04-09,validation,mlb_statcast,9,home_run,0.664,xwOBA,1.8206818181818183,persisted_estimated_woba_value,3,13,3,4,2,True,0,0
746981,669203,2,22,26,8,8,2024-04-09,validation,mlb_statcast,26,walk,0.477,xwOBA,0.689131,persisted_estimated_woba_value,3,5,1,4,2,False,1,1
746981,669203,3,32,36,10,10,2024-04-09,validation,mlb_statcast,36,field_out,0.465,xwOBA,0.523,persisted_estimated_woba_value,3,5,1,4,2,False,11,11
746983,681857,1,28,37,7,8,2024-09-21,validation,mlb_statcast,32,hit_by_pitch,0.495,xwOBA+BB/HBP,0.720192,persisted_estimated_woba_value,3,10,2,4,2,False,7,7
746984,669203,1,71,80,22,24,2024-09-20,validation,mlb_statcast,74,walk,0.526,xwOBA,0.689131,persisted_estimated_woba_value,3,10,3,3,2,False,15,14
746985,657277,1,45,51,10,10,2024-09-19,validation,mlb_statcast,51,field_out,0.456,xwOBA,0.6795714285714286,persisted_estimated_woba_value,3,7,1,6,2,False,15,14
746985,657277,2,55,74,12,15,2024-09-19,validation,mlb_statcast,59,walk,0.604,xwOBA,0.689131,persisted_estimated_woba_value,3,20,4,4,2,False,15,15
746989,669203,1,3,27,2,8,2024-09-08,validation,mlb_statcast,7,field_out,0.713,xwOBA,1.1985087719298244,persisted_estimated_woba_value,2,25,7,4,1,True,0,0
746989,669203,2,43,53,12,14,2024-09-08,validation,mlb_statcast,49,single,0.501,xwOBA,0.868,persisted_estimated_woba_value,3,11,3,6,2,False,15,11
746989,669203,3,76,83,21,23,2024-09-08,validation,mlb_statcast,78,home_run,0.932,xwOBA,1.6258627450980392,persisted_estimated_woba_value,3,8,3,2,2,False,15,11
746992,669203,1,3,11,2,3,2024-09-02,validation,mlb_statcast,6,single,0.652,xwOBA,0.695,persisted_estimated_woba_value,2,9,2,3,1,True,0,0
746994,579328,1,17,26,4,5,2024-08-25,validation,mlb_statcast,21,field_out,0.53,xwOBA,0.7113043478260872,persisted_estimated_woba_value,3,10,2,4,2,True,0,0
746994,579328,2,58,83,14,18,2024-08-25,validation,mlb_statcast,63,single,0.551,xwOBA,0.75,persisted_estimated_woba_value,3,26,5,5,2,False,15,15
746998,669203,1,5,6,2,2,2024-08-22,validation,mlb_statcast,6,field_out,0.578,xwOBA,0.56875,persisted_estimated_woba_value,2,2,1,1,1,True,0,0
746998,669203,2,54,58,14,16,2024-08-22,validation,mlb_statcast,54,single,0.577,xwOBA,0.893,persisted_estimated_woba_value,3,5,3,0,2,False,15,13
746998,669203,3,78,78,22,22,2024-08-22,validation,mlb_statcast,78,single,0.612,xwOBA,0.883,persisted_estimated_woba_value,3,1,1,0,2,False,15,15
746998,669203,4,82,87,24,24,2024-08-22,validation,mlb_statcast,87,single,0.619,xwOBA,0.898,persisted_estimated_woba_value,3,6,1,5,2,False,15,15
746998,669203,5,90,94,26,26,2024-08-22,validation,mlb_statcast,94,single,0.603,xwOBA,0.624,persisted_estimated_woba_value,3,5,1,4,2,False,15,15
747001,669203,1,29,57,9,15,2024-08-16,validation,mlb_statcast,33,field_out,0.471,xwOBA,1.1427317073170735,persisted_estimated_woba_value,3,29,7,4,2,False,8,8
747001,669203,2,68,73,19,19,2024-08-16,validation,mlb_statcast,73,walk,0.502,xwOBA,0.689131,persisted_estimated_woba_value,3,6,1,5,2,False,15,15
747001,669203,3,89,89,24,24,2024-08-16,validation,mlb_statcast,89,home_run,0.658,xwOBA,1.104861111111111,persisted_estimated_woba_value,3,1,1,0,2,False,15,15
747005,669203,1,48,49,14,15,2024-07-30,validation,mlb_statcast,48,sac_fly,0.492,xwOBA,0.5665454545454546,persisted_estimated_woba_value,3,2,2,0,2,False,15,15
747005,669203,2,76,77,23,23,2024-07-30,validation,mlb_statcast,77,hit_by_pitch,0.553,xwOBA+BB/HBP,0.720192,persisted_estimated_woba_value,3,2,1,1,2,False,15,15
747012,543037,1,7,12,2,2,2024-07-12,validation,mlb_statcast,12,walk,0.528,xwOBA,0.689131,persisted_estimated_woba_value,2,6,1,5,1,True,0,0
747012,543037,2,95,101,22,23,2024-07-12,validation,mlb_statcast,97,field_out,0.477,xwOBA,0.519,persisted_estimated_woba_value,3,7,2,2,2,False,15,15
747015,669203,1,16,30,6,10,2024-07-10,validation,mlb_statcast,17,home_run,0.653,xwOBA,1.1578461538461535,persisted_estimated_woba_value,3,15,5,1,2,True,0,0
747020,669203,1,2,13,2,4,2024-06-27,validation,mlb_statcast,6,single,0.714,xwOBA,0.523,persisted_estimated_woba_value,2,12,3,4,1,True,0,0
747020,669203,2,31,32,9,9,2024-06-27,validation,mlb_statcast,32,field_out,0.514,xwOBA,0.757,persisted_estimated_woba_value,3,2,1,1,2,False,10,10
747020,669203,3,35,35,11,11,2024-06-27,validation,mlb_statcast,35,field_out,0.551,xwOBA,0.4954999999999999,persisted_estimated_woba_value,3,1,1,0,2,False,14,14
747020,669203,4,41,47,13,15,2024-06-27,validation,mlb_statcast,42,home_run,0.601,xwOBA,1.3089615384615385,persisted_estimated_woba_value,3,7,3,1,2,False,15,15
747020,669203,5,81,84,27,28,2024-06-27,validation,mlb_statcast,81,single,0.474,xwOBA,0.553,persisted_estimated_woba_value,3,4,2,0,2,False,15,15
747022,671106,1,21,24,8,9,2024-06-25,validation,mlb_statcast,22,single,0.509,xwOBA,0.576,persisted_estimated_woba_value,3,4,2,1,2,False,0,0
747022,671106,2,30,35,11,11,2024-06-25,validation,mlb_statcast,35,double,0.477,xwOBA,1.0173333333333334,persisted_estimated_woba_value,3,6,1,5,2,False,9,9
747022,671106,3,40,49,13,15,2024-06-25,validation,mlb_statcast,45,walk,0.569,xwOBA,0.689131,persisted_estimated_woba_value,3,10,3,5,2,False,15,15
747022,671106,4,58,60,18,18,2024-06-25,validation,mlb_statcast,60,home_run,1.111,xwOBA+barrels,2.0,persisted_estimated_woba_value,3,3,1,2,2,False,15,15
747023,554430,1,10,17,2,3,2024-06-16,validation,mlb_statcast,12,field_out,1.27,xwOBA,0.846138888888889,persisted_estimated_woba_value,2,8,2,2,1,True,0,0
747023,554430,2,33,44,8,10,2024-06-16,validation,mlb_statcast,35,home_run,0.978,xwOBA,2.0,persisted_estimated_woba_value,3,12,3,2,2,False,12,12
747023,554430,3,47,52,13,13,2024-06-16,validation,mlb_statcast,52,walk,0.635,xwOBA,0.689131,persisted_estimated_woba_value,3,6,1,5,2,False,15,15
747023,554430,4,63,64,19,19,2024-06-16,validation,mlb_statcast,64,field_out,0.537,xwOBA,0.417,persisted_estimated_woba_value,3,2,1,1,2,False,15,15
747023,554430,5,72,91,22,26,2024-06-16,validation,mlb_statcast,76,walk,0.519,xwOBA,0.689131,persisted_estimated_woba_value,3,20,5,4,2,False,15,15
747023,669203,1,68,76,19,21,2024-06-16,validation,mlb_statcast,68,double,0.542,xwOBA,0.736,persisted_estimated_woba_value,3,9,3,0,2,False,15,15
747031,669203,1,21,31,6,7,2024-05-29,validation,mlb_statcast,28,fielders_choice,0.478,xwOBA,0.481,persisted_estimated_woba_value,3,11,2,7,2,False,0,0
747032,650644,1,5,8,2,2,2024-05-31,validation,mlb_statcast,8,field_out,0.607,xwOBA,0.674,persisted_estimated_woba_value,2,4,1,3,1,True,0,0
747032,650644,2,28,33,6,7,2024-05-31,validation,mlb_statcast,31,field_out,0.568,xwOBA,0.6871538461538464,persisted_estimated_woba_value,3,6,2,3,2,False,7,7
747032,650644,3,78,80,20,20,2024-05-31,validation,mlb_statcast,80,single,0.459,xwOBA,0.436,persisted_estimated_woba_value,3,3,1,2,2,False,15,13
747035,669203,1,40,48,8,11,2024-05-19,validation,mlb_statcast,41,single,0.54,xwOBA,0.931,persisted_estimated_woba_value,3,9,4,1,2,False,15,15
747040,669203,1,16,24,5,6,2024-05-13,validation,mlb_statcast,21,walk,0.458,xwOBA,0.689131,persisted_estimated_woba_value,3,9,2,5,2,True,0,0
747040,669203,2,46,48,13,14,2024-05-13,validation,mlb_statcast,46,single,0.494,xwOBA,0.818,persisted_estimated_woba_value,3,3,2,0,2,False,15,15
747040,669203,3,76,85,22,24,2024-05-13,validation,mlb_statcast,80,single,0.594,xwOBA,0.898,persisted_estimated_woba_value,3,10,3,4,2,False,15,15
747041,669194,1,24,57,7,14,2024-05-11,validation,mlb_statcast,26,double,0.484,xwOBA,0.802,persisted_estimated_woba_value,3,34,8,2,2,False,3,3
747041,669194,2,77,83,19,21,2024-05-11,validation,mlb_statcast,79,home_run,0.653,xwOBA,1.6691052631578946,persisted_estimated_woba_value,3,7,3,2,2,False,15,15
747047,641482,1,26,33,10,11,2024-04-30,validation,mlb_statcast,30,walk,0.631,xwOBA,0.689131,persisted_estimated_woba_value,3,8,2,4,2,False,5,5
747047,641482,2,58,58,19,19,2024-04-30,validation,mlb_statcast,58,single,0.452,xwOBA,0.067,persisted_estimated_woba_value,3,1,1,0,2,False,15,15
747047,641482,3,74,81,25,26,2024-04-30,validation,mlb_statcast,77,single,0.648,xwOBA,0.915,persisted_estimated_woba_value,3,8,2,3,2,False,15,15
747048,669203,1,83,87,20,20,2024-05-01,validation,mlb_statcast,87,walk,0.536,xwOBA,0.689131,persisted_estimated_woba_value,3,5,1,4,2,False,15,15
747048,669203,2,93,95,22,22,2024-05-01,validation,mlb_statcast,95,field_out,0.45,xwOBA,0.547,persisted_estimated_woba_value,3,3,1,2,2,False,15,15
747050,669203,1,8,21,4,6,2024-04-26,validation,mlb_statcast,13,walk,0.61,xwOBA,0.689131,persisted_estimated_woba_value,3,14,3,5,2,True,0,0
747050,669203,2,45,55,12,14,2024-04-26,validation,mlb_statcast,46,field_out,0.617,xwOBA+barrels,0.9469130434782608,persisted_estimated_woba_value,3,11,3,1,2,False,15,15
747050,669203,3,86,97,21,23,2024-04-26,validation,mlb_statcast,88,field_out,0.47,xwOBA,1.130027777777778,persisted_estimated_woba_value,3,12,3,2,2,False,15,15
747056,669203,1,3,13,2,4,2024-04-14,validation,mlb_statcast,7,double,1.444,xwOBA+barrels,1.1427317073170735,persisted_estimated_woba_value,2,11,3,4,1,True,0,0
747057,679525,1,21,27,7,7,2024-04-02,validation,mlb_statcast,27,double,0.562,xwOBA,0.8771999999999999,persisted_estimated_woba_value,3,7,1,6,2,False,0,0
747057,679525,2,40,47,12,13,2024-04-02,validation,mlb_statcast,41,field_out,0.488,xwOBA,0.61,persisted_estimated_woba_value,3,8,2,1,2,False,15,15
747059,666142,1,48,50,12,12,2024-04-03,validation,mlb_statcast,50,field_out,0.503,xwOBA,0.612,persisted_estimated_woba_value,3,3,1,2,2,False,15,15
747059,666142,2,80,91,21,22,2024-04-03,validation,mlb_statcast,86,walk,0.53,xwOBA+BB/HBP,0.689131,persisted_estimated_woba_value,3,12,2,6,2,False,15,15
747059,669203,1,47,48,13,13,2024-04-03,validation,mlb_statcast,48,single,0.491,xwOBA,0.584,persisted_estimated_woba_value,3,2,1,1,2,False,15,12
747059,669203,2,78,87,23,24,2024-04-03,validation,mlb_statcast,82,field_out,0.694,xwOBA,1.1459444444444444,persisted_estimated_woba_value,3,10,2,4,2,False,15,14
747060,663776,1,5,16,2,4,2024-03-28,validation,mlb_statcast,9,single,0.714,xwOBA,0.739,persisted_estimated_woba_value,2,12,3,4,1,True,0,0
747061,679525,1,3,5,2,2,2024-09-29,validation,mlb_statcast,5,field_out,0.48,xwOBA,0.04,persisted_estimated_woba_value,2,3,1,2,1,True,0,0
747061,679525,2,24,39,8,10,2024-09-29,validation,mlb_statcast,31,home_run,0.521,xwOBA,1.5579454545454543,persisted_estimated_woba_value,3,16,3,7,2,False,3,3
747065,663903,1,11,27,3,5,2024-09-27,validation,mlb_statcast,15,field_out,0.478,xwOBA,0.745,persisted_estimated_woba_value,3,17,3,4,2,True,0,0
747065,663903,2,64,74,16,18,2024-09-27,validation,mlb_statcast,66,home_run,0.677,xwOBA,1.5579454545454543,persisted_estimated_woba_value,3,11,3,2,2,False,15,15
747065,663903,3,78,94,21,25,2024-09-27,validation,mlb_statcast,80,field_out,0.495,xwOBA,0.789,persisted_estimated_woba_value,3,17,5,2,2,False,15,15
747068,622663,1,10,12,2,2,2024-09-24,validation,mlb_statcast,12,force_out,0.652,xwOBA,0.436,persisted_estimated_woba_value,2,3,1,2,1,True,0,0
747068,622663,2,81,89,19,20,2024-09-24,validation,mlb_statcast,85,home_run,0.769,xwOBA,1.9416666666666669,persisted_estimated_woba_value,3,9,2,4,2,False,15,14
747070,519242,1,7,10,3,3,2024-09-14,validation,mlb_statcast,10,double,0.591,xwOBA,0.9243243243243244,persisted_estimated_woba_value,3,4,1,3,2,True,0,0
747070,519242,2,15,25,5,7,2024-09-14,validation,mlb_statcast,19,field_out,0.542,xwOBA+barrels,0.7020909090909092,persisted_estimated_woba_value,3,11,3,4,2,True,0,0
747070,519242,3,40,44,11,11,2024-09-14,validation,mlb_statcast,44,single,0.488,xwOBA,0.767,persisted_estimated_woba_value,3,5,1,4,2,False,15,15
747070,656427,1,46,60,11,13,2024-09-14,validation,mlb_statcast,50,double,0.588,xwOBA,0.8244347826086956,persisted_estimated_woba_value,3,15,3,4,2,False,15,15
747070,656427,2,70,83,16,18,2024-09-14,validation,mlb_statcast,72,double,0.658,xwOBA,0.638,persisted_estimated_woba_value,3,14,3,2,2,False,15,12
747072,519242,1,47,54,12,12,2024-09-08,validation,mlb_statcast,54,field_out,0.476,xwOBA,0.388,persisted_estimated_woba_value,3,8,1,7,2,False,15,15
747072,519242,2,61,64,15,15,2024-09-08,validation,mlb_statcast,64,field_out,0.465,xwOBA,0.5585263157894738,persisted_estimated_woba_value,3,4,1,3,2,False,15,15
747074,592332,1,43,69,11,16,2024-09-06,validation,mlb_statcast,48,walk,0.554,xwOBA,0.689131,persisted_estimated_woba_value,3,27,6,5,2,False,15,15
747074,592332,2,77,88,19,21,2024-09-06,validation,mlb_statcast,78,field_out,0.587,xwOBA,1.754000000000001,persisted_estimated_woba_value,3,12,3,1,2,False,15,15
747079,519242,1,43,53,12,14,2024-09-03,validation,mlb_statcast,43,field_out,0.684,xwOBA,1.2872083333333335,persisted_estimated_woba_value,3,11,3,0,2,False,15,15
747079,519242,2,81,90,22,25,2024-09-03,validation,mlb_statcast,82,field_out,0.483,xwOBA,1.4502727272727272,persisted_estimated_woba_value,3,10,4,1,2,False,15,15
747079,607536,1,37,40,10,10,2024-09-03,validation,mlb_statcast,40,single,0.492,xwOBA,0.282,persisted_estimated_woba_value,3,4,1,3,2,False,15,15
747080,519242,1,43,53,14,16,2024-08-23,validation,mlb_statcast,47,double,0.513,xwOBA,0.645,persisted_estimated_woba_value,3,11,3,4,2,False,15,15
747080,519242,2,88,99,27,29,2024-08-23,validation,mlb_statcast,90,single,0.564,xwOBA,0.776,persisted_estimated_woba_value,3,12,3,2,2,False,15,15
747082,650911,1,86,94,24,26,2024-08-22,validation,mlb_statcast,88,home_run,0.816,xwOBA,1.867190476190476,persisted_estimated_woba_value,3,9,3,2,2,False,15,15
747083,554430,1,42,42,10,10,2024-08-20,validation,mlb_statcast,42,single,0.48,xwOBA,0.828,persisted_estimated_woba_value,3,1,1,0,2,False,15,15
747083,554430,2,78,90,21,23,2024-08-20,validation,mlb_statcast,80,home_run,0.669,xwOBA,2.0,persisted_estimated_woba_value,3,13,3,2,2,False,15,15
747084,605400,1,13,16,5,5,2024-08-21,validation,mlb_statcast,16,single,0.575,xwOBA,0.868,persisted_estimated_woba_value,3,4,1,3,2,True,0,0
747084,605400,2,22,28,7,7,2024-08-21,validation,mlb_statcast,28,field_out,0.455,xwOBA,0.458,persisted_estimated_woba_value,3,7,1,6,2,False,1,1
747084,605400,3,48,70,12,17,2024-08-21,validation,mlb_statcast,51,single,0.613,xwOBA,0.761,persisted_estimated_woba_value,3,23,6,3,2,False,15,15
747085,519242,1,30,38,8,9,2024-08-07,validation,mlb_statcast,35,walk,0.534,xwOBA,0.689131,persisted_estimated_woba_value,3,9,2,5,2,False,9,9
747088,665795,1,49,51,11,11,2024-08-04,validation,mlb_statcast,51,double,0.517,xwOBA,0.651,persisted_estimated_woba_value,3,3,1,2,2,False,15,15
747093,502043,1,15,19,4,5,2024-07-20,validation,mlb_statcast,15,field_out,0.545,xwOBA,0.723,persisted_estimated_woba_value,3,5,2,0,2,True,0,0
747093,502043,2,45,61,12,13,2024-07-20,validation,mlb_statcast,53,single,0.511,xwOBA,0.737,persisted_estimated_woba_value,3,17,2,8,2,False,15,15
747093,502043,3,72,78,17,18,2024-07-20,validation,mlb_statcast,76,force_out,0.518,xwOBA,0.535,persisted_estimated_woba_value,3,7,2,4,2,False,15,15
747095,668881,1,15,23,5,6,2024-07-22,validation,mlb_statcast,20,hit_by_pitch,0.471,xwOBA+BB/HBP,0.720192,persisted_estimated_woba_value,3,9,2,5,2,True,0,0
747095,668881,2,26,36,8,10,2024-07-22,validation,mlb_statcast,30,field_out,0.534,xwOBA,1.5592,persisted_estimated_woba_value,3,11,3,4,2,False,5,5
747097,605400,1,54,64,12,14,2024-07-05,validation,mlb_statcast,54,home_run,0.548,xwOBA,1.33248,persisted_estimated_woba_value,3,11,3,0,2,False,15,15
747097,605400,2,81,97,20,22,2024-07-05,validation,mlb_statcast,86,home_run,0.636,xwOBA,1.6922499999999998,persisted_estimated_woba_value,3,17,3,5,2,False,15,15
747100,519242,1,61,62,14,14,2024-07-03,validation,mlb_statcast,62,field_out,0.512,xwOBA,0.846138888888889,persisted_estimated_woba_value,3,2,1,1,2,False,15,15
747103,657277,1,5,8,2,2,2024-07-04,validation,mlb_statcast,8,double,0.528,xwOBA,0.4684666666666665,persisted_estimated_woba_value,2,4,1,3,1,True,0,0
747103,657277,2,13,23,4,6,2024-07-04,validation,mlb_statcast,17,single,0.45,xwOBA,0.882,persisted_estimated_woba_value,3,11,3,4,2,True,0,0
747103,657277,3,56,57,15,15,2024-07-04,validation,mlb_statcast,57,double,0.452,xwOBA,0.506,persisted_estimated_woba_value,3,2,1,1,2,False,15,15
747103,657277,4,87,91,23,23,2024-07-04,validation,mlb_statcast,91,field_out,0.512,xwOBA,0.412,persisted_estimated_woba_value,3,5,1,4,2,False,15,14
747105,527048,1,22,35,5,7,2024-06-28,validation,mlb_statcast,24,home_run,0.845,xwOBA,1.8444090909090909,persisted_estimated_woba_value,3,14,3,2,2,False,1,1
747105,527048,2,46,67,10,14,2024-06-28,validation,mlb_statcast,51,walk,0.464,xwOBA,0.689131,persisted_estimated_woba_value,3,22,5,5,2,False,15,15
747105,527048,3,75,76,18,18,2024-06-28,validation,mlb_statcast,76,field_out,0.478,xwOBA,0.488,persisted_estimated_woba_value,3,2,1,1,2,False,15,15
747105,527048,4,81,86,20,20,2024-06-28,validation,mlb_statcast,86,double,0.487,xwOBA,0.9,persisted_estimated_woba_value,3,6,1,5,2,False,15,15
747108,681857,1,8,20,3,5,2024-06-17,validation,mlb_statcast,13,double,0.638,xwOBA,1.6141935483870968,persisted_estimated_woba_value,3,13,3,5,2,True,0,0
747111,519242,1,14,28,5,7,2024-06-01,validation,mlb_statcast,18,double,0.503,xwOBA,1.0145,persisted_estimated_woba_value,3,15,3,4,2,True,0,0
747111,519242,2,32,44,9,11,2024-06-01,validation,mlb_statcast,36,single,0.568,xwOBA,0.468,persisted_estimated_woba_value,3,13,3,4,2,False,11,11
747111,519242,3,60,60,18,18,2024-06-01,validation,mlb_statcast,60,single,0.52,xwOBA,0.37,persisted_estimated_woba_value,3,1,1,0,2,False,15,15
747111,519242,4,67,71,21,22,2024-06-01,validation,mlb_statcast,68,home_run,0.714,xwOBA,1.9942,persisted_estimated_woba_value,3,5,2,1,2,False,15,15
747112,519242,1,4,8,2,4,2024-06-14,validation,mlb_statcast,5,hit_by_pitch,0.688,xwOBA,0.720192,persisted_estimated_woba_value,2,5,3,1,1,True,0,0
747119,656302,1,7,16,2,4,2024-05-20,validation,mlb_statcast,9,single,0.69,xwOBA,0.914,persisted_estimated_woba_value,2,10,3,2,1,True,0,0
747119,656302,2,35,56,12,16,2024-05-20,validation,mlb_statcast,40,home_run,0.736,xwOBA,1.5178333333333336,persisted_estimated_woba_value,3,22,5,5,2,False,14,14
747119,656302,3,75,84,23,24,2024-05-20,validation,mlb_statcast,76,single,0.462,xwOBA,0.689,persisted_estimated_woba_value,3,10,2,1,2,False,15,15
747121,519242,1,16,16,5,5,2024-05-20,validation,mlb_statcast,16,single,0.503,xwOBA,0.751,persisted_estimated_woba_value,3,1,1,0,2,True,0,0
747121,519242,2,28,35,10,11,2024-05-20,validation,mlb_statcast,31,double,0.619,xwOBA,0.868,persisted_estimated_woba_value,3,8,2,3,2,False,7,7
747124,519242,1,14,20,4,5,2024-05-14,validation,mlb_statcast,16,hit_by_pitch,0.541,xwOBA,0.720192,persisted_estimated_woba_value,3,7,2,2,2,True,0,0
747125,594902,1,6,20,2,4,2024-04-28,validation,mlb_statcast,8,single,0.801,xwOBA,0.768,persisted_estimated_woba_value,2,15,3,2,1,True,0,0
747125,594902,2,69,77,13,15,2024-04-28,validation,mlb_statcast,72,field_out,0.78,xwOBA,1.8062307692307693,persisted_estimated_woba_value,3,9,3,3,2,False,15,14
747125,594902,3,87,89,18,18,2024-04-28,validation,mlb_statcast,89,single,0.622,xwOBA,0.887,persisted_estimated_woba_value,3,3,1,2,2,False,15,14
747127,519242,1,53,59,13,13,2024-05-08,validation,mlb_statcast,59,field_out,0.526,xwOBA,0.678,persisted_estimated_woba_value,3,7,1,6,2,False,15,15
747127,519242,2,63,65,15,15,2024-05-08,validation,mlb_statcast,65,single,0.592,xwOBA,0.917,persisted_estimated_woba_value,3,3,1,2,2,False,15,15
747127,519242,3,76,77,19,20,2024-05-08,validation,mlb_statcast,76,single,0.518,xwOBA,0.722,persisted_estimated_woba_value,3,2,2,0,2,False,15,15
747129,519242,1,8,11,2,3,2024-04-26,validation,mlb_statcast,9,field_out,0.661,xwOBA,0.013,persisted_estimated_woba_value,2,4,2,1,1,True,0,0
747129,671106,1,12,23,3,5,2024-04-26,validation,mlb_statcast,13,field_out,0.778,xwOBA,1.6336060606060607,persisted_estimated_woba_value,3,12,3,1,2,True,0,0
747129,671106,2,59,62,13,14,2024-04-26,validation,mlb_statcast,59,hit_by_pitch,0.486,xwOBA+BB/HBP,0.720192,persisted_estimated_woba_value,3,4,2,0,2,False,15,9
747129,671106,3,68,70,16,16,2024-04-26,validation,mlb_statcast,70,double,0.474,xwOBA,0.833,persisted_estimated_woba_value,3,3,1,2,2,False,15,9
747136,519242,1,6,9,2,3,2024-04-19,validation,mlb_statcast,6,field_out,0.91,xwOBA,0.074,persisted_estimated_woba_value,2,4,2,0,1,True,0,0
747136,519242,2,80,82,22,23,2024-04-19,validation,mlb_statcast,80,double,0.514,xwOBA,0.632,persisted_estimated_woba_value,3,3,2,0,2,False,15,11
747141,669194,1,16,30,4,6,2024-04-07,validation,mlb_statcast,22,home_run,0.588,xwOBA,1.6922499999999998,persisted_estimated_woba_value,3,15,3,6,2,True,0,0
747141,669194,2,39,41,8,9,2024-04-07,validation,mlb_statcast,40,single,0.499,xwOBA,0.557,persisted_estimated_woba_value,3,3,2,1,2,False,15,15
747141,669194,3,64,73,15,17,2024-04-07,validation,mlb_statcast,64,home_run,0.531,xwOBA,1.517754098360656,persisted_estimated_woba_value,3,10,3,0,2,False,15,15
747143,675911,1,5,9,2,3,2024-04-05,validation,mlb_statcast,7,field_out,0.507,xwOBA,0.013,persisted_estimated_woba_value,2,5,2,2,1,True,0,0
747143,675911,2,18,31,6,8,2024-04-05,validation,mlb_statcast,18,double,0.526,xwOBA,1.2806415094339625,persisted_estimated_woba_value,3,14,3,0,2,True,0,0
747143,675911,3,78,88,21,22,2024-04-05,validation,mlb_statcast,83,walk,0.484,xwOBA+BB/HBP,0.689131,persisted_estimated_woba_value,3,11,2,5,2,False,15,13
747146,593958,1,31,36,11,13,2024-09-28,validation,mlb_statcast,31,single,0.488,xwOBA,0.821,persisted_estimated_woba_value,3,6,3,0,2,False,10,10
747146,593958,2,61,63,20,20,2024-09-28,validation,mlb_statcast,63,single,0.652,xwOBA,0.903,persisted_estimated_woba_value,3,3,1,2,2,False,15,15
747147,527048,1,48,64,13,20,2024-09-29,validation,mlb_statcast,48,double,0.516,xwOBA,0.945,persisted_estimated_woba_value,3,17,8,0,2,False,15,13
747149,657277,1,6,11,2,2,2024-09-24,validation,mlb_statcast,11,walk,0.477,xwOBA,0.689131,persisted_estimated_woba_value,2,6,1,5,1,True,0,0
747150,593958,1,55,81,12,18,2024-09-23,validation,mlb_statcast,55,field_out,0.606,xwOBA,0.532,persisted_estimated_woba_value,3,27,7,0,2,False,15,15
747150,593958,2,90,104,21,24,2024-09-23,validation,mlb_statcast,92,home_run,0.609,xwOBA,1.82775,persisted_estimated_woba_value,3,15,4,2,2,False,15,15
747153,593958,1,8,12,3,3,2024-09-13,validation,mlb_statcast,12,walk,0.482,xwOBA,0.689131,persisted_estimated_woba_value,3,5,1,4,2,True,0,0
747153,593958,2,56,76,15,18,2024-09-13,validation,mlb_statcast,62,field_out,0.585,xwOBA,0.696,persisted_estimated_woba_value,3,21,4,6,2,False,15,15
747155,593958,1,5,14,2,3,2024-09-02,validation,mlb_statcast,9,grounded_into_double_play,0.509,xwOBA,0.083,persisted_estimated_woba_value,2,10,2,4,1,True,0,0
747155,593958,2,46,71,9,15,2024-09-02,validation,mlb_statcast,49,double,0.609,xwOBA,1.3900166666666676,persisted_estimated_woba_value,3,26,7,3,2,False,15,15
747155,656427,1,3,14,2,4,2024-09-02,validation,mlb_statcast,7,single,0.602,xwOBA,0.921,persisted_estimated_woba_value,2,12,3,4,1,True,0,0
747155,656427,2,27,34,8,9,2024-09-02,validation,mlb_statcast,31,walk,0.501,xwOBA,0.689131,persisted_estimated_woba_value,3,8,2,4,2,False,6,5
747155,656427,3,92,96,23,23,2024-09-02,validation,mlb_statcast,96,walk,0.459,xwOBA+BB/HBP,0.689131,persisted_estimated_woba_value,3,5,1,4,2,False,15,15
747159,656849,1,36,44,11,14,2024-08-29,validation,mlb_statcast,38,home_run,0.61,xwOBA,1.0731190476190478,persisted_estimated_woba_value,3,9,4,2,2,False,15,15
747159,669194,1,12,25,4,6,2024-08-29,validation,mlb_statcast,18,home_run,0.929,xwOBA,2.0,persisted_estimated_woba_value,3,14,3,6,2,True,0,0
747159,669194,2,60,87,17,23,2024-08-29,validation,mlb_statcast,60,double,0.758,xwOBA,1.1985087719298244,persisted_estimated_woba_value,3,28,7,0,2,False,15,15
747160,593958,1,31,51,8,13,2024-08-13,validation,mlb_statcast,31,single,0.492,xwOBA,0.788,persisted_estimated_woba_value,3,21,6,0,2,False,10,10
747160,593958,2,56,56,16,16,2024-08-13,validation,mlb_statcast,56,field_out,0.502,xwOBA,0.866,persisted_estimated_woba_value,3,1,1,0,2,False,15,15
747161,593958,1,5,12,2,2,2024-08-28,validation,mlb_statcast,12,field_out,0.537,xwOBA,0.8794666666666667,persisted_estimated_woba_value,2,8,1,7,1,True,0,0
747161,593958,2,65,83,15,20,2024-08-28,validation,mlb_statcast,69,double,0.737,xwOBA,1.4385,persisted_estimated_woba_value,3,19,6,4,2,False,15,15
747161,622663,1,27,35,6,7,2024-08-28,validation,mlb_statcast,29,single,0.471,xwOBA,0.725,persisted_estimated_woba_value,3,9,2,2,2,False,6,6
747161,622663,2,54,65,11,14,2024-08-28,validation,mlb_statcast,55,single,0.453,xwOBA,0.912,persisted_estimated_woba_value,3,12,4,1,2,False,15,15
747161,622663,3,81,91,19,21,2024-08-28,validation,mlb_statcast,86,home_run,0.668,xwOBA,2.0,persisted_estimated_woba_value,3,11,3,5,2,False,15,15
747162,640455,1,89,95,22,23,2024-08-27,validation,mlb_statcast,92,single,0.464,xwOBA,0.808,persisted_estimated_woba_value,3,7,2,3,2,False,15,15
747162,640455,2,102,103,25,25,2024-08-27,validation,mlb_statcast,103,home_run,0.671,xwOBA,2.0,persisted_estimated_woba_value,3,2,1,1,2,False,15,15
747164,605400,1,2,8,2,4,2024-08-10,validation,mlb_statcast,3,home_run,1.053,xwOBA,1.3787368421052633,persisted_estimated_woba_value,2,7,3,1,1,True,0,0
747164,605400,2,19,24,7,7,2024-08-10,validation,mlb_statcast,24,single,0.472,xwOBA,0.614,persisted_estimated_woba_value,3,6,1,5,2,True,0,0
747164,605400,3,27,32,9,9,2024-08-10,validation,mlb_statcast,32,walk,0.465,xwOBA,0.689131,persisted_estimated_woba_value,3,6,1,5,2,False,6,6
747164,605400,4,36,40,11,11,2024-08-10,validation,mlb_statcast,40,walk,0.585,xwOBA+BB/HBP,0.689131,persisted_estimated_woba_value,3,5,1,4,2,False,15,15
747164,605400,5,79,88,21,25,2024-08-10,validation,mlb_statcast,79,single,0.521,xwOBA,0.918,persisted_estimated_woba_value,3,10,5,0,2,False,15,15
747166,650911,1,11,14,5,5,2024-08-11,validation,mlb_statcast,14,single,0.658,xwOBA,0.887,persisted_estimated_woba_value,3,4,1,3,2,True,0,0
747166,650911,2,19,20,7,7,2024-08-11,validation,mlb_statcast,20,double,0.455,xwOBA,0.467,persisted_estimated_woba_value,3,2,1,1,2,True,0,0
747166,650911,3,27,27,9,9,2024-08-11,validation,mlb_statcast,27,force_out,0.477,xwOBA,0.274,persisted_estimated_woba_value,3,1,1,0,2,False,6,6
747166,650911,4,43,51,14,16,2024-08-11,validation,mlb_statcast,49,field_out,0.674,xwOBA,1.150666666666667,persisted_estimated_woba_value,3,9,3,6,2,False,15,15
747166,650911,5,83,84,24,24,2024-08-11,validation,mlb_statcast,84,field_out,0.474,xwOBA,0.734,persisted_estimated_woba_value,3,2,1,1,2,False,15,15
747167,669194,1,7,15,3,3,2024-07-30,validation,mlb_statcast,15,walk,0.498,xwOBA,0.689131,persisted_estimated_woba_value,3,9,1,8,2,True,0,0
747168,554430,1,44,52,12,13,2024-08-09,validation,mlb_statcast,46,home_run,0.457,xwOBA,1.3089615384615385,persisted_estimated_woba_value,3,9,2,2,2,False,15,15
747168,554430,2,63,68,17,17,2024-08-09,validation,mlb_statcast,68,single,0.505,xwOBA,0.393,persisted_estimated_woba_value,3,6,1,5,2,False,15,15
747168,669194,1,67,70,19,19,2024-08-09,validation,mlb_statcast,70,double_play,0.451,xwOBA,0.732,persisted_estimated_woba_value,3,4,1,3,2,False,15,15
747168,669194,2,75,76,21,21,2024-08-09,validation,mlb_statcast,76,home_run,0.651,xwOBA,1.2214651162790702,persisted_estimated_woba_value,3,2,1,1,2,False,15,15
747175,669194,1,57,59,16,16,2024-07-12,validation,mlb_statcast,59,double,0.473,xwOBA,0.933,persisted_estimated_woba_value,3,3,1,2,2,False,15,15
747175,669194,2,67,68,20,21,2024-07-12,validation,mlb_statcast,67,sac_fly,0.475,xwOBA,0.506,persisted_estimated_woba_value,3,2,2,0,2,False,15,15
747175,669194,3,76,90,24,25,2024-07-12,validation,mlb_statcast,81,field_out,0.478,xwOBA,0.55,persisted_estimated_woba_value,3,15,2,5,2,False,15,15
747176,579328,1,56,60,16,16,2024-07-14,validation,mlb_statcast,60,walk,0.467,xwOBA,0.689131,persisted_estimated_woba_value,3,5,1,4,2,False,15,15
747176,579328,2,62,86,18,24,2024-07-14,validation,mlb_statcast,67,walk,0.46,xwOBA+BB/HBP,0.689131,persisted_estimated_woba_value,3,25,7,5,2,False,15,15
747180,519242,1,10,16,3,3,2024-07-09,validation,mlb_statcast,16,walk,0.495,xwOBA,0.689131,persisted_estimated_woba_value,3,7,1,6,2,True,0,0
747180,519242,2,24,28,5,5,2024-07-09,validation,mlb_statcast,28,walk,0.459,xwOBA+BB/HBP,0.689131,persisted_estimated_woba_value,3,5,1,4,2,False,3,3
747180,519242,3,57,69,14,15,2024-07-09,validation,mlb_statcast,66,walk,0.571,xwOBA,0.689131,persisted_estimated_woba_value,3,13,2,9,2,False,15,15
747184,669194,1,27,37,7,10,2024-06-26,validation,mlb_statcast,27,hit_by_pitch,0.605,xwOBA,0.720192,persisted_estimated_woba_value,3,11,4,0,2,False,6,6
747184,669194,2,54,57,17,17,2024-06-26,validation,mlb_statcast,57,single,0.518,xwOBA,0.915,persisted_estimated_woba_value,3,4,1,3,2,False,15,15
747184,669194,3,63,70,19,21,2024-06-26,validation,mlb_statcast,63,double,0.812,xwOBA,1.4394310344827588,persisted_estimated_woba_value,3,8,3,0,2,False,15,15
747191,669194,1,12,26,5,8,2024-06-14,validation,mlb_statcast,17,walk,0.59,xwOBA,0.689131,persisted_estimated_woba_value,3,15,4,5,2,True,0,0
747191,669194,2,66,73,18,19,2024-06-14,validation,mlb_statcast,68,double,0.453,xwOBA,0.8101379310344828,persisted_estimated_woba_value,3,8,2,2,2,False,15,15
747194,669194,1,53,57,15,16,2024-06-03,validation,mlb_statcast,54,single,0.495,xwOBA,0.935,persisted_estimated_woba_value,3,5,2,1,2,False,15,15
747194,669194,2,62,68,20,21,2024-06-03,validation,mlb_statcast,65,field_out,0.528,xwOBA,0.423,persisted_estimated_woba_value,3,7,2,3,2,False,15,15
747194,669194,3,74,76,23,25,2024-06-03,validation,mlb_statcast,74,home_run,0.612,xwOBA,1.7448749999999995,persisted_estimated_woba_value,3,3,3,0,2,False,15,15
747200,666129,1,84,85,29,29,2024-05-24,validation,mlb_statcast,85,field_out,0.471,xwOBA,0.794,persisted_estimated_woba_value,3,2,1,1,2,False,15,15
747200,666129,2,93,95,31,31,2024-05-24,validation,mlb_statcast,95,field_out,0.715,xwOBA,1.2330444444444444,persisted_estimated_woba_value,3,3,1,2,2,False,15,15
747201,669194,1,25,31,7,8,2024-05-17,validation,mlb_statcast,29,single,0.476,xwOBA,0.55,persisted_estimated_woba_value,3,7,2,4,2,False,4,4
747201,669194,2,51,54,13,14,2024-05-17,validation,mlb_statcast,53,triple,0.617,xwOBA,0.827,persisted_estimated_woba_value,3,4,2,2,2,False,15,15
747201,669194,3,74,84,22,25,2024-05-17,validation,mlb_statcast,76,field_out,0.581,xwOBA,0.9167307692307692,persisted_estimated_woba_value,3,11,4,2,2,False,15,15
747202,656427,1,65,70,16,16,2024-05-18,validation,mlb_statcast,70,walk,0.502,xwOBA,0.689131,persisted_estimated_woba_value,3,6,1,5,2,False,15,13
747202,656427,2,87,95,22,23,2024-05-18,validation,mlb_statcast,92,walk,0.621,xwOBA,0.689131,persisted_estimated_woba_value,3,9,2,5,2,False,15,15
747205,668881,1,32,36,8,9,2024-05-14,validation,mlb_statcast,35,walk,0.615,xwOBA,0.689131,persisted_estimated_woba_value,3,5,2,3,2,False,11,11
747205,668881,2,44,47,12,12,2024-05-14,validation,mlb_statcast,47,field_out,0.54,xwOBA,0.705,persisted_estimated_woba_value,3,4,1,3,2,False,15,15
747205,668881,3,72,76,21,21,2024-05-14,validation,mlb_statcast,76,double,0.49,xwOBA,0.789,persisted_estimated_woba_value,3,5,1,4,2,False,15,15
747206,669194,1,30,42,7,10,2024-05-05,validation,mlb_statcast,30,home_run,0.651,xwOBA,1.058638888888889,persisted_estimated_woba_value,3,13,4,0,2,False,9,9
747206,669194,2,52,59,14,14,2024-05-05,validation,mlb_statcast,59,single,0.555,xwOBA,0.728,persisted_estimated_woba_value,3,8,1,7,2,False,15,15
747206,669194,3,88,93,22,22,2024-05-05,validation,mlb_statcast,93,single,0.519,xwOBA,0.441,persisted_estimated_woba_value,3,6,1,5,2,False,15,15
747208,656302,1,66,70,15,15,2024-05-03,validation,mlb_statcast,70,single,0.467,xwOBA,0.664,persisted_estimated_woba_value,3,5,1,4,2,False,15,13
747208,656302,2,99,102,22,22,2024-05-03,validation,mlb_statcast,102,field_out,0.538,xwOBA,1.1709166666666664,persisted_estimated_woba_value,3,4,1,3,2,False,15,13
747209,650633,1,8,17,3,5,2024-05-04,validation,mlb_statcast,11,single,0.565,xwOBA,0.864,persisted_estimated_woba_value,3,10,3,3,2,True,0,0
747214,543294,1,38,53,14,16,2024-04-16,validation,mlb_statcast,40,home_run,0.817,xwOBA,1.964888888888889,persisted_estimated_woba_value,3,16,3,2,2,False,15,14
747214,543294,2,66,78,21,22,2024-04-16,validation,mlb_statcast,71,walk,0.504,xwOBA,0.689131,persisted_estimated_woba_value,3,13,2,5,2,False,15,14
747215,502043,1,14,19,5,6,2024-04-13,validation,mlb_statcast,16,sac_fly,0.642,xwOBA,0.6991923076923078,persisted_estimated_woba_value,3,6,2,2,2,True,0,0
747215,502043,2,70,95,20,25,2024-04-13,validation,mlb_statcast,76,walk,0.497,xwOBA,0.689131,persisted_estimated_woba_value,3,26,6,6,2,False,15,15
747215,669194,1,8,19,3,5,2024-04-13,validation,mlb_statcast,8,field_out,0.706,xwOBA,1.3093833333333331,persisted_estimated_woba_value,3,12,3,0,2,True,0,0
747215,669194,2,71,71,23,23,2024-04-13,validation,mlb_statcast,71,field_out,0.496,xwOBA,0.846,persisted_estimated_woba_value,3,1,1,0,2,False,15,15
747218,669194,1,11,24,3,5,2024-04-01,validation,mlb_statcast,11,single,0.492,xwOBA,0.786,persisted_estimated_woba_value,3,14,3,0,2,True,0,0
747218,669194,2,42,43,9,10,2024-04-01,validation,mlb_statcast,42,single,0.579,xwOBA,0.833,persisted_estimated_woba_value,3,2,2,0,2,False,15,15
747218,669194,3,65,74,15,15,2024-04-01,validation,mlb_statcast,74,walk,0.459,xwOBA+BB/HBP,0.689131,persisted_estimated_woba_value,3,10,1,9,2,False,15,15
747220,641482,1,4,8,2,3,2024-04-02,validation,mlb_statcast,7,single,0.676,xwOBA,0.453,persisted_estimated_woba_value,2,5,2,3,1,True,0,0
747220,641482,2,14,24,5,7,2024-04-02,validation,mlb_statcast,17,single,0.59,xwOBA,0.907,persisted_estimated_woba_value,3,11,3,3,2,True,0,0
747220,641482,3,56,58,16,16,2024-04-02,validation,mlb_statcast,58,field_out,0.467,xwOBA,0.234,persisted_estimated_woba_value,3,3,1,2,2,False,15,14
