threshold,evaluated_outings_count,evaluated_pitches_count,total_qualified_outings,outings_with_available_score,outings_without_available_score,evaluation_opportunity_pitches,score_available_evaluation_pitches,pitch_level_scoring_coverage,outing_level_scoring_coverage,total_collapse_episodes,evaluated_episodes_count,collapse_episodes_detected,episode_recall,warning_precision,master_warning_count,censored_warnings,total_warnings,false_warnings,false_warnings_per_outing,clean_outing_false_alarm_rate,lead_time_mean_pitches,lead_time_median_pitches,lead_time_mean_pas,lead_time_median_pas,headline_denominators,model_key,threshold_status
,510,31285,510,510,0,32208,31285,0.971342523596622,1.0,1179,1179,0,0.0,,0,0,0,0,0.0,0.0,,,,,"{'episode_recall': 1179, 'warning_precision': 0, 'false_warnings_per_outing': 510, 'clean_outing_false_alarm_rate': 26, 'pitch_level_scoring_coverage': 32208, 'outing_level_scoring_coverage': 510}",context,no_alert
0.5452338697723064,510,31285,510,510,0,32208,31285,0.971342523596622,1.0,1179,1179,0,0.0,0.0,6,5,1,1,0.00196078431372549,0.0,,,,,"{'episode_recall': 1179, 'warning_precision': 1, 'false_warnings_per_outing': 510, 'clean_outing_false_alarm_rate': 26, 'pitch_level_scoring_coverage': 32208, 'outing_level_scoring_coverage': 510}",context,selected
0.5288788438487034,510,31285,510,510,0,32208,31285,0.971342523596622,1.0,1179,1179,31,0.026293469041560644,0.36046511627906974,113,27,86,55,0.10784313725490197,0.07692307692307693,7.67741935483871,8.0,2.096774193548387,2.0,"{'episode_recall': 1179, 'warning_precision': 86, 'false_warnings_per_outing': 510, 'clean_outing_false_alarm_rate': 26, 'pitch_level_scoring_coverage': 32208, 'outing_level_scoring_coverage': 510}",context,selected
0.5262806215244284,510,31285,510,510,0,32208,31285,0.971342523596622,1.0,1179,1179,59,0.05004240882103478,0.3619631901840491,196,33,163,104,0.20392156862745098,0.11538461538461539,7.779661016949152,7.0,2.0847457627118646,2.0,"{'episode_recall': 1179, 'warning_precision': 163, 'false_warnings_per_outing': 510, 'clean_outing_false_alarm_rate': 26, 'pitch_level_scoring_coverage': 32208, 'outing_level_scoring_coverage': 510}",context,selected
0.5246964737465828,510,31285,510,510,0,32208,31285,0.971342523596622,1.0,1179,1179,78,0.06615776081424936,0.34210526315789475,264,36,228,150,0.29411764705882354,0.11538461538461539,7.794871794871795,7.5,2.141025641025641,2.0,"{'episode_recall': 1179, 'warning_precision': 228, 'false_warnings_per_outing': 510, 'clean_outing_false_alarm_rate': 26, 'pitch_level_scoring_coverage': 32208, 'outing_level_scoring_coverage': 510}",context,selected
0.5240969514602392,510,31285,510,510,0,32208,31285,0.971342523596622,1.0,1179,1179,86,0.0729431721798134,0.33204633204633205,295,36,259,173,0.3392156862745098,0.15384615384615385,7.767441860465116,7.5,2.2209302325581395,2.0,"{'episode_recall': 1179, 'warning_precision': 259, 'false_warnings_per_outing': 510, 'clean_outing_false_alarm_rate': 26, 'pitch_level_scoring_coverage': 32208, 'outing_level_scoring_coverage': 510}",context,selected
0.5231447794711288,510,31285,510,510,0,32208,31285,0.971342523596622,1.0,1179,1179,105,0.089058524173028,0.3409090909090909,346,38,308,203,0.3980392156862745,0.15384615384615385,7.733333333333333,8.0,2.219047619047619,2.0,"{'episode_recall': 1179, 'warning_precision': 308, 'false_warnings_per_outing': 510, 'clean_outing_false_alarm_rate': 26, 'pitch_level_scoring_coverage': 32208, 'outing_level_scoring_coverage': 510}",context,selected
0.5221924392215296,510,31285,510,510,0,32208,31285,0.971342523596622,1.0,1179,1179,124,0.10517387616624257,0.34349030470914127,402,41,361,237,0.4647058823529412,0.19230769230769232,7.693548387096774,7.5,2.2016129032258065,2.0,"{'episode_recall': 1179, 'warning_precision': 361, 'false_warnings_per_outing': 510, 'clean_outing_false_alarm_rate': 26, 'pitch_level_scoring_coverage': 32208, 'outing_level_scoring_coverage': 510}",context,selected
0.5212399376069469,510,31285,510,510,0,32208,31285,0.971342523596622,1.0,1179,1179,141,0.11959287531806616,0.3439024390243902,453,43,410,269,0.5274509803921569,0.19230769230769232,7.7304964539007095,7.0,2.198581560283688,2.0,"{'episode_recall': 1179, 'warning_precision': 410, 'false_warnings_per_outing': 510, 'clean_outing_false_alarm_rate': 26, 'pitch_level_scoring_coverage': 32208, 'outing_level_scoring_coverage': 510}",context,selected
0.5208872157428036,510,31285,510,510,0,32208,31285,0.971342523596622,1.0,1179,1179,149,0.1263782866836302,0.34651162790697676,475,45,430,281,0.5509803921568628,0.19230769230769232,7.738255033557047,7.0,2.208053691275168,2.0,"{'episode_recall': 1179, 'warning_precision': 430, 'false_warnings_per_outing': 510, 'clean_outing_false_alarm_rate': 26, 'pitch_level_scoring_coverage': 32208, 'outing_level_scoring_coverage': 510}",context,selected
0.5203004934871353,510,31285,510,510,0,32208,31285,0.971342523596622,1.0,1179,1179,156,0.13231552162849872,0.3466666666666667,495,45,450,294,0.5764705882352941,0.23076923076923078,7.743589743589744,7.0,2.217948717948718,2.0,"{'episode_recall': 1179, 'warning_precision': 450, 'false_warnings_per_outing': 510, 'clean_outing_false_alarm_rate': 26, 'pitch_level_scoring_coverage': 32208, 'outing_level_scoring_coverage': 510}",context,selected
0.5196895539689779,510,31285,510,510,0,32208,31285,0.971342523596622,1.0,1179,1179,165,0.13994910941475827,0.3395061728395062,533,47,486,321,0.6294117647058823,0.2692307692307692,7.7272727272727275,7.0,2.2484848484848485,2.0,"{'episode_recall': 1179, 'warning_precision': 486, 'false_warnings_per_outing': 510, 'clean_outing_false_alarm_rate': 26, 'pitch_level_scoring_coverage': 32208, 'outing_level_scoring_coverage': 510}",context,selected
0.5189816476971966,510,31285,510,510,0,32208,31285,0.971342523596622,1.0,1179,1179,184,0.15606446140797287,0.33638025594149906,598,51,547,363,0.711764705882353,0.34615384615384615,7.695652173913044,7.0,2.222826086956522,2.0,"{'episode_recall': 1179, 'warning_precision': 547, 'false_warnings_per_outing': 510, 'clean_outing_false_alarm_rate': 26, 'pitch_level_scoring_coverage': 32208, 'outing_level_scoring_coverage': 510}",context,selected
0.5183815335974836,510,31285,510,510,0,32208,31285,0.971342523596622,1.0,1179,1179,193,0.1636980491942324,0.3304794520547945,637,53,584,391,0.7666666666666667,0.46153846153846156,7.704663212435233,7.0,2.238341968911917,2.0,"{'episode_recall': 1179, 'warning_precision': 584, 'false_warnings_per_outing': 510, 'clean_outing_false_alarm_rate': 26, 'pitch_level_scoring_coverage': 32208, 'outing_level_scoring_coverage': 510}",context,selected
0.5176734887246637,510,31285,510,510,0,32208,31285,0.971342523596622,1.0,1179,1179,204,0.17302798982188294,0.33063209076175043,670,53,617,413,0.8098039215686275,0.5,7.696078431372549,7.0,2.2450980392156863,2.0,"{'episode_recall': 1179, 'warning_precision': 617, 'false_warnings_per_outing': 510, 'clean_outing_false_alarm_rate': 26, 'pitch_level_scoring_coverage': 32208, 'outing_level_scoring_coverage': 510}",context,selected
0.5170755272879909,510,31285,510,510,0,32208,31285,0.971342523596622,1.0,1179,1179,225,0.19083969465648856,0.338855421686747,724,60,664,439,0.8607843137254902,0.5384615384615384,7.72,7.0,2.2355555555555555,2.0,"{'episode_recall': 1179, 'warning_precision': 664, 'false_warnings_per_outing': 510, 'clean_outing_false_alarm_rate': 26, 'pitch_level_scoring_coverage': 32208, 'outing_level_scoring_coverage': 510}",context,selected
0.516475250718997,510,31285,510,510,0,32208,31285,0.971342523596622,1.0,1179,1179,233,0.19762510602205258,0.33477011494252873,757,61,696,463,0.907843137254902,0.5384615384615384,7.75107296137339,7.0,2.236051502145923,2.0,"{'episode_recall': 1179, 'warning_precision': 696, 'false_warnings_per_outing': 510, 'clean_outing_false_alarm_rate': 26, 'pitch_level_scoring_coverage': 32208, 'outing_level_scoring_coverage': 510}",context,selected
0.5158771930057656,510,31285,510,510,0,32208,31285,0.971342523596622,1.0,1179,1179,243,0.20610687022900764,0.3347107438016529,791,65,726,483,0.9470588235294117,0.5769230769230769,7.695473251028806,7.0,2.234567901234568,2.0,"{'episode_recall': 1179, 'warning_precision': 726, 'false_warnings_per_outing': 510, 'clean_outing_false_alarm_rate': 26, 'pitch_level_scoring_coverage': 32208, 'outing_level_scoring_coverage': 510}",context,selected
0.5155219259687156,510,31285,510,510,0,32208,31285,0.971342523596622,1.0,1179,1179,260,0.2205258693808312,0.33766233766233766,835,65,770,510,1.0,0.6153846153846154,7.753846153846154,7.0,2.2346153846153847,2.0,"{'episode_recall': 1179, 'warning_precision': 770, 'false_warnings_per_outing': 510, 'clean_outing_false_alarm_rate': 26, 'pitch_level_scoring_coverage': 32208, 'outing_level_scoring_coverage': 510}",context,selected
0.514813611887157,510,31285,510,510,0,32208,31285,0.971342523596622,1.0,1179,1179,267,0.22646310432569974,0.3333333333333333,871,70,801,534,1.0470588235294118,0.6153846153846154,7.820224719101123,8.0,2.2397003745318353,2.0,"{'episode_recall': 1179, 'warning_precision': 801, 'false_warnings_per_outing': 510, 'clean_outing_false_alarm_rate': 26, 'pitch_level_scoring_coverage': 32208, 'outing_level_scoring_coverage': 510}",context,selected
0.514568488242085,510,31285,510,510,0,32208,31285,0.971342523596622,1.0,1179,1179,275,0.23324851569126379,0.33700980392156865,886,70,816,541,1.0607843137254902,0.6153846153846154,7.818181818181818,8.0,2.24,2.0,"{'episode_recall': 1179, 'warning_precision': 816, 'false_warnings_per_outing': 510, 'clean_outing_false_alarm_rate': 26, 'pitch_level_scoring_coverage': 32208, 'outing_level_scoring_coverage': 510}",context,selected
0.5143233575880114,510,31285,510,510,0,32208,31285,0.971342523596622,1.0,1179,1179,278,0.2357930449533503,0.3365617433414044,896,70,826,548,1.0745098039215686,0.6153846153846154,7.820143884892087,7.5,2.237410071942446,2.0,"{'episode_recall': 1179, 'warning_precision': 826, 'false_warnings_per_outing': 510, 'clean_outing_false_alarm_rate': 26, 'pitch_level_scoring_coverage': 32208, 'outing_level_scoring_coverage': 510}",context,selected
0.5137251442394488,510,31285,510,510,0,32208,31285,0.971342523596622,1.0,1179,1179,282,0.23918575063613232,0.3305978898007034,928,75,853,571,1.119607843137255,0.6153846153846154,7.819148936170213,7.5,2.234042553191489,2.0,"{'episode_recall': 1179, 'warning_precision': 853, 'false_warnings_per_outing': 510, 'clean_outing_false_alarm_rate': 26, 'pitch_level_scoring_coverage': 32208, 'outing_level_scoring_coverage': 510}",context,selected
0.5133697876687693,510,31285,510,510,0,32208,31285,0.971342523596622,1.0,1179,1179,296,0.2510602205258694,0.3340857787810384,962,76,886,590,1.1568627450980393,0.6923076923076923,7.783783783783784,7.5,2.2263513513513513,2.0,"{'episode_recall': 1179, 'warning_precision': 886, 'false_warnings_per_outing': 510, 'clean_outing_false_alarm_rate': 26, 'pitch_level_scoring_coverage': 32208, 'outing_level_scoring_coverage': 510}",context,selected
0.5127715124456289,510,31285,510,510,0,32208,31285,0.971342523596622,1.0,1179,1179,302,0.2561492790500424,0.33223322332233224,989,80,909,607,1.1901960784313725,0.6923076923076923,7.764900662251655,7.0,2.2119205298013247,2.0,"{'episode_recall': 1179, 'warning_precision': 909, 'false_warnings_per_outing': 510, 'clean_outing_false_alarm_rate': 26, 'pitch_level_scoring_coverage': 32208, 'outing_level_scoring_coverage': 510}",context,selected
0.512416120413292,510,31285,510,510,0,32208,31285,0.971342523596622,1.0,1179,1179,304,0.2578456318914334,0.3258306538049303,1013,80,933,629,1.2333333333333334,0.7307692307692307,7.809210526315789,7.5,2.226973684210526,2.0,"{'episode_recall': 1179, 'warning_precision': 933, 'false_warnings_per_outing': 510, 'clean_outing_false_alarm_rate': 26, 'pitch_level_scoring_coverage': 32208, 'outing_level_scoring_coverage': 510}",context,selected
0.5117075664935001,510,31285,510,510,0,32208,31285,0.971342523596622,1.0,1179,1179,313,0.26547921967769295,0.32168550873586843,1058,85,973,660,1.2941176470588236,0.8461538461538461,7.776357827476039,7.0,2.2140575079872202,2.0,"{'episode_recall': 1179, 'warning_precision': 973, 'false_warnings_per_outing': 510, 'clean_outing_false_alarm_rate': 26, 'pitch_level_scoring_coverage': 32208, 'outing_level_scoring_coverage': 510}",context,selected
0.5114623627556775,510,31285,510,510,0,32208,31285,0.971342523596622,1.0,1179,1179,316,0.2680237489397795,0.3224489795918367,1065,85,980,664,1.3019607843137255,0.8461538461538461,7.75,7.0,2.2151898734177213,2.0,"{'episode_recall': 1179, 'warning_precision': 980, 'false_warnings_per_outing': 510, 'clean_outing_false_alarm_rate': 26, 'pitch_level_scoring_coverage': 32208, 'outing_level_scoring_coverage': 510}",context,selected
0.5113544054722083,510,31285,510,510,0,32208,31285,0.971342523596622,1.0,1179,1179,320,0.2714164546225615,0.32388663967611336,1074,86,988,668,1.3098039215686275,0.8461538461538461,7.740625,7.0,2.20625,2.0,"{'episode_recall': 1179, 'warning_precision': 988, 'false_warnings_per_outing': 510, 'clean_outing_false_alarm_rate': 26, 'pitch_level_scoring_coverage': 32208, 'outing_level_scoring_coverage': 510}",context,selected
0.5108639768344855,510,31285,510,510,0,32208,31285,0.971342523596622,1.0,1179,1179,322,0.2731128074639525,0.3229689067201605,1084,87,997,675,1.3235294117647058,0.8461538461538461,7.779503105590062,7.0,2.2142857142857144,2.0,"{'episode_recall': 1179, 'warning_precision': 997, 'false_warnings_per_outing': 510, 'clean_outing_false_alarm_rate': 26, 'pitch_level_scoring_coverage': 32208, 'outing_level_scoring_coverage': 510}",context,selected
0.5105085216326557,510,31285,510,510,0,32208,31285,0.971342523596622,1.0,1179,1179,327,0.27735368956743,0.3196480938416422,1111,88,1023,696,1.3647058823529412,0.8846153846153846,7.7889908256880735,7.0,2.217125382262997,2.0,"{'episode_recall': 1179, 'warning_precision': 1023, 'false_warnings_per_outing': 510, 'clean_outing_false_alarm_rate': 26, 'pitch_level_scoring_coverage': 32208, 'outing_level_scoring_coverage': 510}",context,selected
0.5100450863538272,510,31285,510,510,0,32208,31285,0.971342523596622,1.0,1179,1179,330,0.27989821882951654,0.3179190751445087,1130,92,1038,708,1.388235294117647,0.8846153846153846,7.793939393939394,7.0,2.2181818181818183,2.0,"{'episode_recall': 1179, 'warning_precision': 1038, 'false_warnings_per_outing': 510, 'clean_outing_false_alarm_rate': 26, 'pitch_level_scoring_coverage': 32208, 'outing_level_scoring_coverage': 510}",context,selected
0.5097998475270916,510,31285,510,510,0,32208,31285,0.971342523596622,1.0,1179,1179,335,0.28413910093299405,0.319047619047619,1141,91,1050,715,1.4019607843137254,0.8846153846153846,7.791044776119403,7.0,2.2149253731343284,2.0,"{'episode_recall': 1179, 'warning_precision': 1050, 'false_warnings_per_outing': 510, 'clean_outing_false_alarm_rate': 26, 'pitch_level_scoring_coverage': 32208, 'outing_level_scoring_coverage': 510}",context,selected
0.5095546039833874,510,31285,510,510,0,32208,31285,0.971342523596622,1.0,1179,1179,335,0.28413910093299405,0.3181386514719848,1144,91,1053,718,1.407843137254902,0.8846153846153846,7.791044776119403,7.0,2.2149253731343284,2.0,"{'episode_recall': 1179, 'warning_precision': 1053, 'false_warnings_per_outing': 510, 'clean_outing_false_alarm_rate': 26, 'pitch_level_scoring_coverage': 32208, 'outing_level_scoring_coverage': 510}",context,selected
0.5092013793353756,510,31285,510,510,0,32208,31285,0.971342523596622,1.0,1179,1179,339,0.2875318066157761,0.31860902255639095,1158,94,1064,725,1.4215686274509804,0.8846153846153846,7.8053097345132745,7.0,2.215339233038348,2.0,"{'episode_recall': 1179, 'warning_precision': 1064, 'false_warnings_per_outing': 510, 'clean_outing_false_alarm_rate': 26, 'pitch_level_scoring_coverage': 32208, 'outing_level_scoring_coverage': 510}",context,selected
0.5086006167492615,510,31285,510,510,0,32208,31285,0.971342523596622,1.0,1179,1179,345,0.2926208651399491,0.31797235023041476,1179,94,1085,740,1.4509803921568627,0.9230769230769231,7.808695652173913,7.0,2.217391304347826,2.0,"{'episode_recall': 1179, 'warning_precision': 1085, 'false_warnings_per_outing': 510, 'clean_outing_false_alarm_rate': 26, 'pitch_level_scoring_coverage': 32208, 'outing_level_scoring_coverage': 510}",context,selected
0.5082473680974339,510,31285,510,510,0,32208,31285,0.971342523596622,1.0,1179,1179,351,0.29770992366412213,0.31996353691886964,1199,102,1097,746,1.4627450980392156,0.9230769230769231,7.7920227920227925,7.0,2.2051282051282053,2.0,"{'episode_recall': 1179, 'warning_precision': 1097, 'false_warnings_per_outing': 510, 'clean_outing_false_alarm_rate': 26, 'pitch_level_scoring_coverage': 32208, 'outing_level_scoring_coverage': 510}",context,selected
0.5076465668736939,510,31285,510,510,0,32208,31285,0.971342523596622,1.0,1179,1179,360,0.3053435114503817,0.3225806451612903,1218,102,1116,756,1.4823529411764707,0.9230769230769231,7.811111111111111,7.5,2.2194444444444446,2.0,"{'episode_recall': 1179, 'warning_precision': 1116, 'false_warnings_per_outing': 510, 'clean_outing_false_alarm_rate': 26, 'pitch_level_scoring_coverage': 32208, 'outing_level_scoring_coverage': 510}",context,selected
0.5072932967894592,510,31285,510,510,0,32208,31285,0.971342523596622,1.0,1179,1179,361,0.3061916878710772,0.3228980322003578,1223,105,1118,757,1.4843137254901961,0.9230769230769231,7.825484764542936,8.0,2.218836565096953,2.0,"{'episode_recall': 1179, 'warning_precision': 1118, 'false_warnings_per_outing': 510, 'clean_outing_false_alarm_rate': 26, 'pitch_level_scoring_coverage': 32208, 'outing_level_scoring_coverage': 510}",context,selected
0.5066924613019254,510,31285,510,510,0,32208,31285,0.971342523596622,1.0,1179,1179,363,0.30788804071246817,0.3198237885462555,1240,105,1135,772,1.5137254901960784,1.0,7.820936639118457,8.0,2.2176308539944904,2.0,"{'episode_recall': 1179, 'warning_precision': 1135, 'false_warnings_per_outing': 510, 'clean_outing_false_alarm_rate': 26, 'pitch_level_scoring_coverage': 32208, 'outing_level_scoring_coverage': 510}",context,selected
0.5063391723573168,510,31285,510,510,0,32208,31285,0.971342523596622,1.0,1179,1179,368,0.31212892281594573,0.32167832167832167,1250,106,1144,776,1.5215686274509803,1.0,7.869565217391305,8.0,2.2309782608695654,2.0,"{'episode_recall': 1179, 'warning_precision': 1144, 'false_warnings_per_outing': 510, 'clean_outing_false_alarm_rate': 26, 'pitch_level_scoring_coverage': 32208, 'outing_level_scoring_coverage': 510}",context,selected
0.5057383069808188,510,31285,510,510,0,32208,31285,0.971342523596622,1.0,1179,1179,370,0.3138252756573367,0.32090199479618386,1259,106,1153,783,1.535294117647059,1.0,7.851351351351352,8.0,2.227027027027027,2.0,"{'episode_recall': 1179, 'warning_precision': 1153, 'false_warnings_per_outing': 510, 'clean_outing_false_alarm_rate': 26, 'pitch_level_scoring_coverage': 32208, 'outing_level_scoring_coverage': 510}",context,selected
0.505385001748419,510,31285,510,510,0,32208,31285,0.971342523596622,1.0,1179,1179,370,0.3138252756573367,0.32006920415224915,1265,109,1156,786,1.5411764705882354,1.0,7.851351351351352,8.0,2.227027027027027,2.0,"{'episode_recall': 1179, 'warning_precision': 1156, 'false_warnings_per_outing': 510, 'clean_outing_false_alarm_rate': 26, 'pitch_level_scoring_coverage': 32208, 'outing_level_scoring_coverage': 510}",context,selected
0.505029422676608,510,31285,510,510,0,32208,31285,0.971342523596622,1.0,1179,1179,371,0.3146734520780322,0.31790916880891174,1276,109,1167,796,1.5607843137254902,1.0,7.8517520215633425,8.0,2.22911051212938,2.0,"{'episode_recall': 1179, 'warning_precision': 1167, 'false_warnings_per_outing': 510, 'clean_outing_false_alarm_rate': 26, 'pitch_level_scoring_coverage': 32208, 'outing_level_scoring_coverage': 510}",context,selected
0.5047841108586575,510,31285,510,510,0,32208,31285,0.971342523596622,1.0,1179,1179,370,0.3138252756573367,0.3154305200341006,1282,109,1173,803,1.5745098039215686,1.0,7.867567567567567,8.0,2.2324324324324323,2.0,"{'episode_recall': 1179, 'warning_precision': 1173, 'false_warnings_per_outing': 510, 'clean_outing_false_alarm_rate': 26, 'pitch_level_scoring_coverage': 32208, 'outing_level_scoring_coverage': 510}",context,selected
0.504320518150813,510,31285,510,510,0,32208,31285,0.971342523596622,1.0,1179,1179,372,0.3155216284987277,0.3157894736842105,1293,115,1178,806,1.580392156862745,1.0,7.881720430107527,8.0,2.2338709677419355,2.0,"{'episode_recall': 1179, 'warning_precision': 1178, 'false_warnings_per_outing': 510, 'clean_outing_false_alarm_rate': 26, 'pitch_level_scoring_coverage': 32208, 'outing_level_scoring_coverage': 510}",context,selected
0.5038298798849428,510,31285,510,510,0,32208,31285,0.971342523596622,1.0,1179,1179,377,0.3197625106022053,0.31548117154811717,1309,114,1195,818,1.603921568627451,1.0,7.835543766578249,7.0,2.2254641909814326,2.0,"{'episode_recall': 1179, 'warning_precision': 1195, 'false_warnings_per_outing': 510, 'clean_outing_false_alarm_rate': 26, 'pitch_level_scoring_coverage': 32208, 'outing_level_scoring_coverage': 510}",context,selected
0.5032312253901267,510,31285,510,510,0,32208,31285,0.971342523596622,1.0,1179,1179,378,0.32061068702290074,0.313953488372093,1321,117,1204,826,1.619607843137255,1.0,7.828042328042328,7.0,2.2222222222222223,2.0,"{'episode_recall': 1179, 'warning_precision': 1204, 'false_warnings_per_outing': 510, 'clean_outing_false_alarm_rate': 26, 'pitch_level_scoring_coverage': 32208, 'outing_level_scoring_coverage': 510}",context,selected
0.5028756210101915,510,31285,510,510,0,32208,31285,0.971342523596622,1.0,1179,1179,382,0.3240033927056828,0.3136288998357964,1335,117,1218,836,1.6392156862745098,1.0,7.861256544502618,7.5,2.235602094240838,2.0,"{'episode_recall': 1179, 'warning_precision': 1218, 'false_warnings_per_outing': 510, 'clean_outing_false_alarm_rate': 26, 'pitch_level_scoring_coverage': 32208, 'outing_level_scoring_coverage': 510}",context,selected
0.5021666725308124,510,31285,510,510,0,32208,31285,0.971342523596622,1.0,1179,1179,386,0.3273960983884648,0.31356620633631194,1349,118,1231,845,1.6568627450980393,1.0,7.873056994818653,8.0,2.243523316062176,2.0,"{'episode_recall': 1179, 'warning_precision': 1231, 'false_warnings_per_outing': 510, 'clean_outing_false_alarm_rate': 26, 'pitch_level_scoring_coverage': 32208, 'outing_level_scoring_coverage': 510}",context,selected
0.5019213411857333,510,31285,510,510,0,32208,31285,0.971342523596622,1.0,1179,1179,387,0.3282442748091603,0.3128536782538399,1355,118,1237,850,1.6666666666666667,1.0,7.8785529715762275,8.0,2.2454780361757107,2.0,"{'episode_recall': 1179, 'warning_precision': 1237, 'false_warnings_per_outing': 510, 'clean_outing_false_alarm_rate': 26, 'pitch_level_scoring_coverage': 32208, 'outing_level_scoring_coverage': 510}",context,selected
0.501567996536363,510,31285,510,510,0,32208,31285,0.971342523596622,1.0,1179,1179,389,0.3299406276505513,0.3134568896051571,1365,124,1241,852,1.6705882352941177,1.0,7.848329048843188,8.0,2.2416452442159382,2.0,"{'episode_recall': 1179, 'warning_precision': 1241, 'false_warnings_per_outing': 510, 'clean_outing_false_alarm_rate': 26, 'pitch_level_scoring_coverage': 32208, 'outing_level_scoring_coverage': 510}",context,selected
0.5012123816432771,510,31285,510,510,0,32208,31285,0.971342523596622,1.0,1179,1179,390,0.33078880407124683,0.31275060144346434,1372,125,1247,857,1.6803921568627451,1.0,7.856410256410256,8.0,2.2435897435897436,2.0,"{'episode_recall': 1179, 'warning_precision': 1247, 'false_warnings_per_outing': 510, 'clean_outing_false_alarm_rate': 26, 'pitch_level_scoring_coverage': 32208, 'outing_level_scoring_coverage': 510}",context,selected
0.5007217126180932,510,31285,510,510,0,32208,31285,0.971342523596622,1.0,1179,1179,392,0.3324851569126378,0.3113582208101668,1385,126,1259,867,1.7,1.0,7.854591836734694,8.0,2.247448979591837,2.0,"{'episode_recall': 1179, 'warning_precision': 1259, 'false_warnings_per_outing': 510, 'clean_outing_false_alarm_rate': 26, 'pitch_level_scoring_coverage': 32208, 'outing_level_scoring_coverage': 510}",context,selected
0.5000127464958655,510,31285,510,510,0,32208,31285,0.971342523596622,1.0,1179,1179,399,0.3384223918575064,0.3126959247648903,1404,128,1276,877,1.719607843137255,1.0,7.849624060150376,8.0,2.2406015037593985,2.0,"{'episode_recall': 1179, 'warning_precision': 1276, 'false_warnings_per_outing': 510, 'clean_outing_false_alarm_rate': 26, 'pitch_level_scoring_coverage': 32208, 'outing_level_scoring_coverage': 510}",context,selected
0.49990473298076427,510,31285,510,510,0,32208,31285,0.971342523596622,1.0,1179,1179,399,0.3384223918575064,0.31220657276995306,1406,128,1278,879,1.723529411764706,1.0,7.849624060150376,8.0,2.2406015037593985,2.0,"{'episode_recall': 1179, 'warning_precision': 1278, 'false_warnings_per_outing': 510, 'clean_outing_false_alarm_rate': 26, 'pitch_level_scoring_coverage': 32208, 'outing_level_scoring_coverage': 510}",context,selected
0.4996593975822836,510,31285,510,510,0,32208,31285,0.971342523596622,1.0,1179,1179,398,0.3375742154368109,0.3114241001564945,1407,129,1278,880,1.7254901960784315,1.0,7.876884422110553,8.0,2.2462311557788945,2.0,"{'episode_recall': 1179, 'warning_precision': 1278, 'false_warnings_per_outing': 510, 'clean_outing_false_alarm_rate': 26, 'pitch_level_scoring_coverage': 32208, 'outing_level_scoring_coverage': 510}",context,selected
0.4990584455353575,510,31285,510,510,0,32208,31285,0.971342523596622,1.0,1179,1179,400,0.33927056827820185,0.30959752321981426,1423,131,1292,892,1.7490196078431373,1.0,7.895,8.0,2.2575,2.0,"{'episode_recall': 1179, 'warning_precision': 1292, 'false_warnings_per_outing': 510, 'clean_outing_false_alarm_rate': 26, 'pitch_level_scoring_coverage': 32208, 'outing_level_scoring_coverage': 510}",context,selected
0.4987028296754844,510,31285,510,510,0,32208,31285,0.971342523596622,1.0,1179,1179,425,0.3604749787955895,0.30206112295664533,1539,132,1407,982,1.9254901960784314,1.0,7.976470588235294,8.0,2.287058823529412,2.0,"{'episode_recall': 1179, 'warning_precision': 1407, 'false_warnings_per_outing': 510, 'clean_outing_false_alarm_rate': 26, 'pitch_level_scoring_coverage': 32208, 'outing_level_scoring_coverage': 510}",context,selected
0.4981041514345409,510,31285,510,510,0,32208,31285,0.971342523596622,1.0,1179,1179,426,0.361323155216285,0.30148619957537154,1545,132,1413,987,1.9352941176470588,1.0,7.985915492957746,8.0,2.291079812206573,2.0,"{'episode_recall': 1179, 'warning_precision': 1413, 'false_warnings_per_outing': 510, 'clean_outing_false_alarm_rate': 26, 'pitch_level_scoring_coverage': 32208, 'outing_level_scoring_coverage': 510}",context,selected
0.49774853990903584,510,31285,510,510,0,32208,31285,0.971342523596622,1.0,1179,1179,424,0.359626802374894,0.29964664310954064,1548,133,1415,991,1.9431372549019608,1.0,8.004716981132075,8.0,2.297169811320755,2.0,"{'episode_recall': 1179, 'warning_precision': 1415, 'false_warnings_per_outing': 510, 'clean_outing_false_alarm_rate': 26, 'pitch_level_scoring_coverage': 32208, 'outing_level_scoring_coverage': 510}",context,selected
0.4971498711457719,510,31285,510,510,0,32208,31285,0.971342523596622,1.0,1179,1179,423,0.35877862595419846,0.29788732394366196,1555,135,1420,997,1.9549019607843137,1.0,8.023640661938535,8.0,2.307328605200946,2.0,"{'episode_recall': 1179, 'warning_precision': 1420, 'false_warnings_per_outing': 510, 'clean_outing_false_alarm_rate': 26, 'pitch_level_scoring_coverage': 32208, 'outing_level_scoring_coverage': 510}",context,selected
0.49655121055464907,510,31285,510,510,0,32208,31285,0.971342523596622,1.0,1179,1179,424,0.359626802374894,0.2981715893108298,1562,140,1422,998,1.9568627450980391,1.0,8.018867924528301,8.0,2.306603773584906,2.0,"{'episode_recall': 1179, 'warning_precision': 1422, 'false_warnings_per_outing': 510, 'clean_outing_false_alarm_rate': 26, 'pitch_level_scoring_coverage': 32208, 'outing_level_scoring_coverage': 510}",context,selected
0.4965489419717455,510,31285,510,510,0,32208,31285,0.971342523596622,1.0,1179,1179,526,0.44614079728583544,0.29434806939003916,1927,140,1787,1261,2.4725490196078432,1.0,8.115969581749049,8.0,2.370722433460076,2.0,"{'episode_recall': 1179, 'warning_precision': 1787, 'false_warnings_per_outing': 510, 'clean_outing_false_alarm_rate': 26, 'pitch_level_scoring_coverage': 32208, 'outing_level_scoring_coverage': 510}",context,selected
0.4961956116210043,510,31285,510,510,0,32208,31285,0.971342523596622,1.0,1179,1179,527,0.44698897370653096,0.2935933147632312,1935,140,1795,1268,2.4862745098039216,1.0,8.125237191650854,8.0,2.3776091081593926,2.0,"{'episode_recall': 1179, 'warning_precision': 1795, 'false_warnings_per_outing': 510, 'clean_outing_false_alarm_rate': 26, 'pitch_level_scoring_coverage': 32208, 'outing_level_scoring_coverage': 510}",context,selected
0.4955946990898025,510,31285,510,510,0,32208,31285,0.971342523596622,1.0,1179,1179,528,0.44783715012722647,0.2928452579034942,1947,144,1803,1275,2.5,1.0,8.111742424242424,8.0,2.375,2.0,"{'episode_recall': 1179, 'warning_precision': 1803, 'false_warnings_per_outing': 510, 'clean_outing_false_alarm_rate': 26, 'pitch_level_scoring_coverage': 32208, 'outing_level_scoring_coverage': 510}",context,selected
0.49524137981158695,510,31285,510,510,0,32208,31285,0.971342523596622,1.0,1179,1179,526,0.44614079728583544,0.2912513842746401,1950,144,1806,1280,2.5098039215686274,1.0,8.106463878326997,8.0,2.3726235741444865,2.0,"{'episode_recall': 1179, 'warning_precision': 1806, 'false_warnings_per_outing': 510, 'clean_outing_false_alarm_rate': 26, 'pitch_level_scoring_coverage': 32208, 'outing_level_scoring_coverage': 510}",context,selected
0.49464048830028445,510,31285,510,510,0,32208,31285,0.971342523596622,1.0,1179,1179,526,0.44614079728583544,0.28885227896760024,1965,144,1821,1295,2.5392156862745097,1.0,8.106463878326997,8.0,2.3726235741444865,2.0,"{'episode_recall': 1179, 'warning_precision': 1821, 'false_warnings_per_outing': 510, 'clean_outing_false_alarm_rate': 26, 'pitch_level_scoring_coverage': 32208, 'outing_level_scoring_coverage': 510}",context,selected
0.4945324874462732,510,31285,510,510,0,32208,31285,0.971342523596622,1.0,1179,1179,527,0.44698897370653096,0.2892425905598244,1966,144,1822,1295,2.5392156862745097,1.0,8.115749525616698,8.0,2.3738140417457307,2.0,"{'episode_recall': 1179, 'warning_precision': 1822, 'false_warnings_per_outing': 510, 'clean_outing_false_alarm_rate': 26, 'pitch_level_scoring_coverage': 32208, 'outing_level_scoring_coverage': 510}",context,selected
0.4941791835206908,510,31285,510,510,0,32208,31285,0.971342523596622,1.0,1179,1179,533,0.452078032230704,0.28888888888888886,1990,145,1845,1312,2.5725490196078433,1.0,8.148217636022514,8.0,2.382739212007505,2.0,"{'episode_recall': 1179, 'warning_precision': 1845, 'false_warnings_per_outing': 510, 'clean_outing_false_alarm_rate': 26, 'pitch_level_scoring_coverage': 32208, 'outing_level_scoring_coverage': 510}",context,selected
0.49368631655311973,510,31285,510,510,0,32208,31285,0.971342523596622,1.0,1179,1179,532,0.45122985581000846,0.2875675675675676,1996,146,1850,1318,2.5843137254901962,1.0,8.146616541353383,8.0,2.3853383458646618,2.0,"{'episode_recall': 1179, 'warning_precision': 1850, 'false_warnings_per_outing': 510, 'clean_outing_false_alarm_rate': 26, 'pitch_level_scoring_coverage': 32208, 'outing_level_scoring_coverage': 510}",context,selected
0.49357832055593787,510,31285,510,510,0,32208,31285,0.971342523596622,1.0,1179,1179,532,0.45122985581000846,0.2877230935640887,1995,146,1849,1317,2.5823529411764707,1.0,8.146616541353383,8.0,2.3853383458646618,2.0,"{'episode_recall': 1179, 'warning_precision': 1849, 'false_warnings_per_outing': 510, 'clean_outing_false_alarm_rate': 26, 'pitch_level_scoring_coverage': 32208, 'outing_level_scoring_coverage': 510}",context,selected
0.4933330271399571,510,31285,510,510,0,32208,31285,0.971342523596622,1.0,1179,1179,529,0.448685326547922,0.2857914640734738,1997,146,1851,1322,2.592156862745098,1.0,8.139886578449905,8.0,2.383742911153119,2.0,"{'episode_recall': 1179, 'warning_precision': 1851, 'false_warnings_per_outing': 510, 'clean_outing_false_alarm_rate': 26, 'pitch_level_scoring_coverage': 32208, 'outing_level_scoring_coverage': 510}",context,selected
0.49308773693365826,510,31285,510,510,0,32208,31285,0.971342523596622,1.0,1179,1179,527,0.44698897370653096,0.28440366972477066,1999,146,1853,1326,2.6,1.0,8.13472485768501,8.0,2.381404174573055,2.0,"{'episode_recall': 1179, 'warning_precision': 1853, 'false_warnings_per_outing': 510, 'clean_outing_false_alarm_rate': 26, 'pitch_level_scoring_coverage': 32208, 'outing_level_scoring_coverage': 510}",context,selected
0.49273219079709957,510,31285,510,510,0,32208,31285,0.971342523596622,1.0,1179,1179,528,0.44783715012722647,0.2838709677419355,2008,148,1860,1332,2.611764705882353,1.0,8.172348484848484,8.0,2.3958333333333335,2.0,"{'episode_recall': 1179, 'warning_precision': 1860, 'false_warnings_per_outing': 510, 'clean_outing_false_alarm_rate': 26, 'pitch_level_scoring_coverage': 32208, 'outing_level_scoring_coverage': 510}",context,selected
0.49248690895167707,510,31285,510,510,0,32208,31285,0.971342523596622,1.0,1179,1179,528,0.44783715012722647,0.2838709677419355,2008,148,1860,1332,2.611764705882353,1.0,8.172348484848484,8.0,2.3958333333333335,2.0,"{'episode_recall': 1179, 'warning_precision': 1860, 'false_warnings_per_outing': 510, 'clean_outing_false_alarm_rate': 26, 'pitch_level_scoring_coverage': 32208, 'outing_level_scoring_coverage': 510}",context,selected
0.49237892017559415,510,31285,510,510,0,32208,31285,0.971342523596622,1.0,1179,1179,527,0.44698897370653096,0.2833333333333333,2007,147,1860,1333,2.6137254901960785,1.0,8.1707779886148,8.0,2.3946869070208727,2.0,"{'episode_recall': 1179, 'warning_precision': 1860, 'false_warnings_per_outing': 510, 'clean_outing_false_alarm_rate': 26, 'pitch_level_scoring_coverage': 32208, 'outing_level_scoring_coverage': 510}",context,selected
0.49213364357683476,510,31285,510,510,0,32208,31285,0.971342523596622,1.0,1179,1179,527,0.44698897370653096,0.28379106085083466,2004,147,1857,1330,2.607843137254902,1.0,8.161290322580646,8.0,2.396584440227704,2.0,"{'episode_recall': 1179, 'warning_precision': 1857, 'false_warnings_per_outing': 510, 'clean_outing_false_alarm_rate': 26, 'pitch_level_scoring_coverage': 32208, 'outing_level_scoring_coverage': 510}",context,selected
0.49177811797967497,510,31285,510,510,0,32208,31285,0.971342523596622,1.0,1179,1179,528,0.44783715012722647,0.2832618025751073,2011,147,1864,1336,2.619607843137255,1.0,8.170454545454545,8.0,2.397727272727273,2.0,"{'episode_recall': 1179, 'warning_precision': 1864, 'false_warnings_per_outing': 510, 'clean_outing_false_alarm_rate': 26, 'pitch_level_scoring_coverage': 32208, 'outing_level_scoring_coverage': 510}",context,selected
0.4914248687218757,510,31285,510,510,0,32208,31285,0.971342523596622,1.0,1179,1179,529,0.448685326547922,0.2831905781584582,2012,144,1868,1339,2.6254901960784314,1.0,8.160680529300567,8.0,2.398865784499055,2.0,"{'episode_recall': 1179, 'warning_precision': 1868, 'false_warnings_per_outing': 510, 'clean_outing_false_alarm_rate': 26, 'pitch_level_scoring_coverage': 32208, 'outing_level_scoring_coverage': 510}",context,selected
0.49082410504675483,510,31285,510,510,0,32208,31285,0.971342523596622,1.0,1179,1179,528,0.44783715012722647,0.2832618025751073,2010,146,1864,1336,2.619607843137255,1.0,8.196969696969697,8.0,2.4071969696969697,2.0,"{'episode_recall': 1179, 'warning_precision': 1864, 'false_warnings_per_outing': 510, 'clean_outing_false_alarm_rate': 26, 'pitch_level_scoring_coverage': 32208, 'outing_level_scoring_coverage': 510}",context,selected
0.4902256356970055,510,31285,510,510,0,32208,31285,0.971342523596622,1.0,1179,1179,526,0.44614079728583544,0.2824919441460795,2007,145,1862,1336,2.619607843137255,1.0,8.201520912547528,8.0,2.414448669201521,2.0,"{'episode_recall': 1179, 'warning_precision': 1862, 'false_warnings_per_outing': 510, 'clean_outing_false_alarm_rate': 26, 'pitch_level_scoring_coverage': 32208, 'outing_level_scoring_coverage': 510}",context,selected
0.48987015894250346,510,31285,510,510,0,32208,31285,0.971342523596622,1.0,1179,1179,522,0.44274809160305345,0.2800429184549356,2011,147,1864,1342,2.631372549019608,1.0,8.231800766283525,8.0,2.421455938697318,2.0,"{'episode_recall': 1179, 'warning_precision': 1864, 'false_warnings_per_outing': 510, 'clean_outing_false_alarm_rate': 26, 'pitch_level_scoring_coverage': 32208, 'outing_level_scoring_coverage': 510}",context,selected
0.4895169601256992,510,31285,510,510,0,32208,31285,0.971342523596622,1.0,1179,1179,522,0.44274809160305345,0.2806451612903226,2007,147,1860,1338,2.623529411764706,1.0,8.256704980842912,8.0,2.425287356321839,2.0,"{'episode_recall': 1179, 'warning_precision': 1860, 'false_warnings_per_outing': 510, 'clean_outing_false_alarm_rate': 26, 'pitch_level_scoring_coverage': 32208, 'outing_level_scoring_coverage': 510}",context,selected
0.48916377177520937,510,31285,510,510,0,32208,31285,0.971342523596622,1.0,1179,1179,520,0.4410517387616624,0.27972027972027974,2008,149,1859,1339,2.6254901960784314,1.0,8.259615384615385,8.0,2.4288461538461537,2.0,"{'episode_recall': 1179, 'warning_precision': 1859, 'false_warnings_per_outing': 510, 'clean_outing_false_alarm_rate': 26, 'pitch_level_scoring_coverage': 32208, 'outing_level_scoring_coverage': 510}",context,selected
0.48891628660913916,510,31285,510,510,0,32208,31285,0.971342523596622,1.0,1179,1179,520,0.4410517387616624,0.27867095391211144,2015,149,1866,1346,2.6392156862745098,1.0,8.294230769230769,8.0,2.4423076923076925,2.0,"{'episode_recall': 1179, 'warning_precision': 1866, 'false_warnings_per_outing': 510, 'clean_outing_false_alarm_rate': 26, 'pitch_level_scoring_coverage': 32208, 'outing_level_scoring_coverage': 510}",context,selected
0.48856311686815407,510,31285,510,510,0,32208,31285,0.971342523596622,1.0,1179,1179,516,0.43765903307888043,0.2783171521035599,2004,150,1854,1338,2.623529411764706,1.0,8.294573643410853,8.0,2.441860465116279,2.0,"{'episode_recall': 1179, 'warning_precision': 1854, 'false_warnings_per_outing': 510, 'clean_outing_false_alarm_rate': 26, 'pitch_level_scoring_coverage': 32208, 'outing_level_scoring_coverage': 510}",context,selected
0.48796249498673094,510,31285,510,510,0,32208,31285,0.971342523596622,1.0,1179,1179,511,0.43341815097540287,0.2781709308655416,1983,146,1837,1326,2.6,1.0,8.273972602739725,8.0,2.440313111545988,2.0,"{'episode_recall': 1179, 'warning_precision': 1837, 'false_warnings_per_outing': 510, 'clean_outing_false_alarm_rate': 26, 'pitch_level_scoring_coverage': 32208, 'outing_level_scoring_coverage': 510}",context,selected
0.4877173046507316,510,31285,510,510,0,32208,31285,0.971342523596622,1.0,1179,1179,510,0.43256997455470736,0.2785363189513927,1977,146,1831,1321,2.5901960784313727,1.0,8.264705882352942,8.0,2.43921568627451,2.0,"{'episode_recall': 1179, 'warning_precision': 1831, 'false_warnings_per_outing': 510, 'clean_outing_false_alarm_rate': 26, 'pitch_level_scoring_coverage': 32208, 'outing_level_scoring_coverage': 510}",context,selected
0.4870974111545084,510,31285,510,510,0,32208,31285,0.971342523596622,1.0,1179,1179,506,0.42917726887192537,0.2787878787878788,1962,147,1815,1309,2.566666666666667,1.0,8.235177865612648,8.0,2.4367588932806323,2.0,"{'episode_recall': 1179, 'warning_precision': 1815, 'false_warnings_per_outing': 510, 'clean_outing_false_alarm_rate': 26, 'pitch_level_scoring_coverage': 32208, 'outing_level_scoring_coverage': 510}",context,selected
0.48676362433078435,510,31285,510,510,0,32208,31285,0.971342523596622,1.0,1179,1179,503,0.42663273960983883,0.2792892837312604,1948,147,1801,1298,2.545098039215686,1.0,8.248508946322067,8.0,2.4433399602385686,2.0,"{'episode_recall': 1179, 'warning_precision': 1801, 'false_warnings_per_outing': 510, 'clean_outing_false_alarm_rate': 26, 'pitch_level_scoring_coverage': 32208, 'outing_level_scoring_coverage': 510}",context,selected
0.4864105296583505,510,31285,510,510,0,32208,31285,0.971342523596622,1.0,1179,1179,497,0.4215436810856658,0.27749860413176997,1938,147,1791,1294,2.537254901960784,1.0,8.299798792756539,8.0,2.458752515090543,2.0,"{'episode_recall': 1179, 'warning_precision': 1791, 'false_warnings_per_outing': 510, 'clean_outing_false_alarm_rate': 26, 'pitch_level_scoring_coverage': 32208, 'outing_level_scoring_coverage': 510}",context,selected
0.4860551816231072,510,31285,510,510,0,32208,31285,0.971342523596622,1.0,1179,1179,493,0.4181509754028838,0.27727784026996627,1925,147,1778,1285,2.519607843137255,1.0,8.387423935091277,9.0,2.4766734279918863,2.0,"{'episode_recall': 1179, 'warning_precision': 1778, 'false_warnings_per_outing': 510, 'clean_outing_false_alarm_rate': 26, 'pitch_level_scoring_coverage': 32208, 'outing_level_scoring_coverage': 510}",context,selected
0.48581004037716025,510,31285,510,510,0,32208,31285,0.971342523596622,1.0,1179,1179,492,0.4173027989821883,0.27749576988155666,1921,148,1773,1281,2.511764705882353,1.0,8.378048780487806,8.5,2.4715447154471546,2.0,"{'episode_recall': 1179, 'warning_precision': 1773, 'false_warnings_per_outing': 510, 'clean_outing_false_alarm_rate': 26, 'pitch_level_scoring_coverage': 32208, 'outing_level_scoring_coverage': 510}",context,selected
0.48545698314485214,510,31285,510,510,0,32208,31285,0.971342523596622,1.0,1179,1179,489,0.41475826972010177,0.2768969422423556,1913,147,1766,1277,2.503921568627451,1.0,8.404907975460123,9.0,2.4826175869120655,2.0,"{'episode_recall': 1179, 'warning_precision': 1766, 'false_warnings_per_outing': 510, 'clean_outing_false_alarm_rate': 26, 'pitch_level_scoring_coverage': 32208, 'outing_level_scoring_coverage': 510}",context,selected
0.4851016737494722,510,31285,510,510,0,32208,31285,0.971342523596622,1.0,1179,1179,490,0.4156064461407973,0.27746319365798416,1913,147,1766,1276,2.5019607843137255,1.0,8.36734693877551,8.5,2.4673469387755103,2.0,"{'episode_recall': 1179, 'warning_precision': 1766, 'false_warnings_per_outing': 510, 'clean_outing_false_alarm_rate': 26, 'pitch_level_scoring_coverage': 32208, 'outing_level_scoring_coverage': 510}",context,selected
0.48450354249518535,510,31285,510,510,0,32208,31285,0.971342523596622,1.0,1179,1179,482,0.40882103477523324,0.2784517619872906,1879,148,1731,1249,2.4490196078431374,1.0,8.398340248962656,9.0,2.4813278008298756,2.0,"{'episode_recall': 1179, 'warning_precision': 1731, 'false_warnings_per_outing': 510, 'clean_outing_false_alarm_rate': 26, 'pitch_level_scoring_coverage': 32208, 'outing_level_scoring_coverage': 510}",context,selected
0.48414827432155144,510,31285,510,510,0,32208,31285,0.971342523596622,1.0,1179,1179,480,0.4071246819338422,0.2776171197223829,1874,145,1729,1249,2.4490196078431374,1.0,8.44375,9.0,2.49375,2.0,"{'episode_recall': 1179, 'warning_precision': 1729, 'false_warnings_per_outing': 510, 'clean_outing_false_alarm_rate': 26, 'pitch_level_scoring_coverage': 32208, 'outing_level_scoring_coverage': 510}",context,selected
0.48355021463685216,510,31285,510,510,0,32208,31285,0.971342523596622,1.0,1179,1179,465,0.3944020356234097,0.273047563123899,1848,145,1703,1238,2.4274509803921567,1.0,8.455913978494623,9.0,2.503225806451613,2.0,"{'episode_recall': 1179, 'warning_precision': 1703, 'false_warnings_per_outing': 510, 'clean_outing_false_alarm_rate': 26, 'pitch_level_scoring_coverage': 32208, 'outing_level_scoring_coverage': 510}",context,selected
0.4829499360157241,510,31285,510,510,0,32208,31285,0.971342523596622,1.0,1179,1179,457,0.38761662425784565,0.2728358208955224,1820,145,1675,1218,2.388235294117647,1.0,8.450765864332604,9.0,2.509846827133479,2.0,"{'episode_recall': 1179, 'warning_precision': 1675, 'false_warnings_per_outing': 510, 'clean_outing_false_alarm_rate': 26, 'pitch_level_scoring_coverage': 32208, 'outing_level_scoring_coverage': 510}",context,selected
0.4822418285047053,510,31285,510,510,0,32208,31285,0.971342523596622,1.0,1179,1179,448,0.3799830364715861,0.27053140096618356,1798,142,1656,1208,2.368627450980392,1.0,8.419642857142858,9.0,2.5066964285714284,2.0,"{'episode_recall': 1179, 'warning_precision': 1656, 'false_warnings_per_outing': 510, 'clean_outing_false_alarm_rate': 26, 'pitch_level_scoring_coverage': 32208, 'outing_level_scoring_coverage': 510}",context,selected
0.4818889341727324,510,31285,510,510,0,32208,31285,0.971342523596622,1.0,1179,1179,443,0.3757421543681086,0.2699573430834857,1783,142,1641,1198,2.3490196078431373,1.0,8.397291196388261,9.0,2.4988713318284423,2.0,"{'episode_recall': 1179, 'warning_precision': 1641, 'false_warnings_per_outing': 510, 'clean_outing_false_alarm_rate': 26, 'pitch_level_scoring_coverage': 32208, 'outing_level_scoring_coverage': 510}",context,selected
0.48128879595811275,510,31285,510,510,0,32208,31285,0.971342523596622,1.0,1179,1179,436,0.36980491942324,0.2698019801980198,1757,141,1616,1180,2.3137254901960786,1.0,8.385321100917432,9.0,2.493119266055046,2.0,"{'episode_recall': 1179, 'warning_precision': 1616, 'false_warnings_per_outing': 510, 'clean_outing_false_alarm_rate': 26, 'pitch_level_scoring_coverage': 32208, 'outing_level_scoring_coverage': 510}",context,selected
0.48033589954149886,510,31285,510,510,0,32208,31285,0.971342523596622,1.0,1179,1179,420,0.356234096692112,0.26802807913209953,1708,141,1567,1147,2.2490196078431373,1.0,8.416666666666666,9.0,2.5142857142857142,2.0,"{'episode_recall': 1179, 'warning_precision': 1567, 'false_warnings_per_outing': 510, 'clean_outing_false_alarm_rate': 26, 'pitch_level_scoring_coverage': 32208, 'outing_level_scoring_coverage': 510}",context,selected
0.4800909483001714,510,31285,510,510,0,32208,31285,0.971342523596622,1.0,1179,1179,417,0.35368956743002544,0.26851255634256277,1693,140,1553,1136,2.227450980392157,1.0,8.434052757793765,9.0,2.5203836930455634,2.0,"{'episode_recall': 1179, 'warning_precision': 1553, 'false_warnings_per_outing': 510, 'clean_outing_false_alarm_rate': 26, 'pitch_level_scoring_coverage': 32208, 'outing_level_scoring_coverage': 510}",context,selected
0.4797381695478022,510,31285,510,510,0,32208,31285,0.971342523596622,1.0,1179,1179,413,0.35029686174724345,0.2676604018146468,1684,141,1543,1130,2.215686274509804,1.0,8.486682808716708,9.0,2.530266343825666,2.0,"{'episode_recall': 1179, 'warning_precision': 1543, 'false_warnings_per_outing': 510, 'clean_outing_false_alarm_rate': 26, 'pitch_level_scoring_coverage': 32208, 'outing_level_scoring_coverage': 510}",context,selected
0.4787855094367645,510,31285,510,510,0,32208,31285,0.971342523596622,1.0,1179,1179,394,0.3341815097540288,0.261968085106383,1642,138,1504,1110,2.176470588235294,1.0,8.52284263959391,9.0,2.5406091370558377,2.0,"{'episode_recall': 1179, 'warning_precision': 1504, 'false_warnings_per_outing': 510, 'clean_outing_false_alarm_rate': 26, 'pitch_level_scoring_coverage': 32208, 'outing_level_scoring_coverage': 510}",context,selected
0.47783300360612396,510,31285,510,510,0,32208,31285,0.971342523596622,1.0,1179,1179,384,0.3256997455470738,0.26033898305084746,1612,137,1475,1091,2.1392156862745098,1.0,8.580729166666666,9.0,2.5625,2.0,"{'episode_recall': 1179, 'warning_precision': 1475, 'false_warnings_per_outing': 510, 'clean_outing_false_alarm_rate': 26, 'pitch_level_scoring_coverage': 32208, 'outing_level_scoring_coverage': 510}",context,selected
0.4770765121191613,510,31285,510,510,0,32208,31285,0.971342523596622,1.0,1179,1179,374,0.31721798134011875,0.26008344923504867,1573,135,1438,1064,2.0862745098039217,1.0,8.537433155080214,9.0,2.56951871657754,2.5,"{'episode_recall': 1179, 'warning_precision': 1438, 'false_warnings_per_outing': 510, 'clean_outing_false_alarm_rate': 26, 'pitch_level_scoring_coverage': 32208, 'outing_level_scoring_coverage': 510}",context,selected
0.47652581334465166,510,31285,510,510,0,32208,31285,0.971342523596622,1.0,1179,1179,372,0.3155216284987277,0.2603219034289713,1564,135,1429,1057,2.0725490196078433,1.0,8.5,9.0,2.567204301075269,2.5,"{'episode_recall': 1179, 'warning_precision': 1429, 'false_warnings_per_outing': 510, 'clean_outing_false_alarm_rate': 26, 'pitch_level_scoring_coverage': 32208, 'outing_level_scoring_coverage': 510}",context,selected
0.47497648077613336,510,31285,510,510,0,32208,31285,0.971342523596622,1.0,1179,1179,355,0.3011026293469042,0.25706010137581464,1515,134,1381,1026,2.011764705882353,1.0,8.577464788732394,9.0,2.6056338028169015,3.0,"{'episode_recall': 1179, 'warning_precision': 1381, 'false_warnings_per_outing': 510, 'clean_outing_false_alarm_rate': 26, 'pitch_level_scoring_coverage': 32208, 'outing_level_scoring_coverage': 510}",context,selected
0.47247385887832105,510,31285,510,510,0,32208,31285,0.971342523596622,1.0,1179,1179,341,0.28922815945716707,0.256390977443609,1462,132,1330,989,1.9392156862745098,1.0,8.557184750733137,9.0,2.6187683284457477,3.0,"{'episode_recall': 1179, 'warning_precision': 1330, 'false_warnings_per_outing': 510, 'clean_outing_false_alarm_rate': 26, 'pitch_level_scoring_coverage': 32208, 'outing_level_scoring_coverage': 510}",context,selected
0.46167067533401324,510,31285,510,510,0,32208,31285,0.971342523596622,1.0,1179,1179,317,0.268871925360475,0.2488226059654631,1389,115,1274,957,1.8764705882352941,1.0,8.618296529968454,9.0,2.665615141955836,3.0,"{'episode_recall': 1179, 'warning_precision': 1274, 'false_warnings_per_outing': 510, 'clean_outing_false_alarm_rate': 26, 'pitch_level_scoring_coverage': 32208, 'outing_level_scoring_coverage': 510}",context,selected
,510,31285,510,510,0,32208,31285,0.971342523596622,1.0,1179,1179,0,0.0,,0,0,0,0,0.0,0.0,,,,,"{'episode_recall': 1179, 'warning_precision': 0, 'false_warnings_per_outing': 510, 'clean_outing_false_alarm_rate': 26, 'pitch_level_scoring_coverage': 32208, 'outing_level_scoring_coverage': 510}",proposed,no_alert
0.5577683113872184,510,31285,510,510,0,32208,31285,0.971342523596622,1.0,1179,1179,0,0.0,0.0,2,1,1,1,0.00196078431372549,0.0,,,,,"{'episode_recall': 1179, 'warning_precision': 1, 'false_warnings_per_outing': 510, 'clean_outing_false_alarm_rate': 26, 'pitch_level_scoring_coverage': 32208, 'outing_level_scoring_coverage': 510}",proposed,selected
0.5345033865581318,510,31285,510,510,0,32208,31285,0.971342523596622,1.0,1179,1179,63,0.05343511450381679,0.27631578947368424,287,59,228,165,0.3235294117647059,0.11538461538461539,8.158730158730158,9.0,2.619047619047619,2.0,"{'episode_recall': 1179, 'warning_precision': 228, 'false_warnings_per_outing': 510, 'clean_outing_false_alarm_rate': 26, 'pitch_level_scoring_coverage': 32208, 'outing_level_scoring_coverage': 510}",proposed,selected
0.531258890695376,510,31285,510,510,0,32208,31285,0.971342523596622,1.0,1179,1179,115,0.09754028837998303,0.26077097505668934,503,62,441,326,0.6392156862745098,0.19230769230769232,8.243478260869566,8.0,2.5739130434782607,2.0,"{'episode_recall': 1179, 'warning_precision': 441, 'false_warnings_per_outing': 510, 'clean_outing_false_alarm_rate': 26, 'pitch_level_scoring_coverage': 32208, 'outing_level_scoring_coverage': 510}",proposed,selected
0.5291744826493088,510,31285,510,510,0,32208,31285,0.971342523596622,1.0,1179,1179,158,0.13401187446988974,0.25039619651347067,708,77,631,473,0.9274509803921569,0.34615384615384615,8.41139240506329,8.0,2.5063291139240507,2.0,"{'episode_recall': 1179, 'warning_precision': 631, 'false_warnings_per_outing': 510, 'clean_outing_false_alarm_rate': 26, 'pitch_level_scoring_coverage': 32208, 'outing_level_scoring_coverage': 510}",proposed,selected
0.5285576782283288,510,31285,510,510,0,32208,31285,0.971342523596622,1.0,1179,1179,167,0.14164546225614927,0.24594992636229748,757,78,679,512,1.003921568627451,0.34615384615384615,8.497005988023952,8.0,2.5449101796407185,2.0,"{'episode_recall': 1179, 'warning_precision': 679, 'false_warnings_per_outing': 510, 'clean_outing_false_alarm_rate': 26, 'pitch_level_scoring_coverage': 32208, 'outing_level_scoring_coverage': 510}",proposed,selected
0.527527599603638,510,31285,510,510,0,32208,31285,0.971342523596622,1.0,1179,1179,188,0.1594571670907549,0.2416452442159383,864,86,778,590,1.1568627450980393,0.34615384615384615,8.569148936170214,8.5,2.617021276595745,2.0,"{'episode_recall': 1179, 'warning_precision': 778, 'false_warnings_per_outing': 510, 'clean_outing_false_alarm_rate': 26, 'pitch_level_scoring_coverage': 32208, 'outing_level_scoring_coverage': 510}",proposed,selected
0.5262148010352782,510,31285,510,510,0,32208,31285,0.971342523596622,1.0,1179,1179,216,0.183206106870229,0.235038084874864,1019,100,919,703,1.3784313725490196,0.34615384615384615,8.560185185185185,9.0,2.6203703703703702,2.0,"{'episode_recall': 1179, 'warning_precision': 919, 'false_warnings_per_outing': 510, 'clean_outing_false_alarm_rate': 26, 'pitch_level_scoring_coverage': 32208, 'outing_level_scoring_coverage': 510}",proposed,selected
0.5249716295584451,510,31285,510,510,0,32208,31285,0.971342523596622,1.0,1179,1179,239,0.20271416454622562,0.22525918944392084,1177,116,1061,822,1.611764705882353,0.38461538461538464,8.719665271966527,9.0,2.6610878661087867,3.0,"{'episode_recall': 1179, 'warning_precision': 1061, 'false_warnings_per_outing': 510, 'clean_outing_false_alarm_rate': 26, 'pitch_level_scoring_coverage': 32208, 'outing_level_scoring_coverage': 510}",proposed,selected
0.5242837048741367,510,31285,510,510,0,32208,31285,0.971342523596622,1.0,1179,1179,254,0.2154368108566582,0.22438162544169613,1255,123,1132,878,1.7215686274509805,0.4230769230769231,8.562992125984252,9.0,2.622047244094488,2.0,"{'episode_recall': 1179, 'warning_precision': 1132, 'false_warnings_per_outing': 510, 'clean_outing_false_alarm_rate': 26, 'pitch_level_scoring_coverage': 32208, 'outing_level_scoring_coverage': 510}",proposed,selected
0.5239206472650852,510,31285,510,510,0,32208,31285,0.971342523596622,1.0,1179,1179,262,0.2222222222222222,0.22527944969905417,1285,122,1163,901,1.7666666666666666,0.4230769230769231,8.51526717557252,9.0,2.6106870229007635,2.0,"{'episode_recall': 1179, 'warning_precision': 1163, 'false_warnings_per_outing': 510, 'clean_outing_false_alarm_rate': 26, 'pitch_level_scoring_coverage': 32208, 'outing_level_scoring_coverage': 510}",proposed,selected
0.5229608755662887,510,31285,510,510,0,32208,31285,0.971342523596622,1.0,1179,1179,297,0.25190839694656486,0.23130841121495327,1415,131,1284,987,1.9352941176470588,0.5,8.552188552188552,9.0,2.569023569023569,2.0,"{'episode_recall': 1179, 'warning_precision': 1284, 'false_warnings_per_outing': 510, 'clean_outing_false_alarm_rate': 26, 'pitch_level_scoring_coverage': 32208, 'outing_level_scoring_coverage': 510}",proposed,selected
0.5221019409815676,510,31285,510,510,0,32208,31285,0.971342523596622,1.0,1179,1179,317,0.268871925360475,0.22546230440967283,1549,143,1406,1089,2.135294117647059,0.5769230769230769,8.67192429022082,9.0,2.5962145110410093,2.0,"{'episode_recall': 1179, 'warning_precision': 1406, 'false_warnings_per_outing': 510, 'clean_outing_false_alarm_rate': 26, 'pitch_level_scoring_coverage': 32208, 'outing_level_scoring_coverage': 510}",proposed,selected
0.5212240171580628,510,31285,510,510,0,32208,31285,0.971342523596622,1.0,1179,1179,341,0.28922815945716707,0.22870556673373574,1647,156,1491,1150,2.2549019607843137,0.5769230769230769,8.794721407624634,9.0,2.589442815249267,2.0,"{'episode_recall': 1179, 'warning_precision': 1491, 'false_warnings_per_outing': 510, 'clean_outing_false_alarm_rate': 26, 'pitch_level_scoring_coverage': 32208, 'outing_level_scoring_coverage': 510}",proposed,selected
0.5203889729161999,510,31285,510,510,0,32208,31285,0.971342523596622,1.0,1179,1179,363,0.30788804071246817,0.22518610421836227,1777,165,1612,1249,2.4490196078431374,0.6538461538461539,8.87603305785124,9.0,2.6363636363636362,3.0,"{'episode_recall': 1179, 'warning_precision': 1612, 'false_warnings_per_outing': 510, 'clean_outing_false_alarm_rate': 26, 'pitch_level_scoring_coverage': 32208, 'outing_level_scoring_coverage': 510}",proposed,selected
0.5195924108856569,510,31285,510,510,0,32208,31285,0.971342523596622,1.0,1179,1179,373,0.31636980491942324,0.2172393709959231,1896,179,1717,1344,2.635294117647059,0.6923076923076923,8.986595174262735,9.0,2.6541554959785523,3.0,"{'episode_recall': 1179, 'warning_precision': 1717, 'false_warnings_per_outing': 510, 'clean_outing_false_alarm_rate': 26, 'pitch_level_scoring_coverage': 32208, 'outing_level_scoring_coverage': 510}",proposed,selected
0.5188885379591153,510,31285,510,510,0,32208,31285,0.971342523596622,1.0,1179,1179,389,0.3299406276505513,0.21385376580538756,2003,184,1819,1430,2.803921568627451,0.7307692307692307,9.007712082262211,9.0,2.6760925449871467,3.0,"{'episode_recall': 1179, 'warning_precision': 1819, 'false_warnings_per_outing': 510, 'clean_outing_false_alarm_rate': 26, 'pitch_level_scoring_coverage': 32208, 'outing_level_scoring_coverage': 510}",proposed,selected
0.5186788701478523,510,31285,510,510,0,32208,31285,0.971342523596622,1.0,1179,1179,398,0.3375742154368109,0.2138635142396561,2047,186,1861,1463,2.868627450980392,0.7307692307692307,9.07035175879397,9.0,2.680904522613065,3.0,"{'episode_recall': 1179, 'warning_precision': 1861, 'false_warnings_per_outing': 510, 'clean_outing_false_alarm_rate': 26, 'pitch_level_scoring_coverage': 32208, 'outing_level_scoring_coverage': 510}",proposed,selected
0.5181947373777563,510,31285,510,510,0,32208,31285,0.971342523596622,1.0,1179,1179,411,0.3486005089058524,0.21328489880643486,2131,204,1927,1516,2.9725490196078432,0.7692307692307693,8.990267639902676,9.0,2.661800486618005,3.0,"{'episode_recall': 1179, 'warning_precision': 1927, 'false_warnings_per_outing': 510, 'clean_outing_false_alarm_rate': 26, 'pitch_level_scoring_coverage': 32208, 'outing_level_scoring_coverage': 510}",proposed,selected
0.5175295995084448,510,31285,510,510,0,32208,31285,0.971342523596622,1.0,1179,1179,420,0.356234096692112,0.2112676056338028,2207,219,1988,1568,3.074509803921569,0.8076923076923077,8.90952380952381,9.0,2.6333333333333333,2.0,"{'episode_recall': 1179, 'warning_precision': 1988, 'false_warnings_per_outing': 510, 'clean_outing_false_alarm_rate': 26, 'pitch_level_scoring_coverage': 32208, 'outing_level_scoring_coverage': 510}",proposed,selected
0.516849547857101,510,31285,510,510,0,32208,31285,0.971342523596622,1.0,1179,1179,437,0.3706530958439355,0.21151984511132624,2305,239,2066,1629,3.1941176470588237,0.8461538461538461,8.862700228832953,9.0,2.6361556064073226,2.0,"{'episode_recall': 1179, 'warning_precision': 2066, 'false_warnings_per_outing': 510, 'clean_outing_false_alarm_rate': 26, 'pitch_level_scoring_coverage': 32208, 'outing_level_scoring_coverage': 510}",proposed,selected
0.5164089326340672,510,31285,510,510,0,32208,31285,0.971342523596622,1.0,1179,1179,447,0.3791348600508906,0.21055110692416393,2361,238,2123,1676,3.2862745098039214,0.8461538461538461,8.883668903803132,9.0,2.6532438478747205,2.0,"{'episode_recall': 1179, 'warning_precision': 2123, 'false_warnings_per_outing': 510, 'clean_outing_false_alarm_rate': 26, 'pitch_level_scoring_coverage': 32208, 'outing_level_scoring_coverage': 510}",proposed,selected
0.5161394369197253,510,31285,510,510,0,32208,31285,0.971342523596622,1.0,1179,1179,450,0.3816793893129771,0.2096924510717614,2389,243,2146,1696,3.3254901960784315,0.8461538461538461,8.884444444444444,9.0,2.6555555555555554,2.0,"{'episode_recall': 1179, 'warning_precision': 2146, 'false_warnings_per_outing': 510, 'clean_outing_false_alarm_rate': 26, 'pitch_level_scoring_coverage': 32208, 'outing_level_scoring_coverage': 510}",proposed,selected
0.5154912790251849,510,31285,510,510,0,32208,31285,0.971342523596622,1.0,1179,1179,463,0.3927056827820187,0.21055025011368805,2458,259,2199,1736,3.403921568627451,0.8461538461538461,8.831533477321814,9.0,2.639308855291577,2.0,"{'episode_recall': 1179, 'warning_precision': 2199, 'false_warnings_per_outing': 510, 'clean_outing_false_alarm_rate': 26, 'pitch_level_scoring_coverage': 32208, 'outing_level_scoring_coverage': 510}",proposed,selected
0.5148902619044389,510,31285,510,510,0,32208,31285,0.971342523596622,1.0,1179,1179,475,0.4028837998303647,0.21129893238434164,2522,274,2248,1773,3.476470588235294,0.8461538461538461,8.842105263157896,9.0,2.6357894736842105,2.0,"{'episode_recall': 1179, 'warning_precision': 2248, 'false_warnings_per_outing': 510, 'clean_outing_false_alarm_rate': 26, 'pitch_level_scoring_coverage': 32208, 'outing_level_scoring_coverage': 510}",proposed,selected
0.5143025787446655,510,31285,510,510,0,32208,31285,0.971342523596622,1.0,1179,1179,481,0.4079728583545377,0.2092214006089604,2581,282,2299,1818,3.5647058823529414,0.8461538461538461,8.887733887733887,9.0,2.634095634095634,2.0,"{'episode_recall': 1179, 'warning_precision': 2299, 'false_warnings_per_outing': 510, 'clean_outing_false_alarm_rate': 26, 'pitch_level_scoring_coverage': 32208, 'outing_level_scoring_coverage': 510}",proposed,selected
0.5137555505165176,510,31285,510,510,0,32208,31285,0.971342523596622,1.0,1179,1179,496,0.4206955046649703,0.20893007582139847,2679,305,2374,1878,3.6823529411764704,0.9230769230769231,8.858870967741936,9.0,2.6330645161290325,2.0,"{'episode_recall': 1179, 'warning_precision': 2374, 'false_warnings_per_outing': 510, 'clean_outing_false_alarm_rate': 26, 'pitch_level_scoring_coverage': 32208, 'outing_level_scoring_coverage': 510}",proposed,selected
0.5131245789674527,510,31285,510,510,0,32208,31285,0.971342523596622,1.0,1179,1179,510,0.43256997455470736,0.20884520884520885,2752,310,2442,1932,3.788235294117647,0.9230769230769231,8.933333333333334,9.0,2.6588235294117646,2.0,"{'episode_recall': 1179, 'warning_precision': 2442, 'false_warnings_per_outing': 510, 'clean_outing_false_alarm_rate': 26, 'pitch_level_scoring_coverage': 32208, 'outing_level_scoring_coverage': 510}",proposed,selected
0.512596426261884,510,31285,510,510,0,32208,31285,0.971342523596622,1.0,1179,1179,516,0.43765903307888043,0.20673076923076922,2816,320,2496,1980,3.8823529411764706,0.9230769230769231,9.029069767441861,9.0,2.689922480620155,2.0,"{'episode_recall': 1179, 'warning_precision': 2496, 'false_warnings_per_outing': 510, 'clean_outing_false_alarm_rate': 26, 'pitch_level_scoring_coverage': 32208, 'outing_level_scoring_coverage': 510}",proposed,selected
0.5124204690059124,510,31285,510,510,0,32208,31285,0.971342523596622,1.0,1179,1179,516,0.43765903307888043,0.20615261685976827,2821,318,2503,1987,3.896078431372549,0.9230769230769231,9.069767441860465,9.0,2.695736434108527,2.5,"{'episode_recall': 1179, 'warning_precision': 2503, 'false_warnings_per_outing': 510, 'clean_outing_false_alarm_rate': 26, 'pitch_level_scoring_coverage': 32208, 'outing_level_scoring_coverage': 510}",proposed,selected
0.5120020207442797,510,31285,510,510,0,32208,31285,0.971342523596622,1.0,1179,1179,518,0.4393553859202714,0.20678642714570858,2831,326,2505,1987,3.896078431372549,0.9615384615384616,9.044401544401545,9.0,2.6911196911196913,2.0,"{'episode_recall': 1179, 'warning_precision': 2505, 'false_warnings_per_outing': 510, 'clean_outing_false_alarm_rate': 26, 'pitch_level_scoring_coverage': 32208, 'outing_level_scoring_coverage': 510}",proposed,selected
0.5114534063445874,510,31285,510,510,0,32208,31285,0.971342523596622,1.0,1179,1179,526,0.44614079728583544,0.20579029733959311,2896,340,2556,2030,3.980392156862745,0.9615384615384616,9.024714828897338,9.0,2.6749049429657794,2.0,"{'episode_recall': 1179, 'warning_precision': 2556, 'false_warnings_per_outing': 510, 'clean_outing_false_alarm_rate': 26, 'pitch_level_scoring_coverage': 32208, 'outing_level_scoring_coverage': 510}",proposed,selected
0.5109361871001186,510,31285,510,510,0,32208,31285,0.971342523596622,1.0,1179,1179,535,0.453774385072095,0.20569011918492888,2957,356,2601,2066,4.050980392156863,0.9615384615384616,9.05981308411215,9.0,2.691588785046729,3.0,"{'episode_recall': 1179, 'warning_precision': 2601, 'false_warnings_per_outing': 510, 'clean_outing_false_alarm_rate': 26, 'pitch_level_scoring_coverage': 32208, 'outing_level_scoring_coverage': 510}",proposed,selected
0.5105876467438634,510,31285,510,510,0,32208,31285,0.971342523596622,1.0,1179,1179,541,0.458863443596268,0.20554711246200608,2994,362,2632,2091,4.1,0.9615384615384616,9.068391866913124,9.0,2.687615526802218,3.0,"{'episode_recall': 1179, 'warning_precision': 2632, 'false_warnings_per_outing': 510, 'clean_outing_false_alarm_rate': 26, 'pitch_level_scoring_coverage': 32208, 'outing_level_scoring_coverage': 510}",proposed,selected
0.5104056818971252,510,31285,510,510,0,32208,31285,0.971342523596622,1.0,1179,1179,544,0.46140797285835455,0.20466516177577126,3020,362,2658,2114,4.145098039215687,0.9615384615384616,9.132352941176471,9.0,2.698529411764706,3.0,"{'episode_recall': 1179, 'warning_precision': 2658, 'false_warnings_per_outing': 510, 'clean_outing_false_alarm_rate': 26, 'pitch_level_scoring_coverage': 32208, 'outing_level_scoring_coverage': 510}",proposed,selected
0.5098361123906422,510,31285,510,510,0,32208,31285,0.971342523596622,1.0,1179,1179,551,0.4673452078032231,0.20598130841121495,3054,379,2675,2124,4.1647058823529415,0.9615384615384616,9.074410163339383,9.0,2.678765880217786,2.0,"{'episode_recall': 1179, 'warning_precision': 2675, 'false_warnings_per_outing': 510, 'clean_outing_false_alarm_rate': 26, 'pitch_level_scoring_coverage': 32208, 'outing_level_scoring_coverage': 510}",proposed,selected
0.5092973158480265,510,31285,510,510,0,32208,31285,0.971342523596622,1.0,1179,1179,569,0.48261238337574214,0.2113670133729569,3073,381,2692,2123,4.162745098039216,0.9615384615384616,9.063268892794376,9.0,2.6818980667838312,3.0,"{'episode_recall': 1179, 'warning_precision': 2692, 'false_warnings_per_outing': 510, 'clean_outing_false_alarm_rate': 26, 'pitch_level_scoring_coverage': 32208, 'outing_level_scoring_coverage': 510}",proposed,selected
0.5087947025836376,510,31285,510,510,0,32208,31285,0.971342523596622,1.0,1179,1179,577,0.4893977947413062,0.21291512915129152,3110,400,2710,2133,4.182352941176471,0.9615384615384616,8.91681109185442,9.0,2.649913344887348,3.0,"{'episode_recall': 1179, 'warning_precision': 2710, 'false_warnings_per_outing': 510, 'clean_outing_false_alarm_rate': 26, 'pitch_level_scoring_coverage': 32208, 'outing_level_scoring_coverage': 510}",proposed,selected
0.5082975183420757,510,31285,510,510,0,32208,31285,0.971342523596622,1.0,1179,1179,582,0.49363867684478374,0.21209912536443148,3160,416,2744,2162,4.23921568627451,0.9615384615384616,8.951890034364261,9.0,2.6649484536082473,3.0,"{'episode_recall': 1179, 'warning_precision': 2744, 'false_warnings_per_outing': 510, 'clean_outing_false_alarm_rate': 26, 'pitch_level_scoring_coverage': 32208, 'outing_level_scoring_coverage': 510}",proposed,selected
0.5078026289201264,510,31285,510,510,0,32208,31285,0.971342523596622,1.0,1179,1179,588,0.49872773536895676,0.21007502679528403,3221,422,2799,2211,4.3352941176470585,0.9615384615384616,8.887755102040817,9.0,2.6700680272108843,3.0,"{'episode_recall': 1179, 'warning_precision': 2799, 'false_warnings_per_outing': 510, 'clean_outing_false_alarm_rate': 26, 'pitch_level_scoring_coverage': 32208, 'outing_level_scoring_coverage': 510}",proposed,selected
0.5073012485759604,510,31285,510,510,0,32208,31285,0.971342523596622,1.0,1179,1179,595,0.5046649703138253,0.21024734982332155,3262,432,2830,2235,4.382352941176471,0.9615384615384616,8.900840336134454,9.0,2.66890756302521,3.0,"{'episode_recall': 1179, 'warning_precision': 2830, 'false_warnings_per_outing': 510, 'clean_outing_false_alarm_rate': 26, 'pitch_level_scoring_coverage': 32208, 'outing_level_scoring_coverage': 510}",proposed,selected
0.5071239124776542,510,31285,510,510,0,32208,31285,0.971342523596622,1.0,1179,1179,596,0.5055131467345207,0.20971147079521463,3275,433,2842,2246,4.403921568627451,0.9615384615384616,8.917785234899329,9.0,2.6694630872483223,3.0,"{'episode_recall': 1179, 'warning_precision': 2842, 'false_warnings_per_outing': 510, 'clean_outing_false_alarm_rate': 26, 'pitch_level_scoring_coverage': 32208, 'outing_level_scoring_coverage': 510}",proposed,selected
0.5067652611278394,510,31285,510,510,0,32208,31285,0.971342523596622,1.0,1179,1179,601,0.5097540288379983,0.20897079276773295,3317,441,2876,2275,4.46078431372549,0.9615384615384616,8.851913477537437,9.0,2.6505823627287852,2.0,"{'episode_recall': 1179, 'warning_precision': 2876, 'false_warnings_per_outing': 510, 'clean_outing_false_alarm_rate': 26, 'pitch_level_scoring_coverage': 32208, 'outing_level_scoring_coverage': 510}",proposed,selected
0.5061892647853367,510,31285,510,510,0,32208,31285,0.971342523596622,1.0,1179,1179,606,0.5139949109414759,0.20910973084886128,3350,452,2898,2292,4.4941176470588236,0.9615384615384616,8.849834983498349,9.0,2.6518151815181517,2.5,"{'episode_recall': 1179, 'warning_precision': 2898, 'false_warnings_per_outing': 510, 'clean_outing_false_alarm_rate': 26, 'pitch_level_scoring_coverage': 32208, 'outing_level_scoring_coverage': 510}",proposed,selected
0.5057158768006543,510,31285,510,510,0,32208,31285,0.971342523596622,1.0,1179,1179,605,0.5131467345207803,0.20564242012236575,3406,464,2942,2337,4.58235294117647,1.0,8.91900826446281,9.0,2.6760330578512397,3.0,"{'episode_recall': 1179, 'warning_precision': 2942, 'false_warnings_per_outing': 510, 'clean_outing_false_alarm_rate': 26, 'pitch_level_scoring_coverage': 32208, 'outing_level_scoring_coverage': 510}",proposed,selected
0.5053878318344439,510,31285,510,510,0,32208,31285,0.971342523596622,1.0,1179,1179,604,0.5122985581000848,0.20426107541427121,3422,465,2957,2353,4.613725490196078,1.0,8.908940397350994,9.0,2.6754966887417218,3.0,"{'episode_recall': 1179, 'warning_precision': 2957, 'false_warnings_per_outing': 510, 'clean_outing_false_alarm_rate': 26, 'pitch_level_scoring_coverage': 32208, 'outing_level_scoring_coverage': 510}",proposed,selected
0.5052261154238002,510,31285,510,510,0,32208,31285,0.971342523596622,1.0,1179,1179,608,0.5156912637828668,0.20540540540540542,3431,471,2960,2352,4.6117647058823525,1.0,8.861842105263158,9.0,2.664473684210526,2.0,"{'episode_recall': 1179, 'warning_precision': 2960, 'false_warnings_per_outing': 510, 'clean_outing_false_alarm_rate': 26, 'pitch_level_scoring_coverage': 32208, 'outing_level_scoring_coverage': 510}",proposed,selected
0.5046789843553443,510,31285,510,510,0,32208,31285,0.971342523596622,1.0,1179,1179,616,0.5224766751484309,0.20404107320304737,3493,474,3019,2403,4.711764705882353,1.0,8.873376623376624,9.0,2.6737012987012987,3.0,"{'episode_recall': 1179, 'warning_precision': 3019, 'false_warnings_per_outing': 510, 'clean_outing_false_alarm_rate': 26, 'pitch_level_scoring_coverage': 32208, 'outing_level_scoring_coverage': 510}",proposed,selected
0.5041805078582907,510,31285,510,510,0,32208,31285,0.971342523596622,1.0,1179,1179,623,0.5284139100932994,0.2016833926837164,3574,485,3089,2466,4.8352941176470585,1.0,8.932584269662922,9.0,2.691813804173355,3.0,"{'episode_recall': 1179, 'warning_precision': 3089, 'false_warnings_per_outing': 510, 'clean_outing_false_alarm_rate': 26, 'pitch_level_scoring_coverage': 32208, 'outing_level_scoring_coverage': 510}",proposed,selected
0.5036991033416236,510,31285,510,510,0,32208,31285,0.971342523596622,1.0,1179,1179,628,0.5326547921967769,0.2011531069827034,3614,492,3122,2494,4.890196078431373,1.0,8.980891719745223,9.0,2.7085987261146496,3.0,"{'episode_recall': 1179, 'warning_precision': 3122, 'false_warnings_per_outing': 510, 'clean_outing_false_alarm_rate': 26, 'pitch_level_scoring_coverage': 32208, 'outing_level_scoring_coverage': 510}",proposed,selected
0.5032723807216635,510,31285,510,510,0,32208,31285,0.971342523596622,1.0,1179,1179,632,0.536047497879559,0.20063492063492064,3648,498,3150,2518,4.9372549019607845,1.0,8.966772151898734,9.0,2.7056962025316458,3.0,"{'episode_recall': 1179, 'warning_precision': 3150, 'false_warnings_per_outing': 510, 'clean_outing_false_alarm_rate': 26, 'pitch_level_scoring_coverage': 32208, 'outing_level_scoring_coverage': 510}",proposed,selected
0.5028323417503817,510,31285,510,510,0,32208,31285,0.971342523596622,1.0,1179,1179,640,0.542832909245123,0.20094191522762953,3672,487,3185,2545,4.990196078431373,1.0,9.0453125,9.0,2.73125,3.0,"{'episode_recall': 1179, 'warning_precision': 3185, 'false_warnings_per_outing': 510, 'clean_outing_false_alarm_rate': 26, 'pitch_level_scoring_coverage': 32208, 'outing_level_scoring_coverage': 510}",proposed,selected
0.5023829873175152,510,31285,510,510,0,32208,31285,0.971342523596622,1.0,1179,1179,651,0.5521628498727735,0.20305676855895197,3694,488,3206,2555,5.009803921568627,1.0,9.130568356374807,9.0,2.761904761904762,3.0,"{'episode_recall': 1179, 'warning_precision': 3206, 'false_warnings_per_outing': 510, 'clean_outing_false_alarm_rate': 26, 'pitch_level_scoring_coverage': 32208, 'outing_level_scoring_coverage': 510}",proposed,selected
0.5022169533340117,510,31285,510,510,0,32208,31285,0.971342523596622,1.0,1179,1179,654,0.55470737913486,0.2031055900621118,3711,491,3220,2566,5.031372549019608,1.0,9.142201834862385,9.0,2.7660550458715596,3.0,"{'episode_recall': 1179, 'warning_precision': 3220, 'false_warnings_per_outing': 510, 'clean_outing_false_alarm_rate': 26, 'pitch_level_scoring_coverage': 32208, 'outing_level_scoring_coverage': 510}",proposed,selected
0.5018555266881516,510,31285,510,510,0,32208,31285,0.971342523596622,1.0,1179,1179,656,0.556403731976251,0.20203264551894057,3731,484,3247,2591,5.080392156862745,1.0,9.053353658536585,9.0,2.7423780487804876,3.0,"{'episode_recall': 1179, 'warning_precision': 3247, 'false_warnings_per_outing': 510, 'clean_outing_false_alarm_rate': 26, 'pitch_level_scoring_coverage': 32208, 'outing_level_scoring_coverage': 510}",proposed,selected
0.5014001154242613,510,31285,510,510,0,32208,31285,0.971342523596622,1.0,1179,1179,661,0.5606446140797285,0.20097294010337488,3763,474,3289,2628,5.152941176470589,1.0,9.158850226928896,9.0,2.7700453857791225,3.0,"{'episode_recall': 1179, 'warning_precision': 3289, 'false_warnings_per_outing': 510, 'clean_outing_false_alarm_rate': 26, 'pitch_level_scoring_coverage': 32208, 'outing_level_scoring_coverage': 510}",proposed,selected
0.5009581346430713,510,31285,510,510,0,32208,31285,0.971342523596622,1.0,1179,1179,670,0.5682782018659881,0.2027231467473525,3781,476,3305,2635,5.166666666666667,1.0,9.192537313432835,9.0,2.7791044776119405,3.0,"{'episode_recall': 1179, 'warning_precision': 3305, 'false_warnings_per_outing': 510, 'clean_outing_false_alarm_rate': 26, 'pitch_level_scoring_coverage': 32208, 'outing_level_scoring_coverage': 510}",proposed,selected
0.5006731537429774,510,31285,510,510,0,32208,31285,0.971342523596622,1.0,1179,1179,680,0.5767599660729432,0.20432692307692307,3800,472,3328,2648,5.192156862745098,1.0,9.220588235294118,10.0,2.7838235294117646,3.0,"{'episode_recall': 1179, 'warning_precision': 3328, 'false_warnings_per_outing': 510, 'clean_outing_false_alarm_rate': 26, 'pitch_level_scoring_coverage': 32208, 'outing_level_scoring_coverage': 510}",proposed,selected
0.5005290163585293,510,31285,510,510,0,32208,31285,0.971342523596622,1.0,1179,1179,682,0.5784563189143341,0.20400837571043973,3814,471,3343,2661,5.2176470588235295,1.0,9.2316715542522,10.0,2.7829912023460412,3.0,"{'episode_recall': 1179, 'warning_precision': 3343, 'false_warnings_per_outing': 510, 'clean_outing_false_alarm_rate': 26, 'pitch_level_scoring_coverage': 32208, 'outing_level_scoring_coverage': 510}",proposed,selected
0.5000699877046344,510,31285,510,510,0,32208,31285,0.971342523596622,1.0,1179,1179,683,0.5793044953350297,0.20249036466053957,3838,465,3373,2690,5.2745098039215685,1.0,9.341142020497804,10.0,2.815519765739385,3.0,"{'episode_recall': 1179, 'warning_precision': 3373, 'false_warnings_per_outing': 510, 'clean_outing_false_alarm_rate': 26, 'pitch_level_scoring_coverage': 32208, 'outing_level_scoring_coverage': 510}",proposed,selected
0.49963156487792326,510,31285,510,510,0,32208,31285,0.971342523596622,1.0,1179,1179,692,0.5869380831212893,0.20394930739758327,3859,466,3393,2701,5.296078431372549,1.0,9.302023121387283,10.0,2.8265895953757227,3.0,"{'episode_recall': 1179, 'warning_precision': 3393, 'false_warnings_per_outing': 510, 'clean_outing_false_alarm_rate': 26, 'pitch_level_scoring_coverage': 32208, 'outing_level_scoring_coverage': 510}",proposed,selected
0.4991880535072334,510,31285,510,510,0,32208,31285,0.971342523596622,1.0,1179,1179,695,0.5894826123833757,0.202211230724469,3897,460,3437,2742,5.376470588235295,1.0,9.312230215827338,10.0,2.8302158273381295,3.0,"{'episode_recall': 1179, 'warning_precision': 3437, 'false_warnings_per_outing': 510, 'clean_outing_false_alarm_rate': 26, 'pitch_level_scoring_coverage': 32208, 'outing_level_scoring_coverage': 510}",proposed,selected
0.49871374353584486,510,31285,510,510,0,32208,31285,0.971342523596622,1.0,1179,1179,700,0.5937234944868532,0.2028985507246377,3912,462,3450,2750,5.392156862745098,1.0,9.332857142857144,10.0,2.8385714285714285,3.0,"{'episode_recall': 1179, 'warning_precision': 3450, 'false_warnings_per_outing': 510, 'clean_outing_false_alarm_rate': 26, 'pitch_level_scoring_coverage': 32208, 'outing_level_scoring_coverage': 510}",proposed,selected
0.49824912369813124,510,31285,510,510,0,32208,31285,0.971342523596622,1.0,1179,1179,700,0.5937234944868532,0.20022883295194507,3964,468,3496,2796,5.482352941176471,1.0,9.405714285714286,10.0,2.8642857142857143,3.0,"{'episode_recall': 1179, 'warning_precision': 3496, 'false_warnings_per_outing': 510, 'clean_outing_false_alarm_rate': 26, 'pitch_level_scoring_coverage': 32208, 'outing_level_scoring_coverage': 510}",proposed,selected
0.4977990619700978,510,31285,510,510,0,32208,31285,0.971342523596622,1.0,1179,1179,704,0.5971162001696353,0.19892625035320713,4004,465,3539,2835,5.5588235294117645,1.0,9.467329545454545,10.0,2.8735795454545454,3.0,"{'episode_recall': 1179, 'warning_precision': 3539, 'false_warnings_per_outing': 510, 'clean_outing_false_alarm_rate': 26, 'pitch_level_scoring_coverage': 32208, 'outing_level_scoring_coverage': 510}",proposed,selected
0.4976392834702475,510,31285,510,510,0,32208,31285,0.971342523596622,1.0,1179,1179,705,0.5979643765903307,0.1979780960404381,4028,467,3561,2856,5.6,1.0,9.466666666666667,10.0,2.873758865248227,3.0,"{'episode_recall': 1179, 'warning_precision': 3561, 'false_warnings_per_outing': 510, 'clean_outing_false_alarm_rate': 26, 'pitch_level_scoring_coverage': 32208, 'outing_level_scoring_coverage': 510}",proposed,selected
0.4973718921923305,510,31285,510,510,0,32208,31285,0.971342523596622,1.0,1179,1179,707,0.5996607294317218,0.1978729359082004,4052,479,3573,2866,5.6196078431372545,1.0,9.435643564356436,10.0,2.8656294200848658,3.0,"{'episode_recall': 1179, 'warning_precision': 3573, 'false_warnings_per_outing': 510, 'clean_outing_false_alarm_rate': 26, 'pitch_level_scoring_coverage': 32208, 'outing_level_scoring_coverage': 510}",proposed,selected
0.49693020185833414,510,31285,510,510,0,32208,31285,0.971342523596622,1.0,1179,1179,706,0.5988125530110263,0.1967670011148272,4054,466,3588,2882,5.650980392156863,1.0,9.378186968838527,10.0,2.8371104815864023,3.0,"{'episode_recall': 1179, 'warning_precision': 3588, 'false_warnings_per_outing': 510, 'clean_outing_false_alarm_rate': 26, 'pitch_level_scoring_coverage': 32208, 'outing_level_scoring_coverage': 510}",proposed,selected
0.49652150682328045,510,31285,510,510,0,32208,31285,0.971342523596622,1.0,1179,1179,711,0.6030534351145038,0.19586776859504132,4097,467,3630,2919,5.723529411764706,1.0,9.426160337552743,10.0,2.8509142053445853,3.0,"{'episode_recall': 1179, 'warning_precision': 3630, 'false_warnings_per_outing': 510, 'clean_outing_false_alarm_rate': 26, 'pitch_level_scoring_coverage': 32208, 'outing_level_scoring_coverage': 510}",proposed,selected
0.4962169724268288,510,31285,510,510,0,32208,31285,0.971342523596622,1.0,1179,1179,717,0.6081424936386769,0.19595517901065865,4126,467,3659,2942,5.768627450980392,1.0,9.411436541143654,10.0,2.8410041841004183,3.0,"{'episode_recall': 1179, 'warning_precision': 3659, 'false_warnings_per_outing': 510, 'clean_outing_false_alarm_rate': 26, 'pitch_level_scoring_coverage': 32208, 'outing_level_scoring_coverage': 510}",proposed,selected
0.4960886681596879,510,31285,510,510,0,32208,31285,0.971342523596622,1.0,1179,1179,717,0.6081424936386769,0.19574119574119575,4130,467,3663,2946,5.776470588235294,1.0,9.419804741980474,10.0,2.8423988842398886,3.0,"{'episode_recall': 1179, 'warning_precision': 3663, 'false_warnings_per_outing': 510, 'clean_outing_false_alarm_rate': 26, 'pitch_level_scoring_coverage': 32208, 'outing_level_scoring_coverage': 510}",proposed,selected
0.4956917232430276,510,31285,510,510,0,32208,31285,0.971342523596622,1.0,1179,1179,716,0.6072943172179813,0.19409053944158308,4147,458,3689,2973,5.829411764705882,1.0,9.453910614525139,10.0,2.8477653631284916,3.0,"{'episode_recall': 1179, 'warning_precision': 3689, 'false_warnings_per_outing': 510, 'clean_outing_false_alarm_rate': 26, 'pitch_level_scoring_coverage': 32208, 'outing_level_scoring_coverage': 510}",proposed,selected
0.4952695286755167,510,31285,510,510,0,32208,31285,0.971342523596622,1.0,1179,1179,716,0.6072943172179813,0.19268030139935413,4178,462,3716,3000,5.882352941176471,1.0,9.51536312849162,10.0,2.8701117318435756,3.0,"{'episode_recall': 1179, 'warning_precision': 3716, 'false_warnings_per_outing': 510, 'clean_outing_false_alarm_rate': 26, 'pitch_level_scoring_coverage': 32208, 'outing_level_scoring_coverage': 510}",proposed,selected
0.4948488465310908,510,31285,510,510,0,32208,31285,0.971342523596622,1.0,1179,1179,719,0.6098388464800678,0.19343556631692224,4184,467,3717,2998,5.87843137254902,1.0,9.471488178025036,10.0,2.866481223922114,3.0,"{'episode_recall': 1179, 'warning_precision': 3717, 'false_warnings_per_outing': 510, 'clean_outing_false_alarm_rate': 26, 'pitch_level_scoring_coverage': 32208, 'outing_level_scoring_coverage': 510}",proposed,selected
0.49444472954766805,510,31285,510,510,0,32208,31285,0.971342523596622,1.0,1179,1179,718,0.6089906700593724,0.19192729216786955,4210,469,3741,3023,5.927450980392157,1.0,9.559888579387186,10.0,2.883008356545961,3.0,"{'episode_recall': 1179, 'warning_precision': 3741, 'false_warnings_per_outing': 510, 'clean_outing_false_alarm_rate': 26, 'pitch_level_scoring_coverage': 32208, 'outing_level_scoring_coverage': 510}",proposed,selected
0.4940137865821079,510,31285,510,510,0,32208,31285,0.971342523596622,1.0,1179,1179,712,0.6039016115351993,0.1896138482023968,4219,464,3755,3043,5.966666666666667,1.0,9.616573033707866,10.0,2.901685393258427,3.0,"{'episode_recall': 1179, 'warning_precision': 3755, 'false_warnings_per_outing': 510, 'clean_outing_false_alarm_rate': 26, 'pitch_level_scoring_coverage': 32208, 'outing_level_scoring_coverage': 510}",proposed,selected
0.4935807335155645,510,31285,510,510,0,32208,31285,0.971342523596622,1.0,1179,1179,709,0.6013570822731128,0.18926855312333155,4204,458,3746,3037,5.954901960784314,1.0,9.588152327221438,10.0,2.8998589562764456,3.0,"{'episode_recall': 1179, 'warning_precision': 3746, 'false_warnings_per_outing': 510, 'clean_outing_false_alarm_rate': 26, 'pitch_level_scoring_coverage': 32208, 'outing_level_scoring_coverage': 510}",proposed,selected
0.49345698599472515,510,31285,510,510,0,32208,31285,0.971342523596622,1.0,1179,1179,709,0.6013570822731128,0.18886521044219498,4208,454,3754,3045,5.970588235294118,1.0,9.610719322990127,10.0,2.9055007052186177,3.0,"{'episode_recall': 1179, 'warning_precision': 3754, 'false_warnings_per_outing': 510, 'clean_outing_false_alarm_rate': 26, 'pitch_level_scoring_coverage': 32208, 'outing_level_scoring_coverage': 510}",proposed,selected
0.4932053325138554,510,31285,510,510,0,32208,31285,0.971342523596622,1.0,1179,1179,713,0.6047497879558948,0.18902439024390244,4224,452,3772,3059,5.9980392156862745,1.0,9.619915848527349,10.0,2.901823281907433,3.0,"{'episode_recall': 1179, 'warning_precision': 3772, 'false_warnings_per_outing': 510, 'clean_outing_false_alarm_rate': 26, 'pitch_level_scoring_coverage': 32208, 'outing_level_scoring_coverage': 510}",proposed,selected
0.4927668114420221,510,31285,510,510,0,32208,31285,0.971342523596622,1.0,1179,1179,714,0.6055979643765903,0.1891390728476821,4222,447,3775,3061,6.0019607843137255,1.0,9.620448179271708,10.0,2.9089635854341735,3.0,"{'episode_recall': 1179, 'warning_precision': 3775, 'false_warnings_per_outing': 510, 'clean_outing_false_alarm_rate': 26, 'pitch_level_scoring_coverage': 32208, 'outing_level_scoring_coverage': 510}",proposed,selected
0.4923025490586689,510,31285,510,510,0,32208,31285,0.971342523596622,1.0,1179,1179,713,0.6047497879558948,0.18892421833598305,4218,444,3774,3061,6.0019607843137255,1.0,9.663394109396915,10.0,2.9158485273492287,3.0,"{'episode_recall': 1179, 'warning_precision': 3774, 'false_warnings_per_outing': 510, 'clean_outing_false_alarm_rate': 26, 'pitch_level_scoring_coverage': 32208, 'outing_level_scoring_coverage': 510}",proposed,selected
0.4920166639927828,510,31285,510,510,0,32208,31285,0.971342523596622,1.0,1179,1179,715,0.6064461407972859,0.18970549217299018,4207,438,3769,3054,5.988235294117647,1.0,9.732867132867133,10.0,2.9328671328671327,3.0,"{'episode_recall': 1179, 'warning_precision': 3769, 'false_warnings_per_outing': 510, 'clean_outing_false_alarm_rate': 26, 'pitch_level_scoring_coverage': 32208, 'outing_level_scoring_coverage': 510}",proposed,selected
0.49186076353625463,510,31285,510,510,0,32208,31285,0.971342523596622,1.0,1179,1179,719,0.6098388464800678,0.1907667816396922,4203,434,3769,3050,5.980392156862745,1.0,9.73018080667594,10.0,2.9304589707927677,3.0,"{'episode_recall': 1179, 'warning_precision': 3769, 'false_warnings_per_outing': 510, 'clean_outing_false_alarm_rate': 26, 'pitch_level_scoring_coverage': 32208, 'outing_level_scoring_coverage': 510}",proposed,selected
0.49141068536371446,510,31285,510,510,0,32208,31285,0.971342523596622,1.0,1179,1179,717,0.6081424936386769,0.19094540612516644,4182,427,3755,3038,5.956862745098039,1.0,9.694560669456067,10.0,2.913528591352859,3.0,"{'episode_recall': 1179, 'warning_precision': 3755, 'false_warnings_per_outing': 510, 'clean_outing_false_alarm_rate': 26, 'pitch_level_scoring_coverage': 32208, 'outing_level_scoring_coverage': 510}",proposed,selected
0.49096503540654657,510,31285,510,510,0,32208,31285,0.971342523596622,1.0,1179,1179,712,0.6039016115351993,0.19001868161195623,4162,415,3747,3035,5.950980392156863,1.0,9.731741573033707,11.0,2.922752808988764,3.0,"{'episode_recall': 1179, 'warning_precision': 3747, 'false_warnings_per_outing': 510, 'clean_outing_false_alarm_rate': 26, 'pitch_level_scoring_coverage': 32208, 'outing_level_scoring_coverage': 510}",proposed,selected
0.4904961349083637,510,31285,510,510,0,32208,31285,0.971342523596622,1.0,1179,1179,711,0.6030534351145038,0.18954945347907226,4163,412,3751,3040,5.96078431372549,1.0,9.770745428973276,11.0,2.926863572433193,3.0,"{'episode_recall': 1179, 'warning_precision': 3751, 'false_warnings_per_outing': 510, 'clean_outing_false_alarm_rate': 26, 'pitch_level_scoring_coverage': 32208, 'outing_level_scoring_coverage': 510}",proposed,selected
0.49007384911555485,510,31285,510,510,0,32208,31285,0.971342523596622,1.0,1179,1179,702,0.5954198473282443,0.18810289389067525,4143,411,3732,3030,5.9411764705882355,1.0,9.767806267806268,11.0,2.925925925925926,3.0,"{'episode_recall': 1179, 'warning_precision': 3732, 'false_warnings_per_outing': 510, 'clean_outing_false_alarm_rate': 26, 'pitch_level_scoring_coverage': 32208, 'outing_level_scoring_coverage': 510}",proposed,selected
0.4896134704201994,510,31285,510,510,0,32208,31285,0.971342523596622,1.0,1179,1179,695,0.5894826123833757,0.18768566027545233,4110,407,3703,3008,5.898039215686275,1.0,9.840287769784172,11.0,2.933812949640288,3.0,"{'episode_recall': 1179, 'warning_precision': 3703, 'false_warnings_per_outing': 510, 'clean_outing_false_alarm_rate': 26, 'pitch_level_scoring_coverage': 32208, 'outing_level_scoring_coverage': 510}",proposed,selected
0.4891526829680252,510,31285,510,510,0,32208,31285,0.971342523596622,1.0,1179,1179,689,0.5843935538592027,0.1880971880971881,4060,397,3663,2974,5.8313725490196076,1.0,9.876632801161103,11.0,2.9404934687953554,3.0,"{'episode_recall': 1179, 'warning_precision': 3663, 'false_warnings_per_outing': 510, 'clean_outing_false_alarm_rate': 26, 'pitch_level_scoring_coverage': 32208, 'outing_level_scoring_coverage': 510}",proposed,selected
0.4890177740819037,510,31285,510,510,0,32208,31285,0.971342523596622,1.0,1179,1179,689,0.5843935538592027,0.18768727867066196,4064,393,3671,2982,5.847058823529411,1.0,9.891146589259797,11.0,2.943396226415094,3.0,"{'episode_recall': 1179, 'warning_precision': 3671, 'false_warnings_per_outing': 510, 'clean_outing_false_alarm_rate': 26, 'pitch_level_scoring_coverage': 32208, 'outing_level_scoring_coverage': 510}",proposed,selected
0.4887206652483347,510,31285,510,510,0,32208,31285,0.971342523596622,1.0,1179,1179,687,0.5826972010178118,0.1885290889132821,4024,380,3644,2957,5.798039215686274,1.0,9.935953420669579,11.0,2.9563318777292578,3.0,"{'episode_recall': 1179, 'warning_precision': 3644, 'false_warnings_per_outing': 510, 'clean_outing_false_alarm_rate': 26, 'pitch_level_scoring_coverage': 32208, 'outing_level_scoring_coverage': 510}",proposed,selected
0.48824463679357244,510,31285,510,510,0,32208,31285,0.971342523596622,1.0,1179,1179,684,0.5801526717557252,0.1892639734366353,3982,368,3614,2930,5.745098039215686,1.0,9.881578947368421,11.0,2.93859649122807,3.0,"{'episode_recall': 1179, 'warning_precision': 3614, 'false_warnings_per_outing': 510, 'clean_outing_false_alarm_rate': 26, 'pitch_level_scoring_coverage': 32208, 'outing_level_scoring_coverage': 510}",proposed,selected
0.487750999074557,510,31285,510,510,0,32208,31285,0.971342523596622,1.0,1179,1179,681,0.5776081424936387,0.19006419201786212,3942,359,3583,2902,5.690196078431373,1.0,9.914831130690162,11.0,2.951541850220264,3.0,"{'episode_recall': 1179, 'warning_precision': 3583, 'false_warnings_per_outing': 510, 'clean_outing_false_alarm_rate': 26, 'pitch_level_scoring_coverage': 32208, 'outing_level_scoring_coverage': 510}",proposed,selected
0.48741554928487557,510,31285,510,510,0,32208,31285,0.971342523596622,1.0,1179,1179,680,0.5767599660729432,0.19138755980861244,3902,349,3553,2873,5.633333333333334,1.0,9.925,11.0,2.960294117647059,3.0,"{'episode_recall': 1179, 'warning_precision': 3553, 'false_warnings_per_outing': 510, 'clean_outing_false_alarm_rate': 26, 'pitch_level_scoring_coverage': 32208, 'outing_level_scoring_coverage': 510}",proposed,selected
0.48724099148090927,510,31285,510,510,0,32208,31285,0.971342523596622,1.0,1179,1179,681,0.5776081424936387,0.19199323371863547,3891,344,3547,2866,5.6196078431372545,1.0,9.907488986784141,11.0,2.958883994126285,3.0,"{'episode_recall': 1179, 'warning_precision': 3547, 'false_warnings_per_outing': 510, 'clean_outing_false_alarm_rate': 26, 'pitch_level_scoring_coverage': 32208, 'outing_level_scoring_coverage': 510}",proposed,selected
0.48674773393052884,510,31285,510,510,0,32208,31285,0.971342523596622,1.0,1179,1179,674,0.5716709075487701,0.19202279202279202,3844,334,3510,2836,5.56078431372549,1.0,9.961424332344214,11.0,2.9762611275964392,3.0,"{'episode_recall': 1179, 'warning_precision': 3510, 'false_warnings_per_outing': 510, 'clean_outing_false_alarm_rate': 26, 'pitch_level_scoring_coverage': 32208, 'outing_level_scoring_coverage': 510}",proposed,selected
0.48625650316505464,510,31285,510,510,0,32208,31285,0.971342523596622,1.0,1179,1179,670,0.5682782018659881,0.1930835734870317,3797,327,3470,2800,5.490196078431373,1.0,9.919402985074626,11.0,2.9716417910447763,3.0,"{'episode_recall': 1179, 'warning_precision': 3470, 'false_warnings_per_outing': 510, 'clean_outing_false_alarm_rate': 26, 'pitch_level_scoring_coverage': 32208, 'outing_level_scoring_coverage': 510}",proposed,selected
0.4857607846067535,510,31285,510,510,0,32208,31285,0.971342523596622,1.0,1179,1179,667,0.5657336726039016,0.19474452554744526,3739,314,3425,2758,5.407843137254902,1.0,9.890554722638681,11.0,2.971514242878561,3.0,"{'episode_recall': 1179, 'warning_precision': 3425, 'false_warnings_per_outing': 510, 'clean_outing_false_alarm_rate': 26, 'pitch_level_scoring_coverage': 32208, 'outing_level_scoring_coverage': 510}",proposed,selected
0.4852651272190296,510,31285,510,510,0,32208,31285,0.971342523596622,1.0,1179,1179,661,0.5606446140797285,0.19737234995521052,3656,307,3349,2688,5.270588235294118,1.0,9.818456883509834,11.0,2.97428139183056,3.0,"{'episode_recall': 1179, 'warning_precision': 3349, 'false_warnings_per_outing': 510, 'clean_outing_false_alarm_rate': 26, 'pitch_level_scoring_coverage': 32208, 'outing_level_scoring_coverage': 510}",proposed,selected
0.4847849895432596,510,31285,510,510,0,32208,31285,0.971342523596622,1.0,1179,1179,653,0.5538592027141646,0.19884287454323996,3584,300,3284,2631,5.158823529411765,1.0,9.800918836140887,11.0,2.9632465543644715,3.0,"{'episode_recall': 1179, 'warning_precision': 3284, 'false_warnings_per_outing': 510, 'clean_outing_false_alarm_rate': 26, 'pitch_level_scoring_coverage': 32208, 'outing_level_scoring_coverage': 510}",proposed,selected
0.4842493643695341,510,31285,510,510,0,32208,31285,0.971342523596622,1.0,1179,1179,644,0.546225614927905,0.1996280223186609,3516,290,3226,2582,5.0627450980392155,1.0,9.78416149068323,11.0,2.951863354037267,3.0,"{'episode_recall': 1179, 'warning_precision': 3226, 'false_warnings_per_outing': 510, 'clean_outing_false_alarm_rate': 26, 'pitch_level_scoring_coverage': 32208, 'outing_level_scoring_coverage': 510}",proposed,selected
0.4840529860263538,510,31285,510,510,0,32208,31285,0.971342523596622,1.0,1179,1179,643,0.5453774385072095,0.20024914356898163,3495,284,3211,2568,5.035294117647059,1.0,9.738724727838258,11.0,2.9409020217729394,3.0,"{'episode_recall': 1179, 'warning_precision': 3211, 'false_warnings_per_outing': 510, 'clean_outing_false_alarm_rate': 26, 'pitch_level_scoring_coverage': 32208, 'outing_level_scoring_coverage': 510}",proposed,selected
0.4836892566988314,510,31285,510,510,0,32208,31285,0.971342523596622,1.0,1179,1179,639,0.5419847328244275,0.20292156240076215,3428,279,3149,2510,4.921568627450981,1.0,9.635367762128325,10.0,2.923317683881064,3.0,"{'episode_recall': 1179, 'warning_precision': 3149, 'false_warnings_per_outing': 510, 'clean_outing_false_alarm_rate': 26, 'pitch_level_scoring_coverage': 32208, 'outing_level_scoring_coverage': 510}",proposed,selected
0.48308925271670217,510,31285,510,510,0,32208,31285,0.971342523596622,1.0,1179,1179,626,0.5309584393553859,0.20337881741390512,3350,272,3078,2452,4.807843137254902,1.0,9.600638977635782,10.0,2.912140575079872,3.0,"{'episode_recall': 1179, 'warning_precision': 3078, 'false_warnings_per_outing': 510, 'clean_outing_false_alarm_rate': 26, 'pitch_level_scoring_coverage': 32208, 'outing_level_scoring_coverage': 510}",proposed,selected
0.4824752170891597,510,31285,510,510,0,32208,31285,0.971342523596622,1.0,1179,1179,620,0.5258693808312129,0.20735785953177258,3250,260,2990,2370,4.647058823529412,1.0,9.714516129032258,11.0,2.9370967741935483,3.0,"{'episode_recall': 1179, 'warning_precision': 2990, 'false_warnings_per_outing': 510, 'clean_outing_false_alarm_rate': 26, 'pitch_level_scoring_coverage': 32208, 'outing_level_scoring_coverage': 510}",proposed,selected
0.48196788353648673,510,31285,510,510,0,32208,31285,0.971342523596622,1.0,1179,1179,613,0.5199321458863444,0.20885860306643952,3194,259,2935,2322,4.552941176470588,1.0,9.68515497553018,10.0,2.931484502446982,3.0,"{'episode_recall': 1179, 'warning_precision': 2935, 'false_warnings_per_outing': 510, 'clean_outing_false_alarm_rate': 26, 'pitch_level_scoring_coverage': 32208, 'outing_level_scoring_coverage': 510}",proposed,selected
0.48177878409551633,510,31285,510,510,0,32208,31285,0.971342523596622,1.0,1179,1179,606,0.5139949109414759,0.20896551724137932,3160,260,2900,2294,4.4980392156862745,1.0,9.716171617161717,10.0,2.937293729372937,3.0,"{'episode_recall': 1179, 'warning_precision': 2900, 'false_warnings_per_outing': 510, 'clean_outing_false_alarm_rate': 26, 'pitch_level_scoring_coverage': 32208, 'outing_level_scoring_coverage': 510}",proposed,selected
0.48106946426840935,510,31285,510,510,0,32208,31285,0.971342523596622,1.0,1179,1179,598,0.5072094995759118,0.21183138505136379,3076,253,2823,2225,4.362745098039215,1.0,9.695652173913043,10.0,2.9297658862876252,3.0,"{'episode_recall': 1179, 'warning_precision': 2823, 'false_warnings_per_outing': 510, 'clean_outing_false_alarm_rate': 26, 'pitch_level_scoring_coverage': 32208, 'outing_level_scoring_coverage': 510}",proposed,selected
0.48033655517718726,510,31285,510,510,0,32208,31285,0.971342523596622,1.0,1179,1179,593,0.5029686174724343,0.21841620626151012,2963,248,2715,2122,4.1607843137254905,1.0,9.548060708263069,10.0,2.903878583473862,3.0,"{'episode_recall': 1179, 'warning_precision': 2715, 'false_warnings_per_outing': 510, 'clean_outing_false_alarm_rate': 26, 'pitch_level_scoring_coverage': 32208, 'outing_level_scoring_coverage': 510}",proposed,selected
0.4795156465434418,510,31285,510,510,0,32208,31285,0.971342523596622,1.0,1179,1179,580,0.4919423240033927,0.22256331542594013,2848,242,2606,2026,3.9725490196078432,1.0,9.448275862068966,10.0,2.8793103448275863,3.0,"{'episode_recall': 1179, 'warning_precision': 2606, 'false_warnings_per_outing': 510, 'clean_outing_false_alarm_rate': 26, 'pitch_level_scoring_coverage': 32208, 'outing_level_scoring_coverage': 510}",proposed,selected
0.47859110283598744,510,31285,510,510,0,32208,31285,0.971342523596622,1.0,1179,1179,565,0.47921967769296014,0.2249203821656051,2743,231,2512,1947,3.8176470588235296,1.0,9.330973451327434,10.0,2.8530973451327433,3.0,"{'episode_recall': 1179, 'warning_precision': 2512, 'false_warnings_per_outing': 510, 'clean_outing_false_alarm_rate': 26, 'pitch_level_scoring_coverage': 32208, 'outing_level_scoring_coverage': 510}",proposed,selected
0.4775860417011264,510,31285,510,510,0,32208,31285,0.971342523596622,1.0,1179,1179,545,0.46225614927905007,0.22755741127348644,2612,217,2395,1850,3.627450980392157,1.0,9.258715596330275,10.0,2.8275229357798164,3.0,"{'episode_recall': 1179, 'warning_precision': 2395, 'false_warnings_per_outing': 510, 'clean_outing_false_alarm_rate': 26, 'pitch_level_scoring_coverage': 32208, 'outing_level_scoring_coverage': 510}",proposed,selected
0.4765467125043564,510,31285,510,510,0,32208,31285,0.971342523596622,1.0,1179,1179,527,0.44698897370653096,0.23063457330415754,2492,207,2285,1758,3.447058823529412,1.0,9.201138519924099,10.0,2.804554079696395,3.0,"{'episode_recall': 1179, 'warning_precision': 2285, 'false_warnings_per_outing': 510, 'clean_outing_false_alarm_rate': 26, 'pitch_level_scoring_coverage': 32208, 'outing_level_scoring_coverage': 510}",proposed,selected
0.476166118442661,510,31285,510,510,0,32208,31285,0.971342523596622,1.0,1179,1179,521,0.44189991518235794,0.23186470850022253,2453,206,2247,1726,3.384313725490196,1.0,9.18426103646833,10.0,2.8119001919385798,3.0,"{'episode_recall': 1179, 'warning_precision': 2247, 'false_warnings_per_outing': 510, 'clean_outing_false_alarm_rate': 26, 'pitch_level_scoring_coverage': 32208, 'outing_level_scoring_coverage': 510}",proposed,selected
0.47529734708251953,510,31285,510,510,0,32208,31285,0.971342523596622,1.0,1179,1179,505,0.42832909245122985,0.23314866112650046,2365,199,2166,1661,3.256862745098039,1.0,9.15049504950495,10.0,2.803960396039604,3.0,"{'episode_recall': 1179, 'warning_precision': 2166, 'false_warnings_per_outing': 510, 'clean_outing_false_alarm_rate': 26, 'pitch_level_scoring_coverage': 32208, 'outing_level_scoring_coverage': 510}",proposed,selected
0.4740553481979564,510,31285,510,510,0,32208,31285,0.971342523596622,1.0,1179,1179,486,0.4122137404580153,0.23603691112190384,2251,192,2059,1573,3.0843137254901962,1.0,9.045267489711934,10.0,2.7777777777777777,3.0,"{'episode_recall': 1179, 'warning_precision': 2059, 'false_warnings_per_outing': 510, 'clean_outing_false_alarm_rate': 26, 'pitch_level_scoring_coverage': 32208, 'outing_level_scoring_coverage': 510}",proposed,selected
0.4723997566144959,510,31285,510,510,0,32208,31285,0.971342523596622,1.0,1179,1179,459,0.3893129770992366,0.23684210526315788,2125,187,1938,1479,2.9,1.0,8.893246187363834,10.0,2.736383442265795,3.0,"{'episode_recall': 1179, 'warning_precision': 1938, 'false_warnings_per_outing': 510, 'clean_outing_false_alarm_rate': 26, 'pitch_level_scoring_coverage': 32208, 'outing_level_scoring_coverage': 510}",proposed,selected
0.4712237134809885,510,31285,510,510,0,32208,31285,0.971342523596622,1.0,1179,1179,442,0.3748939779474131,0.24021739130434783,2022,182,1840,1398,2.7411764705882353,1.0,8.916289592760181,10.0,2.737556561085973,3.0,"{'episode_recall': 1179, 'warning_precision': 1840, 'false_warnings_per_outing': 510, 'clean_outing_false_alarm_rate': 26, 'pitch_level_scoring_coverage': 32208, 'outing_level_scoring_coverage': 510}",proposed,selected
0.47054125986690354,510,31285,510,510,0,32208,31285,0.971342523596622,1.0,1179,1179,431,0.3655640373197625,0.24227093872962338,1949,170,1779,1348,2.6431372549019607,1.0,8.974477958236658,10.0,2.7494199535962878,3.0,"{'episode_recall': 1179, 'warning_precision': 1779, 'false_warnings_per_outing': 510, 'clean_outing_false_alarm_rate': 26, 'pitch_level_scoring_coverage': 32208, 'outing_level_scoring_coverage': 510}",proposed,selected
0.46773333167431075,510,31285,510,510,0,32208,31285,0.971342523596622,1.0,1179,1179,396,0.33587786259541985,0.2430939226519337,1779,150,1629,1233,2.4176470588235293,1.0,8.752525252525253,9.0,2.7146464646464645,3.0,"{'episode_recall': 1179, 'warning_precision': 1629, 'false_warnings_per_outing': 510, 'clean_outing_false_alarm_rate': 26, 'pitch_level_scoring_coverage': 32208, 'outing_level_scoring_coverage': 510}",proposed,selected
0.4635295695754003,510,31285,510,510,0,32208,31285,0.971342523596622,1.0,1179,1179,357,0.30279898218829515,0.24351978171896316,1599,133,1466,1109,2.1745098039215685,1.0,8.599439775910364,9.0,2.6638655462184873,3.0,"{'episode_recall': 1179, 'warning_precision': 1466, 'false_warnings_per_outing': 510, 'clean_outing_false_alarm_rate': 26, 'pitch_level_scoring_coverage': 32208, 'outing_level_scoring_coverage': 510}",proposed,selected
0.4266001425796455,510,31285,510,510,0,32208,31285,0.971342523596622,1.0,1179,1179,317,0.268871925360475,0.2488226059654631,1388,114,1274,957,1.8764705882352941,1.0,8.618296529968454,9.0,2.665615141955836,3.0,"{'episode_recall': 1179, 'warning_precision': 1274, 'false_warnings_per_outing': 510, 'clean_outing_false_alarm_rate': 26, 'pitch_level_scoring_coverage': 32208, 'outing_level_scoring_coverage': 510}",proposed,selected
,510,31285,510,510,0,32208,31285,0.971342523596622,1.0,1179,1179,0,0.0,,0,0,0,0,0.0,0.0,,,,,"{'episode_recall': 1179, 'warning_precision': 0, 'false_warnings_per_outing': 510, 'clean_outing_false_alarm_rate': 26, 'pitch_level_scoring_coverage': 32208, 'outing_level_scoring_coverage': 510}",pitch_count,no_alert
114.0,510,31285,510,510,0,32208,31285,0.971342523596622,1.0,1179,1179,0,0.0,0.0,2,1,1,1,0.00196078431372549,0.0,,,,,"{'episode_recall': 1179, 'warning_precision': 1, 'false_warnings_per_outing': 510, 'clean_outing_false_alarm_rate': 26, 'pitch_level_scoring_coverage': 32208, 'outing_level_scoring_coverage': 510}",pitch_count,selected
97.0,510,31285,510,510,0,32208,31285,0.971342523596622,1.0,1179,1179,16,0.013570822731128074,0.23529411764705882,198,130,68,52,0.10196078431372549,0.038461538461538464,3.25,2.0,1.375,1.0,"{'episode_recall': 1179, 'warning_precision': 68, 'false_warnings_per_outing': 510, 'clean_outing_false_alarm_rate': 26, 'pitch_level_scoring_coverage': 32208, 'outing_level_scoring_coverage': 510}",pitch_count,selected
93.0,510,31285,510,510,0,32208,31285,0.971342523596622,1.0,1179,1179,30,0.02544529262086514,0.24793388429752067,304,183,121,91,0.1784313725490196,0.038461538461538464,4.566666666666666,4.5,1.6,1.0,"{'episode_recall': 1179, 'warning_precision': 121, 'false_warnings_per_outing': 510, 'clean_outing_false_alarm_rate': 26, 'pitch_level_scoring_coverage': 32208, 'outing_level_scoring_coverage': 510}",pitch_count,selected
90.0,510,31285,510,510,0,32208,31285,0.971342523596622,1.0,1179,1179,52,0.04410517387616624,0.3076923076923077,384,215,169,117,0.22941176470588234,0.15384615384615385,4.961538461538462,4.0,1.5769230769230769,1.0,"{'episode_recall': 1179, 'warning_precision': 169, 'false_warnings_per_outing': 510, 'clean_outing_false_alarm_rate': 26, 'pitch_level_scoring_coverage': 32208, 'outing_level_scoring_coverage': 510}",pitch_count,selected
89.20000000000073,510,31285,510,510,0,32208,31285,0.971342523596622,1.0,1179,1179,52,0.04410517387616624,0.3076923076923077,384,215,169,117,0.22941176470588234,0.15384615384615385,4.961538461538462,4.0,1.5769230769230769,1.0,"{'episode_recall': 1179, 'warning_precision': 169, 'false_warnings_per_outing': 510, 'clean_outing_false_alarm_rate': 26, 'pitch_level_scoring_coverage': 32208, 'outing_level_scoring_coverage': 510}",pitch_count,selected
88.0,510,31285,510,510,0,32208,31285,0.971342523596622,1.0,1179,1179,64,0.0542832909245123,0.3004694835680751,455,242,213,149,0.29215686274509806,0.2692307692307692,5.671875,5.0,1.8125,2.0,"{'episode_recall': 1179, 'warning_precision': 213, 'false_warnings_per_outing': 510, 'clean_outing_false_alarm_rate': 26, 'pitch_level_scoring_coverage': 32208, 'outing_level_scoring_coverage': 510}",pitch_count,selected
87.0,510,31285,510,510,0,32208,31285,0.971342523596622,1.0,1179,1179,73,0.06191687871077184,0.30416666666666664,476,236,240,167,0.32745098039215687,0.4230769230769231,5.972602739726027,6.0,1.9315068493150684,2.0,"{'episode_recall': 1179, 'warning_precision': 240, 'false_warnings_per_outing': 510, 'clean_outing_false_alarm_rate': 26, 'pitch_level_scoring_coverage': 32208, 'outing_level_scoring_coverage': 510}",pitch_count,selected
85.0,510,31285,510,510,0,32208,31285,0.971342523596622,1.0,1179,1179,90,0.07633587786259542,0.31141868512110726,513,224,289,199,0.39019607843137255,0.5,6.333333333333333,6.5,1.9444444444444444,2.0,"{'episode_recall': 1179, 'warning_precision': 289, 'false_warnings_per_outing': 510, 'clean_outing_false_alarm_rate': 26, 'pitch_level_scoring_coverage': 32208, 'outing_level_scoring_coverage': 510}",pitch_count,selected
84.0,510,31285,510,510,0,32208,31285,0.971342523596622,1.0,1179,1179,100,0.08481764206955046,0.3125,534,214,320,220,0.43137254901960786,0.5,6.55,6.0,2.04,2.0,"{'episode_recall': 1179, 'warning_precision': 320, 'false_warnings_per_outing': 510, 'clean_outing_false_alarm_rate': 26, 'pitch_level_scoring_coverage': 32208, 'outing_level_scoring_coverage': 510}",pitch_count,selected
83.0,510,31285,510,510,0,32208,31285,0.971342523596622,1.0,1179,1179,104,0.08821034775233248,0.30144927536231886,549,204,345,241,0.4725490196078431,0.5,6.6923076923076925,6.0,2.048076923076923,2.0,"{'episode_recall': 1179, 'warning_precision': 345, 'false_warnings_per_outing': 510, 'clean_outing_false_alarm_rate': 26, 'pitch_level_scoring_coverage': 32208, 'outing_level_scoring_coverage': 510}",pitch_count,selected
82.0,510,31285,510,510,0,32208,31285,0.971342523596622,1.0,1179,1179,115,0.09754028837998303,0.30913978494623656,565,193,372,257,0.503921568627451,0.5769230769230769,6.582608695652174,6.0,2.0869565217391304,2.0,"{'episode_recall': 1179, 'warning_precision': 372, 'false_warnings_per_outing': 510, 'clean_outing_false_alarm_rate': 26, 'pitch_level_scoring_coverage': 32208, 'outing_level_scoring_coverage': 510}",pitch_count,selected
81.0,510,31285,510,510,0,32208,31285,0.971342523596622,1.0,1179,1179,122,0.10347752332485156,0.3112244897959184,577,185,392,270,0.5294117647058824,0.6538461538461539,7.040983606557377,6.0,2.221311475409836,2.0,"{'episode_recall': 1179, 'warning_precision': 392, 'false_warnings_per_outing': 510, 'clean_outing_false_alarm_rate': 26, 'pitch_level_scoring_coverage': 32208, 'outing_level_scoring_coverage': 510}",pitch_count,selected
80.0,510,31285,510,510,0,32208,31285,0.971342523596622,1.0,1179,1179,133,0.11280746395250212,0.31894484412470026,597,180,417,284,0.5568627450980392,0.6538461538461539,7.157894736842105,7.0,2.2330827067669174,2.0,"{'episode_recall': 1179, 'warning_precision': 417, 'false_warnings_per_outing': 510, 'clean_outing_false_alarm_rate': 26, 'pitch_level_scoring_coverage': 32208, 'outing_level_scoring_coverage': 510}",pitch_count,selected
79.0,510,31285,510,510,0,32208,31285,0.971342523596622,1.0,1179,1179,137,0.11620016963528414,0.3163972286374134,609,176,433,296,0.5803921568627451,0.6538461538461539,7.262773722627737,7.0,2.2481751824817517,2.0,"{'episode_recall': 1179, 'warning_precision': 433, 'false_warnings_per_outing': 510, 'clean_outing_false_alarm_rate': 26, 'pitch_level_scoring_coverage': 32208, 'outing_level_scoring_coverage': 510}",pitch_count,selected
78.0,510,31285,510,510,0,32208,31285,0.971342523596622,1.0,1179,1179,144,0.12213740458015267,0.314410480349345,621,163,458,314,0.615686274509804,0.6923076923076923,7.1875,7.0,2.2777777777777777,2.0,"{'episode_recall': 1179, 'warning_precision': 458, 'false_warnings_per_outing': 510, 'clean_outing_false_alarm_rate': 26, 'pitch_level_scoring_coverage': 32208, 'outing_level_scoring_coverage': 510}",pitch_count,selected
77.0,510,31285,510,510,0,32208,31285,0.971342523596622,1.0,1179,1179,148,0.1255301102629347,0.30833333333333335,641,161,480,332,0.6509803921568628,0.6923076923076923,6.864864864864865,6.0,2.2364864864864864,2.0,"{'episode_recall': 1179, 'warning_precision': 480, 'false_warnings_per_outing': 510, 'clean_outing_false_alarm_rate': 26, 'pitch_level_scoring_coverage': 32208, 'outing_level_scoring_coverage': 510}",pitch_count,selected
76.0,510,31285,510,510,0,32208,31285,0.971342523596622,1.0,1179,1179,152,0.1289228159457167,0.29862475442043224,668,159,509,357,0.7,0.6923076923076923,6.697368421052632,6.5,2.210526315789474,2.0,"{'episode_recall': 1179, 'warning_precision': 509, 'false_warnings_per_outing': 510, 'clean_outing_false_alarm_rate': 26, 'pitch_level_scoring_coverage': 32208, 'outing_level_scoring_coverage': 510}",pitch_count,selected
75.0,510,31285,510,510,0,32208,31285,0.971342523596622,1.0,1179,1179,162,0.13740458015267176,0.30393996247654786,686,153,533,371,0.7274509803921568,0.6923076923076923,6.882716049382716,6.0,2.302469135802469,2.0,"{'episode_recall': 1179, 'warning_precision': 533, 'false_warnings_per_outing': 510, 'clean_outing_false_alarm_rate': 26, 'pitch_level_scoring_coverage': 32208, 'outing_level_scoring_coverage': 510}",pitch_count,selected
74.0,510,31285,510,510,0,32208,31285,0.971342523596622,1.0,1179,1179,173,0.14673452078032231,0.3105924596050269,701,144,557,384,0.7529411764705882,0.7692307692307693,7.034682080924855,7.0,2.4161849710982657,2.0,"{'episode_recall': 1179, 'warning_precision': 557, 'false_warnings_per_outing': 510, 'clean_outing_false_alarm_rate': 26, 'pitch_level_scoring_coverage': 32208, 'outing_level_scoring_coverage': 510}",pitch_count,selected
73.0,510,31285,510,510,0,32208,31285,0.971342523596622,1.0,1179,1179,186,0.15776081424936386,0.32013769363166955,719,138,581,395,0.7745098039215687,0.8076923076923077,7.188172043010753,7.0,2.403225806451613,2.0,"{'episode_recall': 1179, 'warning_precision': 581, 'false_warnings_per_outing': 510, 'clean_outing_false_alarm_rate': 26, 'pitch_level_scoring_coverage': 32208, 'outing_level_scoring_coverage': 510}",pitch_count,selected
72.0,510,31285,510,510,0,32208,31285,0.971342523596622,1.0,1179,1179,188,0.1594571670907549,0.3122923588039867,739,137,602,414,0.8117647058823529,0.8076923076923077,7.441489361702128,7.0,2.4468085106382977,2.0,"{'episode_recall': 1179, 'warning_precision': 602, 'false_warnings_per_outing': 510, 'clean_outing_false_alarm_rate': 26, 'pitch_level_scoring_coverage': 32208, 'outing_level_scoring_coverage': 510}",pitch_count,selected
71.0,510,31285,510,510,0,32208,31285,0.971342523596622,1.0,1179,1179,194,0.1645462256149279,0.31189710610932475,756,134,622,428,0.8392156862745098,0.8461538461538461,7.463917525773196,7.0,2.4536082474226806,2.0,"{'episode_recall': 1179, 'warning_precision': 622, 'false_warnings_per_outing': 510, 'clean_outing_false_alarm_rate': 26, 'pitch_level_scoring_coverage': 32208, 'outing_level_scoring_coverage': 510}",pitch_count,selected
70.0,510,31285,510,510,0,32208,31285,0.971342523596622,1.0,1179,1179,195,0.16539440203562342,0.30326594090202175,777,134,643,448,0.8784313725490196,0.8461538461538461,7.8820512820512825,8.0,2.523076923076923,2.0,"{'episode_recall': 1179, 'warning_precision': 643, 'false_warnings_per_outing': 510, 'clean_outing_false_alarm_rate': 26, 'pitch_level_scoring_coverage': 32208, 'outing_level_scoring_coverage': 510}",pitch_count,selected
69.0,510,31285,510,510,0,32208,31285,0.971342523596622,1.0,1179,1179,203,0.17217981340118746,0.3108728943338438,788,135,653,450,0.8823529411764706,0.8461538461538461,7.817733990147783,7.0,2.502463054187192,2.0,"{'episode_recall': 1179, 'warning_precision': 653, 'false_warnings_per_outing': 510, 'clean_outing_false_alarm_rate': 26, 'pitch_level_scoring_coverage': 32208, 'outing_level_scoring_coverage': 510}",pitch_count,selected
68.0,510,31285,510,510,0,32208,31285,0.971342523596622,1.0,1179,1179,206,0.17472434266327397,0.30930930930930933,800,134,666,460,0.9019607843137255,0.8461538461538461,7.87378640776699,8.0,2.558252427184466,2.0,"{'episode_recall': 1179, 'warning_precision': 666, 'false_warnings_per_outing': 510, 'clean_outing_false_alarm_rate': 26, 'pitch_level_scoring_coverage': 32208, 'outing_level_scoring_coverage': 510}",pitch_count,selected
67.0,510,31285,510,510,0,32208,31285,0.971342523596622,1.0,1179,1179,205,0.17387616624257846,0.3023598820058997,810,132,678,473,0.9274509803921569,0.8846153846153846,7.931707317073171,8.0,2.5853658536585367,2.0,"{'episode_recall': 1179, 'warning_precision': 678, 'false_warnings_per_outing': 510, 'clean_outing_false_alarm_rate': 26, 'pitch_level_scoring_coverage': 32208, 'outing_level_scoring_coverage': 510}",pitch_count,selected
66.0,510,31285,510,510,0,32208,31285,0.971342523596622,1.0,1179,1179,215,0.1823579304495335,0.3125,819,131,688,473,0.9274509803921569,0.8846153846153846,7.944186046511628,8.0,2.613953488372093,2.0,"{'episode_recall': 1179, 'warning_precision': 688, 'false_warnings_per_outing': 510, 'clean_outing_false_alarm_rate': 26, 'pitch_level_scoring_coverage': 32208, 'outing_level_scoring_coverage': 510}",pitch_count,selected
65.0,510,31285,510,510,0,32208,31285,0.971342523596622,1.0,1179,1179,225,0.19083969465648856,0.3223495702005731,828,130,698,473,0.9274509803921569,0.8846153846153846,7.8,8.0,2.5155555555555558,2.0,"{'episode_recall': 1179, 'warning_precision': 698, 'false_warnings_per_outing': 510, 'clean_outing_false_alarm_rate': 26, 'pitch_level_scoring_coverage': 32208, 'outing_level_scoring_coverage': 510}",pitch_count,selected
64.0,510,31285,510,510,0,32208,31285,0.971342523596622,1.0,1179,1179,228,0.19338422391857507,0.3215796897038082,837,128,709,481,0.9431372549019608,0.9230769230769231,8.017543859649123,8.0,2.5789473684210527,2.0,"{'episode_recall': 1179, 'warning_precision': 709, 'false_warnings_per_outing': 510, 'clean_outing_false_alarm_rate': 26, 'pitch_level_scoring_coverage': 32208, 'outing_level_scoring_coverage': 510}",pitch_count,selected
63.0,510,31285,510,510,0,32208,31285,0.971342523596622,1.0,1179,1179,228,0.19338422391857507,0.31448275862068964,851,126,725,497,0.9745098039215686,0.9230769230769231,8.131578947368421,8.0,2.6052631578947367,2.5,"{'episode_recall': 1179, 'warning_precision': 725, 'false_warnings_per_outing': 510, 'clean_outing_false_alarm_rate': 26, 'pitch_level_scoring_coverage': 32208, 'outing_level_scoring_coverage': 510}",pitch_count,selected
62.0,510,31285,510,510,0,32208,31285,0.971342523596622,1.0,1179,1179,227,0.19253604749787956,0.30800542740841247,863,126,737,510,1.0,0.9230769230769231,8.118942731277533,8.0,2.607929515418502,3.0,"{'episode_recall': 1179, 'warning_precision': 737, 'false_warnings_per_outing': 510, 'clean_outing_false_alarm_rate': 26, 'pitch_level_scoring_coverage': 32208, 'outing_level_scoring_coverage': 510}",pitch_count,selected
61.0,510,31285,510,510,0,32208,31285,0.971342523596622,1.0,1179,1179,231,0.19592875318066158,0.30474934036939316,881,123,758,527,1.0333333333333334,0.9615384615384616,8.207792207792208,8.0,2.6406926406926408,3.0,"{'episode_recall': 1179, 'warning_precision': 758, 'false_warnings_per_outing': 510, 'clean_outing_false_alarm_rate': 26, 'pitch_level_scoring_coverage': 32208, 'outing_level_scoring_coverage': 510}",pitch_count,selected
60.0,510,31285,510,510,0,32208,31285,0.971342523596622,1.0,1179,1179,226,0.19168787107718405,0.2935064935064935,895,125,770,544,1.0666666666666667,0.9615384615384616,8.230088495575222,8.0,2.668141592920354,2.0,"{'episode_recall': 1179, 'warning_precision': 770, 'false_warnings_per_outing': 510, 'clean_outing_false_alarm_rate': 26, 'pitch_level_scoring_coverage': 32208, 'outing_level_scoring_coverage': 510}",pitch_count,selected
59.0,510,31285,510,510,0,32208,31285,0.971342523596622,1.0,1179,1179,223,0.18914334181509754,0.2858974358974359,902,122,780,557,1.092156862745098,0.9615384615384616,8.174887892376681,8.0,2.6457399103139014,2.0,"{'episode_recall': 1179, 'warning_precision': 780, 'false_warnings_per_outing': 510, 'clean_outing_false_alarm_rate': 26, 'pitch_level_scoring_coverage': 32208, 'outing_level_scoring_coverage': 510}",pitch_count,selected
58.0,510,31285,510,510,0,32208,31285,0.971342523596622,1.0,1179,1179,224,0.18999151823579305,0.28247162673392184,915,122,793,569,1.115686274509804,0.9615384615384616,8.071428571428571,8.0,2.625,2.0,"{'episode_recall': 1179, 'warning_precision': 793, 'false_warnings_per_outing': 510, 'clean_outing_false_alarm_rate': 26, 'pitch_level_scoring_coverage': 32208, 'outing_level_scoring_coverage': 510}",pitch_count,selected
57.0,510,31285,510,510,0,32208,31285,0.971342523596622,1.0,1179,1179,225,0.19083969465648856,0.2784653465346535,929,121,808,583,1.1431372549019607,0.9615384615384616,8.182222222222222,9.0,2.648888888888889,2.0,"{'episode_recall': 1179, 'warning_precision': 808, 'false_warnings_per_outing': 510, 'clean_outing_false_alarm_rate': 26, 'pitch_level_scoring_coverage': 32208, 'outing_level_scoring_coverage': 510}",pitch_count,selected
56.0,510,31285,510,510,0,32208,31285,0.971342523596622,1.0,1179,1179,234,0.1984732824427481,0.2857142857142857,940,121,819,585,1.1470588235294117,0.9615384615384616,7.829059829059829,8.0,2.58974358974359,2.0,"{'episode_recall': 1179, 'warning_precision': 819, 'false_warnings_per_outing': 510, 'clean_outing_false_alarm_rate': 26, 'pitch_level_scoring_coverage': 32208, 'outing_level_scoring_coverage': 510}",pitch_count,selected
55.0,510,31285,510,510,0,32208,31285,0.971342523596622,1.0,1179,1179,240,0.2035623409669211,0.2874251497005988,956,121,835,595,1.1666666666666667,0.9615384615384616,8.016666666666667,8.0,2.6166666666666667,2.0,"{'episode_recall': 1179, 'warning_precision': 835, 'false_warnings_per_outing': 510, 'clean_outing_false_alarm_rate': 26, 'pitch_level_scoring_coverage': 32208, 'outing_level_scoring_coverage': 510}",pitch_count,selected
54.0,510,31285,510,510,0,32208,31285,0.971342523596622,1.0,1179,1179,237,0.2010178117048346,0.2765460910151692,975,118,857,620,1.2156862745098038,0.9615384615384616,7.966244725738397,8.0,2.548523206751055,2.0,"{'episode_recall': 1179, 'warning_precision': 857, 'false_warnings_per_outing': 510, 'clean_outing_false_alarm_rate': 26, 'pitch_level_scoring_coverage': 32208, 'outing_level_scoring_coverage': 510}",pitch_count,selected
53.0,510,31285,510,510,0,32208,31285,0.971342523596622,1.0,1179,1179,242,0.20525869380831213,0.2765714285714286,994,119,875,633,1.2411764705882353,0.9615384615384616,7.917355371900826,7.5,2.574380165289256,2.0,"{'episode_recall': 1179, 'warning_precision': 875, 'false_warnings_per_outing': 510, 'clean_outing_false_alarm_rate': 26, 'pitch_level_scoring_coverage': 32208, 'outing_level_scoring_coverage': 510}",pitch_count,selected
52.0,510,31285,510,510,0,32208,31285,0.971342523596622,1.0,1179,1179,246,0.20865139949109415,0.27671541057367827,1008,119,889,643,1.2607843137254902,0.9615384615384616,7.991869918699187,8.0,2.605691056910569,2.0,"{'episode_recall': 1179, 'warning_precision': 889, 'false_warnings_per_outing': 510, 'clean_outing_false_alarm_rate': 26, 'pitch_level_scoring_coverage': 32208, 'outing_level_scoring_coverage': 510}",pitch_count,selected
51.0,510,31285,510,510,0,32208,31285,0.971342523596622,1.0,1179,1179,250,0.21204410517387617,0.2756339581036384,1025,118,907,657,1.2882352941176471,1.0,7.804,7.0,2.572,2.0,"{'episode_recall': 1179, 'warning_precision': 907, 'false_warnings_per_outing': 510, 'clean_outing_false_alarm_rate': 26, 'pitch_level_scoring_coverage': 32208, 'outing_level_scoring_coverage': 510}",pitch_count,selected
50.0,510,31285,510,510,0,32208,31285,0.971342523596622,1.0,1179,1179,247,0.20949957591178966,0.2681867535287731,1040,119,921,674,1.3215686274509804,1.0,7.951417004048583,8.0,2.591093117408907,2.0,"{'episode_recall': 1179, 'warning_precision': 921, 'false_warnings_per_outing': 510, 'clean_outing_false_alarm_rate': 26, 'pitch_level_scoring_coverage': 32208, 'outing_level_scoring_coverage': 510}",pitch_count,selected
49.0,510,31285,510,510,0,32208,31285,0.971342523596622,1.0,1179,1179,250,0.21204410517387617,0.26652452025586354,1056,118,938,688,1.3490196078431373,1.0,8.016,8.0,2.576,2.0,"{'episode_recall': 1179, 'warning_precision': 938, 'false_warnings_per_outing': 510, 'clean_outing_false_alarm_rate': 26, 'pitch_level_scoring_coverage': 32208, 'outing_level_scoring_coverage': 510}",pitch_count,selected
48.0,510,31285,510,510,0,32208,31285,0.971342523596622,1.0,1179,1179,249,0.21119592875318066,0.26128016789087094,1071,118,953,704,1.380392156862745,1.0,8.100401606425702,8.0,2.6144578313253013,2.0,"{'episode_recall': 1179, 'warning_precision': 953, 'false_warnings_per_outing': 510, 'clean_outing_false_alarm_rate': 26, 'pitch_level_scoring_coverage': 32208, 'outing_level_scoring_coverage': 510}",pitch_count,selected
47.0,510,31285,510,510,0,32208,31285,0.971342523596622,1.0,1179,1179,253,0.21458863443596268,0.26272066458982346,1080,117,963,710,1.392156862745098,1.0,8.205533596837945,8.0,2.66403162055336,3.0,"{'episode_recall': 1179, 'warning_precision': 963, 'false_warnings_per_outing': 510, 'clean_outing_false_alarm_rate': 26, 'pitch_level_scoring_coverage': 32208, 'outing_level_scoring_coverage': 510}",pitch_count,selected
46.0,510,31285,510,510,0,32208,31285,0.971342523596622,1.0,1179,1179,259,0.2196776929601357,0.26482617586912066,1094,116,978,719,1.4098039215686275,1.0,8.258687258687258,8.0,2.694980694980695,3.0,"{'episode_recall': 1179, 'warning_precision': 978, 'false_warnings_per_outing': 510, 'clean_outing_false_alarm_rate': 26, 'pitch_level_scoring_coverage': 32208, 'outing_level_scoring_coverage': 510}",pitch_count,selected
45.0,510,31285,510,510,0,32208,31285,0.971342523596622,1.0,1179,1179,266,0.22561492790500423,0.2668004012036108,1111,114,997,731,1.4333333333333333,1.0,8.368421052631579,9.0,2.699248120300752,2.0,"{'episode_recall': 1179, 'warning_precision': 997, 'false_warnings_per_outing': 510, 'clean_outing_false_alarm_rate': 26, 'pitch_level_scoring_coverage': 32208, 'outing_level_scoring_coverage': 510}",pitch_count,selected
44.0,510,31285,510,510,0,32208,31285,0.971342523596622,1.0,1179,1179,274,0.23240033927056827,0.27155599603567887,1123,114,1009,735,1.4411764705882353,1.0,8.295620437956204,9.0,2.6496350364963503,2.0,"{'episode_recall': 1179, 'warning_precision': 1009, 'false_warnings_per_outing': 510, 'clean_outing_false_alarm_rate': 26, 'pitch_level_scoring_coverage': 32208, 'outing_level_scoring_coverage': 510}",pitch_count,selected
43.0,510,31285,510,510,0,32208,31285,0.971342523596622,1.0,1179,1179,278,0.2357930449533503,0.2722820763956905,1135,114,1021,743,1.4568627450980391,1.0,8.388489208633093,9.0,2.661870503597122,2.0,"{'episode_recall': 1179, 'warning_precision': 1021, 'false_warnings_per_outing': 510, 'clean_outing_false_alarm_rate': 26, 'pitch_level_scoring_coverage': 32208, 'outing_level_scoring_coverage': 510}",pitch_count,selected
42.0,510,31285,510,510,0,32208,31285,0.971342523596622,1.0,1179,1179,284,0.2408821034775233,0.27360308285163776,1152,114,1038,754,1.4784313725490197,1.0,8.23943661971831,8.0,2.619718309859155,2.0,"{'episode_recall': 1179, 'warning_precision': 1038, 'false_warnings_per_outing': 510, 'clean_outing_false_alarm_rate': 26, 'pitch_level_scoring_coverage': 32208, 'outing_level_scoring_coverage': 510}",pitch_count,selected
41.0,510,31285,510,510,0,32208,31285,0.971342523596622,1.0,1179,1179,282,0.23918575063613232,0.26908396946564883,1162,114,1048,766,1.5019607843137255,1.0,8.070921985815604,8.0,2.5709219858156027,2.0,"{'episode_recall': 1179, 'warning_precision': 1048, 'false_warnings_per_outing': 510, 'clean_outing_false_alarm_rate': 26, 'pitch_level_scoring_coverage': 32208, 'outing_level_scoring_coverage': 510}",pitch_count,selected
40.0,510,31285,510,510,0,32208,31285,0.971342523596622,1.0,1179,1179,287,0.24342663273960985,0.2679738562091503,1185,114,1071,784,1.5372549019607844,1.0,7.989547038327526,8.0,2.494773519163763,2.0,"{'episode_recall': 1179, 'warning_precision': 1071, 'false_warnings_per_outing': 510, 'clean_outing_false_alarm_rate': 26, 'pitch_level_scoring_coverage': 32208, 'outing_level_scoring_coverage': 510}",pitch_count,selected
39.0,510,31285,510,510,0,32208,31285,0.971342523596622,1.0,1179,1179,293,0.24851569126378287,0.27104532839962997,1195,114,1081,788,1.5450980392156863,1.0,8.1160409556314,8.0,2.57679180887372,2.0,"{'episode_recall': 1179, 'warning_precision': 1081, 'false_warnings_per_outing': 510, 'clean_outing_false_alarm_rate': 26, 'pitch_level_scoring_coverage': 32208, 'outing_level_scoring_coverage': 510}",pitch_count,selected
38.0,510,31285,510,510,0,32208,31285,0.971342523596622,1.0,1179,1179,293,0.24851569126378287,0.26782449725776963,1208,114,1094,801,1.5705882352941176,1.0,8.085324232081911,8.0,2.5494880546075085,2.0,"{'episode_recall': 1179, 'warning_precision': 1094, 'false_warnings_per_outing': 510, 'clean_outing_false_alarm_rate': 26, 'pitch_level_scoring_coverage': 32208, 'outing_level_scoring_coverage': 510}",pitch_count,selected
37.0,510,31285,510,510,0,32208,31285,0.971342523596622,1.0,1179,1179,295,0.2502120441051739,0.26576576576576577,1224,114,1110,815,1.5980392156862746,1.0,8.2,8.0,2.5864406779661016,2.0,"{'episode_recall': 1179, 'warning_precision': 1110, 'false_warnings_per_outing': 510, 'clean_outing_false_alarm_rate': 26, 'pitch_level_scoring_coverage': 32208, 'outing_level_scoring_coverage': 510}",pitch_count,selected
36.0,510,31285,510,510,0,32208,31285,0.971342523596622,1.0,1179,1179,296,0.2510602205258694,0.2624113475177305,1242,114,1128,832,1.6313725490196078,1.0,8.22972972972973,8.0,2.5912162162162162,2.0,"{'episode_recall': 1179, 'warning_precision': 1128, 'false_warnings_per_outing': 510, 'clean_outing_false_alarm_rate': 26, 'pitch_level_scoring_coverage': 32208, 'outing_level_scoring_coverage': 510}",pitch_count,selected
35.0,510,31285,510,510,0,32208,31285,0.971342523596622,1.0,1179,1179,301,0.2553011026293469,0.2642669007901668,1253,114,1139,838,1.6431372549019607,1.0,8.378737541528238,8.0,2.661129568106312,3.0,"{'episode_recall': 1179, 'warning_precision': 1139, 'false_warnings_per_outing': 510, 'clean_outing_false_alarm_rate': 26, 'pitch_level_scoring_coverage': 32208, 'outing_level_scoring_coverage': 510}",pitch_count,selected
34.0,510,31285,510,510,0,32208,31285,0.971342523596622,1.0,1179,1179,305,0.2586938083121289,0.2656794425087108,1262,114,1148,843,1.6529411764705881,1.0,8.439344262295082,9.0,2.6622950819672133,3.0,"{'episode_recall': 1179, 'warning_precision': 1148, 'false_warnings_per_outing': 510, 'clean_outing_false_alarm_rate': 26, 'pitch_level_scoring_coverage': 32208, 'outing_level_scoring_coverage': 510}",pitch_count,selected
33.0,510,31285,510,510,0,32208,31285,0.971342523596622,1.0,1179,1179,303,0.25699745547073793,0.26256499133448874,1268,114,1154,851,1.6686274509803922,1.0,8.673267326732674,9.0,2.67986798679868,3.0,"{'episode_recall': 1179, 'warning_precision': 1154, 'false_warnings_per_outing': 510, 'clean_outing_false_alarm_rate': 26, 'pitch_level_scoring_coverage': 32208, 'outing_level_scoring_coverage': 510}",pitch_count,selected
32.0,510,31285,510,510,0,32208,31285,0.971342523596622,1.0,1179,1179,308,0.26123833757421544,0.26437768240343346,1279,114,1165,857,1.6803921568627451,1.0,8.577922077922079,9.0,2.659090909090909,3.0,"{'episode_recall': 1179, 'warning_precision': 1165, 'false_warnings_per_outing': 510, 'clean_outing_false_alarm_rate': 26, 'pitch_level_scoring_coverage': 32208, 'outing_level_scoring_coverage': 510}",pitch_count,selected
31.0,510,31285,510,510,0,32208,31285,0.971342523596622,1.0,1179,1179,317,0.268871925360475,0.27001703577512776,1288,114,1174,857,1.6803921568627451,1.0,8.53627760252366,9.0,2.684542586750789,3.0,"{'episode_recall': 1179, 'warning_precision': 1174, 'false_warnings_per_outing': 510, 'clean_outing_false_alarm_rate': 26, 'pitch_level_scoring_coverage': 32208, 'outing_level_scoring_coverage': 510}",pitch_count,selected
30.0,510,31285,510,510,0,32208,31285,0.971342523596622,1.0,1179,1179,318,0.2697201017811705,0.2697201017811705,1293,114,1179,861,1.688235294117647,1.0,8.562893081761006,9.0,2.657232704402516,3.0,"{'episode_recall': 1179, 'warning_precision': 1179, 'false_warnings_per_outing': 510, 'clean_outing_false_alarm_rate': 26, 'pitch_level_scoring_coverage': 32208, 'outing_level_scoring_coverage': 510}",pitch_count,selected
29.0,510,31285,510,510,0,32208,31285,0.971342523596622,1.0,1179,1179,315,0.26717557251908397,0.26515151515151514,1302,114,1188,873,1.7117647058823529,1.0,8.33968253968254,9.0,2.619047619047619,3.0,"{'episode_recall': 1179, 'warning_precision': 1188, 'false_warnings_per_outing': 510, 'clean_outing_false_alarm_rate': 26, 'pitch_level_scoring_coverage': 32208, 'outing_level_scoring_coverage': 510}",pitch_count,selected
28.0,510,31285,510,510,0,32208,31285,0.971342523596622,1.0,1179,1179,318,0.2697201017811705,0.265,1314,114,1200,882,1.7294117647058824,1.0,8.474842767295597,9.0,2.6761006289308176,3.0,"{'episode_recall': 1179, 'warning_precision': 1200, 'false_warnings_per_outing': 510, 'clean_outing_false_alarm_rate': 26, 'pitch_level_scoring_coverage': 32208, 'outing_level_scoring_coverage': 510}",pitch_count,selected
27.0,510,31285,510,510,0,32208,31285,0.971342523596622,1.0,1179,1179,314,0.26632739609838846,0.2590759075907591,1326,114,1212,898,1.7607843137254902,1.0,8.238853503184714,8.0,2.605095541401274,2.5,"{'episode_recall': 1179, 'warning_precision': 1212, 'false_warnings_per_outing': 510, 'clean_outing_false_alarm_rate': 26, 'pitch_level_scoring_coverage': 32208, 'outing_level_scoring_coverage': 510}",pitch_count,selected
26.0,510,31285,510,510,0,32208,31285,0.971342523596622,1.0,1179,1179,316,0.2680237489397795,0.2583810302534751,1337,114,1223,907,1.7784313725490195,1.0,8.316455696202532,8.0,2.6044303797468356,2.5,"{'episode_recall': 1179, 'warning_precision': 1223, 'false_warnings_per_outing': 510, 'clean_outing_false_alarm_rate': 26, 'pitch_level_scoring_coverage': 32208, 'outing_level_scoring_coverage': 510}",pitch_count,selected
25.0,510,31285,510,510,0,32208,31285,0.971342523596622,1.0,1179,1179,321,0.272264631043257,0.2592891760904685,1352,114,1238,917,1.7980392156862746,1.0,8.30841121495327,8.0,2.607476635514019,2.0,"{'episode_recall': 1179, 'warning_precision': 1238, 'false_warnings_per_outing': 510, 'clean_outing_false_alarm_rate': 26, 'pitch_level_scoring_coverage': 32208, 'outing_level_scoring_coverage': 510}",pitch_count,selected
24.0,510,31285,510,510,0,32208,31285,0.971342523596622,1.0,1179,1179,321,0.272264631043257,0.2570056044835869,1363,114,1249,928,1.8196078431372549,1.0,8.439252336448599,8.0,2.635514018691589,3.0,"{'episode_recall': 1179, 'warning_precision': 1249, 'false_warnings_per_outing': 510, 'clean_outing_false_alarm_rate': 26, 'pitch_level_scoring_coverage': 32208, 'outing_level_scoring_coverage': 510}",pitch_count,selected
23.0,510,31285,510,510,0,32208,31285,0.971342523596622,1.0,1179,1179,318,0.2697201017811705,0.2531847133757962,1370,114,1256,938,1.8392156862745097,1.0,8.446540880503145,9.0,2.6257861635220126,3.0,"{'episode_recall': 1179, 'warning_precision': 1256, 'false_warnings_per_outing': 510, 'clean_outing_false_alarm_rate': 26, 'pitch_level_scoring_coverage': 32208, 'outing_level_scoring_coverage': 510}",pitch_count,selected
22.0,510,31285,510,510,0,32208,31285,0.971342523596622,1.0,1179,1179,321,0.272264631043257,0.25415676959619954,1377,114,1263,942,1.8470588235294119,1.0,8.495327102803738,9.0,2.6510903426791277,3.0,"{'episode_recall': 1179, 'warning_precision': 1263, 'false_warnings_per_outing': 510, 'clean_outing_false_alarm_rate': 26, 'pitch_level_scoring_coverage': 32208, 'outing_level_scoring_coverage': 510}",pitch_count,selected
21.0,510,31285,510,510,0,32208,31285,0.971342523596622,1.0,1179,1179,317,0.268871925360475,0.2488226059654631,1388,114,1274,957,1.8764705882352941,1.0,8.618296529968454,9.0,2.665615141955836,3.0,"{'episode_recall': 1179, 'warning_precision': 1274, 'false_warnings_per_outing': 510, 'clean_outing_false_alarm_rate': 26, 'pitch_level_scoring_coverage': 32208, 'outing_level_scoring_coverage': 510}",pitch_count,selected
