game_pk,pitcher,warning_pitch,game_date,dataset_split,pitch_type,dominant_drift_feature,direction_status,hypothesized_positive,workload_band,baseline_positive_share,baseline_classifiable_pitches,warning_category,clean_outing,run_id,protocol_sha256
716352,650633,42,2023-10-01,train,ST,spin_axis_sin,unclassified_dominant_feature,,4,,0.0,matched,False,7f6d93243a7e47d3a78948198dce6f30,bb4dcd5a4c431b74b20b93b9ff6ea5e6af09e5ea1ebcb52b60595efbdde9d59a
716353,668881,78,2023-10-01,train,SL,release_pos_x,unclassified_dominant_feature,,7,,0.0,matched,False,7f6d93243a7e47d3a78948198dce6f30,bb4dcd5a4c431b74b20b93b9ff6ea5e6af09e5ea1ebcb52b60595efbdde9d59a
716361,593958,74,2023-10-01,train,FF,spin_axis_sin,unclassified_dominant_feature,,7,,0.0,false_warning_episode_outing,False,7f6d93243a7e47d3a78948198dce6f30,bb4dcd5a4c431b74b20b93b9ff6ea5e6af09e5ea1ebcb52b60595efbdde9d59a
716369,675911,82,2023-09-30,train,SL,release_speed,negative,0.0,8,0.3,10.0,matched,False,7f6d93243a7e47d3a78948198dce6f30,bb4dcd5a4c431b74b20b93b9ff6ea5e6af09e5ea1ebcb52b60595efbdde9d59a
716385,543294,70,2023-09-29,train,CH,release_pos_z,negative,0.0,6,0.0,7.0,censored,False,7f6d93243a7e47d3a78948198dce6f30,bb4dcd5a4c431b74b20b93b9ff6ea5e6af09e5ea1ebcb52b60595efbdde9d59a
716391,656302,85,2023-09-29,train,FF,release_pos_x,unclassified_dominant_feature,,8,,0.0,matched,False,7f6d93243a7e47d3a78948198dce6f30,bb4dcd5a4c431b74b20b93b9ff6ea5e6af09e5ea1ebcb52b60595efbdde9d59a
716391,656302,101,2023-09-29,train,FF,pfx_z,unclassified_dominant_feature,,10,,,censored,False,7f6d93243a7e47d3a78948198dce6f30,bb4dcd5a4c431b74b20b93b9ff6ea5e6af09e5ea1ebcb52b60595efbdde9d59a
716401,666142,69,2023-09-28,train,FC,pfx_z,unclassified_dominant_feature,,6,,0.0,matched,False,7f6d93243a7e47d3a78948198dce6f30,bb4dcd5a4c431b74b20b93b9ff6ea5e6af09e5ea1ebcb52b60595efbdde9d59a
716404,656849,92,2023-09-28,train,CU,pfx_z,unclassified_dominant_feature,,9,,0.0,false_warning_episode_outing,False,7f6d93243a7e47d3a78948198dce6f30,bb4dcd5a4c431b74b20b93b9ff6ea5e6af09e5ea1ebcb52b60595efbdde9d59a
716411,666129,76,2023-09-27,train,ST,spin_axis_sin,unclassified_dominant_feature,,7,,0.0,censored,False,7f6d93243a7e47d3a78948198dce6f30,bb4dcd5a4c431b74b20b93b9ff6ea5e6af09e5ea1ebcb52b60595efbdde9d59a
716413,543037,77,2023-09-27,train,FF,spin_axis_cos,unclassified_dominant_feature,,7,,0.0,false_warning_episode_outing,False,7f6d93243a7e47d3a78948198dce6f30,bb4dcd5a4c431b74b20b93b9ff6ea5e6af09e5ea1ebcb52b60595efbdde9d59a
716415,670912,79,2023-09-27,train,SL,spin_axis_cos,unclassified_dominant_feature,,7,,0.0,false_warning_episode_outing,False,7f6d93243a7e47d3a78948198dce6f30,bb4dcd5a4c431b74b20b93b9ff6ea5e6af09e5ea1ebcb52b60595efbdde9d59a
716420,641540,59,2023-09-27,train,SI,spin_axis_cos,unclassified_dominant_feature,,5,,0.0,false_warning_episode_outing,False,7f6d93243a7e47d3a78948198dce6f30,bb4dcd5a4c431b74b20b93b9ff6ea5e6af09e5ea1ebcb52b60595efbdde9d59a
716420,641540,69,2023-09-27,train,SL,release_spin_rate,negative,0.0,6,0.0,4.0,false_warning_episode_outing,False,7f6d93243a7e47d3a78948198dce6f30,bb4dcd5a4c431b74b20b93b9ff6ea5e6af09e5ea1ebcb52b60595efbdde9d59a
716425,664299,91,2023-09-26,train,CH,spin_axis_sin,unclassified_dominant_feature,,9,,0.0,false_warning_episode_outing,False,7f6d93243a7e47d3a78948198dce6f30,bb4dcd5a4c431b74b20b93b9ff6ea5e6af09e5ea1ebcb52b60595efbdde9d59a
716426,640455,64,2023-09-27,train,CH,spin_axis_sin,unclassified_dominant_feature,,6,,0.0,false_warning_episode_outing,False,7f6d93243a7e47d3a78948198dce6f30,bb4dcd5a4c431b74b20b93b9ff6ea5e6af09e5ea1ebcb52b60595efbdde9d59a
716426,640455,87,2023-09-27,train,SI,release_pos_z,positive,1.0,8,1.0,1.0,matched,False,7f6d93243a7e47d3a78948198dce6f30,bb4dcd5a4c431b74b20b93b9ff6ea5e6af09e5ea1ebcb52b60595efbdde9d59a
716431,592332,91,2023-09-26,train,FF,pfx_x,unclassified_dominant_feature,,9,,0.0,censored,False,7f6d93243a7e47d3a78948198dce6f30,bb4dcd5a4c431b74b20b93b9ff6ea5e6af09e5ea1ebcb52b60595efbdde9d59a
716431,650633,76,2023-09-26,train,CH,vaa,unclassified_dominant_feature,,7,,0.0,false_warning_episode_outing,False,7f6d93243a7e47d3a78948198dce6f30,bb4dcd5a4c431b74b20b93b9ff6ea5e6af09e5ea1ebcb52b60595efbdde9d59a
716432,605400,76,2023-09-26,train,KC,spin_axis_cos,unclassified_dominant_feature,,7,,0.0,matched,False,7f6d93243a7e47d3a78948198dce6f30,bb4dcd5a4c431b74b20b93b9ff6ea5e6af09e5ea1ebcb52b60595efbdde9d59a
716433,681857,73,2023-09-26,train,FF,spin_axis_sin,unclassified_dominant_feature,,7,,0.0,matched,False,7f6d93243a7e47d3a78948198dce6f30,bb4dcd5a4c431b74b20b93b9ff6ea5e6af09e5ea1ebcb52b60595efbdde9d59a
716441,657277,67,2023-09-25,train,SI,release_speed,negative,0.0,6,0.25,12.0,false_warning_episode_outing,False,7f6d93243a7e47d3a78948198dce6f30,bb4dcd5a4c431b74b20b93b9ff6ea5e6af09e5ea1ebcb52b60595efbdde9d59a
716442,593958,61,2023-09-24,train,CH,spin_axis_cos,unclassified_dominant_feature,,6,,0.0,matched,False,7f6d93243a7e47d3a78948198dce6f30,bb4dcd5a4c431b74b20b93b9ff6ea5e6af09e5ea1ebcb52b60595efbdde9d59a
716447,665795,59,2023-09-24,train,CH,spin_axis_cos,unclassified_dominant_feature,,5,,0.0,false_warning_episode_outing,False,7f6d93243a7e47d3a78948198dce6f30,bb4dcd5a4c431b74b20b93b9ff6ea5e6af09e5ea1ebcb52b60595efbdde9d59a
716450,502043,72,2023-09-24,train,SI,spin_axis_sin,unclassified_dominant_feature,,7,,0.0,false_warning_episode_outing,False,7f6d93243a7e47d3a78948198dce6f30,bb4dcd5a4c431b74b20b93b9ff6ea5e6af09e5ea1ebcb52b60595efbdde9d59a
716454,650911,84,2023-09-24,train,CH,pfx_z,unclassified_dominant_feature,,8,,0.0,false_warning_episode_outing,False,7f6d93243a7e47d3a78948198dce6f30,bb4dcd5a4c431b74b20b93b9ff6ea5e6af09e5ea1ebcb52b60595efbdde9d59a
716466,554430,69,2023-09-23,train,FF,release_speed,negative,0.0,6,0.0,14.0,false_warning_episode_outing,False,7f6d93243a7e47d3a78948198dce6f30,bb4dcd5a4c431b74b20b93b9ff6ea5e6af09e5ea1ebcb52b60595efbdde9d59a
716466,554430,75,2023-09-23,train,SI,release_speed,negative,0.0,7,0.0,7.0,matched,False,7f6d93243a7e47d3a78948198dce6f30,bb4dcd5a4c431b74b20b93b9ff6ea5e6af09e5ea1ebcb52b60595efbdde9d59a
716467,675911,85,2023-09-24,train,CH,spin_axis_sin,unclassified_dominant_feature,,8,,0.0,matched,False,7f6d93243a7e47d3a78948198dce6f30,bb4dcd5a4c431b74b20b93b9ff6ea5e6af09e5ea1ebcb52b60595efbdde9d59a
716468,656302,73,2023-09-23,train,FF,release_pos_z,negative,0.0,7,0.16666666666666666,18.0,false_warning_episode_outing,False,7f6d93243a7e47d3a78948198dce6f30,bb4dcd5a4c431b74b20b93b9ff6ea5e6af09e5ea1ebcb52b60595efbdde9d59a
716473,666142,81,2023-09-22,train,FF,release_pos_x,unclassified_dominant_feature,,8,,0.0,false_warning_episode_outing,False,7f6d93243a7e47d3a78948198dce6f30,bb4dcd5a4c431b74b20b93b9ff6ea5e6af09e5ea1ebcb52b60595efbdde9d59a
716474,640455,82,2023-09-22,train,SL,spin_axis_sin,unclassified_dominant_feature,,8,,0.0,censored,False,7f6d93243a7e47d3a78948198dce6f30,bb4dcd5a4c431b74b20b93b9ff6ea5e6af09e5ea1ebcb52b60595efbdde9d59a
716482,669203,63,2023-09-22,train,FC,vaa,unclassified_dominant_feature,,6,,0.0,false_warning_episode_outing,False,7f6d93243a7e47d3a78948198dce6f30,bb4dcd5a4c431b74b20b93b9ff6ea5e6af09e5ea1ebcb52b60595efbdde9d59a
716490,656849,84,2023-09-21,train,SI,release_pos_x,unclassified_dominant_feature,,8,,0.0,censored,False,7f6d93243a7e47d3a78948198dce6f30,bb4dcd5a4c431b74b20b93b9ff6ea5e6af09e5ea1ebcb52b60595efbdde9d59a
716492,543037,81,2023-09-21,train,KC,spin_axis_sin,unclassified_dominant_feature,,8,,0.0,false_warning_clean_outing,True,7f6d93243a7e47d3a78948198dce6f30,bb4dcd5a4c431b74b20b93b9ff6ea5e6af09e5ea1ebcb52b60595efbdde9d59a
716493,670912,77,2023-09-21,train,SI,spin_axis_cos,unclassified_dominant_feature,,7,,0.0,matched,False,7f6d93243a7e47d3a78948198dce6f30,bb4dcd5a4c431b74b20b93b9ff6ea5e6af09e5ea1ebcb52b60595efbdde9d59a
716494,681857,78,2023-09-20,train,SL,release_speed,positive,1.0,7,0.23076923076923078,13.0,matched,False,7f6d93243a7e47d3a78948198dce6f30,bb4dcd5a4c431b74b20b93b9ff6ea5e6af09e5ea1ebcb52b60595efbdde9d59a
716499,657277,81,2023-09-20,train,CH,release_speed,negative,0.0,8,0.0,10.0,matched,False,7f6d93243a7e47d3a78948198dce6f30,bb4dcd5a4c431b74b20b93b9ff6ea5e6af09e5ea1ebcb52b60595efbdde9d59a
716502,592332,86,2023-09-20,train,FS,vaa,unclassified_dominant_feature,,8,,0.0,false_warning_episode_outing,False,7f6d93243a7e47d3a78948198dce6f30,bb4dcd5a4c431b74b20b93b9ff6ea5e6af09e5ea1ebcb52b60595efbdde9d59a
716502,592332,93,2023-09-20,train,FS,release_speed,negative,0.0,9,0.8333333333333334,6.0,censored,False,7f6d93243a7e47d3a78948198dce6f30,bb4dcd5a4c431b74b20b93b9ff6ea5e6af09e5ea1ebcb52b60595efbdde9d59a
716502,650633,70,2023-09-20,train,CH,vaa,unclassified_dominant_feature,,6,,0.0,false_warning_episode_outing,False,7f6d93243a7e47d3a78948198dce6f30,bb4dcd5a4c431b74b20b93b9ff6ea5e6af09e5ea1ebcb52b60595efbdde9d59a
716506,668881,72,2023-09-20,train,FF,spin_axis_cos,unclassified_dominant_feature,,7,,0.0,false_warning_episode_outing,False,7f6d93243a7e47d3a78948198dce6f30,bb4dcd5a4c431b74b20b93b9ff6ea5e6af09e5ea1ebcb52b60595efbdde9d59a
716508,664299,87,2023-09-20,train,CH,spin_axis_cos,unclassified_dominant_feature,,8,,,censored,True,7f6d93243a7e47d3a78948198dce6f30,bb4dcd5a4c431b74b20b93b9ff6ea5e6af09e5ea1ebcb52b60595efbdde9d59a
716509,605400,75,2023-09-20,train,FC,spin_axis_cos,unclassified_dominant_feature,,7,,0.0,false_warning_episode_outing,False,7f6d93243a7e47d3a78948198dce6f30,bb4dcd5a4c431b74b20b93b9ff6ea5e6af09e5ea1ebcb52b60595efbdde9d59a
716520,579328,74,2023-09-19,train,CU,release_extension,positive,1.0,7,,,censored,True,7f6d93243a7e47d3a78948198dce6f30,bb4dcd5a4c431b74b20b93b9ff6ea5e6af09e5ea1ebcb52b60595efbdde9d59a
716521,675911,83,2023-09-19,train,FF,pfx_z,unclassified_dominant_feature,,8,,0.0,false_warning_episode_outing,False,7f6d93243a7e47d3a78948198dce6f30,bb4dcd5a4c431b74b20b93b9ff6ea5e6af09e5ea1ebcb52b60595efbdde9d59a
716523,666129,76,2023-09-19,train,SI,release_speed,negative,0.0,7,0.6666666666666666,3.0,false_warning_episode_outing,False,7f6d93243a7e47d3a78948198dce6f30,bb4dcd5a4c431b74b20b93b9ff6ea5e6af09e5ea1ebcb52b60595efbdde9d59a
716524,663776,82,2023-09-19,train,CH,spin_axis_cos,unclassified_dominant_feature,,8,,0.0,matched,False,7f6d93243a7e47d3a78948198dce6f30,bb4dcd5a4c431b74b20b93b9ff6ea5e6af09e5ea1ebcb52b60595efbdde9d59a
716524,663776,86,2023-09-19,train,CH,spin_axis_cos,unclassified_dominant_feature,,8,,0.0,false_warning_episode_outing,False,7f6d93243a7e47d3a78948198dce6f30,bb4dcd5a4c431b74b20b93b9ff6ea5e6af09e5ea1ebcb52b60595efbdde9d59a
716524,663776,88,2023-09-19,train,FF,pfx_x,unclassified_dominant_feature,,8,,0.0,false_warning_episode_outing,False,7f6d93243a7e47d3a78948198dce6f30,bb4dcd5a4c431b74b20b93b9ff6ea5e6af09e5ea1ebcb52b60595efbdde9d59a
716529,663903,66,2023-09-18,train,CH,spin_axis_sin,unclassified_dominant_feature,,6,,0.0,censored,False,7f6d93243a7e47d3a78948198dce6f30,bb4dcd5a4c431b74b20b93b9ff6ea5e6af09e5ea1ebcb52b60595efbdde9d59a
716532,554430,86,2023-09-18,train,FF,spin_axis_cos,unclassified_dominant_feature,,8,,0.0,false_warning_episode_outing,False,7f6d93243a7e47d3a78948198dce6f30,bb4dcd5a4c431b74b20b93b9ff6ea5e6af09e5ea1ebcb52b60595efbdde9d59a
716536,669194,73,2023-09-17,train,CH,spin_axis_cos,unclassified_dominant_feature,,7,,0.0,censored,False,7f6d93243a7e47d3a78948198dce6f30,bb4dcd5a4c431b74b20b93b9ff6ea5e6af09e5ea1ebcb52b60595efbdde9d59a
716540,640455,56,2023-09-17,train,CH,release_pos_x,unclassified_dominant_feature,,5,,0.0,false_warning_episode_outing,False,7f6d93243a7e47d3a78948198dce6f30,bb4dcd5a4c431b74b20b93b9ff6ea5e6af09e5ea1ebcb52b60595efbdde9d59a
716542,656302,96,2023-09-17,train,FF,release_pos_z,positive,1.0,9,0.0,4.0,censored,False,7f6d93243a7e47d3a78948198dce6f30,bb4dcd5a4c431b74b20b93b9ff6ea5e6af09e5ea1ebcb52b60595efbdde9d59a
716554,542881,94,2023-09-16,train,FC,release_speed,negative,0.0,9,,,censored,False,7f6d93243a7e47d3a78948198dce6f30,bb4dcd5a4c431b74b20b93b9ff6ea5e6af09e5ea1ebcb52b60595efbdde9d59a
716559,669203,63,2023-09-16,train,FC,release_pos_x,unclassified_dominant_feature,,6,,0.0,false_warning_episode_outing,False,7f6d93243a7e47d3a78948198dce6f30,bb4dcd5a4c431b74b20b93b9ff6ea5e6af09e5ea1ebcb52b60595efbdde9d59a
716559,669203,97,2023-09-16,train,CH,spin_axis_sin,unclassified_dominant_feature,,9,,0.0,false_warning_episode_outing,False,7f6d93243a7e47d3a78948198dce6f30,bb4dcd5a4c431b74b20b93b9ff6ea5e6af09e5ea1ebcb52b60595efbdde9d59a
716560,666142,80,2023-09-16,train,FF,spin_axis_cos,unclassified_dominant_feature,,7,,0.0,false_warning_episode_outing,False,7f6d93243a7e47d3a78948198dce6f30,bb4dcd5a4c431b74b20b93b9ff6ea5e6af09e5ea1ebcb52b60595efbdde9d59a
716560,666142,82,2023-09-16,train,SL,release_pos_z,negative,0.0,8,0.0,2.0,false_warning_episode_outing,False,7f6d93243a7e47d3a78948198dce6f30,bb4dcd5a4c431b74b20b93b9ff6ea5e6af09e5ea1ebcb52b60595efbdde9d59a
716571,657277,87,2023-09-15,train,CH,spin_axis_cos,unclassified_dominant_feature,,8,,0.0,matched,False,7f6d93243a7e47d3a78948198dce6f30,bb4dcd5a4c431b74b20b93b9ff6ea5e6af09e5ea1ebcb52b60595efbdde9d59a
716572,605400,95,2023-09-15,train,KC,pfx_x,unclassified_dominant_feature,,9,,0.0,censored,False,7f6d93243a7e47d3a78948198dce6f30,bb4dcd5a4c431b74b20b93b9ff6ea5e6af09e5ea1ebcb52b60595efbdde9d59a
716574,656849,72,2023-09-15,train,SL,spin_axis_sin,unclassified_dominant_feature,,7,,0.0,matched,False,7f6d93243a7e47d3a78948198dce6f30,bb4dcd5a4c431b74b20b93b9ff6ea5e6af09e5ea1ebcb52b60595efbdde9d59a
716574,668881,79,2023-09-15,train,FF,spin_axis_cos,unclassified_dominant_feature,,7,,0.0,false_warning_episode_outing,False,7f6d93243a7e47d3a78948198dce6f30,bb4dcd5a4c431b74b20b93b9ff6ea5e6af09e5ea1ebcb52b60595efbdde9d59a
716577,664299,51,2023-09-15,train,ST,spin_axis_cos,unclassified_dominant_feature,,5,,0.0,matched,False,7f6d93243a7e47d3a78948198dce6f30,bb4dcd5a4c431b74b20b93b9ff6ea5e6af09e5ea1ebcb52b60595efbdde9d59a
716579,543037,90,2023-09-15,train,FC,pfx_z,unclassified_dominant_feature,,8,,0.0,censored,False,7f6d93243a7e47d3a78948198dce6f30,bb4dcd5a4c431b74b20b93b9ff6ea5e6af09e5ea1ebcb52b60595efbdde9d59a
716579,670912,75,2023-09-15,train,CU,spin_axis_sin,unclassified_dominant_feature,,7,,0.0,false_warning_episode_outing,False,7f6d93243a7e47d3a78948198dce6f30,bb4dcd5a4c431b74b20b93b9ff6ea5e6af09e5ea1ebcb52b60595efbdde9d59a
716586,650644,81,2023-09-14,train,FC,spin_axis_sin,unclassified_dominant_feature,,8,,0.0,censored,False,7f6d93243a7e47d3a78948198dce6f30,bb4dcd5a4c431b74b20b93b9ff6ea5e6af09e5ea1ebcb52b60595efbdde9d59a
716587,592332,87,2023-09-14,train,FF,release_pos_z,negative,0.0,8,0.0,17.0,matched,False,7f6d93243a7e47d3a78948198dce6f30,bb4dcd5a4c431b74b20b93b9ff6ea5e6af09e5ea1ebcb52b60595efbdde9d59a
716592,666129,73,2023-09-13,train,SI,spin_axis_cos,unclassified_dominant_feature,,7,,0.0,false_warning_episode_outing,False,7f6d93243a7e47d3a78948198dce6f30,bb4dcd5a4c431b74b20b93b9ff6ea5e6af09e5ea1ebcb52b60595efbdde9d59a
716594,579328,81,2023-09-13,train,CU,release_spin_rate,positive,1.0,8,1.0,1.0,matched,False,7f6d93243a7e47d3a78948198dce6f30,bb4dcd5a4c431b74b20b93b9ff6ea5e6af09e5ea1ebcb52b60595efbdde9d59a
716601,593958,66,2023-09-13,train,FC,pfx_z,unclassified_dominant_feature,,6,,0.0,false_warning_episode_outing,False,7f6d93243a7e47d3a78948198dce6f30,bb4dcd5a4c431b74b20b93b9ff6ea5e6af09e5ea1ebcb52b60595efbdde9d59a
716603,650911,90,2023-09-13,train,CH,pfx_z,unclassified_dominant_feature,,8,,0.0,censored,False,7f6d93243a7e47d3a78948198dce6f30,bb4dcd5a4c431b74b20b93b9ff6ea5e6af09e5ea1ebcb52b60595efbdde9d59a
716603,675911,78,2023-09-13,train,FF,pfx_x,unclassified_dominant_feature,,7,,0.0,false_warning_episode_outing,False,7f6d93243a7e47d3a78948198dce6f30,bb4dcd5a4c431b74b20b93b9ff6ea5e6af09e5ea1ebcb52b60595efbdde9d59a
716604,502043,92,2023-09-13,train,ST,pfx_z,unclassified_dominant_feature,,9,,,censored,False,7f6d93243a7e47d3a78948198dce6f30,bb4dcd5a4c431b74b20b93b9ff6ea5e6af09e5ea1ebcb52b60595efbdde9d59a
716605,671106,51,2023-09-13,train,FC,spin_axis_sin,unclassified_dominant_feature,,5,,0.0,false_warning_episode_outing,False,7f6d93243a7e47d3a78948198dce6f30,bb4dcd5a4c431b74b20b93b9ff6ea5e6af09e5ea1ebcb52b60595efbdde9d59a
716606,663776,89,2023-09-12,train,SL,spin_axis_cos,unclassified_dominant_feature,,8,,0.0,censored,False,7f6d93243a7e47d3a78948198dce6f30,bb4dcd5a4c431b74b20b93b9ff6ea5e6af09e5ea1ebcb52b60595efbdde9d59a
716611,656302,92,2023-09-12,train,FF,vaa,unclassified_dominant_feature,,9,,0.0,matched,False,7f6d93243a7e47d3a78948198dce6f30,bb4dcd5a4c431b74b20b93b9ff6ea5e6af09e5ea1ebcb52b60595efbdde9d59a
716611,663903,60,2023-09-12,train,SL,release_extension,positive,1.0,5,0.6363636363636364,11.0,matched,False,7f6d93243a7e47d3a78948198dce6f30,bb4dcd5a4c431b74b20b93b9ff6ea5e6af09e5ea1ebcb52b60595efbdde9d59a
716615,669194,64,2023-09-12,train,SL,spin_axis_sin,unclassified_dominant_feature,,6,,0.0,false_warning_episode_outing,False,7f6d93243a7e47d3a78948198dce6f30,bb4dcd5a4c431b74b20b93b9ff6ea5e6af09e5ea1ebcb52b60595efbdde9d59a
716618,554430,92,2023-09-12,train,ST,release_speed,negative,0.0,9,0.0,3.0,censored,False,7f6d93243a7e47d3a78948198dce6f30,bb4dcd5a4c431b74b20b93b9ff6ea5e6af09e5ea1ebcb52b60595efbdde9d59a
716619,640455,47,2023-09-12,train,SL,release_pos_x,unclassified_dominant_feature,,4,,0.0,false_warning_episode_outing,False,7f6d93243a7e47d3a78948198dce6f30,bb4dcd5a4c431b74b20b93b9ff6ea5e6af09e5ea1ebcb52b60595efbdde9d59a
716625,607536,74,2023-09-11,train,KC,spin_axis_cos,unclassified_dominant_feature,,7,,0.0,censored,False,7f6d93243a7e47d3a78948198dce6f30,bb4dcd5a4c431b74b20b93b9ff6ea5e6af09e5ea1ebcb52b60595efbdde9d59a
716630,641540,91,2023-09-11,train,SL,pfx_z,unclassified_dominant_feature,,9,,,censored,False,7f6d93243a7e47d3a78948198dce6f30,bb4dcd5a4c431b74b20b93b9ff6ea5e6af09e5ea1ebcb52b60595efbdde9d59a
716641,666142,75,2023-09-10,train,SL,release_pos_z,negative,0.0,7,0.0,5.0,false_warning_episode_outing,False,7f6d93243a7e47d3a78948198dce6f30,bb4dcd5a4c431b74b20b93b9ff6ea5e6af09e5ea1ebcb52b60595efbdde9d59a
716642,668881,88,2023-09-10,train,FF,release_spin_rate,negative,0.0,8,0.4,5.0,false_warning_episode_outing,False,7f6d93243a7e47d3a78948198dce6f30,bb4dcd5a4c431b74b20b93b9ff6ea5e6af09e5ea1ebcb52b60595efbdde9d59a
716646,543037,84,2023-09-10,train,CH,spin_axis_cos,unclassified_dominant_feature,,8,,0.0,false_warning_episode_outing,False,7f6d93243a7e47d3a78948198dce6f30,bb4dcd5a4c431b74b20b93b9ff6ea5e6af09e5ea1ebcb52b60595efbdde9d59a
716646,669203,60,2023-09-10,train,FC,release_speed,negative,0.0,5,0.5,4.0,false_warning_episode_outing,False,7f6d93243a7e47d3a78948198dce6f30,bb4dcd5a4c431b74b20b93b9ff6ea5e6af09e5ea1ebcb52b60595efbdde9d59a
716650,542881,85,2023-09-09,train,FC,release_spin_rate,negative,0.0,8,0.5,2.0,censored,False,7f6d93243a7e47d3a78948198dce6f30,bb4dcd5a4c431b74b20b93b9ff6ea5e6af09e5ea1ebcb52b60595efbdde9d59a
716651,670912,75,2023-09-09,train,SL,vaa,unclassified_dominant_feature,,7,,0.0,matched,False,7f6d93243a7e47d3a78948198dce6f30,bb4dcd5a4c431b74b20b93b9ff6ea5e6af09e5ea1ebcb52b60595efbdde9d59a
716661,592332,90,2023-09-09,train,FS,release_spin_rate,negative,0.0,8,0.125,24.0,false_warning_episode_outing,False,7f6d93243a7e47d3a78948198dce6f30,bb4dcd5a4c431b74b20b93b9ff6ea5e6af09e5ea1ebcb52b60595efbdde9d59a
716663,657277,84,2023-09-09,train,CH,vaa,unclassified_dominant_feature,,8,,0.0,matched,False,7f6d93243a7e47d3a78948198dce6f30,bb4dcd5a4c431b74b20b93b9ff6ea5e6af09e5ea1ebcb52b60595efbdde9d59a
716664,656427,78,2023-09-09,train,FF,spin_axis_sin,unclassified_dominant_feature,,7,,0.0,false_warning_episode_outing,False,7f6d93243a7e47d3a78948198dce6f30,bb4dcd5a4c431b74b20b93b9ff6ea5e6af09e5ea1ebcb52b60595efbdde9d59a
716667,671106,85,2023-09-08,train,FF,pfx_z,unclassified_dominant_feature,,8,,0.0,censored,False,7f6d93243a7e47d3a78948198dce6f30,bb4dcd5a4c431b74b20b93b9ff6ea5e6af09e5ea1ebcb52b60595efbdde9d59a
716673,579328,79,2023-09-08,train,SL,pfx_z,unclassified_dominant_feature,,7,,0.0,censored,True,7f6d93243a7e47d3a78948198dce6f30,bb4dcd5a4c431b74b20b93b9ff6ea5e6af09e5ea1ebcb52b60595efbdde9d59a
716675,681857,63,2023-09-08,train,CH,spin_axis_cos,unclassified_dominant_feature,,6,,0.0,false_warning_episode_outing,False,7f6d93243a7e47d3a78948198dce6f30,bb4dcd5a4c431b74b20b93b9ff6ea5e6af09e5ea1ebcb52b60595efbdde9d59a
716681,666142,76,2023-09-04,train,CH,release_speed,negative,0.0,7,0.5,4.0,matched,False,7f6d93243a7e47d3a78948198dce6f30,bb4dcd5a4c431b74b20b93b9ff6ea5e6af09e5ea1ebcb52b60595efbdde9d59a
716682,666129,83,2023-09-07,train,SL,release_pos_x,unclassified_dominant_feature,,8,,0.0,false_warning_episode_outing,False,7f6d93243a7e47d3a78948198dce6f30,bb4dcd5a4c431b74b20b93b9ff6ea5e6af09e5ea1ebcb52b60595efbdde9d59a
716685,669194,72,2023-09-07,train,FF,release_extension,negative,0.0,7,0.25,4.0,censored,False,7f6d93243a7e47d3a78948198dce6f30,bb4dcd5a4c431b74b20b93b9ff6ea5e6af09e5ea1ebcb52b60595efbdde9d59a
716686,593958,77,2023-09-07,train,SL,pfx_z,unclassified_dominant_feature,,7,,0.0,censored,False,7f6d93243a7e47d3a78948198dce6f30,bb4dcd5a4c431b74b20b93b9ff6ea5e6af09e5ea1ebcb52b60595efbdde9d59a
716690,502043,43,2023-09-06,train,FC,spin_axis_sin,unclassified_dominant_feature,,4,,0.0,false_warning_episode_outing,False,7f6d93243a7e47d3a78948198dce6f30,bb4dcd5a4c431b74b20b93b9ff6ea5e6af09e5ea1ebcb52b60595efbdde9d59a
716690,663776,73,2023-09-06,train,SL,pfx_z,unclassified_dominant_feature,,7,,0.0,false_warning_episode_outing,False,7f6d93243a7e47d3a78948198dce6f30,bb4dcd5a4c431b74b20b93b9ff6ea5e6af09e5ea1ebcb52b60595efbdde9d59a
716691,554430,71,2023-09-06,train,FF,release_pos_z,negative,0.0,7,0.14285714285714285,7.0,matched,False,7f6d93243a7e47d3a78948198dce6f30,bb4dcd5a4c431b74b20b93b9ff6ea5e6af09e5ea1ebcb52b60595efbdde9d59a
716702,607536,79,2023-09-05,train,FF,release_pos_x,unclassified_dominant_feature,,7,,0.0,censored,False,7f6d93243a7e47d3a78948198dce6f30,bb4dcd5a4c431b74b20b93b9ff6ea5e6af09e5ea1ebcb52b60595efbdde9d59a
716704,656302,88,2023-09-05,train,FF,release_pos_x,unclassified_dominant_feature,,8,,0.0,censored,False,7f6d93243a7e47d3a78948198dce6f30,bb4dcd5a4c431b74b20b93b9ff6ea5e6af09e5ea1ebcb52b60595efbdde9d59a
716711,543037,75,2023-09-05,train,KC,release_extension,positive,1.0,7,0.6666666666666666,3.0,false_warning_clean_outing,True,7f6d93243a7e47d3a78948198dce6f30,bb4dcd5a4c431b74b20b93b9ff6ea5e6af09e5ea1ebcb52b60595efbdde9d59a
716718,669203,71,2023-09-04,train,CU,release_speed,positive,1.0,7,0.5,2.0,matched,False,7f6d93243a7e47d3a78948198dce6f30,bb4dcd5a4c431b74b20b93b9ff6ea5e6af09e5ea1ebcb52b60595efbdde9d59a
716722,650644,90,2023-09-04,train,FC,vaa,unclassified_dominant_feature,,8,,0.0,false_warning_episode_outing,False,7f6d93243a7e47d3a78948198dce6f30,bb4dcd5a4c431b74b20b93b9ff6ea5e6af09e5ea1ebcb52b60595efbdde9d59a
716723,657277,76,2023-09-04,train,CH,release_spin_rate,negative,0.0,7,0.3333333333333333,18.0,matched,False,7f6d93243a7e47d3a78948198dce6f30,bb4dcd5a4c431b74b20b93b9ff6ea5e6af09e5ea1ebcb52b60595efbdde9d59a
716730,592332,67,2023-09-03,train,FS,pfx_x,unclassified_dominant_feature,,6,,0.0,censored,False,7f6d93243a7e47d3a78948198dce6f30,bb4dcd5a4c431b74b20b93b9ff6ea5e6af09e5ea1ebcb52b60595efbdde9d59a
716732,656427,65,2023-09-03,train,SL,spin_axis_sin,unclassified_dominant_feature,,6,,0.0,false_warning_episode_outing,False,7f6d93243a7e47d3a78948198dce6f30,bb4dcd5a4c431b74b20b93b9ff6ea5e6af09e5ea1ebcb52b60595efbdde9d59a
716732,656427,85,2023-09-03,train,KC,release_speed,positive,1.0,8,0.0,3.0,censored,False,7f6d93243a7e47d3a78948198dce6f30,bb4dcd5a4c431b74b20b93b9ff6ea5e6af09e5ea1ebcb52b60595efbdde9d59a
716733,670912,81,2023-09-03,train,SL,spin_axis_sin,unclassified_dominant_feature,,8,,0.0,false_warning_episode_outing,False,7f6d93243a7e47d3a78948198dce6f30,bb4dcd5a4c431b74b20b93b9ff6ea5e6af09e5ea1ebcb52b60595efbdde9d59a
716733,670912,96,2023-09-03,train,FF,spin_axis_cos,unclassified_dominant_feature,,9,,0.0,censored,False,7f6d93243a7e47d3a78948198dce6f30,bb4dcd5a4c431b74b20b93b9ff6ea5e6af09e5ea1ebcb52b60595efbdde9d59a
716735,664299,91,2023-09-03,train,ST,pfx_x,unclassified_dominant_feature,,9,,0.0,censored,False,7f6d93243a7e47d3a78948198dce6f30,bb4dcd5a4c431b74b20b93b9ff6ea5e6af09e5ea1ebcb52b60595efbdde9d59a
716739,519242,75,2023-09-03,train,CH,pfx_z,unclassified_dominant_feature,,7,,0.0,false_warning_episode_outing,False,7f6d93243a7e47d3a78948198dce6f30,bb4dcd5a4c431b74b20b93b9ff6ea5e6af09e5ea1ebcb52b60595efbdde9d59a
716745,605400,50,2023-09-02,train,CH,spin_axis_cos,unclassified_dominant_feature,,4,,0.0,false_warning_episode_outing,False,7f6d93243a7e47d3a78948198dce6f30,bb4dcd5a4c431b74b20b93b9ff6ea5e6af09e5ea1ebcb52b60595efbdde9d59a
716746,622663,103,2023-09-02,train,FC,pfx_x,unclassified_dominant_feature,,10,,0.0,false_warning_episode_outing,False,7f6d93243a7e47d3a78948198dce6f30,bb4dcd5a4c431b74b20b93b9ff6ea5e6af09e5ea1ebcb52b60595efbdde9d59a
716748,579328,76,2023-09-02,train,CU,spin_axis_cos,unclassified_dominant_feature,,7,,0.0,false_warning_episode_outing,False,7f6d93243a7e47d3a78948198dce6f30,bb4dcd5a4c431b74b20b93b9ff6ea5e6af09e5ea1ebcb52b60595efbdde9d59a
716749,681857,69,2023-09-02,train,FF,release_speed,negative,0.0,6,0.0,7.0,censored,False,7f6d93243a7e47d3a78948198dce6f30,bb4dcd5a4c431b74b20b93b9ff6ea5e6af09e5ea1ebcb52b60595efbdde9d59a
716754,671106,80,2023-09-02,train,CH,release_pos_z,negative,0.0,7,0.0,3.0,false_warning_episode_outing,False,7f6d93243a7e47d3a78948198dce6f30,bb4dcd5a4c431b74b20b93b9ff6ea5e6af09e5ea1ebcb52b60595efbdde9d59a
716758,663776,74,2023-09-01,train,CH,spin_axis_cos,unclassified_dominant_feature,,7,,0.0,false_warning_episode_outing,False,7f6d93243a7e47d3a78948198dce6f30,bb4dcd5a4c431b74b20b93b9ff6ea5e6af09e5ea1ebcb52b60595efbdde9d59a
716762,593958,51,2023-09-01,train,FF,release_spin_rate,negative,0.0,5,0.18181818181818182,11.0,false_warning_episode_outing,False,7f6d93243a7e47d3a78948198dce6f30,bb4dcd5a4c431b74b20b93b9ff6ea5e6af09e5ea1ebcb52b60595efbdde9d59a
716765,554430,65,2023-09-01,train,FF,release_pos_z,negative,0.0,6,0.0,10.0,false_warning_episode_outing,False,7f6d93243a7e47d3a78948198dce6f30,bb4dcd5a4c431b74b20b93b9ff6ea5e6af09e5ea1ebcb52b60595efbdde9d59a
716765,554430,100,2023-09-01,train,FF,release_pos_z,negative,0.0,9,0.0,4.0,censored,False,7f6d93243a7e47d3a78948198dce6f30,bb4dcd5a4c431b74b20b93b9ff6ea5e6af09e5ea1ebcb52b60595efbdde9d59a
716768,675911,76,2023-08-31,train,FF,spin_axis_sin,unclassified_dominant_feature,,7,,0.0,matched,False,7f6d93243a7e47d3a78948198dce6f30,bb4dcd5a4c431b74b20b93b9ff6ea5e6af09e5ea1ebcb52b60595efbdde9d59a
716773,607536,76,2023-08-30,train,FF,release_spin_rate,positive,1.0,7,1.0,1.0,matched,False,7f6d93243a7e47d3a78948198dce6f30,bb4dcd5a4c431b74b20b93b9ff6ea5e6af09e5ea1ebcb52b60595efbdde9d59a
716779,543294,82,2023-08-30,train,CH,spin_axis_sin,unclassified_dominant_feature,,8,,0.0,false_warning_episode_outing,False,7f6d93243a7e47d3a78948198dce6f30,bb4dcd5a4c431b74b20b93b9ff6ea5e6af09e5ea1ebcb52b60595efbdde9d59a
716781,543037,67,2023-08-30,train,FC,release_speed,negative,0.0,6,0.0,5.0,false_warning_episode_outing,False,7f6d93243a7e47d3a78948198dce6f30,bb4dcd5a4c431b74b20b93b9ff6ea5e6af09e5ea1ebcb52b60595efbdde9d59a
716786,502043,80,2023-08-30,train,CH,spin_axis_cos,unclassified_dominant_feature,,7,,0.0,censored,False,7f6d93243a7e47d3a78948198dce6f30,bb4dcd5a4c431b74b20b93b9ff6ea5e6af09e5ea1ebcb52b60595efbdde9d59a
716786,656302,97,2023-08-30,train,SL,release_pos_z,negative,0.0,9,0.0,4.0,censored,False,7f6d93243a7e47d3a78948198dce6f30,bb4dcd5a4c431b74b20b93b9ff6ea5e6af09e5ea1ebcb52b60595efbdde9d59a
716789,668881,72,2023-08-30,train,SL,release_extension,positive,1.0,7,0.6666666666666666,3.0,false_warning_episode_outing,False,7f6d93243a7e47d3a78948198dce6f30,bb4dcd5a4c431b74b20b93b9ff6ea5e6af09e5ea1ebcb52b60595efbdde9d59a
716793,666142,58,2023-08-29,train,FF,spin_axis_cos,unclassified_dominant_feature,,5,,0.0,false_warning_episode_outing,False,7f6d93243a7e47d3a78948198dce6f30,bb4dcd5a4c431b74b20b93b9ff6ea5e6af09e5ea1ebcb52b60595efbdde9d59a
716798,669203,81,2023-08-29,train,FC,vaa,unclassified_dominant_feature,,8,,0.0,false_warning_episode_outing,False,7f6d93243a7e47d3a78948198dce6f30,bb4dcd5a4c431b74b20b93b9ff6ea5e6af09e5ea1ebcb52b60595efbdde9d59a
716807,650644,88,2023-08-29,train,CU,vaa,unclassified_dominant_feature,,8,,0.0,false_warning_episode_outing,False,7f6d93243a7e47d3a78948198dce6f30,bb4dcd5a4c431b74b20b93b9ff6ea5e6af09e5ea1ebcb52b60595efbdde9d59a
716808,622663,56,2023-08-28,train,SL,spin_axis_sin,unclassified_dominant_feature,,5,,0.0,false_warning_episode_outing,False,7f6d93243a7e47d3a78948198dce6f30,bb4dcd5a4c431b74b20b93b9ff6ea5e6af09e5ea1ebcb52b60595efbdde9d59a
716808,622663,63,2023-08-28,train,SL,release_speed,negative,0.0,6,0.5,4.0,matched,False,7f6d93243a7e47d3a78948198dce6f30,bb4dcd5a4c431b74b20b93b9ff6ea5e6af09e5ea1ebcb52b60595efbdde9d59a
716808,622663,88,2023-08-28,train,FF,pfx_z,unclassified_dominant_feature,,8,,,censored,False,7f6d93243a7e47d3a78948198dce6f30,bb4dcd5a4c431b74b20b93b9ff6ea5e6af09e5ea1ebcb52b60595efbdde9d59a
716808,681857,91,2023-08-28,train,SL,pfx_z,unclassified_dominant_feature,,9,,0.0,matched,False,7f6d93243a7e47d3a78948198dce6f30,bb4dcd5a4c431b74b20b93b9ff6ea5e6af09e5ea1ebcb52b60595efbdde9d59a
716811,670912,75,2023-08-28,train,CU,spin_axis_sin,unclassified_dominant_feature,,7,,0.0,false_warning_clean_outing,True,7f6d93243a7e47d3a78948198dce6f30,bb4dcd5a4c431b74b20b93b9ff6ea5e6af09e5ea1ebcb52b60595efbdde9d59a
716814,519242,87,2023-08-28,train,SL,vaa,unclassified_dominant_feature,,8,,0.0,false_warning_episode_outing,False,7f6d93243a7e47d3a78948198dce6f30,bb4dcd5a4c431b74b20b93b9ff6ea5e6af09e5ea1ebcb52b60595efbdde9d59a
716814,664299,98,2023-08-28,train,FF,release_speed,negative,0.0,9,0.5,2.0,false_warning_episode_outing,False,7f6d93243a7e47d3a78948198dce6f30,bb4dcd5a4c431b74b20b93b9ff6ea5e6af09e5ea1ebcb52b60595efbdde9d59a
716816,592332,78,2023-08-28,train,FS,pfx_z,unclassified_dominant_feature,,7,,0.0,matched,False,7f6d93243a7e47d3a78948198dce6f30,bb4dcd5a4c431b74b20b93b9ff6ea5e6af09e5ea1ebcb52b60595efbdde9d59a
716816,592332,81,2023-08-28,train,FF,vaa,unclassified_dominant_feature,,8,,0.0,false_warning_episode_outing,False,7f6d93243a7e47d3a78948198dce6f30,bb4dcd5a4c431b74b20b93b9ff6ea5e6af09e5ea1ebcb52b60595efbdde9d59a
716820,679525,91,2023-08-27,train,FF,release_spin_rate,negative,0.0,9,,,censored,False,7f6d93243a7e47d3a78948198dce6f30,bb4dcd5a4c431b74b20b93b9ff6ea5e6af09e5ea1ebcb52b60595efbdde9d59a
716820,679525,95,2023-08-27,train,CH,pfx_z,unclassified_dominant_feature,,9,,,censored,False,7f6d93243a7e47d3a78948198dce6f30,bb4dcd5a4c431b74b20b93b9ff6ea5e6af09e5ea1ebcb52b60595efbdde9d59a
716820,679525,99,2023-08-27,train,FF,spin_axis_sin,unclassified_dominant_feature,,9,,,censored,False,7f6d93243a7e47d3a78948198dce6f30,bb4dcd5a4c431b74b20b93b9ff6ea5e6af09e5ea1ebcb52b60595efbdde9d59a
716825,579328,81,2023-08-27,train,CU,release_pos_z,negative,0.0,8,0.3333333333333333,3.0,false_warning_episode_outing,False,7f6d93243a7e47d3a78948198dce6f30,bb4dcd5a4c431b74b20b93b9ff6ea5e6af09e5ea1ebcb52b60595efbdde9d59a
716829,656849,43,2023-08-27,train,FF,spin_axis_sin,unclassified_dominant_feature,,4,,0.0,false_warning_episode_outing,False,7f6d93243a7e47d3a78948198dce6f30,bb4dcd5a4c431b74b20b93b9ff6ea5e6af09e5ea1ebcb52b60595efbdde9d59a
716829,656849,78,2023-08-27,train,FF,spin_axis_sin,unclassified_dominant_feature,,7,,0.0,matched,False,7f6d93243a7e47d3a78948198dce6f30,bb4dcd5a4c431b74b20b93b9ff6ea5e6af09e5ea1ebcb52b60595efbdde9d59a
716835,605400,91,2023-08-27,train,CH,spin_axis_sin,unclassified_dominant_feature,,9,,,censored,False,7f6d93243a7e47d3a78948198dce6f30,bb4dcd5a4c431b74b20b93b9ff6ea5e6af09e5ea1ebcb52b60595efbdde9d59a
716843,593958,76,2023-08-26,train,FF,release_pos_x,unclassified_dominant_feature,,7,,0.0,false_warning_episode_outing,False,7f6d93243a7e47d3a78948198dce6f30,bb4dcd5a4c431b74b20b93b9ff6ea5e6af09e5ea1ebcb52b60595efbdde9d59a
716850,641540,73,2023-08-25,train,SI,spin_axis_sin,unclassified_dominant_feature,,7,,0.0,matched,False,7f6d93243a7e47d3a78948198dce6f30,bb4dcd5a4c431b74b20b93b9ff6ea5e6af09e5ea1ebcb52b60595efbdde9d59a
716850,641540,75,2023-08-25,train,FC,vaa,unclassified_dominant_feature,,7,,0.0,false_warning_episode_outing,False,7f6d93243a7e47d3a78948198dce6f30,bb4dcd5a4c431b74b20b93b9ff6ea5e6af09e5ea1ebcb52b60595efbdde9d59a
716851,668881,80,2023-08-25,train,FF,spin_axis_cos,unclassified_dominant_feature,,7,,0.0,matched,False,7f6d93243a7e47d3a78948198dce6f30,bb4dcd5a4c431b74b20b93b9ff6ea5e6af09e5ea1ebcb52b60595efbdde9d59a
716852,657277,84,2023-08-25,train,SI,release_spin_rate,negative,0.0,8,0.4,5.0,matched,False,7f6d93243a7e47d3a78948198dce6f30,bb4dcd5a4c431b74b20b93b9ff6ea5e6af09e5ea1ebcb52b60595efbdde9d59a
716852,675911,87,2023-08-25,train,SL,spin_axis_sin,unclassified_dominant_feature,,8,,0.0,false_warning_episode_outing,False,7f6d93243a7e47d3a78948198dce6f30,bb4dcd5a4c431b74b20b93b9ff6ea5e6af09e5ea1ebcb52b60595efbdde9d59a
716853,663903,79,2023-08-25,train,SL,spin_axis_cos,unclassified_dominant_feature,,7,,0.0,false_warning_episode_outing,False,7f6d93243a7e47d3a78948198dce6f30,bb4dcd5a4c431b74b20b93b9ff6ea5e6af09e5ea1ebcb52b60595efbdde9d59a
716854,543037,80,2023-08-25,train,CH,spin_axis_cos,unclassified_dominant_feature,,7,,0.0,false_warning_episode_outing,False,7f6d93243a7e47d3a78948198dce6f30,bb4dcd5a4c431b74b20b93b9ff6ea5e6af09e5ea1ebcb52b60595efbdde9d59a
716855,663776,94,2023-08-25,train,SI,release_pos_x,unclassified_dominant_feature,,9,,,censored,False,7f6d93243a7e47d3a78948198dce6f30,bb4dcd5a4c431b74b20b93b9ff6ea5e6af09e5ea1ebcb52b60595efbdde9d59a
716862,543294,81,2023-08-25,train,CH,release_speed,positive,1.0,8,1.0,1.0,matched,False,7f6d93243a7e47d3a78948198dce6f30,bb4dcd5a4c431b74b20b93b9ff6ea5e6af09e5ea1ebcb52b60595efbdde9d59a
716874,592332,96,2023-08-23,train,FF,release_pos_z,negative,0.0,9,0.0,7.0,censored,False,7f6d93243a7e47d3a78948198dce6f30,bb4dcd5a4c431b74b20b93b9ff6ea5e6af09e5ea1ebcb52b60595efbdde9d59a
716877,622663,91,2023-08-23,train,FC,spin_axis_sin,unclassified_dominant_feature,,9,,,censored,False,7f6d93243a7e47d3a78948198dce6f30,bb4dcd5a4c431b74b20b93b9ff6ea5e6af09e5ea1ebcb52b60595efbdde9d59a
716880,650644,74,2023-08-23,train,FC,spin_axis_sin,unclassified_dominant_feature,,7,,0.0,censored,False,7f6d93243a7e47d3a78948198dce6f30,bb4dcd5a4c431b74b20b93b9ff6ea5e6af09e5ea1ebcb52b60595efbdde9d59a
716882,669203,81,2023-08-23,train,FC,release_pos_x,unclassified_dominant_feature,,8,,0.0,matched,False,7f6d93243a7e47d3a78948198dce6f30,bb4dcd5a4c431b74b20b93b9ff6ea5e6af09e5ea1ebcb52b60595efbdde9d59a
716882,669203,83,2023-08-23,train,FC,release_pos_z,negative,0.0,8,0.09090909090909091,11.0,false_warning_episode_outing,False,7f6d93243a7e47d3a78948198dce6f30,bb4dcd5a4c431b74b20b93b9ff6ea5e6af09e5ea1ebcb52b60595efbdde9d59a
716882,669203,86,2023-08-23,train,FC,pfx_z,unclassified_dominant_feature,,8,,0.0,false_warning_episode_outing,False,7f6d93243a7e47d3a78948198dce6f30,bb4dcd5a4c431b74b20b93b9ff6ea5e6af09e5ea1ebcb52b60595efbdde9d59a
716882,669203,92,2023-08-23,train,FC,spin_axis_sin,unclassified_dominant_feature,,9,,0.0,false_warning_episode_outing,False,7f6d93243a7e47d3a78948198dce6f30,bb4dcd5a4c431b74b20b93b9ff6ea5e6af09e5ea1ebcb52b60595efbdde9d59a
716882,669203,94,2023-08-23,train,SI,release_spin_rate,negative,0.0,9,0.0,2.0,false_warning_episode_outing,False,7f6d93243a7e47d3a78948198dce6f30,bb4dcd5a4c431b74b20b93b9ff6ea5e6af09e5ea1ebcb52b60595efbdde9d59a
716882,669203,97,2023-08-23,train,FC,release_pos_x,unclassified_dominant_feature,,9,,0.0,censored,False,7f6d93243a7e47d3a78948198dce6f30,bb4dcd5a4c431b74b20b93b9ff6ea5e6af09e5ea1ebcb52b60595efbdde9d59a
716884,666142,65,2023-08-23,train,FF,spin_axis_sin,unclassified_dominant_feature,,6,,0.0,false_warning_clean_outing,True,7f6d93243a7e47d3a78948198dce6f30,bb4dcd5a4c431b74b20b93b9ff6ea5e6af09e5ea1ebcb52b60595efbdde9d59a
716896,681857,83,2023-08-22,train,SI,pfx_x,unclassified_dominant_feature,,8,,,censored,False,7f6d93243a7e47d3a78948198dce6f30,bb4dcd5a4c431b74b20b93b9ff6ea5e6af09e5ea1ebcb52b60595efbdde9d59a
716901,670912,80,2023-08-22,train,SL,spin_axis_sin,unclassified_dominant_feature,,7,,0.0,matched,False,7f6d93243a7e47d3a78948198dce6f30,bb4dcd5a4c431b74b20b93b9ff6ea5e6af09e5ea1ebcb52b60595efbdde9d59a
716902,579328,69,2023-08-22,train,FF,spin_axis_cos,unclassified_dominant_feature,,6,,0.0,false_warning_episode_outing,False,7f6d93243a7e47d3a78948198dce6f30,bb4dcd5a4c431b74b20b93b9ff6ea5e6af09e5ea1ebcb52b60595efbdde9d59a
716908,664299,87,2023-08-21,train,KC,pfx_z,unclassified_dominant_feature,,8,,0.0,false_warning_episode_outing,False,7f6d93243a7e47d3a78948198dce6f30,bb4dcd5a4c431b74b20b93b9ff6ea5e6af09e5ea1ebcb52b60595efbdde9d59a
716910,656849,89,2023-08-21,train,SL,vaa,unclassified_dominant_feature,,8,,0.0,false_warning_episode_outing,False,7f6d93243a7e47d3a78948198dce6f30,bb4dcd5a4c431b74b20b93b9ff6ea5e6af09e5ea1ebcb52b60595efbdde9d59a
716911,605400,88,2023-08-21,train,KC,spin_axis_cos,unclassified_dominant_feature,,8,,0.0,censored,False,7f6d93243a7e47d3a78948198dce6f30,bb4dcd5a4c431b74b20b93b9ff6ea5e6af09e5ea1ebcb52b60595efbdde9d59a
716916,656302,74,2023-08-20,train,FF,release_speed,positive,1.0,7,0.5625,16.0,matched,False,7f6d93243a7e47d3a78948198dce6f30,bb4dcd5a4c431b74b20b93b9ff6ea5e6af09e5ea1ebcb52b60595efbdde9d59a
716916,656302,77,2023-08-20,train,FF,release_spin_rate,positive,1.0,7,0.46153846153846156,13.0,false_warning_episode_outing,False,7f6d93243a7e47d3a78948198dce6f30,bb4dcd5a4c431b74b20b93b9ff6ea5e6af09e5ea1ebcb52b60595efbdde9d59a
716916,656302,79,2023-08-20,train,FF,spin_axis_sin,unclassified_dominant_feature,,7,,0.0,false_warning_episode_outing,False,7f6d93243a7e47d3a78948198dce6f30,bb4dcd5a4c431b74b20b93b9ff6ea5e6af09e5ea1ebcb52b60595efbdde9d59a
716917,543294,87,2023-08-20,train,SI,spin_axis_sin,unclassified_dominant_feature,,8,,0.0,censored,False,7f6d93243a7e47d3a78948198dce6f30,bb4dcd5a4c431b74b20b93b9ff6ea5e6af09e5ea1ebcb52b60595efbdde9d59a
716922,593958,67,2023-08-20,train,SI,release_pos_x,unclassified_dominant_feature,,6,,0.0,matched,False,7f6d93243a7e47d3a78948198dce6f30,bb4dcd5a4c431b74b20b93b9ff6ea5e6af09e5ea1ebcb52b60595efbdde9d59a
716922,671106,84,2023-08-20,train,FF,release_spin_rate,positive,1.0,8,0.5,2.0,false_warning_episode_outing,False,7f6d93243a7e47d3a78948198dce6f30,bb4dcd5a4c431b74b20b93b9ff6ea5e6af09e5ea1ebcb52b60595efbdde9d59a
716924,668881,59,2023-08-20,train,FF,spin_axis_cos,unclassified_dominant_feature,,5,,0.0,matched,False,7f6d93243a7e47d3a78948198dce6f30,bb4dcd5a4c431b74b20b93b9ff6ea5e6af09e5ea1ebcb52b60595efbdde9d59a
716925,663776,79,2023-08-19,train,CU,release_speed,positive,1.0,7,1.0,5.0,matched,False,7f6d93243a7e47d3a78948198dce6f30,bb4dcd5a4c431b74b20b93b9ff6ea5e6af09e5ea1ebcb52b60595efbdde9d59a
716929,554430,42,2023-08-20,train,FF,spin_axis_sin,unclassified_dominant_feature,,4,,0.0,false_warning_episode_outing,False,7f6d93243a7e47d3a78948198dce6f30,bb4dcd5a4c431b74b20b93b9ff6ea5e6af09e5ea1ebcb52b60595efbdde9d59a
716933,607536,89,2023-08-19,train,KC,release_speed,positive,1.0,8,0.6666666666666666,6.0,censored,False,7f6d93243a7e47d3a78948198dce6f30,bb4dcd5a4c431b74b20b93b9ff6ea5e6af09e5ea1ebcb52b60595efbdde9d59a
716938,641540,92,2023-08-19,train,SL,release_speed,negative,0.0,9,0.0,3.0,matched,False,7f6d93243a7e47d3a78948198dce6f30,bb4dcd5a4c431b74b20b93b9ff6ea5e6af09e5ea1ebcb52b60595efbdde9d59a
716941,650911,75,2023-08-19,train,SI,spin_axis_cos,unclassified_dominant_feature,,7,,0.0,false_warning_episode_outing,False,7f6d93243a7e47d3a78948198dce6f30,bb4dcd5a4c431b74b20b93b9ff6ea5e6af09e5ea1ebcb52b60595efbdde9d59a
716944,502043,83,2023-08-18,train,CH,release_pos_x,unclassified_dominant_feature,,8,,0.0,censored,False,7f6d93243a7e47d3a78948198dce6f30,bb4dcd5a4c431b74b20b93b9ff6ea5e6af09e5ea1ebcb52b60595efbdde9d59a
716949,675911,89,2023-08-18,train,FF,release_extension,positive,1.0,8,0.5555555555555556,9.0,censored,False,7f6d93243a7e47d3a78948198dce6f30,bb4dcd5a4c431b74b20b93b9ff6ea5e6af09e5ea1ebcb52b60595efbdde9d59a
716961,669203,76,2023-08-17,train,CH,spin_axis_sin,unclassified_dominant_feature,,7,,0.0,false_warning_episode_outing,False,7f6d93243a7e47d3a78948198dce6f30,bb4dcd5a4c431b74b20b93b9ff6ea5e6af09e5ea1ebcb52b60595efbdde9d59a
716961,669203,85,2023-08-17,train,FC,release_pos_x,unclassified_dominant_feature,,8,,0.0,censored,False,7f6d93243a7e47d3a78948198dce6f30,bb4dcd5a4c431b74b20b93b9ff6ea5e6af09e5ea1ebcb52b60595efbdde9d59a
716967,605400,72,2023-08-16,train,KC,pfx_x,unclassified_dominant_feature,,7,,0.0,false_warning_episode_outing,False,7f6d93243a7e47d3a78948198dce6f30,bb4dcd5a4c431b74b20b93b9ff6ea5e6af09e5ea1ebcb52b60595efbdde9d59a
716974,670912,71,2023-08-16,train,CH,spin_axis_cos,unclassified_dominant_feature,,7,,0.0,censored,False,7f6d93243a7e47d3a78948198dce6f30,bb4dcd5a4c431b74b20b93b9ff6ea5e6af09e5ea1ebcb52b60595efbdde9d59a
716980,656427,74,2023-08-15,train,FF,spin_axis_cos,unclassified_dominant_feature,,7,,0.0,censored,False,7f6d93243a7e47d3a78948198dce6f30,bb4dcd5a4c431b74b20b93b9ff6ea5e6af09e5ea1ebcb52b60595efbdde9d59a
716988,656849,89,2023-08-15,train,SL,pfx_z,unclassified_dominant_feature,,8,,,censored,False,7f6d93243a7e47d3a78948198dce6f30,bb4dcd5a4c431b74b20b93b9ff6ea5e6af09e5ea1ebcb52b60595efbdde9d59a
716990,554430,71,2023-08-15,train,SI,release_extension,negative,0.0,7,0.6666666666666666,3.0,false_warning_episode_outing,False,7f6d93243a7e47d3a78948198dce6f30,bb4dcd5a4c431b74b20b93b9ff6ea5e6af09e5ea1ebcb52b60595efbdde9d59a
716990,579328,76,2023-08-15,train,FF,spin_axis_sin,unclassified_dominant_feature,,7,,0.0,censored,True,7f6d93243a7e47d3a78948198dce6f30,bb4dcd5a4c431b74b20b93b9ff6ea5e6af09e5ea1ebcb52b60595efbdde9d59a
716991,664299,86,2023-08-15,train,FF,release_pos_z,negative,0.0,8,0.0,3.0,censored,False,7f6d93243a7e47d3a78948198dce6f30,bb4dcd5a4c431b74b20b93b9ff6ea5e6af09e5ea1ebcb52b60595efbdde9d59a
716994,663903,85,2023-08-14,train,SI,vaa,unclassified_dominant_feature,,8,,0.0,false_warning_episode_outing,False,7f6d93243a7e47d3a78948198dce6f30,bb4dcd5a4c431b74b20b93b9ff6ea5e6af09e5ea1ebcb52b60595efbdde9d59a
716994,663903,87,2023-08-14,train,SL,release_speed,positive,1.0,8,0.14285714285714285,14.0,false_warning_episode_outing,False,7f6d93243a7e47d3a78948198dce6f30,bb4dcd5a4c431b74b20b93b9ff6ea5e6af09e5ea1ebcb52b60595efbdde9d59a
716994,663903,96,2023-08-14,train,SI,pfx_x,unclassified_dominant_feature,,9,,0.0,matched,False,7f6d93243a7e47d3a78948198dce6f30,bb4dcd5a4c431b74b20b93b9ff6ea5e6af09e5ea1ebcb52b60595efbdde9d59a
716994,663903,101,2023-08-14,train,SL,spin_axis_cos,unclassified_dominant_feature,,10,,0.0,false_warning_episode_outing,False,7f6d93243a7e47d3a78948198dce6f30,bb4dcd5a4c431b74b20b93b9ff6ea5e6af09e5ea1ebcb52b60595efbdde9d59a
717000,666129,73,2023-08-14,train,SI,release_spin_rate,positive,1.0,7,1.0,3.0,false_warning_episode_outing,False,7f6d93243a7e47d3a78948198dce6f30,bb4dcd5a4c431b74b20b93b9ff6ea5e6af09e5ea1ebcb52b60595efbdde9d59a
717006,656302,94,2023-08-13,train,SL,release_pos_z,positive,1.0,9,0.0,4.0,censored,False,7f6d93243a7e47d3a78948198dce6f30,bb4dcd5a4c431b74b20b93b9ff6ea5e6af09e5ea1ebcb52b60595efbdde9d59a
717007,607536,84,2023-08-13,train,FF,spin_axis_sin,unclassified_dominant_feature,,8,,0.0,censored,False,7f6d93243a7e47d3a78948198dce6f30,bb4dcd5a4c431b74b20b93b9ff6ea5e6af09e5ea1ebcb52b60595efbdde9d59a
717008,641540,23,2023-08-13,train,FC,spin_axis_cos,unclassified_dominant_feature,,2,,0.0,matched,False,7f6d93243a7e47d3a78948198dce6f30,bb4dcd5a4c431b74b20b93b9ff6ea5e6af09e5ea1ebcb52b60595efbdde9d59a
717008,641540,29,2023-08-13,train,SI,spin_axis_cos,unclassified_dominant_feature,,2,,0.0,matched,False,7f6d93243a7e47d3a78948198dce6f30,bb4dcd5a4c431b74b20b93b9ff6ea5e6af09e5ea1ebcb52b60595efbdde9d59a
717008,641540,92,2023-08-13,train,CH,pfx_x,unclassified_dominant_feature,,9,,,censored,False,7f6d93243a7e47d3a78948198dce6f30,bb4dcd5a4c431b74b20b93b9ff6ea5e6af09e5ea1ebcb52b60595efbdde9d59a
717008,641540,98,2023-08-13,train,CH,release_speed,negative,0.0,9,,,censored,False,7f6d93243a7e47d3a78948198dce6f30,bb4dcd5a4c431b74b20b93b9ff6ea5e6af09e5ea1ebcb52b60595efbdde9d59a
717008,641540,101,2023-08-13,train,SL,release_speed,negative,0.0,10,,,censored,False,7f6d93243a7e47d3a78948198dce6f30,bb4dcd5a4c431b74b20b93b9ff6ea5e6af09e5ea1ebcb52b60595efbdde9d59a
717011,543037,79,2023-08-13,train,FF,release_extension,negative,0.0,7,0.4,5.0,false_warning_episode_outing,False,7f6d93243a7e47d3a78948198dce6f30,bb4dcd5a4c431b74b20b93b9ff6ea5e6af09e5ea1ebcb52b60595efbdde9d59a
717014,593958,85,2023-08-13,train,CH,spin_axis_sin,unclassified_dominant_feature,,8,,0.0,matched,False,7f6d93243a7e47d3a78948198dce6f30,bb4dcd5a4c431b74b20b93b9ff6ea5e6af09e5ea1ebcb52b60595efbdde9d59a
717021,675911,81,2023-08-12,train,SL,release_pos_x,unclassified_dominant_feature,,8,,0.0,false_warning_episode_outing,False,7f6d93243a7e47d3a78948198dce6f30,bb4dcd5a4c431b74b20b93b9ff6ea5e6af09e5ea1ebcb52b60595efbdde9d59a
717022,542881,82,2023-08-12,train,FC,release_pos_x,unclassified_dominant_feature,,8,,0.0,false_warning_episode_outing,False,7f6d93243a7e47d3a78948198dce6f30,bb4dcd5a4c431b74b20b93b9ff6ea5e6af09e5ea1ebcb52b60595efbdde9d59a
717034,502043,88,2023-08-11,train,CH,spin_axis_cos,unclassified_dominant_feature,,8,,0.0,censored,False,7f6d93243a7e47d3a78948198dce6f30,bb4dcd5a4c431b74b20b93b9ff6ea5e6af09e5ea1ebcb52b60595efbdde9d59a
717035,669194,73,2023-08-11,train,CU,release_pos_x,unclassified_dominant_feature,,7,,0.0,censored,False,7f6d93243a7e47d3a78948198dce6f30,bb4dcd5a4c431b74b20b93b9ff6ea5e6af09e5ea1ebcb52b60595efbdde9d59a
717036,669203,85,2023-08-11,train,FC,pfx_x,unclassified_dominant_feature,,8,,0.0,false_warning_episode_outing,False,7f6d93243a7e47d3a78948198dce6f30,bb4dcd5a4c431b74b20b93b9ff6ea5e6af09e5ea1ebcb52b60595efbdde9d59a
717036,669203,107,2023-08-11,train,FC,release_spin_rate,negative,0.0,10,,,censored,False,7f6d93243a7e47d3a78948198dce6f30,bb4dcd5a4c431b74b20b93b9ff6ea5e6af09e5ea1ebcb52b60595efbdde9d59a
717038,650644,91,2023-08-11,train,CU,spin_axis_sin,unclassified_dominant_feature,,9,,0.0,censored,False,7f6d93243a7e47d3a78948198dce6f30,bb4dcd5a4c431b74b20b93b9ff6ea5e6af09e5ea1ebcb52b60595efbdde9d59a
717044,650911,69,2023-08-11,train,SI,release_pos_x,unclassified_dominant_feature,,6,,0.0,false_warning_episode_outing,False,7f6d93243a7e47d3a78948198dce6f30,bb4dcd5a4c431b74b20b93b9ff6ea5e6af09e5ea1ebcb52b60595efbdde9d59a
717046,670912,82,2023-08-11,train,CH,spin_axis_sin,unclassified_dominant_feature,,8,,0.0,censored,False,7f6d93243a7e47d3a78948198dce6f30,bb4dcd5a4c431b74b20b93b9ff6ea5e6af09e5ea1ebcb52b60595efbdde9d59a
717046,670912,94,2023-08-11,train,FF,spin_axis_sin,unclassified_dominant_feature,,9,,0.0,censored,False,7f6d93243a7e47d3a78948198dce6f30,bb4dcd5a4c431b74b20b93b9ff6ea5e6af09e5ea1ebcb52b60595efbdde9d59a
717049,605400,87,2023-08-10,train,SI,release_extension,positive,1.0,8,0.4,5.0,matched,False,7f6d93243a7e47d3a78948198dce6f30,bb4dcd5a4c431b74b20b93b9ff6ea5e6af09e5ea1ebcb52b60595efbdde9d59a
717050,681857,79,2023-08-10,train,SL,pfx_z,unclassified_dominant_feature,,7,,0.0,matched,False,7f6d93243a7e47d3a78948198dce6f30,bb4dcd5a4c431b74b20b93b9ff6ea5e6af09e5ea1ebcb52b60595efbdde9d59a
717050,681857,81,2023-08-10,train,SI,spin_axis_cos,unclassified_dominant_feature,,8,,0.0,false_warning_episode_outing,False,7f6d93243a7e47d3a78948198dce6f30,bb4dcd5a4c431b74b20b93b9ff6ea5e6af09e5ea1ebcb52b60595efbdde9d59a
717050,681857,86,2023-08-10,train,CH,spin_axis_cos,unclassified_dominant_feature,,8,,0.0,false_warning_episode_outing,False,7f6d93243a7e47d3a78948198dce6f30,bb4dcd5a4c431b74b20b93b9ff6ea5e6af09e5ea1ebcb52b60595efbdde9d59a
717060,592332,78,2023-08-09,train,FF,release_extension,positive,1.0,7,1.0,7.0,matched,False,7f6d93243a7e47d3a78948198dce6f30,bb4dcd5a4c431b74b20b93b9ff6ea5e6af09e5ea1ebcb52b60595efbdde9d59a
717060,592332,90,2023-08-09,train,FS,pfx_z,unclassified_dominant_feature,,8,,0.0,false_warning_episode_outing,False,7f6d93243a7e47d3a78948198dce6f30,bb4dcd5a4c431b74b20b93b9ff6ea5e6af09e5ea1ebcb52b60595efbdde9d59a
717062,543294,78,2023-08-09,train,CH,spin_axis_cos,unclassified_dominant_feature,,7,,0.0,matched,False,7f6d93243a7e47d3a78948198dce6f30,bb4dcd5a4c431b74b20b93b9ff6ea5e6af09e5ea1ebcb52b60595efbdde9d59a
717067,656427,91,2023-08-09,train,KC,spin_axis_cos,unclassified_dominant_feature,,9,,0.0,censored,False,7f6d93243a7e47d3a78948198dce6f30,bb4dcd5a4c431b74b20b93b9ff6ea5e6af09e5ea1ebcb52b60595efbdde9d59a
717067,664299,54,2023-08-09,train,KC,spin_axis_sin,unclassified_dominant_feature,,5,,0.0,false_warning_episode_outing,False,7f6d93243a7e47d3a78948198dce6f30,bb4dcd5a4c431b74b20b93b9ff6ea5e6af09e5ea1ebcb52b60595efbdde9d59a
717067,664299,57,2023-08-09,train,FF,release_pos_z,negative,0.0,5,0.1111111111111111,9.0,false_warning_episode_outing,False,7f6d93243a7e47d3a78948198dce6f30,bb4dcd5a4c431b74b20b93b9ff6ea5e6af09e5ea1ebcb52b60595efbdde9d59a
717067,664299,68,2023-08-09,train,FF,release_pos_z,negative,0.0,6,0.07692307692307693,13.0,matched,False,7f6d93243a7e47d3a78948198dce6f30,bb4dcd5a4c431b74b20b93b9ff6ea5e6af09e5ea1ebcb52b60595efbdde9d59a
717067,664299,71,2023-08-09,train,FF,spin_axis_sin,unclassified_dominant_feature,,7,,0.0,false_warning_episode_outing,False,7f6d93243a7e47d3a78948198dce6f30,bb4dcd5a4c431b74b20b93b9ff6ea5e6af09e5ea1ebcb52b60595efbdde9d59a
717067,664299,101,2023-08-09,train,FF,spin_axis_cos,unclassified_dominant_feature,,10,,,censored,False,7f6d93243a7e47d3a78948198dce6f30,bb4dcd5a4c431b74b20b93b9ff6ea5e6af09e5ea1ebcb52b60595efbdde9d59a
717074,579328,73,2023-08-08,train,CU,vaa,unclassified_dominant_feature,,7,,0.0,false_warning_episode_outing,False,7f6d93243a7e47d3a78948198dce6f30,bb4dcd5a4c431b74b20b93b9ff6ea5e6af09e5ea1ebcb52b60595efbdde9d59a
717076,593958,87,2023-08-08,train,CH,spin_axis_sin,unclassified_dominant_feature,,8,,0.0,false_warning_episode_outing,False,7f6d93243a7e47d3a78948198dce6f30,bb4dcd5a4c431b74b20b93b9ff6ea5e6af09e5ea1ebcb52b60595efbdde9d59a
717077,663903,87,2023-08-08,train,SI,spin_axis_sin,unclassified_dominant_feature,,8,,0.0,matched,False,7f6d93243a7e47d3a78948198dce6f30,bb4dcd5a4c431b74b20b93b9ff6ea5e6af09e5ea1ebcb52b60595efbdde9d59a
717082,554430,87,2023-08-08,train,FC,release_spin_rate,negative,0.0,8,0.5,2.0,censored,False,7f6d93243a7e47d3a78948198dce6f30,bb4dcd5a4c431b74b20b93b9ff6ea5e6af09e5ea1ebcb52b60595efbdde9d59a
717088,543037,79,2023-08-07,train,FF,spin_axis_cos,unclassified_dominant_feature,,7,,0.0,false_warning_episode_outing,False,7f6d93243a7e47d3a78948198dce6f30,bb4dcd5a4c431b74b20b93b9ff6ea5e6af09e5ea1ebcb52b60595efbdde9d59a
717088,656302,102,2023-08-07,train,KC,release_speed,positive,1.0,10,,,censored,False,7f6d93243a7e47d3a78948198dce6f30,bb4dcd5a4c431b74b20b93b9ff6ea5e6af09e5ea1ebcb52b60595efbdde9d59a
717090,657277,83,2023-08-07,train,SI,release_pos_z,negative,0.0,8,0.0,10.0,false_warning_episode_outing,False,7f6d93243a7e47d3a78948198dce6f30,bb4dcd5a4c431b74b20b93b9ff6ea5e6af09e5ea1ebcb52b60595efbdde9d59a
717090,657277,86,2023-08-07,train,CH,spin_axis_cos,unclassified_dominant_feature,,8,,0.0,false_warning_episode_outing,False,7f6d93243a7e47d3a78948198dce6f30,bb4dcd5a4c431b74b20b93b9ff6ea5e6af09e5ea1ebcb52b60595efbdde9d59a
717090,657277,101,2023-08-07,train,CH,release_pos_z,negative,0.0,10,0.0,4.0,matched,False,7f6d93243a7e47d3a78948198dce6f30,bb4dcd5a4c431b74b20b93b9ff6ea5e6af09e5ea1ebcb52b60595efbdde9d59a
717090,663776,80,2023-08-07,train,CU,spin_axis_sin,unclassified_dominant_feature,,7,,0.0,matched,False,7f6d93243a7e47d3a78948198dce6f30,bb4dcd5a4c431b74b20b93b9ff6ea5e6af09e5ea1ebcb52b60595efbdde9d59a
717105,670912,75,2023-08-06,train,CU,spin_axis_cos,unclassified_dominant_feature,,7,,0.0,false_warning_episode_outing,False,7f6d93243a7e47d3a78948198dce6f30,bb4dcd5a4c431b74b20b93b9ff6ea5e6af09e5ea1ebcb52b60595efbdde9d59a
717114,502043,86,2023-08-05,train,ST,spin_axis_cos,unclassified_dominant_feature,,8,,0.0,censored,False,7f6d93243a7e47d3a78948198dce6f30,bb4dcd5a4c431b74b20b93b9ff6ea5e6af09e5ea1ebcb52b60595efbdde9d59a
717116,669203,91,2023-08-05,train,FC,release_pos_z,negative,0.0,9,0.0,8.0,false_warning_episode_outing,False,7f6d93243a7e47d3a78948198dce6f30,bb4dcd5a4c431b74b20b93b9ff6ea5e6af09e5ea1ebcb52b60595efbdde9d59a
717122,650644,75,2023-08-05,train,CU,pfx_x,unclassified_dominant_feature,,7,,0.0,false_warning_episode_outing,False,7f6d93243a7e47d3a78948198dce6f30,bb4dcd5a4c431b74b20b93b9ff6ea5e6af09e5ea1ebcb52b60595efbdde9d59a
717123,679525,61,2023-08-05,train,CU,release_pos_x,unclassified_dominant_feature,,6,,,censored,False,7f6d93243a7e47d3a78948198dce6f30,bb4dcd5a4c431b74b20b93b9ff6ea5e6af09e5ea1ebcb52b60595efbdde9d59a
717135,681857,84,2023-08-04,train,FF,release_pos_z,negative,0.0,8,0.0,3.0,false_warning_episode_outing,False,7f6d93243a7e47d3a78948198dce6f30,bb4dcd5a4c431b74b20b93b9ff6ea5e6af09e5ea1ebcb52b60595efbdde9d59a
717135,681857,88,2023-08-04,train,SL,release_pos_z,negative,0.0,8,0.0,7.0,censored,False,7f6d93243a7e47d3a78948198dce6f30,bb4dcd5a4c431b74b20b93b9ff6ea5e6af09e5ea1ebcb52b60595efbdde9d59a
717140,605400,95,2023-08-04,train,FF,release_pos_x,unclassified_dominant_feature,,9,,,censored,False,7f6d93243a7e47d3a78948198dce6f30,bb4dcd5a4c431b74b20b93b9ff6ea5e6af09e5ea1ebcb52b60595efbdde9d59a
717142,664299,82,2023-08-03,train,FF,pfx_x,unclassified_dominant_feature,,8,,0.0,false_warning_episode_outing,False,7f6d93243a7e47d3a78948198dce6f30,bb4dcd5a4c431b74b20b93b9ff6ea5e6af09e5ea1ebcb52b60595efbdde9d59a
717148,663903,90,2023-08-03,train,SI,pfx_x,unclassified_dominant_feature,,8,,0.0,censored,False,7f6d93243a7e47d3a78948198dce6f30,bb4dcd5a4c431b74b20b93b9ff6ea5e6af09e5ea1ebcb52b60595efbdde9d59a
717148,663903,97,2023-08-03,train,SL,release_extension,negative,0.0,9,1.0,3.0,censored,False,7f6d93243a7e47d3a78948198dce6f30,bb4dcd5a4c431b74b20b93b9ff6ea5e6af09e5ea1ebcb52b60595efbdde9d59a
717150,592332,67,2023-08-03,train,FS,spin_axis_cos,unclassified_dominant_feature,,6,,0.0,false_warning_episode_outing,False,7f6d93243a7e47d3a78948198dce6f30,bb4dcd5a4c431b74b20b93b9ff6ea5e6af09e5ea1ebcb52b60595efbdde9d59a
717150,592332,93,2023-08-03,train,FS,spin_axis_sin,unclassified_dominant_feature,,9,,0.0,matched,False,7f6d93243a7e47d3a78948198dce6f30,bb4dcd5a4c431b74b20b93b9ff6ea5e6af09e5ea1ebcb52b60595efbdde9d59a
717150,656427,67,2023-08-03,train,FF,spin_axis_sin,unclassified_dominant_feature,,6,,0.0,matched,False,7f6d93243a7e47d3a78948198dce6f30,bb4dcd5a4c431b74b20b93b9ff6ea5e6af09e5ea1ebcb52b60595efbdde9d59a
717152,641540,89,2023-08-02,train,SI,vaa,unclassified_dominant_feature,,8,,0.0,censored,False,7f6d93243a7e47d3a78948198dce6f30,bb4dcd5a4c431b74b20b93b9ff6ea5e6af09e5ea1ebcb52b60595efbdde9d59a
717152,641540,93,2023-08-02,train,SI,release_spin_rate,negative,0.0,9,,,censored,False,7f6d93243a7e47d3a78948198dce6f30,bb4dcd5a4c431b74b20b93b9ff6ea5e6af09e5ea1ebcb52b60595efbdde9d59a
717157,579328,77,2023-08-02,train,CH,release_pos_z,negative,0.0,7,0.3333333333333333,3.0,matched,False,7f6d93243a7e47d3a78948198dce6f30,bb4dcd5a4c431b74b20b93b9ff6ea5e6af09e5ea1ebcb52b60595efbdde9d59a
717158,607536,65,2023-08-02,train,FC,release_speed,positive,1.0,6,0.6666666666666666,6.0,matched,False,7f6d93243a7e47d3a78948198dce6f30,bb4dcd5a4c431b74b20b93b9ff6ea5e6af09e5ea1ebcb52b60595efbdde9d59a
717159,554430,70,2023-08-02,train,FC,release_pos_z,negative,0.0,6,0.0,2.0,matched,False,7f6d93243a7e47d3a78948198dce6f30,bb4dcd5a4c431b74b20b93b9ff6ea5e6af09e5ea1ebcb52b60595efbdde9d59a
717160,543037,85,2023-08-02,train,FF,pfx_z,unclassified_dominant_feature,,8,,0.0,censored,False,7f6d93243a7e47d3a78948198dce6f30,bb4dcd5a4c431b74b20b93b9ff6ea5e6af09e5ea1ebcb52b60595efbdde9d59a
717160,543037,87,2023-08-02,train,FF,spin_axis_cos,unclassified_dominant_feature,,8,,0.0,censored,False,7f6d93243a7e47d3a78948198dce6f30,bb4dcd5a4c431b74b20b93b9ff6ea5e6af09e5ea1ebcb52b60595efbdde9d59a
717164,657277,95,2023-08-02,train,CH,pfx_z,unclassified_dominant_feature,,9,,0.0,censored,False,7f6d93243a7e47d3a78948198dce6f30,bb4dcd5a4c431b74b20b93b9ff6ea5e6af09e5ea1ebcb52b60595efbdde9d59a
717164,657277,101,2023-08-02,train,CH,release_spin_rate,positive,1.0,10,,,censored,False,7f6d93243a7e47d3a78948198dce6f30,bb4dcd5a4c431b74b20b93b9ff6ea5e6af09e5ea1ebcb52b60595efbdde9d59a
717166,593958,90,2023-08-02,train,SI,release_pos_x,unclassified_dominant_feature,,8,,0.0,censored,False,7f6d93243a7e47d3a78948198dce6f30,bb4dcd5a4c431b74b20b93b9ff6ea5e6af09e5ea1ebcb52b60595efbdde9d59a
717173,594902,81,2023-08-01,train,ST,vaa,unclassified_dominant_feature,,8,,0.0,matched,False,7f6d93243a7e47d3a78948198dce6f30,bb4dcd5a4c431b74b20b93b9ff6ea5e6af09e5ea1ebcb52b60595efbdde9d59a
717173,594902,85,2023-08-01,train,FC,release_pos_x,unclassified_dominant_feature,,8,,0.0,matched,False,7f6d93243a7e47d3a78948198dce6f30,bb4dcd5a4c431b74b20b93b9ff6ea5e6af09e5ea1ebcb52b60595efbdde9d59a
717176,663776,72,2023-08-01,train,FF,release_pos_x,unclassified_dominant_feature,,7,,0.0,matched,False,7f6d93243a7e47d3a78948198dce6f30,bb4dcd5a4c431b74b20b93b9ff6ea5e6af09e5ea1ebcb52b60595efbdde9d59a
717176,663776,81,2023-08-01,train,SL,pfx_x,unclassified_dominant_feature,,8,,0.0,false_warning_episode_outing,False,7f6d93243a7e47d3a78948198dce6f30,bb4dcd5a4c431b74b20b93b9ff6ea5e6af09e5ea1ebcb52b60595efbdde9d59a
717176,675911,94,2023-08-01,train,FF,spin_axis_cos,unclassified_dominant_feature,,9,,0.0,false_warning_episode_outing,False,7f6d93243a7e47d3a78948198dce6f30,bb4dcd5a4c431b74b20b93b9ff6ea5e6af09e5ea1ebcb52b60595efbdde9d59a
717178,670912,82,2023-08-01,train,CH,spin_axis_sin,unclassified_dominant_feature,,8,,0.0,matched,False,7f6d93243a7e47d3a78948198dce6f30,bb4dcd5a4c431b74b20b93b9ff6ea5e6af09e5ea1ebcb52b60595efbdde9d59a
717186,502043,66,2023-07-31,train,SI,pfx_z,unclassified_dominant_feature,,6,,0.0,false_warning_clean_outing,True,7f6d93243a7e47d3a78948198dce6f30,bb4dcd5a4c431b74b20b93b9ff6ea5e6af09e5ea1ebcb52b60595efbdde9d59a
717186,502043,79,2023-07-31,train,ST,spin_axis_sin,unclassified_dominant_feature,,7,,0.0,false_warning_clean_outing,True,7f6d93243a7e47d3a78948198dce6f30,bb4dcd5a4c431b74b20b93b9ff6ea5e6af09e5ea1ebcb52b60595efbdde9d59a
717190,669194,84,2023-07-31,train,CH,pfx_z,unclassified_dominant_feature,,8,,0.0,matched,False,7f6d93243a7e47d3a78948198dce6f30,bb4dcd5a4c431b74b20b93b9ff6ea5e6af09e5ea1ebcb52b60595efbdde9d59a
717190,669194,90,2023-07-31,train,FC,vaa,unclassified_dominant_feature,,8,,0.0,false_warning_episode_outing,False,7f6d93243a7e47d3a78948198dce6f30,bb4dcd5a4c431b74b20b93b9ff6ea5e6af09e5ea1ebcb52b60595efbdde9d59a
717190,669194,95,2023-07-31,train,CU,spin_axis_sin,unclassified_dominant_feature,,9,,0.0,false_warning_episode_outing,False,7f6d93243a7e47d3a78948198dce6f30,bb4dcd5a4c431b74b20b93b9ff6ea5e6af09e5ea1ebcb52b60595efbdde9d59a
717192,669203,85,2023-07-31,train,FC,spin_axis_sin,unclassified_dominant_feature,,8,,0.0,censored,False,7f6d93243a7e47d3a78948198dce6f30,bb4dcd5a4c431b74b20b93b9ff6ea5e6af09e5ea1ebcb52b60595efbdde9d59a
717195,543294,73,2023-07-30,train,CH,release_speed,positive,1.0,7,0.25,4.0,false_warning_episode_outing,False,7f6d93243a7e47d3a78948198dce6f30,bb4dcd5a4c431b74b20b93b9ff6ea5e6af09e5ea1ebcb52b60595efbdde9d59a
717200,622663,71,2023-07-30,train,FC,spin_axis_sin,unclassified_dominant_feature,,7,,0.0,matched,False,7f6d93243a7e47d3a78948198dce6f30,bb4dcd5a4c431b74b20b93b9ff6ea5e6af09e5ea1ebcb52b60595efbdde9d59a
717201,542881,73,2023-07-30,train,CH,release_pos_x,unclassified_dominant_feature,,7,,0.0,matched,False,7f6d93243a7e47d3a78948198dce6f30,bb4dcd5a4c431b74b20b93b9ff6ea5e6af09e5ea1ebcb52b60595efbdde9d59a
717204,650644,73,2023-07-30,train,SI,release_pos_z,positive,1.0,7,1.0,1.0,false_warning_episode_outing,False,7f6d93243a7e47d3a78948198dce6f30,bb4dcd5a4c431b74b20b93b9ff6ea5e6af09e5ea1ebcb52b60595efbdde9d59a
717204,650644,78,2023-07-30,train,FC,release_pos_z,positive,1.0,7,1.0,1.0,censored,False,7f6d93243a7e47d3a78948198dce6f30,bb4dcd5a4c431b74b20b93b9ff6ea5e6af09e5ea1ebcb52b60595efbdde9d59a
717209,527048,59,2023-07-29,train,FC,release_pos_z,negative,0.0,5,0.25,4.0,false_warning_episode_outing,False,7f6d93243a7e47d3a78948198dce6f30,bb4dcd5a4c431b74b20b93b9ff6ea5e6af09e5ea1ebcb52b60595efbdde9d59a
717209,527048,62,2023-07-29,train,SI,spin_axis_sin,unclassified_dominant_feature,,6,,0.0,false_warning_episode_outing,False,7f6d93243a7e47d3a78948198dce6f30,bb4dcd5a4c431b74b20b93b9ff6ea5e6af09e5ea1ebcb52b60595efbdde9d59a
717209,527048,69,2023-07-29,train,SI,release_pos_x,unclassified_dominant_feature,,6,,0.0,matched,False,7f6d93243a7e47d3a78948198dce6f30,bb4dcd5a4c431b74b20b93b9ff6ea5e6af09e5ea1ebcb52b60595efbdde9d59a
717209,527048,72,2023-07-29,train,SI,release_pos_x,unclassified_dominant_feature,,7,,0.0,false_warning_episode_outing,False,7f6d93243a7e47d3a78948198dce6f30,bb4dcd5a4c431b74b20b93b9ff6ea5e6af09e5ea1ebcb52b60595efbdde9d59a
717209,527048,93,2023-07-29,train,SI,release_pos_x,unclassified_dominant_feature,,9,,,censored,False,7f6d93243a7e47d3a78948198dce6f30,bb4dcd5a4c431b74b20b93b9ff6ea5e6af09e5ea1ebcb52b60595efbdde9d59a
717217,671106,75,2023-07-29,train,ST,vaa,unclassified_dominant_feature,,7,,0.0,matched,False,7f6d93243a7e47d3a78948198dce6f30,bb4dcd5a4c431b74b20b93b9ff6ea5e6af09e5ea1ebcb52b60595efbdde9d59a
717217,671106,77,2023-07-29,train,FF,release_extension,positive,1.0,7,0.5,4.0,matched,False,7f6d93243a7e47d3a78948198dce6f30,bb4dcd5a4c431b74b20b93b9ff6ea5e6af09e5ea1ebcb52b60595efbdde9d59a
717217,671106,84,2023-07-29,train,CH,release_extension,positive,1.0,8,0.5,2.0,false_warning_episode_outing,False,7f6d93243a7e47d3a78948198dce6f30,bb4dcd5a4c431b74b20b93b9ff6ea5e6af09e5ea1ebcb52b60595efbdde9d59a
717217,671106,88,2023-07-29,train,FC,release_speed,negative,0.0,8,0.5,2.0,false_warning_episode_outing,False,7f6d93243a7e47d3a78948198dce6f30,bb4dcd5a4c431b74b20b93b9ff6ea5e6af09e5ea1ebcb52b60595efbdde9d59a
717220,657277,85,2023-07-28,train,CH,vaa,unclassified_dominant_feature,,8,,0.0,censored,False,7f6d93243a7e47d3a78948198dce6f30,bb4dcd5a4c431b74b20b93b9ff6ea5e6af09e5ea1ebcb52b60595efbdde9d59a
717224,605397,81,2023-07-28,train,FC,pfx_z,unclassified_dominant_feature,,8,,0.0,matched,False,7f6d93243a7e47d3a78948198dce6f30,bb4dcd5a4c431b74b20b93b9ff6ea5e6af09e5ea1ebcb52b60595efbdde9d59a
717224,641540,76,2023-07-28,train,SL,release_pos_x,unclassified_dominant_feature,,7,,0.0,matched,False,7f6d93243a7e47d3a78948198dce6f30,bb4dcd5a4c431b74b20b93b9ff6ea5e6af09e5ea1ebcb52b60595efbdde9d59a
717224,641540,82,2023-07-28,train,SL,release_speed,negative,0.0,8,0.0,6.0,false_warning_episode_outing,False,7f6d93243a7e47d3a78948198dce6f30,bb4dcd5a4c431b74b20b93b9ff6ea5e6af09e5ea1ebcb52b60595efbdde9d59a
717229,664299,100,2023-07-28,train,FF,release_extension,positive,1.0,9,1.0,1.0,censored,False,7f6d93243a7e47d3a78948198dce6f30,bb4dcd5a4c431b74b20b93b9ff6ea5e6af09e5ea1ebcb52b60595efbdde9d59a
717232,663903,95,2023-07-28,train,SL,pfx_z,unclassified_dominant_feature,,9,,0.0,censored,False,7f6d93243a7e47d3a78948198dce6f30,bb4dcd5a4c431b74b20b93b9ff6ea5e6af09e5ea1ebcb52b60595efbdde9d59a
717233,656302,95,2023-07-27,train,FF,release_speed,positive,1.0,9,0.2857142857142857,7.0,false_warning_episode_outing,False,7f6d93243a7e47d3a78948198dce6f30,bb4dcd5a4c431b74b20b93b9ff6ea5e6af09e5ea1ebcb52b60595efbdde9d59a
717234,554430,29,2023-07-28,train,FF,spin_axis_sin,unclassified_dominant_feature,,2,,0.0,false_warning_episode_outing,False,7f6d93243a7e47d3a78948198dce6f30,bb4dcd5a4c431b74b20b93b9ff6ea5e6af09e5ea1ebcb52b60595efbdde9d59a
717234,554430,75,2023-07-28,train,FF,release_speed,negative,0.0,7,0.0,9.0,false_warning_episode_outing,False,7f6d93243a7e47d3a78948198dce6f30,bb4dcd5a4c431b74b20b93b9ff6ea5e6af09e5ea1ebcb52b60595efbdde9d59a
717235,592332,93,2023-07-28,train,FF,release_spin_rate,negative,0.0,9,0.25,4.0,matched,False,7f6d93243a7e47d3a78948198dce6f30,bb4dcd5a4c431b74b20b93b9ff6ea5e6af09e5ea1ebcb52b60595efbdde9d59a
717236,666129,88,2023-07-28,train,SI,pfx_x,unclassified_dominant_feature,,8,,0.0,censored,False,7f6d93243a7e47d3a78948198dce6f30,bb4dcd5a4c431b74b20b93b9ff6ea5e6af09e5ea1ebcb52b60595efbdde9d59a
717236,666129,93,2023-07-28,train,CU,pfx_z,unclassified_dominant_feature,,9,,,censored,False,7f6d93243a7e47d3a78948198dce6f30,bb4dcd5a4c431b74b20b93b9ff6ea5e6af09e5ea1ebcb52b60595efbdde9d59a
717236,681857,59,2023-07-28,train,FF,release_extension,positive,1.0,5,1.0,2.0,matched,False,7f6d93243a7e47d3a78948198dce6f30,bb4dcd5a4c431b74b20b93b9ff6ea5e6af09e5ea1ebcb52b60595efbdde9d59a
717237,543037,87,2023-07-28,train,FC,spin_axis_sin,unclassified_dominant_feature,,8,,0.0,false_warning_episode_outing,False,7f6d93243a7e47d3a78948198dce6f30,bb4dcd5a4c431b74b20b93b9ff6ea5e6af09e5ea1ebcb52b60595efbdde9d59a
717240,573186,77,2023-07-26,train,SI,release_pos_x,unclassified_dominant_feature,,7,,0.0,censored,False,7f6d93243a7e47d3a78948198dce6f30,bb4dcd5a4c431b74b20b93b9ff6ea5e6af09e5ea1ebcb52b60595efbdde9d59a
717242,675911,74,2023-07-26,train,FF,vaa,unclassified_dominant_feature,,7,,0.0,matched,False,7f6d93243a7e47d3a78948198dce6f30,bb4dcd5a4c431b74b20b93b9ff6ea5e6af09e5ea1ebcb52b60595efbdde9d59a
717244,656427,76,2023-07-26,train,KC,release_speed,positive,1.0,7,0.6666666666666666,6.0,matched,False,7f6d93243a7e47d3a78948198dce6f30,bb4dcd5a4c431b74b20b93b9ff6ea5e6af09e5ea1ebcb52b60595efbdde9d59a
717246,670912,68,2023-07-26,train,CU,spin_axis_sin,unclassified_dominant_feature,,6,,0.0,false_warning_episode_outing,False,7f6d93243a7e47d3a78948198dce6f30,bb4dcd5a4c431b74b20b93b9ff6ea5e6af09e5ea1ebcb52b60595efbdde9d59a
717247,663776,58,2023-07-27,train,FF,spin_axis_sin,unclassified_dominant_feature,,5,,0.0,false_warning_episode_outing,False,7f6d93243a7e47d3a78948198dce6f30,bb4dcd5a4c431b74b20b93b9ff6ea5e6af09e5ea1ebcb52b60595efbdde9d59a
717253,579328,73,2023-07-26,train,CU,release_speed,negative,0.0,7,0.0,4.0,matched,False,7f6d93243a7e47d3a78948198dce6f30,bb4dcd5a4c431b74b20b93b9ff6ea5e6af09e5ea1ebcb52b60595efbdde9d59a
717260,650644,84,2023-07-25,train,FC,vaa,unclassified_dominant_feature,,8,,0.0,censored,False,7f6d93243a7e47d3a78948198dce6f30,bb4dcd5a4c431b74b20b93b9ff6ea5e6af09e5ea1ebcb52b60595efbdde9d59a
717262,669203,83,2023-07-25,train,FC,spin_axis_sin,unclassified_dominant_feature,,8,,0.0,censored,False,7f6d93243a7e47d3a78948198dce6f30,bb4dcd5a4c431b74b20b93b9ff6ea5e6af09e5ea1ebcb52b60595efbdde9d59a
717262,669203,85,2023-07-25,train,SI,release_pos_z,negative,0.0,8,0.0,2.0,censored,False,7f6d93243a7e47d3a78948198dce6f30,bb4dcd5a4c431b74b20b93b9ff6ea5e6af09e5ea1ebcb52b60595efbdde9d59a
717262,669203,92,2023-07-25,train,FC,pfx_z,unclassified_dominant_feature,,9,,0.0,censored,False,7f6d93243a7e47d3a78948198dce6f30,bb4dcd5a4c431b74b20b93b9ff6ea5e6af09e5ea1ebcb52b60595efbdde9d59a
717263,543294,77,2023-07-25,train,SI,release_pos_z,negative,0.0,7,0.0,9.0,matched,False,7f6d93243a7e47d3a78948198dce6f30,bb4dcd5a4c431b74b20b93b9ff6ea5e6af09e5ea1ebcb52b60595efbdde9d59a
717267,502043,74,2023-07-25,train,CH,spin_axis_sin,unclassified_dominant_feature,,7,,0.0,matched,False,7f6d93243a7e47d3a78948198dce6f30,bb4dcd5a4c431b74b20b93b9ff6ea5e6af09e5ea1ebcb52b60595efbdde9d59a
717268,669194,82,2023-07-24,train,FC,release_pos_z,negative,0.0,8,0.3333333333333333,3.0,censored,False,7f6d93243a7e47d3a78948198dce6f30,bb4dcd5a4c431b74b20b93b9ff6ea5e6af09e5ea1ebcb52b60595efbdde9d59a
717277,671106,73,2023-07-24,train,FF,release_pos_x,unclassified_dominant_feature,,7,,0.0,matched,False,7f6d93243a7e47d3a78948198dce6f30,bb4dcd5a4c431b74b20b93b9ff6ea5e6af09e5ea1ebcb52b60595efbdde9d59a
717278,542881,40,2023-07-23,train,CH,spin_axis_cos,unclassified_dominant_feature,,3,,0.0,false_warning_episode_outing,False,7f6d93243a7e47d3a78948198dce6f30,bb4dcd5a4c431b74b20b93b9ff6ea5e6af09e5ea1ebcb52b60595efbdde9d59a
717280,650911,79,2023-07-24,train,SI,spin_axis_cos,unclassified_dominant_feature,,7,,0.0,false_warning_episode_outing,False,7f6d93243a7e47d3a78948198dce6f30,bb4dcd5a4c431b74b20b93b9ff6ea5e6af09e5ea1ebcb52b60595efbdde9d59a
717284,527048,74,2023-07-23,train,CH,spin_axis_cos,unclassified_dominant_feature,,7,,0.0,false_warning_episode_outing,False,7f6d93243a7e47d3a78948198dce6f30,bb4dcd5a4c431b74b20b93b9ff6ea5e6af09e5ea1ebcb52b60595efbdde9d59a
717284,527048,76,2023-07-23,train,CH,spin_axis_cos,unclassified_dominant_feature,,7,,0.0,false_warning_episode_outing,False,7f6d93243a7e47d3a78948198dce6f30,bb4dcd5a4c431b74b20b93b9ff6ea5e6af09e5ea1ebcb52b60595efbdde9d59a
717284,527048,79,2023-07-23,train,SI,spin_axis_sin,unclassified_dominant_feature,,7,,0.0,false_warning_episode_outing,False,7f6d93243a7e47d3a78948198dce6f30,bb4dcd5a4c431b74b20b93b9ff6ea5e6af09e5ea1ebcb52b60595efbdde9d59a
717288,605397,80,2023-07-23,train,CH,release_speed,negative,0.0,7,0.0,1.0,censored,False,7f6d93243a7e47d3a78948198dce6f30,bb4dcd5a4c431b74b20b93b9ff6ea5e6af09e5ea1ebcb52b60595efbdde9d59a
717293,656302,83,2023-07-22,train,SL,release_pos_x,unclassified_dominant_feature,,8,,0.0,censored,False,7f6d93243a7e47d3a78948198dce6f30,bb4dcd5a4c431b74b20b93b9ff6ea5e6af09e5ea1ebcb52b60595efbdde9d59a
717293,656302,91,2023-07-22,train,KC,pfx_z,unclassified_dominant_feature,,9,,,censored,False,7f6d93243a7e47d3a78948198dce6f30,bb4dcd5a4c431b74b20b93b9ff6ea5e6af09e5ea1ebcb52b60595efbdde9d59a
717294,622663,89,2023-07-23,train,CH,spin_axis_sin,unclassified_dominant_feature,,8,,0.0,false_warning_episode_outing,False,7f6d93243a7e47d3a78948198dce6f30,bb4dcd5a4c431b74b20b93b9ff6ea5e6af09e5ea1ebcb52b60595efbdde9d59a
717301,592332,71,2023-07-22,train,FS,pfx_z,unclassified_dominant_feature,,7,,0.0,false_warning_episode_outing,False,7f6d93243a7e47d3a78948198dce6f30,bb4dcd5a4c431b74b20b93b9ff6ea5e6af09e5ea1ebcb52b60595efbdde9d59a
717301,592332,80,2023-07-22,train,FS,pfx_z,unclassified_dominant_feature,,7,,0.0,censored,False,7f6d93243a7e47d3a78948198dce6f30,bb4dcd5a4c431b74b20b93b9ff6ea5e6af09e5ea1ebcb52b60595efbdde9d59a
717302,554430,82,2023-07-22,train,CU,pfx_x,unclassified_dominant_feature,,8,,0.0,false_warning_episode_outing,False,7f6d93243a7e47d3a78948198dce6f30,bb4dcd5a4c431b74b20b93b9ff6ea5e6af09e5ea1ebcb52b60595efbdde9d59a
717304,543037,75,2023-07-22,train,FF,release_speed,positive,1.0,7,0.6666666666666666,9.0,false_warning_episode_outing,False,7f6d93243a7e47d3a78948198dce6f30,bb4dcd5a4c431b74b20b93b9ff6ea5e6af09e5ea1ebcb52b60595efbdde9d59a
717304,663903,86,2023-07-22,train,SL,release_pos_z,positive,1.0,8,0.0,1.0,censored,False,7f6d93243a7e47d3a78948198dce6f30,bb4dcd5a4c431b74b20b93b9ff6ea5e6af09e5ea1ebcb52b60595efbdde9d59a
717304,663903,97,2023-07-22,train,SI,spin_axis_sin,unclassified_dominant_feature,,9,,0.0,censored,False,7f6d93243a7e47d3a78948198dce6f30,bb4dcd5a4c431b74b20b93b9ff6ea5e6af09e5ea1ebcb52b60595efbdde9d59a
717311,579328,70,2023-07-21,train,FF,spin_axis_sin,unclassified_dominant_feature,,6,,0.0,censored,False,7f6d93243a7e47d3a78948198dce6f30,bb4dcd5a4c431b74b20b93b9ff6ea5e6af09e5ea1ebcb52b60595efbdde9d59a
717317,681857,88,2023-07-21,train,SL,release_pos_z,negative,0.0,8,0.0,7.0,false_warning_episode_outing,False,7f6d93243a7e47d3a78948198dce6f30,bb4dcd5a4c431b74b20b93b9ff6ea5e6af09e5ea1ebcb52b60595efbdde9d59a
717322,573186,99,2023-07-20,train,SI,vaa,unclassified_dominant_feature,,9,,0.0,false_warning_episode_outing,False,7f6d93243a7e47d3a78948198dce6f30,bb4dcd5a4c431b74b20b93b9ff6ea5e6af09e5ea1ebcb52b60595efbdde9d59a
717325,656427,73,2023-07-21,train,KC,spin_axis_cos,unclassified_dominant_feature,,7,,0.0,matched,False,7f6d93243a7e47d3a78948198dce6f30,bb4dcd5a4c431b74b20b93b9ff6ea5e6af09e5ea1ebcb52b60595efbdde9d59a
717325,656427,82,2023-07-21,train,SL,release_pos_x,unclassified_dominant_feature,,8,,0.0,false_warning_episode_outing,False,7f6d93243a7e47d3a78948198dce6f30,bb4dcd5a4c431b74b20b93b9ff6ea5e6af09e5ea1ebcb52b60595efbdde9d59a
717325,656427,105,2023-07-21,train,FF,spin_axis_sin,unclassified_dominant_feature,,10,,0.0,censored,False,7f6d93243a7e47d3a78948198dce6f30,bb4dcd5a4c431b74b20b93b9ff6ea5e6af09e5ea1ebcb52b60595efbdde9d59a
717328,502043,84,2023-07-20,train,SI,release_spin_rate,negative,0.0,8,0.5,2.0,matched,False,7f6d93243a7e47d3a78948198dce6f30,bb4dcd5a4c431b74b20b93b9ff6ea5e6af09e5ea1ebcb52b60595efbdde9d59a
717329,669203,75,2023-07-20,train,FC,pfx_x,unclassified_dominant_feature,,7,,0.0,false_warning_episode_outing,False,7f6d93243a7e47d3a78948198dce6f30,bb4dcd5a4c431b74b20b93b9ff6ea5e6af09e5ea1ebcb52b60595efbdde9d59a
717333,593958,66,2023-07-19,train,FF,release_spin_rate,negative,0.0,6,0.2,5.0,matched,False,7f6d93243a7e47d3a78948198dce6f30,bb4dcd5a4c431b74b20b93b9ff6ea5e6af09e5ea1ebcb52b60595efbdde9d59a
717336,543294,83,2023-07-19,train,CH,release_pos_x,unclassified_dominant_feature,,8,,0.0,censored,True,7f6d93243a7e47d3a78948198dce6f30,bb4dcd5a4c431b74b20b93b9ff6ea5e6af09e5ea1ebcb52b60595efbdde9d59a
717337,675911,97,2023-07-20,train,SL,pfx_x,unclassified_dominant_feature,,9,,0.0,false_warning_episode_outing,False,7f6d93243a7e47d3a78948198dce6f30,bb4dcd5a4c431b74b20b93b9ff6ea5e6af09e5ea1ebcb52b60595efbdde9d59a
717340,669194,68,2023-07-19,train,FF,pfx_z,unclassified_dominant_feature,,6,,0.0,false_warning_episode_outing,False,7f6d93243a7e47d3a78948198dce6f30,bb4dcd5a4c431b74b20b93b9ff6ea5e6af09e5ea1ebcb52b60595efbdde9d59a
717340,669194,75,2023-07-19,train,FC,release_pos_x,unclassified_dominant_feature,,7,,0.0,false_warning_episode_outing,False,7f6d93243a7e47d3a78948198dce6f30,bb4dcd5a4c431b74b20b93b9ff6ea5e6af09e5ea1ebcb52b60595efbdde9d59a
717340,669194,79,2023-07-19,train,FF,spin_axis_sin,unclassified_dominant_feature,,7,,0.0,censored,False,7f6d93243a7e47d3a78948198dce6f30,bb4dcd5a4c431b74b20b93b9ff6ea5e6af09e5ea1ebcb52b60595efbdde9d59a
717348,650644,46,2023-07-19,train,FC,spin_axis_sin,unclassified_dominant_feature,,4,,0.0,false_warning_episode_outing,False,7f6d93243a7e47d3a78948198dce6f30,bb4dcd5a4c431b74b20b93b9ff6ea5e6af09e5ea1ebcb52b60595efbdde9d59a
717348,650644,48,2023-07-19,train,CU,release_spin_rate,negative,0.0,4,0.4,5.0,matched,False,7f6d93243a7e47d3a78948198dce6f30,bb4dcd5a4c431b74b20b93b9ff6ea5e6af09e5ea1ebcb52b60595efbdde9d59a
717352,663776,74,2023-07-18,train,SL,spin_axis_sin,unclassified_dominant_feature,,7,,0.0,false_warning_episode_outing,False,7f6d93243a7e47d3a78948198dce6f30,bb4dcd5a4c431b74b20b93b9ff6ea5e6af09e5ea1ebcb52b60595efbdde9d59a
717362,605397,88,2023-07-18,train,CH,spin_axis_cos,unclassified_dominant_feature,,8,,0.0,false_warning_episode_outing,False,7f6d93243a7e47d3a78948198dce6f30,bb4dcd5a4c431b74b20b93b9ff6ea5e6af09e5ea1ebcb52b60595efbdde9d59a
717363,605400,91,2023-07-18,train,CH,release_speed,positive,1.0,9,,,censored,False,7f6d93243a7e47d3a78948198dce6f30,bb4dcd5a4c431b74b20b93b9ff6ea5e6af09e5ea1ebcb52b60595efbdde9d59a
717364,671106,69,2023-07-18,train,FF,spin_axis_sin,unclassified_dominant_feature,,6,,0.0,false_warning_episode_outing,False,7f6d93243a7e47d3a78948198dce6f30,bb4dcd5a4c431b74b20b93b9ff6ea5e6af09e5ea1ebcb52b60595efbdde9d59a
717367,641540,87,2023-07-17,train,FC,spin_axis_sin,unclassified_dominant_feature,,8,,0.0,censored,False,7f6d93243a7e47d3a78948198dce6f30,bb4dcd5a4c431b74b20b93b9ff6ea5e6af09e5ea1ebcb52b60595efbdde9d59a
717377,527048,79,2023-07-16,train,FC,vaa,unclassified_dominant_feature,,7,,0.0,false_warning_episode_outing,False,7f6d93243a7e47d3a78948198dce6f30,bb4dcd5a4c431b74b20b93b9ff6ea5e6af09e5ea1ebcb52b60595efbdde9d59a
717377,527048,81,2023-07-16,train,SI,spin_axis_cos,unclassified_dominant_feature,,8,,0.0,censored,False,7f6d93243a7e47d3a78948198dce6f30,bb4dcd5a4c431b74b20b93b9ff6ea5e6af09e5ea1ebcb52b60595efbdde9d59a
717378,543037,81,2023-07-16,train,FF,pfx_z,unclassified_dominant_feature,,8,,0.0,false_warning_episode_outing,False,7f6d93243a7e47d3a78948198dce6f30,bb4dcd5a4c431b74b20b93b9ff6ea5e6af09e5ea1ebcb52b60595efbdde9d59a
717380,656427,74,2023-07-16,train,KC,release_speed,positive,1.0,7,0.6666666666666666,6.0,false_warning_episode_outing,False,7f6d93243a7e47d3a78948198dce6f30,bb4dcd5a4c431b74b20b93b9ff6ea5e6af09e5ea1ebcb52b60595efbdde9d59a
717380,656427,80,2023-07-16,train,FF,spin_axis_sin,unclassified_dominant_feature,,7,,0.0,censored,False,7f6d93243a7e47d3a78948198dce6f30,bb4dcd5a4c431b74b20b93b9ff6ea5e6af09e5ea1ebcb52b60595efbdde9d59a
717380,656427,90,2023-07-16,train,FF,release_pos_z,negative,0.0,8,0.0,3.0,censored,False,7f6d93243a7e47d3a78948198dce6f30,bb4dcd5a4c431b74b20b93b9ff6ea5e6af09e5ea1ebcb52b60595efbdde9d59a
717381,542881,50,2023-07-16,train,FF,pfx_z,unclassified_dominant_feature,,4,,0.0,false_warning_episode_outing,False,7f6d93243a7e47d3a78948198dce6f30,bb4dcd5a4c431b74b20b93b9ff6ea5e6af09e5ea1ebcb52b60595efbdde9d59a
717381,664299,70,2023-07-16,train,FF,spin_axis_sin,unclassified_dominant_feature,,6,,0.0,false_warning_episode_outing,False,7f6d93243a7e47d3a78948198dce6f30,bb4dcd5a4c431b74b20b93b9ff6ea5e6af09e5ea1ebcb52b60595efbdde9d59a
717381,664299,87,2023-07-16,train,FF,spin_axis_sin,unclassified_dominant_feature,,8,,0.0,censored,False,7f6d93243a7e47d3a78948198dce6f30,bb4dcd5a4c431b74b20b93b9ff6ea5e6af09e5ea1ebcb52b60595efbdde9d59a
717382,663903,78,2023-07-16,train,SI,spin_axis_sin,unclassified_dominant_feature,,7,,0.0,false_warning_episode_outing,False,7f6d93243a7e47d3a78948198dce6f30,bb4dcd5a4c431b74b20b93b9ff6ea5e6af09e5ea1ebcb52b60595efbdde9d59a
717386,579328,65,2023-07-16,train,FF,release_pos_z,negative,0.0,6,0.05555555555555555,18.0,false_warning_episode_outing,False,7f6d93243a7e47d3a78948198dce6f30,bb4dcd5a4c431b74b20b93b9ff6ea5e6af09e5ea1ebcb52b60595efbdde9d59a
717387,554430,85,2023-07-16,train,SI,spin_axis_cos,unclassified_dominant_feature,,8,,0.0,false_warning_episode_outing,False,7f6d93243a7e47d3a78948198dce6f30,bb4dcd5a4c431b74b20b93b9ff6ea5e6af09e5ea1ebcb52b60595efbdde9d59a
717387,554430,96,2023-07-16,train,FF,spin_axis_sin,unclassified_dominant_feature,,9,,0.0,censored,False,7f6d93243a7e47d3a78948198dce6f30,bb4dcd5a4c431b74b20b93b9ff6ea5e6af09e5ea1ebcb52b60595efbdde9d59a
717391,656302,89,2023-07-16,train,FF,pfx_x,unclassified_dominant_feature,,8,,0.0,censored,False,7f6d93243a7e47d3a78948198dce6f30,bb4dcd5a4c431b74b20b93b9ff6ea5e6af09e5ea1ebcb52b60595efbdde9d59a
717391,656302,92,2023-07-16,train,SL,release_speed,positive,1.0,9,1.0,2.0,censored,False,7f6d93243a7e47d3a78948198dce6f30,bb4dcd5a4c431b74b20b93b9ff6ea5e6af09e5ea1ebcb52b60595efbdde9d59a
717391,656302,97,2023-07-16,train,SL,release_speed,positive,1.0,9,1.0,2.0,censored,False,7f6d93243a7e47d3a78948198dce6f30,bb4dcd5a4c431b74b20b93b9ff6ea5e6af09e5ea1ebcb52b60595efbdde9d59a
717398,670912,81,2023-07-15,train,FF,spin_axis_cos,unclassified_dominant_feature,,8,,0.0,false_warning_episode_outing,False,7f6d93243a7e47d3a78948198dce6f30,bb4dcd5a4c431b74b20b93b9ff6ea5e6af09e5ea1ebcb52b60595efbdde9d59a
717401,502043,78,2023-07-15,train,CH,release_speed,negative,0.0,7,0.6666666666666666,6.0,censored,False,7f6d93243a7e47d3a78948198dce6f30,bb4dcd5a4c431b74b20b93b9ff6ea5e6af09e5ea1ebcb52b60595efbdde9d59a
717401,666129,78,2023-07-15,train,CU,release_extension,positive,1.0,7,1.0,1.0,false_warning_episode_outing,False,7f6d93243a7e47d3a78948198dce6f30,bb4dcd5a4c431b74b20b93b9ff6ea5e6af09e5ea1ebcb52b60595efbdde9d59a
717403,573186,84,2023-07-15,train,FF,spin_axis_cos,unclassified_dominant_feature,,8,,,censored,False,7f6d93243a7e47d3a78948198dce6f30,bb4dcd5a4c431b74b20b93b9ff6ea5e6af09e5ea1ebcb52b60595efbdde9d59a
717406,593958,81,2023-07-14,train,FC,release_speed,positive,1.0,8,1.0,1.0,false_warning_episode_outing,False,7f6d93243a7e47d3a78948198dce6f30,bb4dcd5a4c431b74b20b93b9ff6ea5e6af09e5ea1ebcb52b60595efbdde9d59a
717412,669203,83,2023-07-14,train,SI,release_spin_rate,negative,0.0,8,0.0,2.0,false_warning_episode_outing,False,7f6d93243a7e47d3a78948198dce6f30,bb4dcd5a4c431b74b20b93b9ff6ea5e6af09e5ea1ebcb52b60595efbdde9d59a
717412,669203,102,2023-07-14,train,FC,pfx_x,unclassified_dominant_feature,,10,,,censored,False,7f6d93243a7e47d3a78948198dce6f30,bb4dcd5a4c431b74b20b93b9ff6ea5e6af09e5ea1ebcb52b60595efbdde9d59a
717415,650644,70,2023-07-14,train,FC,release_speed,negative,0.0,6,0.5,4.0,censored,False,7f6d93243a7e47d3a78948198dce6f30,bb4dcd5a4c431b74b20b93b9ff6ea5e6af09e5ea1ebcb52b60595efbdde9d59a
717420,669194,86,2023-07-14,train,FF,spin_axis_sin,unclassified_dominant_feature,,8,,0.0,matched,False,7f6d93243a7e47d3a78948198dce6f30,bb4dcd5a4c431b74b20b93b9ff6ea5e6af09e5ea1ebcb52b60595efbdde9d59a
717422,607536,60,2023-07-09,train,CH,pfx_z,unclassified_dominant_feature,,5,,0.0,false_warning_episode_outing,False,7f6d93243a7e47d3a78948198dce6f30,bb4dcd5a4c431b74b20b93b9ff6ea5e6af09e5ea1ebcb52b60595efbdde9d59a
717422,657277,74,2023-07-09,train,SI,release_spin_rate,positive,1.0,7,0.2222222222222222,9.0,matched,False,7f6d93243a7e47d3a78948198dce6f30,bb4dcd5a4c431b74b20b93b9ff6ea5e6af09e5ea1ebcb52b60595efbdde9d59a
717423,605397,77,2023-07-09,train,CU,spin_axis_cos,unclassified_dominant_feature,,7,,0.0,censored,False,7f6d93243a7e47d3a78948198dce6f30,bb4dcd5a4c431b74b20b93b9ff6ea5e6af09e5ea1ebcb52b60595efbdde9d59a
717423,605397,82,2023-07-09,train,CU,spin_axis_sin,unclassified_dominant_feature,,8,,0.0,censored,False,7f6d93243a7e47d3a78948198dce6f30,bb4dcd5a4c431b74b20b93b9ff6ea5e6af09e5ea1ebcb52b60595efbdde9d59a
717427,594902,56,2023-07-09,train,FF,spin_axis_sin,unclassified_dominant_feature,,5,,0.0,false_warning_episode_outing,False,7f6d93243a7e47d3a78948198dce6f30,bb4dcd5a4c431b74b20b93b9ff6ea5e6af09e5ea1ebcb52b60595efbdde9d59a
717428,502043,69,2023-07-09,train,CU,spin_axis_cos,unclassified_dominant_feature,,6,,0.0,false_warning_episode_outing,False,7f6d93243a7e47d3a78948198dce6f30,bb4dcd5a4c431b74b20b93b9ff6ea5e6af09e5ea1ebcb52b60595efbdde9d59a
717432,641540,72,2023-07-09,train,SL,spin_axis_sin,unclassified_dominant_feature,,7,,0.0,matched,False,7f6d93243a7e47d3a78948198dce6f30,bb4dcd5a4c431b74b20b93b9ff6ea5e6af09e5ea1ebcb52b60595efbdde9d59a
717432,641540,77,2023-07-09,train,SI,release_speed,positive,1.0,7,0.2,5.0,false_warning_episode_outing,False,7f6d93243a7e47d3a78948198dce6f30,bb4dcd5a4c431b74b20b93b9ff6ea5e6af09e5ea1ebcb52b60595efbdde9d59a
717432,641540,84,2023-07-09,train,SL,spin_axis_sin,unclassified_dominant_feature,,8,,0.0,false_warning_episode_outing,False,7f6d93243a7e47d3a78948198dce6f30,bb4dcd5a4c431b74b20b93b9ff6ea5e6af09e5ea1ebcb52b60595efbdde9d59a
717433,543294,74,2023-07-09,train,SI,pfx_x,unclassified_dominant_feature,,7,,0.0,false_warning_episode_outing,False,7f6d93243a7e47d3a78948198dce6f30,bb4dcd5a4c431b74b20b93b9ff6ea5e6af09e5ea1ebcb52b60595efbdde9d59a
717436,656849,80,2023-07-08,train,CU,spin_axis_cos,unclassified_dominant_feature,,7,,0.0,censored,False,7f6d93243a7e47d3a78948198dce6f30,bb4dcd5a4c431b74b20b93b9ff6ea5e6af09e5ea1ebcb52b60595efbdde9d59a
717438,666129,75,2023-07-08,train,SI,pfx_x,unclassified_dominant_feature,,7,,0.0,false_warning_episode_outing,False,7f6d93243a7e47d3a78948198dce6f30,bb4dcd5a4c431b74b20b93b9ff6ea5e6af09e5ea1ebcb52b60595efbdde9d59a
717441,675911,68,2023-07-08,train,SL,pfx_z,unclassified_dominant_feature,,6,,0.0,false_warning_episode_outing,False,7f6d93243a7e47d3a78948198dce6f30,bb4dcd5a4c431b74b20b93b9ff6ea5e6af09e5ea1ebcb52b60595efbdde9d59a
717442,592332,78,2023-07-08,train,FF,spin_axis_cos,unclassified_dominant_feature,,7,,0.0,false_warning_episode_outing,False,7f6d93243a7e47d3a78948198dce6f30,bb4dcd5a4c431b74b20b93b9ff6ea5e6af09e5ea1ebcb52b60595efbdde9d59a
717443,663903,86,2023-07-08,train,SL,release_speed,negative,0.0,8,0.14285714285714285,14.0,false_warning_episode_outing,False,7f6d93243a7e47d3a78948198dce6f30,bb4dcd5a4c431b74b20b93b9ff6ea5e6af09e5ea1ebcb52b60595efbdde9d59a
717447,543037,72,2023-07-08,train,FF,pfx_z,unclassified_dominant_feature,,7,,0.0,false_warning_episode_outing,False,7f6d93243a7e47d3a78948198dce6f30,bb4dcd5a4c431b74b20b93b9ff6ea5e6af09e5ea1ebcb52b60595efbdde9d59a
717455,656302,98,2023-07-07,train,KC,spin_axis_cos,unclassified_dominant_feature,,9,,,censored,False,7f6d93243a7e47d3a78948198dce6f30,bb4dcd5a4c431b74b20b93b9ff6ea5e6af09e5ea1ebcb52b60595efbdde9d59a
717455,656302,104,2023-07-07,train,KC,pfx_z,unclassified_dominant_feature,,10,,,censored,False,7f6d93243a7e47d3a78948198dce6f30,bb4dcd5a4c431b74b20b93b9ff6ea5e6af09e5ea1ebcb52b60595efbdde9d59a
717459,669203,78,2023-07-07,train,SL,spin_axis_cos,unclassified_dominant_feature,,7,,0.0,matched,False,7f6d93243a7e47d3a78948198dce6f30,bb4dcd5a4c431b74b20b93b9ff6ea5e6af09e5ea1ebcb52b60595efbdde9d59a
717459,669203,83,2023-07-07,train,SI,pfx_z,unclassified_dominant_feature,,8,,0.0,false_warning_episode_outing,False,7f6d93243a7e47d3a78948198dce6f30,bb4dcd5a4c431b74b20b93b9ff6ea5e6af09e5ea1ebcb52b60595efbdde9d59a
717462,670912,74,2023-07-06,train,CU,pfx_z,unclassified_dominant_feature,,7,,0.0,false_warning_episode_outing,False,7f6d93243a7e47d3a78948198dce6f30,bb4dcd5a4c431b74b20b93b9ff6ea5e6af09e5ea1ebcb52b60595efbdde9d59a
717463,650644,88,2023-07-07,train,FC,spin_axis_cos,unclassified_dominant_feature,,8,,0.0,censored,True,7f6d93243a7e47d3a78948198dce6f30,bb4dcd5a4c431b74b20b93b9ff6ea5e6af09e5ea1ebcb52b60595efbdde9d59a
717466,554430,80,2023-07-07,train,SI,release_pos_z,negative,0.0,7,0.0,9.0,false_warning_episode_outing,False,7f6d93243a7e47d3a78948198dce6f30,bb4dcd5a4c431b74b20b93b9ff6ea5e6af09e5ea1ebcb52b60595efbdde9d59a
717473,656427,72,2023-07-06,train,FF,release_extension,positive,1.0,7,1.0,4.0,matched,False,7f6d93243a7e47d3a78948198dce6f30,bb4dcd5a4c431b74b20b93b9ff6ea5e6af09e5ea1ebcb52b60595efbdde9d59a
717473,656427,102,2023-07-06,train,FF,spin_axis_sin,unclassified_dominant_feature,,10,,0.0,matched,False,7f6d93243a7e47d3a78948198dce6f30,bb4dcd5a4c431b74b20b93b9ff6ea5e6af09e5ea1ebcb52b60595efbdde9d59a
717474,573186,69,2023-07-06,train,FF,release_extension,positive,1.0,6,1.0,2.0,matched,False,7f6d93243a7e47d3a78948198dce6f30,bb4dcd5a4c431b74b20b93b9ff6ea5e6af09e5ea1ebcb52b60595efbdde9d59a
717480,579328,74,2023-07-06,train,FF,pfx_z,unclassified_dominant_feature,,7,,0.0,censored,False,7f6d93243a7e47d3a78948198dce6f30,bb4dcd5a4c431b74b20b93b9ff6ea5e6af09e5ea1ebcb52b60595efbdde9d59a
717485,593958,74,2023-07-05,train,SI,release_pos_z,negative,0.0,7,0.0,1.0,censored,False,7f6d93243a7e47d3a78948198dce6f30,bb4dcd5a4c431b74b20b93b9ff6ea5e6af09e5ea1ebcb52b60595efbdde9d59a
717497,605397,71,2023-07-04,train,CH,pfx_z,unclassified_dominant_feature,,7,,0.0,false_warning_episode_outing,False,7f6d93243a7e47d3a78948198dce6f30,bb4dcd5a4c431b74b20b93b9ff6ea5e6af09e5ea1ebcb52b60595efbdde9d59a
717499,605400,77,2023-07-04,train,FC,release_extension,positive,1.0,7,1.0,3.0,false_warning_episode_outing,False,7f6d93243a7e47d3a78948198dce6f30,bb4dcd5a4c431b74b20b93b9ff6ea5e6af09e5ea1ebcb52b60595efbdde9d59a
717501,641540,86,2023-07-04,train,SL,spin_axis_cos,unclassified_dominant_feature,,8,,0.0,censored,False,7f6d93243a7e47d3a78948198dce6f30,bb4dcd5a4c431b74b20b93b9ff6ea5e6af09e5ea1ebcb52b60595efbdde9d59a
717501,641540,89,2023-07-04,train,CH,release_extension,positive,1.0,8,,,censored,False,7f6d93243a7e47d3a78948198dce6f30,bb4dcd5a4c431b74b20b93b9ff6ea5e6af09e5ea1ebcb52b60595efbdde9d59a
717503,543294,74,2023-07-04,train,SI,spin_axis_sin,unclassified_dominant_feature,,7,,0.0,false_warning_episode_outing,False,7f6d93243a7e47d3a78948198dce6f30,bb4dcd5a4c431b74b20b93b9ff6ea5e6af09e5ea1ebcb52b60595efbdde9d59a
717504,607536,77,2023-07-04,train,CH,release_speed,negative,0.0,7,0.0,3.0,matched,False,7f6d93243a7e47d3a78948198dce6f30,bb4dcd5a4c431b74b20b93b9ff6ea5e6af09e5ea1ebcb52b60595efbdde9d59a
717508,502043,59,2023-07-04,train,FF,release_extension,negative,0.0,5,0.25,4.0,matched,False,7f6d93243a7e47d3a78948198dce6f30,bb4dcd5a4c431b74b20b93b9ff6ea5e6af09e5ea1ebcb52b60595efbdde9d59a
717514,664299,63,2023-07-03,train,FF,release_extension,positive,1.0,6,1.0,5.0,false_warning_episode_outing,False,7f6d93243a7e47d3a78948198dce6f30,bb4dcd5a4c431b74b20b93b9ff6ea5e6af09e5ea1ebcb52b60595efbdde9d59a
717515,666129,70,2023-07-03,train,SI,release_extension,negative,0.0,6,0.5,6.0,false_warning_episode_outing,False,7f6d93243a7e47d3a78948198dce6f30,bb4dcd5a4c431b74b20b93b9ff6ea5e6af09e5ea1ebcb52b60595efbdde9d59a
717516,657277,87,2023-07-03,train,CH,pfx_z,unclassified_dominant_feature,,8,,0.0,censored,False,7f6d93243a7e47d3a78948198dce6f30,bb4dcd5a4c431b74b20b93b9ff6ea5e6af09e5ea1ebcb52b60595efbdde9d59a
717521,650644,84,2023-07-02,train,FC,release_spin_rate,negative,0.0,8,0.0,2.0,censored,False,7f6d93243a7e47d3a78948198dce6f30,bb4dcd5a4c431b74b20b93b9ff6ea5e6af09e5ea1ebcb52b60595efbdde9d59a
717524,543037,94,2023-07-02,train,FF,spin_axis_cos,unclassified_dominant_feature,,9,,,censored,False,7f6d93243a7e47d3a78948198dce6f30,bb4dcd5a4c431b74b20b93b9ff6ea5e6af09e5ea1ebcb52b60595efbdde9d59a
717527,663903,99,2023-07-02,train,SL,spin_axis_cos,unclassified_dominant_feature,,9,,0.0,censored,False,7f6d93243a7e47d3a78948198dce6f30,bb4dcd5a4c431b74b20b93b9ff6ea5e6af09e5ea1ebcb52b60595efbdde9d59a
717530,592332,87,2023-07-02,train,FF,spin_axis_sin,unclassified_dominant_feature,,8,,0.0,matched,False,7f6d93243a7e47d3a78948198dce6f30,bb4dcd5a4c431b74b20b93b9ff6ea5e6af09e5ea1ebcb52b60595efbdde9d59a
717532,675911,86,2023-07-02,train,FF,release_speed,positive,1.0,8,0.5,14.0,false_warning_clean_outing,True,7f6d93243a7e47d3a78948198dce6f30,bb4dcd5a4c431b74b20b93b9ff6ea5e6af09e5ea1ebcb52b60595efbdde9d59a
717533,542881,59,2023-07-01,train,CH,spin_axis_cos,unclassified_dominant_feature,,5,,0.0,false_warning_episode_outing,False,7f6d93243a7e47d3a78948198dce6f30,bb4dcd5a4c431b74b20b93b9ff6ea5e6af09e5ea1ebcb52b60595efbdde9d59a
717533,669194,69,2023-07-01,train,CH,pfx_x,unclassified_dominant_feature,,6,,0.0,false_warning_episode_outing,False,7f6d93243a7e47d3a78948198dce6f30,bb4dcd5a4c431b74b20b93b9ff6ea5e6af09e5ea1ebcb52b60595efbdde9d59a
717533,669194,76,2023-07-01,train,FC,release_pos_x,unclassified_dominant_feature,,7,,0.0,censored,False,7f6d93243a7e47d3a78948198dce6f30,bb4dcd5a4c431b74b20b93b9ff6ea5e6af09e5ea1ebcb52b60595efbdde9d59a
717540,669203,74,2023-07-01,train,CH,spin_axis_sin,unclassified_dominant_feature,,7,,0.0,matched,False,7f6d93243a7e47d3a78948198dce6f30,bb4dcd5a4c431b74b20b93b9ff6ea5e6af09e5ea1ebcb52b60595efbdde9d59a
717540,670912,91,2023-07-01,train,FF,release_speed,negative,0.0,9,0.0,2.0,false_warning_episode_outing,False,7f6d93243a7e47d3a78948198dce6f30,bb4dcd5a4c431b74b20b93b9ff6ea5e6af09e5ea1ebcb52b60595efbdde9d59a
717545,622663,67,2023-07-01,train,CH,release_pos_z,positive,1.0,6,1.0,2.0,matched,False,7f6d93243a7e47d3a78948198dce6f30,bb4dcd5a4c431b74b20b93b9ff6ea5e6af09e5ea1ebcb52b60595efbdde9d59a
717545,656427,72,2023-07-01,train,FC,spin_axis_sin,unclassified_dominant_feature,,7,,0.0,false_warning_episode_outing,False,7f6d93243a7e47d3a78948198dce6f30,bb4dcd5a4c431b74b20b93b9ff6ea5e6af09e5ea1ebcb52b60595efbdde9d59a
717546,573186,82,2023-07-01,train,SV,pfx_x,unclassified_dominant_feature,,8,,0.0,censored,False,7f6d93243a7e47d3a78948198dce6f30,bb4dcd5a4c431b74b20b93b9ff6ea5e6af09e5ea1ebcb52b60595efbdde9d59a
717547,579328,83,2023-07-01,train,FF,spin_axis_sin,unclassified_dominant_feature,,8,,0.0,false_warning_episode_outing,False,7f6d93243a7e47d3a78948198dce6f30,bb4dcd5a4c431b74b20b93b9ff6ea5e6af09e5ea1ebcb52b60595efbdde9d59a
717560,663776,44,2023-06-29,train,SL,vaa,unclassified_dominant_feature,,4,,0.0,matched,False,7f6d93243a7e47d3a78948198dce6f30,bb4dcd5a4c431b74b20b93b9ff6ea5e6af09e5ea1ebcb52b60595efbdde9d59a
717560,663776,52,2023-06-29,train,CU,release_pos_x,unclassified_dominant_feature,,5,,0.0,matched,False,7f6d93243a7e47d3a78948198dce6f30,bb4dcd5a4c431b74b20b93b9ff6ea5e6af09e5ea1ebcb52b60595efbdde9d59a
717560,663776,62,2023-06-29,train,FF,spin_axis_sin,unclassified_dominant_feature,,6,,0.0,false_warning_episode_outing,False,7f6d93243a7e47d3a78948198dce6f30,bb4dcd5a4c431b74b20b93b9ff6ea5e6af09e5ea1ebcb52b60595efbdde9d59a
717560,663776,75,2023-06-29,train,FF,spin_axis_sin,unclassified_dominant_feature,,7,,0.0,false_warning_episode_outing,False,7f6d93243a7e47d3a78948198dce6f30,bb4dcd5a4c431b74b20b93b9ff6ea5e6af09e5ea1ebcb52b60595efbdde9d59a
717560,663776,85,2023-06-29,train,CH,release_spin_rate,negative,0.0,8,0.0,2.0,censored,False,7f6d93243a7e47d3a78948198dce6f30,bb4dcd5a4c431b74b20b93b9ff6ea5e6af09e5ea1ebcb52b60595efbdde9d59a
717560,663776,88,2023-06-29,train,FF,spin_axis_sin,unclassified_dominant_feature,,8,,0.0,censored,False,7f6d93243a7e47d3a78948198dce6f30,bb4dcd5a4c431b74b20b93b9ff6ea5e6af09e5ea1ebcb52b60595efbdde9d59a
717560,663776,92,2023-06-29,train,CH,release_pos_z,negative,0.0,9,0.0,1.0,censored,False,7f6d93243a7e47d3a78948198dce6f30,bb4dcd5a4c431b74b20b93b9ff6ea5e6af09e5ea1ebcb52b60595efbdde9d59a
717560,663776,94,2023-06-29,train,CH,release_pos_z,negative,0.0,9,0.0,1.0,censored,False,7f6d93243a7e47d3a78948198dce6f30,bb4dcd5a4c431b74b20b93b9ff6ea5e6af09e5ea1ebcb52b60595efbdde9d59a
717571,605397,86,2023-06-29,train,CU,spin_axis_sin,unclassified_dominant_feature,,8,,0.0,censored,False,7f6d93243a7e47d3a78948198dce6f30,bb4dcd5a4c431b74b20b93b9ff6ea5e6af09e5ea1ebcb52b60595efbdde9d59a
717577,671106,65,2023-06-28,train,CH,release_extension,negative,0.0,6,0.16666666666666666,6.0,false_warning_episode_outing,False,7f6d93243a7e47d3a78948198dce6f30,bb4dcd5a4c431b74b20b93b9ff6ea5e6af09e5ea1ebcb52b60595efbdde9d59a
717578,607536,93,2023-06-28,train,SI,release_speed,negative,0.0,9,1.0,1.0,censored,False,7f6d93243a7e47d3a78948198dce6f30,bb4dcd5a4c431b74b20b93b9ff6ea5e6af09e5ea1ebcb52b60595efbdde9d59a
717580,641540,73,2023-06-28,train,CH,release_speed,negative,0.0,7,0.0,4.0,false_warning_episode_outing,False,7f6d93243a7e47d3a78948198dce6f30,bb4dcd5a4c431b74b20b93b9ff6ea5e6af09e5ea1ebcb52b60595efbdde9d59a
717580,641540,80,2023-06-28,train,SI,release_speed,negative,0.0,7,0.2,5.0,false_warning_episode_outing,False,7f6d93243a7e47d3a78948198dce6f30,bb4dcd5a4c431b74b20b93b9ff6ea5e6af09e5ea1ebcb52b60595efbdde9d59a
717583,666129,64,2023-06-28,train,ST,spin_axis_cos,unclassified_dominant_feature,,6,,0.0,censored,False,7f6d93243a7e47d3a78948198dce6f30,bb4dcd5a4c431b74b20b93b9ff6ea5e6af09e5ea1ebcb52b60595efbdde9d59a
717584,605400,83,2023-06-28,train,SI,pfx_z,unclassified_dominant_feature,,8,,0.0,matched,False,7f6d93243a7e47d3a78948198dce6f30,bb4dcd5a4c431b74b20b93b9ff6ea5e6af09e5ea1ebcb52b60595efbdde9d59a
717586,657277,73,2023-06-28,train,CH,release_spin_rate,positive,1.0,7,0.3333333333333333,18.0,matched,False,7f6d93243a7e47d3a78948198dce6f30,bb4dcd5a4c431b74b20b93b9ff6ea5e6af09e5ea1ebcb52b60595efbdde9d59a
717589,502043,84,2023-06-28,train,FF,vaa,unclassified_dominant_feature,,8,,,censored,False,7f6d93243a7e47d3a78948198dce6f30,bb4dcd5a4c431b74b20b93b9ff6ea5e6af09e5ea1ebcb52b60595efbdde9d59a
717591,663903,90,2023-06-27,train,SL,release_pos_z,negative,0.0,8,0.0,1.0,censored,False,7f6d93243a7e47d3a78948198dce6f30,bb4dcd5a4c431b74b20b93b9ff6ea5e6af09e5ea1ebcb52b60595efbdde9d59a
717597,656849,60,2023-06-27,train,SI,pfx_x,unclassified_dominant_feature,,5,,0.0,matched,False,7f6d93243a7e47d3a78948198dce6f30,bb4dcd5a4c431b74b20b93b9ff6ea5e6af09e5ea1ebcb52b60595efbdde9d59a
717604,592332,80,2023-06-27,train,FS,pfx_z,unclassified_dominant_feature,,7,,0.0,false_warning_episode_outing,False,7f6d93243a7e47d3a78948198dce6f30,bb4dcd5a4c431b74b20b93b9ff6ea5e6af09e5ea1ebcb52b60595efbdde9d59a
717608,656302,71,2023-06-26,train,SL,vaa,unclassified_dominant_feature,,7,,0.0,false_warning_episode_outing,False,7f6d93243a7e47d3a78948198dce6f30,bb4dcd5a4c431b74b20b93b9ff6ea5e6af09e5ea1ebcb52b60595efbdde9d59a
717608,656302,81,2023-06-26,train,KC,pfx_x,unclassified_dominant_feature,,8,,0.0,false_warning_episode_outing,False,7f6d93243a7e47d3a78948198dce6f30,bb4dcd5a4c431b74b20b93b9ff6ea5e6af09e5ea1ebcb52b60595efbdde9d59a
717609,675911,84,2023-06-26,train,FF,release_speed,positive,1.0,8,0.5,14.0,false_warning_episode_outing,False,7f6d93243a7e47d3a78948198dce6f30,bb4dcd5a4c431b74b20b93b9ff6ea5e6af09e5ea1ebcb52b60595efbdde9d59a
717612,669194,63,2023-06-25,train,CH,release_extension,negative,0.0,6,0.25,4.0,false_warning_episode_outing,False,7f6d93243a7e47d3a78948198dce6f30,bb4dcd5a4c431b74b20b93b9ff6ea5e6af09e5ea1ebcb52b60595efbdde9d59a
717612,669194,69,2023-06-25,train,FF,release_pos_z,positive,1.0,6,0.625,8.0,false_warning_episode_outing,False,7f6d93243a7e47d3a78948198dce6f30,bb4dcd5a4c431b74b20b93b9ff6ea5e6af09e5ea1ebcb52b60595efbdde9d59a
717613,650644,81,2023-06-25,train,FF,spin_axis_cos,unclassified_dominant_feature,,8,,0.0,censored,False,7f6d93243a7e47d3a78948198dce6f30,bb4dcd5a4c431b74b20b93b9ff6ea5e6af09e5ea1ebcb52b60595efbdde9d59a
717613,669203,76,2023-06-25,train,CH,spin_axis_sin,unclassified_dominant_feature,,7,,0.0,matched,False,7f6d93243a7e47d3a78948198dce6f30,bb4dcd5a4c431b74b20b93b9ff6ea5e6af09e5ea1ebcb52b60595efbdde9d59a
717616,542881,73,2023-06-25,train,FF,spin_axis_sin,unclassified_dominant_feature,,7,,0.0,false_warning_episode_outing,False,7f6d93243a7e47d3a78948198dce6f30,bb4dcd5a4c431b74b20b93b9ff6ea5e6af09e5ea1ebcb52b60595efbdde9d59a
717617,579328,72,2023-06-25,train,FF,pfx_x,unclassified_dominant_feature,,7,,0.0,false_warning_episode_outing,False,7f6d93243a7e47d3a78948198dce6f30,bb4dcd5a4c431b74b20b93b9ff6ea5e6af09e5ea1ebcb52b60595efbdde9d59a
717620,670912,78,2023-06-25,train,SL,release_pos_x,unclassified_dominant_feature,,7,,0.0,matched,False,7f6d93243a7e47d3a78948198dce6f30,bb4dcd5a4c431b74b20b93b9ff6ea5e6af09e5ea1ebcb52b60595efbdde9d59a
717620,670912,84,2023-06-25,train,CU,spin_axis_cos,unclassified_dominant_feature,,8,,0.0,false_warning_episode_outing,False,7f6d93243a7e47d3a78948198dce6f30,bb4dcd5a4c431b74b20b93b9ff6ea5e6af09e5ea1ebcb52b60595efbdde9d59a
717622,543037,92,2023-06-25,train,FF,spin_axis_sin,unclassified_dominant_feature,,9,,0.0,matched,False,7f6d93243a7e47d3a78948198dce6f30,bb4dcd5a4c431b74b20b93b9ff6ea5e6af09e5ea1ebcb52b60595efbdde9d59a
717622,543037,100,2023-06-25,train,FF,pfx_x,unclassified_dominant_feature,,9,,0.0,false_warning_episode_outing,False,7f6d93243a7e47d3a78948198dce6f30,bb4dcd5a4c431b74b20b93b9ff6ea5e6af09e5ea1ebcb52b60595efbdde9d59a
717624,554430,77,2023-06-25,train,ST,release_pos_z,negative,0.0,7,0.0,4.0,matched,False,7f6d93243a7e47d3a78948198dce6f30,bb4dcd5a4c431b74b20b93b9ff6ea5e6af09e5ea1ebcb52b60595efbdde9d59a
717624,554430,103,2023-06-25,train,FF,release_speed,negative,0.0,10,0.0,1.0,false_warning_episode_outing,False,7f6d93243a7e47d3a78948198dce6f30,bb4dcd5a4c431b74b20b93b9ff6ea5e6af09e5ea1ebcb52b60595efbdde9d59a
717636,622663,74,2023-06-24,train,FF,release_extension,positive,1.0,7,1.0,1.0,false_warning_episode_outing,False,7f6d93243a7e47d3a78948198dce6f30,bb4dcd5a4c431b74b20b93b9ff6ea5e6af09e5ea1ebcb52b60595efbdde9d59a
717641,657277,68,2023-06-23,train,ST,spin_axis_cos,unclassified_dominant_feature,,6,,0.0,false_warning_episode_outing,False,7f6d93243a7e47d3a78948198dce6f30,bb4dcd5a4c431b74b20b93b9ff6ea5e6af09e5ea1ebcb52b60595efbdde9d59a
717641,657277,87,2023-06-23,train,CH,release_extension,negative,0.0,8,0.5,6.0,censored,False,7f6d93243a7e47d3a78948198dce6f30,bb4dcd5a4c431b74b20b93b9ff6ea5e6af09e5ea1ebcb52b60595efbdde9d59a
717641,657277,89,2023-06-23,train,ST,spin_axis_cos,unclassified_dominant_feature,,8,,,censored,False,7f6d93243a7e47d3a78948198dce6f30,bb4dcd5a4c431b74b20b93b9ff6ea5e6af09e5ea1ebcb52b60595efbdde9d59a
717641,657277,97,2023-06-23,train,FF,release_extension,negative,0.0,9,,,censored,False,7f6d93243a7e47d3a78948198dce6f30,bb4dcd5a4c431b74b20b93b9ff6ea5e6af09e5ea1ebcb52b60595efbdde9d59a
717644,607536,77,2023-06-23,train,KC,spin_axis_sin,unclassified_dominant_feature,,7,,0.0,false_warning_episode_outing,False,7f6d93243a7e47d3a78948198dce6f30,bb4dcd5a4c431b74b20b93b9ff6ea5e6af09e5ea1ebcb52b60595efbdde9d59a
717644,663776,67,2023-06-23,train,SL,spin_axis_sin,unclassified_dominant_feature,,6,,0.0,matched,False,7f6d93243a7e47d3a78948198dce6f30,bb4dcd5a4c431b74b20b93b9ff6ea5e6af09e5ea1ebcb52b60595efbdde9d59a
717644,663776,82,2023-06-23,train,SL,spin_axis_cos,unclassified_dominant_feature,,8,,0.0,false_warning_episode_outing,False,7f6d93243a7e47d3a78948198dce6f30,bb4dcd5a4c431b74b20b93b9ff6ea5e6af09e5ea1ebcb52b60595efbdde9d59a
717644,663776,91,2023-06-23,train,SI,pfx_x,unclassified_dominant_feature,,9,,0.0,false_warning_episode_outing,False,7f6d93243a7e47d3a78948198dce6f30,bb4dcd5a4c431b74b20b93b9ff6ea5e6af09e5ea1ebcb52b60595efbdde9d59a
717651,502043,80,2023-06-23,train,SI,spin_axis_cos,unclassified_dominant_feature,,7,,0.0,false_warning_episode_outing,False,7f6d93243a7e47d3a78948198dce6f30,bb4dcd5a4c431b74b20b93b9ff6ea5e6af09e5ea1ebcb52b60595efbdde9d59a
717654,666129,80,2023-06-22,train,SL,spin_axis_cos,unclassified_dominant_feature,,7,,0.0,censored,False,7f6d93243a7e47d3a78948198dce6f30,bb4dcd5a4c431b74b20b93b9ff6ea5e6af09e5ea1ebcb52b60595efbdde9d59a
717655,641540,77,2023-06-23,train,FC,spin_axis_cos,unclassified_dominant_feature,,7,,0.0,matched,False,7f6d93243a7e47d3a78948198dce6f30,bb4dcd5a4c431b74b20b93b9ff6ea5e6af09e5ea1ebcb52b60595efbdde9d59a
717655,641540,86,2023-06-23,train,CH,release_speed,negative,0.0,8,0.0,2.0,false_warning_episode_outing,False,7f6d93243a7e47d3a78948198dce6f30,bb4dcd5a4c431b74b20b93b9ff6ea5e6af09e5ea1ebcb52b60595efbdde9d59a
717657,605400,75,2023-06-22,train,FF,release_spin_rate,negative,0.0,7,0.5,2.0,false_warning_episode_outing,False,7f6d93243a7e47d3a78948198dce6f30,bb4dcd5a4c431b74b20b93b9ff6ea5e6af09e5ea1ebcb52b60595efbdde9d59a
717667,527048,83,2023-06-21,train,SI,release_extension,positive,1.0,8,1.0,1.0,matched,False,7f6d93243a7e47d3a78948198dce6f30,bb4dcd5a4c431b74b20b93b9ff6ea5e6af09e5ea1ebcb52b60595efbdde9d59a
717668,663903,79,2023-06-21,train,SI,release_speed,negative,0.0,7,0.0,11.0,false_warning_episode_outing,False,7f6d93243a7e47d3a78948198dce6f30,bb4dcd5a4c431b74b20b93b9ff6ea5e6af09e5ea1ebcb52b60595efbdde9d59a
717671,543294,84,2023-06-21,train,CH,pfx_z,unclassified_dominant_feature,,8,,0.0,false_warning_episode_outing,False,7f6d93243a7e47d3a78948198dce6f30,bb4dcd5a4c431b74b20b93b9ff6ea5e6af09e5ea1ebcb52b60595efbdde9d59a
717675,656302,82,2023-06-20,train,SL,release_spin_rate,positive,1.0,8,0.6666666666666666,9.0,false_warning_episode_outing,False,7f6d93243a7e47d3a78948198dce6f30,bb4dcd5a4c431b74b20b93b9ff6ea5e6af09e5ea1ebcb52b60595efbdde9d59a
717676,592332,83,2023-06-21,train,FS,release_spin_rate,negative,0.0,8,0.125,24.0,matched,False,7f6d93243a7e47d3a78948198dce6f30,bb4dcd5a4c431b74b20b93b9ff6ea5e6af09e5ea1ebcb52b60595efbdde9d59a
717679,650644,93,2023-06-20,train,FC,spin_axis_sin,unclassified_dominant_feature,,9,,0.0,false_warning_episode_outing,False,7f6d93243a7e47d3a78948198dce6f30,bb4dcd5a4c431b74b20b93b9ff6ea5e6af09e5ea1ebcb52b60595efbdde9d59a
717679,650644,95,2023-06-20,train,CU,spin_axis_cos,unclassified_dominant_feature,,9,,0.0,false_warning_episode_outing,False,7f6d93243a7e47d3a78948198dce6f30,bb4dcd5a4c431b74b20b93b9ff6ea5e6af09e5ea1ebcb52b60595efbdde9d59a
717679,650644,100,2023-06-20,train,FC,spin_axis_sin,unclassified_dominant_feature,,9,,0.0,false_warning_episode_outing,False,7f6d93243a7e47d3a78948198dce6f30,bb4dcd5a4c431b74b20b93b9ff6ea5e6af09e5ea1ebcb52b60595efbdde9d59a
717684,543037,88,2023-06-20,train,KC,spin_axis_cos,unclassified_dominant_feature,,8,,0.0,false_warning_episode_outing,False,7f6d93243a7e47d3a78948198dce6f30,bb4dcd5a4c431b74b20b93b9ff6ea5e6af09e5ea1ebcb52b60595efbdde9d59a
717685,594902,78,2023-06-20,train,CH,release_extension,negative,0.0,7,0.0,1.0,false_warning_episode_outing,False,7f6d93243a7e47d3a78948198dce6f30,bb4dcd5a4c431b74b20b93b9ff6ea5e6af09e5ea1ebcb52b60595efbdde9d59a
717686,573186,67,2023-06-20,train,FS,pfx_x,unclassified_dominant_feature,,6,,0.0,false_warning_episode_outing,False,7f6d93243a7e47d3a78948198dce6f30,bb4dcd5a4c431b74b20b93b9ff6ea5e6af09e5ea1ebcb52b60595efbdde9d59a
717686,670912,83,2023-06-20,train,FF,release_pos_z,negative,0.0,8,0.16666666666666666,6.0,false_warning_episode_outing,False,7f6d93243a7e47d3a78948198dce6f30,bb4dcd5a4c431b74b20b93b9ff6ea5e6af09e5ea1ebcb52b60595efbdde9d59a
717686,670912,96,2023-06-20,train,SL,spin_axis_sin,unclassified_dominant_feature,,9,,0.0,censored,False,7f6d93243a7e47d3a78948198dce6f30,bb4dcd5a4c431b74b20b93b9ff6ea5e6af09e5ea1ebcb52b60595efbdde9d59a
717689,675911,92,2023-06-20,train,SL,vaa,unclassified_dominant_feature,,9,,0.0,censored,False,7f6d93243a7e47d3a78948198dce6f30,bb4dcd5a4c431b74b20b93b9ff6ea5e6af09e5ea1ebcb52b60595efbdde9d59a
717690,579328,84,2023-06-20,train,CH,release_spin_rate,negative,0.0,8,,,censored,False,7f6d93243a7e47d3a78948198dce6f30,bb4dcd5a4c431b74b20b93b9ff6ea5e6af09e5ea1ebcb52b60595efbdde9d59a
717699,656427,88,2023-06-19,train,FF,spin_axis_cos,unclassified_dominant_feature,,8,,0.0,matched,False,7f6d93243a7e47d3a78948198dce6f30,bb4dcd5a4c431b74b20b93b9ff6ea5e6af09e5ea1ebcb52b60595efbdde9d59a
717699,656427,95,2023-06-19,train,FF,release_pos_z,negative,0.0,9,0.0,1.0,false_warning_episode_outing,False,7f6d93243a7e47d3a78948198dce6f30,bb4dcd5a4c431b74b20b93b9ff6ea5e6af09e5ea1ebcb52b60595efbdde9d59a
717702,657277,94,2023-06-18,train,CH,release_pos_z,negative,0.0,9,0.0,11.0,matched,False,7f6d93243a7e47d3a78948198dce6f30,bb4dcd5a4c431b74b20b93b9ff6ea5e6af09e5ea1ebcb52b60595efbdde9d59a
717705,554430,70,2023-06-18,train,FF,spin_axis_sin,unclassified_dominant_feature,,6,,0.0,matched,False,7f6d93243a7e47d3a78948198dce6f30,bb4dcd5a4c431b74b20b93b9ff6ea5e6af09e5ea1ebcb52b60595efbdde9d59a
717712,542881,80,2023-06-18,train,FF,release_spin_rate,negative,0.0,7,0.75,4.0,false_warning_episode_outing,False,7f6d93243a7e47d3a78948198dce6f30,bb4dcd5a4c431b74b20b93b9ff6ea5e6af09e5ea1ebcb52b60595efbdde9d59a
717712,542881,85,2023-06-18,train,CH,release_extension,negative,0.0,8,1.0,1.0,censored,False,7f6d93243a7e47d3a78948198dce6f30,bb4dcd5a4c431b74b20b93b9ff6ea5e6af09e5ea1ebcb52b60595efbdde9d59a
717715,622663,58,2023-06-18,train,CH,spin_axis_cos,unclassified_dominant_feature,,5,,0.0,false_warning_episode_outing,False,7f6d93243a7e47d3a78948198dce6f30,bb4dcd5a4c431b74b20b93b9ff6ea5e6af09e5ea1ebcb52b60595efbdde9d59a
717723,641540,87,2023-06-17,train,FC,spin_axis_sin,unclassified_dominant_feature,,8,,0.0,censored,False,7f6d93243a7e47d3a78948198dce6f30,bb4dcd5a4c431b74b20b93b9ff6ea5e6af09e5ea1ebcb52b60595efbdde9d59a
717727,668881,95,2023-06-17,train,SL,pfx_z,unclassified_dominant_feature,,9,,0.0,false_warning_episode_outing,False,7f6d93243a7e47d3a78948198dce6f30,bb4dcd5a4c431b74b20b93b9ff6ea5e6af09e5ea1ebcb52b60595efbdde9d59a
717729,502043,92,2023-06-17,train,CH,pfx_z,unclassified_dominant_feature,,9,,0.0,false_warning_episode_outing,False,7f6d93243a7e47d3a78948198dce6f30,bb4dcd5a4c431b74b20b93b9ff6ea5e6af09e5ea1ebcb52b60595efbdde9d59a
717734,666129,80,2023-06-17,train,ST,spin_axis_cos,unclassified_dominant_feature,,7,,0.0,censored,False,7f6d93243a7e47d3a78948198dce6f30,bb4dcd5a4c431b74b20b93b9ff6ea5e6af09e5ea1ebcb52b60595efbdde9d59a
717736,663776,84,2023-06-16,train,FF,spin_axis_cos,unclassified_dominant_feature,,8,,0.0,false_warning_episode_outing,False,7f6d93243a7e47d3a78948198dce6f30,bb4dcd5a4c431b74b20b93b9ff6ea5e6af09e5ea1ebcb52b60595efbdde9d59a
717736,663776,89,2023-06-16,train,FF,spin_axis_sin,unclassified_dominant_feature,,8,,0.0,censored,False,7f6d93243a7e47d3a78948198dce6f30,bb4dcd5a4c431b74b20b93b9ff6ea5e6af09e5ea1ebcb52b60595efbdde9d59a
717736,663776,98,2023-06-16,train,SI,vaa,unclassified_dominant_feature,,9,,,censored,False,7f6d93243a7e47d3a78948198dce6f30,bb4dcd5a4c431b74b20b93b9ff6ea5e6af09e5ea1ebcb52b60595efbdde9d59a
717736,663776,102,2023-06-16,train,SL,pfx_z,unclassified_dominant_feature,,10,,0.0,censored,False,7f6d93243a7e47d3a78948198dce6f30,bb4dcd5a4c431b74b20b93b9ff6ea5e6af09e5ea1ebcb52b60595efbdde9d59a
717736,663903,81,2023-06-16,train,SI,pfx_x,unclassified_dominant_feature,,8,,0.0,censored,False,7f6d93243a7e47d3a78948198dce6f30,bb4dcd5a4c431b74b20b93b9ff6ea5e6af09e5ea1ebcb52b60595efbdde9d59a
717741,527048,83,2023-06-16,train,FC,spin_axis_cos,unclassified_dominant_feature,,8,,0.0,censored,False,7f6d93243a7e47d3a78948198dce6f30,bb4dcd5a4c431b74b20b93b9ff6ea5e6af09e5ea1ebcb52b60595efbdde9d59a
717741,592332,84,2023-06-16,train,SL,vaa,unclassified_dominant_feature,,8,,0.0,false_warning_episode_outing,False,7f6d93243a7e47d3a78948198dce6f30,bb4dcd5a4c431b74b20b93b9ff6ea5e6af09e5ea1ebcb52b60595efbdde9d59a
717747,573186,81,2023-06-15,train,SI,release_pos_x,unclassified_dominant_feature,,8,,0.0,false_warning_episode_outing,False,7f6d93243a7e47d3a78948198dce6f30,bb4dcd5a4c431b74b20b93b9ff6ea5e6af09e5ea1ebcb52b60595efbdde9d59a
717747,670912,67,2023-06-15,train,SI,release_pos_z,negative,0.0,6,0.0,1.0,matched,False,7f6d93243a7e47d3a78948198dce6f30,bb4dcd5a4c431b74b20b93b9ff6ea5e6af09e5ea1ebcb52b60595efbdde9d59a
717748,656302,86,2023-06-15,train,KC,spin_axis_sin,unclassified_dominant_feature,,8,,0.0,matched,False,7f6d93243a7e47d3a78948198dce6f30,bb4dcd5a4c431b74b20b93b9ff6ea5e6af09e5ea1ebcb52b60595efbdde9d59a
717748,656302,92,2023-06-15,train,FF,spin_axis_sin,unclassified_dominant_feature,,9,,0.0,matched,False,7f6d93243a7e47d3a78948198dce6f30,bb4dcd5a4c431b74b20b93b9ff6ea5e6af09e5ea1ebcb52b60595efbdde9d59a
717753,579328,75,2023-06-15,train,FF,pfx_x,unclassified_dominant_feature,,7,,0.0,matched,False,7f6d93243a7e47d3a78948198dce6f30,bb4dcd5a4c431b74b20b93b9ff6ea5e6af09e5ea1ebcb52b60595efbdde9d59a
717754,607536,72,2023-06-15,train,FC,vaa,unclassified_dominant_feature,,7,,0.0,matched,False,7f6d93243a7e47d3a78948198dce6f30,bb4dcd5a4c431b74b20b93b9ff6ea5e6af09e5ea1ebcb52b60595efbdde9d59a
717755,605400,74,2023-06-15,train,CH,spin_axis_cos,unclassified_dominant_feature,,7,,0.0,false_warning_episode_outing,False,7f6d93243a7e47d3a78948198dce6f30,bb4dcd5a4c431b74b20b93b9ff6ea5e6af09e5ea1ebcb52b60595efbdde9d59a
717764,594902,82,2023-06-14,train,SI,spin_axis_sin,unclassified_dominant_feature,,8,,,censored,False,7f6d93243a7e47d3a78948198dce6f30,bb4dcd5a4c431b74b20b93b9ff6ea5e6af09e5ea1ebcb52b60595efbdde9d59a
717764,594902,94,2023-06-14,train,SI,spin_axis_cos,unclassified_dominant_feature,,9,,,censored,False,7f6d93243a7e47d3a78948198dce6f30,bb4dcd5a4c431b74b20b93b9ff6ea5e6af09e5ea1ebcb52b60595efbdde9d59a
717766,543037,83,2023-06-14,train,SL,spin_axis_sin,unclassified_dominant_feature,,8,,0.0,false_warning_episode_outing,False,7f6d93243a7e47d3a78948198dce6f30,bb4dcd5a4c431b74b20b93b9ff6ea5e6af09e5ea1ebcb52b60595efbdde9d59a
717766,543037,85,2023-06-14,train,FF,release_speed,positive,1.0,8,0.6666666666666666,9.0,false_warning_episode_outing,False,7f6d93243a7e47d3a78948198dce6f30,bb4dcd5a4c431b74b20b93b9ff6ea5e6af09e5ea1ebcb52b60595efbdde9d59a
717770,675911,60,2023-06-14,train,SL,pfx_z,unclassified_dominant_feature,,5,,0.0,false_warning_episode_outing,False,7f6d93243a7e47d3a78948198dce6f30,bb4dcd5a4c431b74b20b93b9ff6ea5e6af09e5ea1ebcb52b60595efbdde9d59a
717772,605397,82,2023-06-13,train,FF,spin_axis_cos,unclassified_dominant_feature,,8,,0.0,matched,False,7f6d93243a7e47d3a78948198dce6f30,bb4dcd5a4c431b74b20b93b9ff6ea5e6af09e5ea1ebcb52b60595efbdde9d59a
717772,605397,88,2023-06-13,train,CU,vaa,unclassified_dominant_feature,,8,,,censored,False,7f6d93243a7e47d3a78948198dce6f30,bb4dcd5a4c431b74b20b93b9ff6ea5e6af09e5ea1ebcb52b60595efbdde9d59a
717773,665795,81,2023-06-13,train,FF,release_speed,negative,0.0,8,,,censored,False,7f6d93243a7e47d3a78948198dce6f30,bb4dcd5a4c431b74b20b93b9ff6ea5e6af09e5ea1ebcb52b60595efbdde9d59a
717775,554430,72,2023-06-13,train,SI,spin_axis_sin,unclassified_dominant_feature,,7,,0.0,false_warning_episode_outing,False,7f6d93243a7e47d3a78948198dce6f30,bb4dcd5a4c431b74b20b93b9ff6ea5e6af09e5ea1ebcb52b60595efbdde9d59a
717781,656427,101,2023-06-13,train,KC,spin_axis_cos,unclassified_dominant_feature,,10,,0.0,censored,False,7f6d93243a7e47d3a78948198dce6f30,bb4dcd5a4c431b74b20b93b9ff6ea5e6af09e5ea1ebcb52b60595efbdde9d59a
717783,669203,76,2023-06-13,train,CU,spin_axis_sin,unclassified_dominant_feature,,7,,0.0,false_warning_episode_outing,False,7f6d93243a7e47d3a78948198dce6f30,bb4dcd5a4c431b74b20b93b9ff6ea5e6af09e5ea1ebcb52b60595efbdde9d59a
717792,542881,93,2023-06-12,train,FC,spin_axis_cos,unclassified_dominant_feature,,9,,,censored,False,7f6d93243a7e47d3a78948198dce6f30,bb4dcd5a4c431b74b20b93b9ff6ea5e6af09e5ea1ebcb52b60595efbdde9d59a
717792,641540,86,2023-06-12,train,CH,release_spin_rate,positive,1.0,8,1.0,2.0,censored,False,7f6d93243a7e47d3a78948198dce6f30,bb4dcd5a4c431b74b20b93b9ff6ea5e6af09e5ea1ebcb52b60595efbdde9d59a
717795,666129,64,2023-06-11,train,ST,release_spin_rate,negative,0.0,6,0.4,5.0,false_warning_episode_outing,False,7f6d93243a7e47d3a78948198dce6f30,bb4dcd5a4c431b74b20b93b9ff6ea5e6af09e5ea1ebcb52b60595efbdde9d59a
717795,666129,77,2023-06-11,train,SL,release_spin_rate,negative,0.0,7,1.0,1.0,censored,False,7f6d93243a7e47d3a78948198dce6f30,bb4dcd5a4c431b74b20b93b9ff6ea5e6af09e5ea1ebcb52b60595efbdde9d59a
717805,592332,90,2023-06-11,train,FF,spin_axis_sin,unclassified_dominant_feature,,8,,0.0,false_warning_episode_outing,False,7f6d93243a7e47d3a78948198dce6f30,bb4dcd5a4c431b74b20b93b9ff6ea5e6af09e5ea1ebcb52b60595efbdde9d59a
717808,502043,77,2023-06-11,train,CU,pfx_x,unclassified_dominant_feature,,7,,0.0,censored,False,7f6d93243a7e47d3a78948198dce6f30,bb4dcd5a4c431b74b20b93b9ff6ea5e6af09e5ea1ebcb52b60595efbdde9d59a
717811,605400,81,2023-06-10,train,KC,release_extension,positive,1.0,8,0.6666666666666666,3.0,matched,False,7f6d93243a7e47d3a78948198dce6f30,bb4dcd5a4c431b74b20b93b9ff6ea5e6af09e5ea1ebcb52b60595efbdde9d59a
717812,670912,58,2023-06-10,train,CU,release_pos_x,unclassified_dominant_feature,,5,,0.0,matched,False,7f6d93243a7e47d3a78948198dce6f30,bb4dcd5a4c431b74b20b93b9ff6ea5e6af09e5ea1ebcb52b60595efbdde9d59a
717818,663903,66,2023-06-10,train,SL,spin_axis_sin,unclassified_dominant_feature,,6,,0.0,false_warning_episode_outing,False,7f6d93243a7e47d3a78948198dce6f30,bb4dcd5a4c431b74b20b93b9ff6ea5e6af09e5ea1ebcb52b60595efbdde9d59a
717819,607536,81,2023-06-10,train,FC,release_pos_x,unclassified_dominant_feature,,8,,0.0,censored,False,7f6d93243a7e47d3a78948198dce6f30,bb4dcd5a4c431b74b20b93b9ff6ea5e6af09e5ea1ebcb52b60595efbdde9d59a
717821,669194,84,2023-06-10,train,SL,release_pos_z,negative,0.0,8,0.0,6.0,false_warning_episode_outing,False,7f6d93243a7e47d3a78948198dce6f30,bb4dcd5a4c431b74b20b93b9ff6ea5e6af09e5ea1ebcb52b60595efbdde9d59a
717833,664299,57,2023-06-09,train,FF,release_extension,negative,0.0,5,0.7272727272727273,11.0,false_warning_episode_outing,False,7f6d93243a7e47d3a78948198dce6f30,bb4dcd5a4c431b74b20b93b9ff6ea5e6af09e5ea1ebcb52b60595efbdde9d59a
717833,671106,63,2023-06-09,train,ST,spin_axis_cos,unclassified_dominant_feature,,6,,0.0,matched,False,7f6d93243a7e47d3a78948198dce6f30,bb4dcd5a4c431b74b20b93b9ff6ea5e6af09e5ea1ebcb52b60595efbdde9d59a
717835,579328,76,2023-06-09,train,SL,spin_axis_cos,unclassified_dominant_feature,,7,,0.0,false_warning_episode_outing,False,7f6d93243a7e47d3a78948198dce6f30,bb4dcd5a4c431b74b20b93b9ff6ea5e6af09e5ea1ebcb52b60595efbdde9d59a
717840,675911,78,2023-06-08,train,CH,vaa,unclassified_dominant_feature,,7,,0.0,matched,False,7f6d93243a7e47d3a78948198dce6f30,bb4dcd5a4c431b74b20b93b9ff6ea5e6af09e5ea1ebcb52b60595efbdde9d59a
717841,543037,74,2023-06-09,train,CH,release_pos_x,unclassified_dominant_feature,,7,,0.0,matched,False,7f6d93243a7e47d3a78948198dce6f30,bb4dcd5a4c431b74b20b93b9ff6ea5e6af09e5ea1ebcb52b60595efbdde9d59a
717841,543037,79,2023-06-09,train,FF,spin_axis_sin,unclassified_dominant_feature,,7,,0.0,false_warning_episode_outing,False,7f6d93243a7e47d3a78948198dce6f30,bb4dcd5a4c431b74b20b93b9ff6ea5e6af09e5ea1ebcb52b60595efbdde9d59a
717841,543037,85,2023-06-09,train,SL,pfx_z,unclassified_dominant_feature,,8,,0.0,false_warning_episode_outing,False,7f6d93243a7e47d3a78948198dce6f30,bb4dcd5a4c431b74b20b93b9ff6ea5e6af09e5ea1ebcb52b60595efbdde9d59a
717841,543037,90,2023-06-09,train,FF,release_extension,positive,1.0,8,0.5714285714285714,7.0,false_warning_episode_outing,False,7f6d93243a7e47d3a78948198dce6f30,bb4dcd5a4c431b74b20b93b9ff6ea5e6af09e5ea1ebcb52b60595efbdde9d59a
717841,543037,93,2023-06-09,train,FF,release_extension,positive,1.0,9,1.0,3.0,false_warning_episode_outing,False,7f6d93243a7e47d3a78948198dce6f30,bb4dcd5a4c431b74b20b93b9ff6ea5e6af09e5ea1ebcb52b60595efbdde9d59a
717851,669203,92,2023-06-07,train,FC,vaa,unclassified_dominant_feature,,9,,,censored,True,7f6d93243a7e47d3a78948198dce6f30,bb4dcd5a4c431b74b20b93b9ff6ea5e6af09e5ea1ebcb52b60595efbdde9d59a
717852,657277,84,2023-06-07,train,SI,release_pos_z,negative,0.0,8,0.0,10.0,false_warning_episode_outing,False,7f6d93243a7e47d3a78948198dce6f30,bb4dcd5a4c431b74b20b93b9ff6ea5e6af09e5ea1ebcb52b60595efbdde9d59a
717852,657277,94,2023-06-07,train,CH,pfx_z,unclassified_dominant_feature,,9,,0.0,false_warning_episode_outing,False,7f6d93243a7e47d3a78948198dce6f30,bb4dcd5a4c431b74b20b93b9ff6ea5e6af09e5ea1ebcb52b60595efbdde9d59a
717854,656427,62,2023-06-07,train,KC,spin_axis_sin,unclassified_dominant_feature,,6,,0.0,false_warning_episode_outing,False,7f6d93243a7e47d3a78948198dce6f30,bb4dcd5a4c431b74b20b93b9ff6ea5e6af09e5ea1ebcb52b60595efbdde9d59a
717861,542881,79,2023-06-06,train,FC,release_extension,positive,1.0,7,1.0,2.0,false_warning_episode_outing,False,7f6d93243a7e47d3a78948198dce6f30,bb4dcd5a4c431b74b20b93b9ff6ea5e6af09e5ea1ebcb52b60595efbdde9d59a
717862,554430,92,2023-06-08,train,FF,vaa,unclassified_dominant_feature,,9,,0.0,false_warning_clean_outing,True,7f6d93243a7e47d3a78948198dce6f30,bb4dcd5a4c431b74b20b93b9ff6ea5e6af09e5ea1ebcb52b60595efbdde9d59a
717864,605397,87,2023-06-06,train,FF,pfx_x,unclassified_dominant_feature,,8,,0.0,false_warning_clean_outing,True,7f6d93243a7e47d3a78948198dce6f30,bb4dcd5a4c431b74b20b93b9ff6ea5e6af09e5ea1ebcb52b60595efbdde9d59a
717864,605397,97,2023-06-06,train,CH,pfx_z,unclassified_dominant_feature,,9,,,censored,True,7f6d93243a7e47d3a78948198dce6f30,bb4dcd5a4c431b74b20b93b9ff6ea5e6af09e5ea1ebcb52b60595efbdde9d59a
717867,502043,75,2023-06-06,train,FC,release_spin_rate,negative,0.0,7,0.3333333333333333,3.0,false_warning_episode_outing,False,7f6d93243a7e47d3a78948198dce6f30,bb4dcd5a4c431b74b20b93b9ff6ea5e6af09e5ea1ebcb52b60595efbdde9d59a
717871,592332,87,2023-06-06,train,FS,release_pos_x,unclassified_dominant_feature,,8,,0.0,censored,False,7f6d93243a7e47d3a78948198dce6f30,bb4dcd5a4c431b74b20b93b9ff6ea5e6af09e5ea1ebcb52b60595efbdde9d59a
717884,670912,91,2023-06-05,train,SL,spin_axis_sin,unclassified_dominant_feature,,9,,0.0,matched,False,7f6d93243a7e47d3a78948198dce6f30,bb4dcd5a4c431b74b20b93b9ff6ea5e6af09e5ea1ebcb52b60595efbdde9d59a
717884,670912,93,2023-06-05,train,SL,spin_axis_sin,unclassified_dominant_feature,,9,,0.0,false_warning_episode_outing,False,7f6d93243a7e47d3a78948198dce6f30,bb4dcd5a4c431b74b20b93b9ff6ea5e6af09e5ea1ebcb52b60595efbdde9d59a
717886,605400,68,2023-06-05,train,SI,release_extension,positive,1.0,6,0.8333333333333334,6.0,matched,False,7f6d93243a7e47d3a78948198dce6f30,bb4dcd5a4c431b74b20b93b9ff6ea5e6af09e5ea1ebcb52b60595efbdde9d59a
717886,605400,84,2023-06-05,train,FF,release_extension,negative,0.0,8,0.5,4.0,false_warning_episode_outing,False,7f6d93243a7e47d3a78948198dce6f30,bb4dcd5a4c431b74b20b93b9ff6ea5e6af09e5ea1ebcb52b60595efbdde9d59a
717887,666129,69,2023-06-05,train,CH,spin_axis_cos,unclassified_dominant_feature,,6,,0.0,matched,False,7f6d93243a7e47d3a78948198dce6f30,bb4dcd5a4c431b74b20b93b9ff6ea5e6af09e5ea1ebcb52b60595efbdde9d59a
717889,573186,74,2023-06-04,train,SL,vaa,unclassified_dominant_feature,,7,,,censored,False,7f6d93243a7e47d3a78948198dce6f30,bb4dcd5a4c431b74b20b93b9ff6ea5e6af09e5ea1ebcb52b60595efbdde9d59a
717893,607536,47,2023-06-04,train,FC,spin_axis_cos,unclassified_dominant_feature,,4,,0.0,matched,False,7f6d93243a7e47d3a78948198dce6f30,bb4dcd5a4c431b74b20b93b9ff6ea5e6af09e5ea1ebcb52b60595efbdde9d59a
717893,607536,86,2023-06-04,train,FC,spin_axis_sin,unclassified_dominant_feature,,8,,0.0,false_warning_episode_outing,False,7f6d93243a7e47d3a78948198dce6f30,bb4dcd5a4c431b74b20b93b9ff6ea5e6af09e5ea1ebcb52b60595efbdde9d59a
717893,663903,78,2023-06-04,train,SI,spin_axis_cos,unclassified_dominant_feature,,7,,0.0,false_warning_episode_outing,False,7f6d93243a7e47d3a78948198dce6f30,bb4dcd5a4c431b74b20b93b9ff6ea5e6af09e5ea1ebcb52b60595efbdde9d59a
717900,579328,64,2023-06-04,train,CU,release_pos_x,unclassified_dominant_feature,,6,,0.0,matched,False,7f6d93243a7e47d3a78948198dce6f30,bb4dcd5a4c431b74b20b93b9ff6ea5e6af09e5ea1ebcb52b60595efbdde9d59a
717901,669194,71,2023-06-03,train,CH,release_extension,positive,1.0,7,0.5,2.0,matched,False,7f6d93243a7e47d3a78948198dce6f30,bb4dcd5a4c431b74b20b93b9ff6ea5e6af09e5ea1ebcb52b60595efbdde9d59a
717901,675911,82,2023-06-03,train,CH,spin_axis_sin,unclassified_dominant_feature,,8,,0.0,false_warning_episode_outing,False,7f6d93243a7e47d3a78948198dce6f30,bb4dcd5a4c431b74b20b93b9ff6ea5e6af09e5ea1ebcb52b60595efbdde9d59a
717905,543037,67,2023-06-03,train,KC,release_pos_x,unclassified_dominant_feature,,6,,0.0,matched,False,7f6d93243a7e47d3a78948198dce6f30,bb4dcd5a4c431b74b20b93b9ff6ea5e6af09e5ea1ebcb52b60595efbdde9d59a
717908,664299,90,2023-06-03,train,FF,spin_axis_sin,unclassified_dominant_feature,,8,,0.0,matched,False,7f6d93243a7e47d3a78948198dce6f30,bb4dcd5a4c431b74b20b93b9ff6ea5e6af09e5ea1ebcb52b60595efbdde9d59a
717913,671106,71,2023-06-03,train,FC,spin_axis_sin,unclassified_dominant_feature,,7,,0.0,matched,False,7f6d93243a7e47d3a78948198dce6f30,bb4dcd5a4c431b74b20b93b9ff6ea5e6af09e5ea1ebcb52b60595efbdde9d59a
717915,656302,56,2023-06-03,train,SL,spin_axis_sin,unclassified_dominant_feature,,5,,0.0,matched,False,7f6d93243a7e47d3a78948198dce6f30,bb4dcd5a4c431b74b20b93b9ff6ea5e6af09e5ea1ebcb52b60595efbdde9d59a
717915,656302,61,2023-06-03,train,FF,release_extension,negative,0.0,6,0.7058823529411765,17.0,false_warning_episode_outing,False,7f6d93243a7e47d3a78948198dce6f30,bb4dcd5a4c431b74b20b93b9ff6ea5e6af09e5ea1ebcb52b60595efbdde9d59a
717915,656302,75,2023-06-03,train,SL,pfx_x,unclassified_dominant_feature,,7,,0.0,false_warning_episode_outing,False,7f6d93243a7e47d3a78948198dce6f30,bb4dcd5a4c431b74b20b93b9ff6ea5e6af09e5ea1ebcb52b60595efbdde9d59a
717920,657277,74,2023-06-02,train,ST,spin_axis_cos,unclassified_dominant_feature,,7,,0.0,matched,False,7f6d93243a7e47d3a78948198dce6f30,bb4dcd5a4c431b74b20b93b9ff6ea5e6af09e5ea1ebcb52b60595efbdde9d59a
717920,657277,78,2023-06-02,train,CH,spin_axis_sin,unclassified_dominant_feature,,7,,0.0,false_warning_episode_outing,False,7f6d93243a7e47d3a78948198dce6f30,bb4dcd5a4c431b74b20b93b9ff6ea5e6af09e5ea1ebcb52b60595efbdde9d59a
717920,657277,83,2023-06-02,train,CH,pfx_z,unclassified_dominant_feature,,8,,0.0,false_warning_episode_outing,False,7f6d93243a7e47d3a78948198dce6f30,bb4dcd5a4c431b74b20b93b9ff6ea5e6af09e5ea1ebcb52b60595efbdde9d59a
717920,657277,85,2023-06-02,train,SI,spin_axis_cos,unclassified_dominant_feature,,8,,0.0,false_warning_episode_outing,False,7f6d93243a7e47d3a78948198dce6f30,bb4dcd5a4c431b74b20b93b9ff6ea5e6af09e5ea1ebcb52b60595efbdde9d59a
717920,657277,90,2023-06-02,train,SI,release_pos_x,unclassified_dominant_feature,,8,,0.0,false_warning_episode_outing,False,7f6d93243a7e47d3a78948198dce6f30,bb4dcd5a4c431b74b20b93b9ff6ea5e6af09e5ea1ebcb52b60595efbdde9d59a
717920,657277,93,2023-06-02,train,SI,release_extension,negative,0.0,9,0.0,1.0,false_warning_episode_outing,False,7f6d93243a7e47d3a78948198dce6f30,bb4dcd5a4c431b74b20b93b9ff6ea5e6af09e5ea1ebcb52b60595efbdde9d59a
717927,665795,59,2023-06-02,train,SL,spin_axis_sin,unclassified_dominant_feature,,5,,0.0,false_warning_episode_outing,False,7f6d93243a7e47d3a78948198dce6f30,bb4dcd5a4c431b74b20b93b9ff6ea5e6af09e5ea1ebcb52b60595efbdde9d59a
717930,656427,81,2023-06-02,train,FF,spin_axis_sin,unclassified_dominant_feature,,8,,0.0,false_warning_episode_outing,False,7f6d93243a7e47d3a78948198dce6f30,bb4dcd5a4c431b74b20b93b9ff6ea5e6af09e5ea1ebcb52b60595efbdde9d59a
717931,669203,72,2023-06-02,train,CU,release_spin_rate,negative,0.0,7,0.0,5.0,false_warning_episode_outing,False,7f6d93243a7e47d3a78948198dce6f30,bb4dcd5a4c431b74b20b93b9ff6ea5e6af09e5ea1ebcb52b60595efbdde9d59a
717931,669203,76,2023-06-02,train,FC,release_pos_z,positive,1.0,7,0.037037037037037035,27.0,false_warning_episode_outing,False,7f6d93243a7e47d3a78948198dce6f30,bb4dcd5a4c431b74b20b93b9ff6ea5e6af09e5ea1ebcb52b60595efbdde9d59a
717932,668881,62,2023-06-01,train,SL,spin_axis_cos,unclassified_dominant_feature,,6,,0.0,false_warning_clean_outing,True,7f6d93243a7e47d3a78948198dce6f30,bb4dcd5a4c431b74b20b93b9ff6ea5e6af09e5ea1ebcb52b60595efbdde9d59a
717935,554430,79,2023-06-02,train,ST,release_spin_rate,negative,0.0,7,0.5,4.0,matched,False,7f6d93243a7e47d3a78948198dce6f30,bb4dcd5a4c431b74b20b93b9ff6ea5e6af09e5ea1ebcb52b60595efbdde9d59a
717941,605397,78,2023-06-01,train,FF,release_extension,positive,1.0,7,0.0,1.0,censored,False,7f6d93243a7e47d3a78948198dce6f30,bb4dcd5a4c431b74b20b93b9ff6ea5e6af09e5ea1ebcb52b60595efbdde9d59a
717942,592332,76,2023-06-01,train,FF,release_speed,positive,1.0,7,0.5,20.0,matched,False,7f6d93243a7e47d3a78948198dce6f30,bb4dcd5a4c431b74b20b93b9ff6ea5e6af09e5ea1ebcb52b60595efbdde9d59a
717944,605400,58,2023-05-31,train,KC,release_pos_x,unclassified_dominant_feature,,5,,0.0,matched,False,7f6d93243a7e47d3a78948198dce6f30,bb4dcd5a4c431b74b20b93b9ff6ea5e6af09e5ea1ebcb52b60595efbdde9d59a
717945,666129,70,2023-05-31,train,ST,release_extension,positive,1.0,6,1.0,1.0,censored,False,7f6d93243a7e47d3a78948198dce6f30,bb4dcd5a4c431b74b20b93b9ff6ea5e6af09e5ea1ebcb52b60595efbdde9d59a
717952,641482,86,2023-05-30,train,FF,release_pos_z,negative,0.0,8,0.0,7.0,matched,False,7f6d93243a7e47d3a78948198dce6f30,bb4dcd5a4c431b74b20b93b9ff6ea5e6af09e5ea1ebcb52b60595efbdde9d59a
717952,641482,93,2023-05-30,train,FC,release_pos_z,negative,0.0,9,0.0,4.0,false_warning_episode_outing,False,7f6d93243a7e47d3a78948198dce6f30,bb4dcd5a4c431b74b20b93b9ff6ea5e6af09e5ea1ebcb52b60595efbdde9d59a
717955,607536,67,2023-05-30,train,CH,release_pos_x,unclassified_dominant_feature,,6,,0.0,matched,False,7f6d93243a7e47d3a78948198dce6f30,bb4dcd5a4c431b74b20b93b9ff6ea5e6af09e5ea1ebcb52b60595efbdde9d59a
717955,607536,95,2023-05-30,train,KC,spin_axis_sin,unclassified_dominant_feature,,9,,0.0,false_warning_episode_outing,False,7f6d93243a7e47d3a78948198dce6f30,bb4dcd5a4c431b74b20b93b9ff6ea5e6af09e5ea1ebcb52b60595efbdde9d59a
717959,542881,86,2023-05-30,train,FC,release_spin_rate,positive,1.0,8,0.5,2.0,censored,False,7f6d93243a7e47d3a78948198dce6f30,bb4dcd5a4c431b74b20b93b9ff6ea5e6af09e5ea1ebcb52b60595efbdde9d59a
717964,527048,85,2023-05-30,train,FC,pfx_x,unclassified_dominant_feature,,8,,0.0,false_warning_episode_outing,False,7f6d93243a7e47d3a78948198dce6f30,bb4dcd5a4c431b74b20b93b9ff6ea5e6af09e5ea1ebcb52b60595efbdde9d59a
717965,579328,78,2023-05-30,train,FF,release_pos_z,negative,0.0,7,0.0,13.0,false_warning_episode_outing,False,7f6d93243a7e47d3a78948198dce6f30,bb4dcd5a4c431b74b20b93b9ff6ea5e6af09e5ea1ebcb52b60595efbdde9d59a
717967,502043,93,2023-05-30,train,FF,spin_axis_cos,unclassified_dominant_feature,,9,,0.0,false_warning_episode_outing,False,7f6d93243a7e47d3a78948198dce6f30,bb4dcd5a4c431b74b20b93b9ff6ea5e6af09e5ea1ebcb52b60595efbdde9d59a
717972,670912,62,2023-05-30,train,FF,release_extension,positive,1.0,6,0.5714285714285714,7.0,false_warning_episode_outing,False,7f6d93243a7e47d3a78948198dce6f30,bb4dcd5a4c431b74b20b93b9ff6ea5e6af09e5ea1ebcb52b60595efbdde9d59a
717972,670912,74,2023-05-30,train,FF,spin_axis_sin,unclassified_dominant_feature,,7,,0.0,false_warning_episode_outing,False,7f6d93243a7e47d3a78948198dce6f30,bb4dcd5a4c431b74b20b93b9ff6ea5e6af09e5ea1ebcb52b60595efbdde9d59a
717972,670912,84,2023-05-30,train,FF,release_speed,negative,0.0,8,0.8333333333333334,6.0,censored,False,7f6d93243a7e47d3a78948198dce6f30,bb4dcd5a4c431b74b20b93b9ff6ea5e6af09e5ea1ebcb52b60595efbdde9d59a
717974,671106,60,2023-05-29,train,FC,pfx_z,unclassified_dominant_feature,,5,,0.0,false_warning_episode_outing,False,7f6d93243a7e47d3a78948198dce6f30,bb4dcd5a4c431b74b20b93b9ff6ea5e6af09e5ea1ebcb52b60595efbdde9d59a
717976,573186,85,2023-05-29,train,SV,release_extension,positive,1.0,8,0.6,5.0,false_warning_episode_outing,False,7f6d93243a7e47d3a78948198dce6f30,bb4dcd5a4c431b74b20b93b9ff6ea5e6af09e5ea1ebcb52b60595efbdde9d59a
717980,664299,74,2023-05-28,train,FF,release_extension,positive,1.0,7,1.0,7.0,censored,False,7f6d93243a7e47d3a78948198dce6f30,bb4dcd5a4c431b74b20b93b9ff6ea5e6af09e5ea1ebcb52b60595efbdde9d59a
717989,593958,83,2023-05-28,train,FF,release_speed,negative,0.0,8,0.0,5.0,false_warning_episode_outing,False,7f6d93243a7e47d3a78948198dce6f30,bb4dcd5a4c431b74b20b93b9ff6ea5e6af09e5ea1ebcb52b60595efbdde9d59a
717989,656302,71,2023-05-28,train,SL,release_pos_z,negative,0.0,7,0.3076923076923077,13.0,matched,False,7f6d93243a7e47d3a78948198dce6f30,bb4dcd5a4c431b74b20b93b9ff6ea5e6af09e5ea1ebcb52b60595efbdde9d59a
717989,656302,98,2023-05-28,train,KC,spin_axis_cos,unclassified_dominant_feature,,9,,,censored,False,7f6d93243a7e47d3a78948198dce6f30,bb4dcd5a4c431b74b20b93b9ff6ea5e6af09e5ea1ebcb52b60595efbdde9d59a
717989,656302,101,2023-05-28,train,FF,pfx_x,unclassified_dominant_feature,,10,,,censored,False,7f6d93243a7e47d3a78948198dce6f30,bb4dcd5a4c431b74b20b93b9ff6ea5e6af09e5ea1ebcb52b60595efbdde9d59a
717992,675911,90,2023-05-28,train,SL,spin_axis_sin,unclassified_dominant_feature,,8,,0.0,censored,False,7f6d93243a7e47d3a78948198dce6f30,bb4dcd5a4c431b74b20b93b9ff6ea5e6af09e5ea1ebcb52b60595efbdde9d59a
717995,543037,57,2023-05-28,train,SL,release_pos_x,unclassified_dominant_feature,,5,,0.0,false_warning_episode_outing,False,7f6d93243a7e47d3a78948198dce6f30,bb4dcd5a4c431b74b20b93b9ff6ea5e6af09e5ea1ebcb52b60595efbdde9d59a
717997,554430,65,2023-05-27,train,FF,pfx_z,unclassified_dominant_feature,,6,,0.0,false_warning_episode_outing,False,7f6d93243a7e47d3a78948198dce6f30,bb4dcd5a4c431b74b20b93b9ff6ea5e6af09e5ea1ebcb52b60595efbdde9d59a
717999,657277,68,2023-05-27,train,CH,release_pos_z,negative,0.0,6,0.0,13.0,false_warning_episode_outing,False,7f6d93243a7e47d3a78948198dce6f30,bb4dcd5a4c431b74b20b93b9ff6ea5e6af09e5ea1ebcb52b60595efbdde9d59a
717999,669203,73,2023-05-27,train,FC,release_pos_z,negative,0.0,7,0.037037037037037035,27.0,false_warning_episode_outing,False,7f6d93243a7e47d3a78948198dce6f30,bb4dcd5a4c431b74b20b93b9ff6ea5e6af09e5ea1ebcb52b60595efbdde9d59a
718013,592332,100,2023-05-26,train,FS,release_extension,positive,1.0,9,0.875,8.0,false_warning_episode_outing,False,7f6d93243a7e47d3a78948198dce6f30,bb4dcd5a4c431b74b20b93b9ff6ea5e6af09e5ea1ebcb52b60595efbdde9d59a
718023,605397,79,2023-05-26,train,CU,release_speed,positive,1.0,7,0.0,4.0,censored,False,7f6d93243a7e47d3a78948198dce6f30,bb4dcd5a4c431b74b20b93b9ff6ea5e6af09e5ea1ebcb52b60595efbdde9d59a
718026,605400,88,2023-05-25,train,SI,spin_axis_cos,unclassified_dominant_feature,,8,,0.0,censored,False,7f6d93243a7e47d3a78948198dce6f30,bb4dcd5a4c431b74b20b93b9ff6ea5e6af09e5ea1ebcb52b60595efbdde9d59a
718027,668881,69,2023-05-26,train,FF,spin_axis_cos,unclassified_dominant_feature,,6,,0.0,false_warning_clean_outing,True,7f6d93243a7e47d3a78948198dce6f30,bb4dcd5a4c431b74b20b93b9ff6ea5e6af09e5ea1ebcb52b60595efbdde9d59a
718027,668881,90,2023-05-26,train,SL,release_speed,negative,0.0,8,0.25,8.0,false_warning_clean_outing,True,7f6d93243a7e47d3a78948198dce6f30,bb4dcd5a4c431b74b20b93b9ff6ea5e6af09e5ea1ebcb52b60595efbdde9d59a
718027,668881,106,2023-05-26,train,SL,release_speed,negative,0.0,10,,,censored,True,7f6d93243a7e47d3a78948198dce6f30,bb4dcd5a4c431b74b20b93b9ff6ea5e6af09e5ea1ebcb52b60595efbdde9d59a
718029,502043,84,2023-05-25,train,SI,release_pos_x,unclassified_dominant_feature,,8,,0.0,matched,False,7f6d93243a7e47d3a78948198dce6f30,bb4dcd5a4c431b74b20b93b9ff6ea5e6af09e5ea1ebcb52b60595efbdde9d59a
718033,607536,75,2023-05-25,train,FC,spin_axis_cos,unclassified_dominant_feature,,7,,0.0,false_warning_episode_outing,False,7f6d93243a7e47d3a78948198dce6f30,bb4dcd5a4c431b74b20b93b9ff6ea5e6af09e5ea1ebcb52b60595efbdde9d59a
718033,666129,72,2023-05-25,train,ST,spin_axis_cos,unclassified_dominant_feature,,7,,0.0,matched,False,7f6d93243a7e47d3a78948198dce6f30,bb4dcd5a4c431b74b20b93b9ff6ea5e6af09e5ea1ebcb52b60595efbdde9d59a
718033,666129,75,2023-05-25,train,SL,spin_axis_sin,unclassified_dominant_feature,,7,,0.0,false_warning_episode_outing,False,7f6d93243a7e47d3a78948198dce6f30,bb4dcd5a4c431b74b20b93b9ff6ea5e6af09e5ea1ebcb52b60595efbdde9d59a
718033,666129,77,2023-05-25,train,SI,release_speed,positive,1.0,7,0.6666666666666666,3.0,false_warning_episode_outing,False,7f6d93243a7e47d3a78948198dce6f30,bb4dcd5a4c431b74b20b93b9ff6ea5e6af09e5ea1ebcb52b60595efbdde9d59a
718033,666129,80,2023-05-25,train,SL,release_pos_z,negative,0.0,7,0.0,1.0,false_warning_episode_outing,False,7f6d93243a7e47d3a78948198dce6f30,bb4dcd5a4c431b74b20b93b9ff6ea5e6af09e5ea1ebcb52b60595efbdde9d59a
718033,666129,83,2023-05-25,train,SI,pfx_x,unclassified_dominant_feature,,8,,0.0,false_warning_episode_outing,False,7f6d93243a7e47d3a78948198dce6f30,bb4dcd5a4c431b74b20b93b9ff6ea5e6af09e5ea1ebcb52b60595efbdde9d59a
718034,542881,69,2023-05-24,train,FF,release_extension,positive,1.0,6,0.625,8.0,matched,False,7f6d93243a7e47d3a78948198dce6f30,bb4dcd5a4c431b74b20b93b9ff6ea5e6af09e5ea1ebcb52b60595efbdde9d59a
718034,542881,86,2023-05-24,train,CH,release_pos_x,unclassified_dominant_feature,,8,,0.0,false_warning_episode_outing,False,7f6d93243a7e47d3a78948198dce6f30,bb4dcd5a4c431b74b20b93b9ff6ea5e6af09e5ea1ebcb52b60595efbdde9d59a
718038,573186,88,2023-05-24,train,SV,pfx_z,unclassified_dominant_feature,,8,,0.0,censored,False,7f6d93243a7e47d3a78948198dce6f30,bb4dcd5a4c431b74b20b93b9ff6ea5e6af09e5ea1ebcb52b60595efbdde9d59a
718040,641482,74,2023-05-24,train,FF,spin_axis_sin,unclassified_dominant_feature,,7,,0.0,matched,False,7f6d93243a7e47d3a78948198dce6f30,bb4dcd5a4c431b74b20b93b9ff6ea5e6af09e5ea1ebcb52b60595efbdde9d59a
718044,579328,80,2023-05-24,train,CH,release_spin_rate,negative,0.0,7,,,censored,False,7f6d93243a7e47d3a78948198dce6f30,bb4dcd5a4c431b74b20b93b9ff6ea5e6af09e5ea1ebcb52b60595efbdde9d59a
718045,527048,79,2023-05-24,train,SI,pfx_x,unclassified_dominant_feature,,7,,0.0,false_warning_episode_outing,False,7f6d93243a7e47d3a78948198dce6f30,bb4dcd5a4c431b74b20b93b9ff6ea5e6af09e5ea1ebcb52b60595efbdde9d59a
718045,527048,86,2023-05-24,train,SI,release_extension,positive,1.0,8,1.0,1.0,censored,False,7f6d93243a7e47d3a78948198dce6f30,bb4dcd5a4c431b74b20b93b9ff6ea5e6af09e5ea1ebcb52b60595efbdde9d59a
718045,527048,91,2023-05-24,train,CH,release_pos_z,negative,0.0,9,,,censored,False,7f6d93243a7e47d3a78948198dce6f30,bb4dcd5a4c431b74b20b93b9ff6ea5e6af09e5ea1ebcb52b60595efbdde9d59a
718045,670912,89,2023-05-24,train,SL,spin_axis_cos,unclassified_dominant_feature,,8,,0.0,censored,False,7f6d93243a7e47d3a78948198dce6f30,bb4dcd5a4c431b74b20b93b9ff6ea5e6af09e5ea1ebcb52b60595efbdde9d59a
718049,593958,53,2023-05-23,train,FC,release_extension,positive,1.0,5,1.0,2.0,matched,False,7f6d93243a7e47d3a78948198dce6f30,bb4dcd5a4c431b74b20b93b9ff6ea5e6af09e5ea1ebcb52b60595efbdde9d59a
718049,593958,63,2023-05-23,train,SI,vaa,unclassified_dominant_feature,,6,,0.0,false_warning_episode_outing,False,7f6d93243a7e47d3a78948198dce6f30,bb4dcd5a4c431b74b20b93b9ff6ea5e6af09e5ea1ebcb52b60595efbdde9d59a
718049,593958,66,2023-05-23,train,FF,vaa,unclassified_dominant_feature,,6,,0.0,false_warning_episode_outing,False,7f6d93243a7e47d3a78948198dce6f30,bb4dcd5a4c431b74b20b93b9ff6ea5e6af09e5ea1ebcb52b60595efbdde9d59a
718049,593958,69,2023-05-23,train,SI,release_pos_z,negative,0.0,6,0.2,5.0,false_warning_episode_outing,False,7f6d93243a7e47d3a78948198dce6f30,bb4dcd5a4c431b74b20b93b9ff6ea5e6af09e5ea1ebcb52b60595efbdde9d59a
718049,593958,76,2023-05-23,train,FF,release_extension,positive,1.0,7,,,censored,False,7f6d93243a7e47d3a78948198dce6f30,bb4dcd5a4c431b74b20b93b9ff6ea5e6af09e5ea1ebcb52b60595efbdde9d59a
718049,593958,79,2023-05-23,train,CH,spin_axis_cos,unclassified_dominant_feature,,7,,0.0,censored,False,7f6d93243a7e47d3a78948198dce6f30,bb4dcd5a4c431b74b20b93b9ff6ea5e6af09e5ea1ebcb52b60595efbdde9d59a
718049,593958,84,2023-05-23,train,FC,release_extension,positive,1.0,8,1.0,2.0,censored,False,7f6d93243a7e47d3a78948198dce6f30,bb4dcd5a4c431b74b20b93b9ff6ea5e6af09e5ea1ebcb52b60595efbdde9d59a
718049,593958,88,2023-05-23,train,FF,release_extension,positive,1.0,8,1.0,1.0,censored,False,7f6d93243a7e47d3a78948198dce6f30,bb4dcd5a4c431b74b20b93b9ff6ea5e6af09e5ea1ebcb52b60595efbdde9d59a
718057,675911,74,2023-05-23,train,SL,vaa,unclassified_dominant_feature,,7,,0.0,false_warning_episode_outing,False,7f6d93243a7e47d3a78948198dce6f30,bb4dcd5a4c431b74b20b93b9ff6ea5e6af09e5ea1ebcb52b60595efbdde9d59a
718058,543037,74,2023-05-23,train,CH,release_speed,positive,1.0,7,1.0,1.0,matched,False,7f6d93243a7e47d3a78948198dce6f30,bb4dcd5a4c431b74b20b93b9ff6ea5e6af09e5ea1ebcb52b60595efbdde9d59a
718060,669194,65,2023-05-23,train,CU,spin_axis_cos,unclassified_dominant_feature,,6,,0.0,false_warning_episode_outing,False,7f6d93243a7e47d3a78948198dce6f30,bb4dcd5a4c431b74b20b93b9ff6ea5e6af09e5ea1ebcb52b60595efbdde9d59a
718063,656302,69,2023-05-23,train,FF,release_extension,negative,0.0,6,0.7058823529411765,17.0,false_warning_episode_outing,False,7f6d93243a7e47d3a78948198dce6f30,bb4dcd5a4c431b74b20b93b9ff6ea5e6af09e5ea1ebcb52b60595efbdde9d59a
718068,664299,77,2023-05-22,train,ST,release_spin_rate,negative,0.0,7,0.2,5.0,matched,False,7f6d93243a7e47d3a78948198dce6f30,bb4dcd5a4c431b74b20b93b9ff6ea5e6af09e5ea1ebcb52b60595efbdde9d59a
718068,664299,90,2023-05-22,train,ST,spin_axis_sin,unclassified_dominant_feature,,8,,0.0,censored,False,7f6d93243a7e47d3a78948198dce6f30,bb4dcd5a4c431b74b20b93b9ff6ea5e6af09e5ea1ebcb52b60595efbdde9d59a
718068,669203,70,2023-05-22,train,SL,spin_axis_sin,unclassified_dominant_feature,,6,,0.0,false_warning_episode_outing,False,7f6d93243a7e47d3a78948198dce6f30,bb4dcd5a4c431b74b20b93b9ff6ea5e6af09e5ea1ebcb52b60595efbdde9d59a
718069,665795,63,2023-05-22,train,CH,pfx_x,unclassified_dominant_feature,,6,,0.0,false_warning_episode_outing,False,7f6d93243a7e47d3a78948198dce6f30,bb4dcd5a4c431b74b20b93b9ff6ea5e6af09e5ea1ebcb52b60595efbdde9d59a
718073,554430,60,2023-05-22,train,FF,release_extension,positive,1.0,5,0.75,4.0,false_warning_episode_outing,False,7f6d93243a7e47d3a78948198dce6f30,bb4dcd5a4c431b74b20b93b9ff6ea5e6af09e5ea1ebcb52b60595efbdde9d59a
718083,656427,83,2023-05-21,train,KC,spin_axis_sin,unclassified_dominant_feature,,8,,0.0,matched,False,7f6d93243a7e47d3a78948198dce6f30,bb4dcd5a4c431b74b20b93b9ff6ea5e6af09e5ea1ebcb52b60595efbdde9d59a
718083,656427,95,2023-05-21,train,KC,spin_axis_cos,unclassified_dominant_feature,,9,,0.0,false_warning_episode_outing,False,7f6d93243a7e47d3a78948198dce6f30,bb4dcd5a4c431b74b20b93b9ff6ea5e6af09e5ea1ebcb52b60595efbdde9d59a
718083,656427,98,2023-05-21,train,FF,release_spin_rate,positive,1.0,9,0.6666666666666666,3.0,false_warning_episode_outing,False,7f6d93243a7e47d3a78948198dce6f30,bb4dcd5a4c431b74b20b93b9ff6ea5e6af09e5ea1ebcb52b60595efbdde9d59a
718085,668881,86,2023-05-21,train,FF,spin_axis_cos,unclassified_dominant_feature,,8,,0.0,matched,False,7f6d93243a7e47d3a78948198dce6f30,bb4dcd5a4c431b74b20b93b9ff6ea5e6af09e5ea1ebcb52b60595efbdde9d59a
718085,668881,96,2023-05-21,train,SL,vaa,unclassified_dominant_feature,,9,,0.0,false_warning_episode_outing,False,7f6d93243a7e47d3a78948198dce6f30,bb4dcd5a4c431b74b20b93b9ff6ea5e6af09e5ea1ebcb52b60595efbdde9d59a
718087,592332,77,2023-05-21,train,FS,release_pos_x,unclassified_dominant_feature,,7,,0.0,false_warning_episode_outing,False,7f6d93243a7e47d3a78948198dce6f30,bb4dcd5a4c431b74b20b93b9ff6ea5e6af09e5ea1ebcb52b60595efbdde9d59a
718092,519242,66,2023-05-20,train,CH,spin_axis_cos,unclassified_dominant_feature,,6,,0.0,matched,False,7f6d93243a7e47d3a78948198dce6f30,bb4dcd5a4c431b74b20b93b9ff6ea5e6af09e5ea1ebcb52b60595efbdde9d59a
718096,663776,86,2023-05-20,train,FF,release_pos_x,unclassified_dominant_feature,,8,,0.0,matched,False,7f6d93243a7e47d3a78948198dce6f30,bb4dcd5a4c431b74b20b93b9ff6ea5e6af09e5ea1ebcb52b60595efbdde9d59a
718097,605400,90,2023-05-20,train,SI,vaa,unclassified_dominant_feature,,8,,0.0,censored,False,7f6d93243a7e47d3a78948198dce6f30,bb4dcd5a4c431b74b20b93b9ff6ea5e6af09e5ea1ebcb52b60595efbdde9d59a
718103,666129,41,2023-05-20,train,ST,spin_axis_cos,unclassified_dominant_feature,,4,,0.0,false_warning_episode_outing,False,7f6d93243a7e47d3a78948198dce6f30,bb4dcd5a4c431b74b20b93b9ff6ea5e6af09e5ea1ebcb52b60595efbdde9d59a
718103,666129,43,2023-05-20,train,ST,release_pos_z,positive,1.0,4,0.5,6.0,false_warning_episode_outing,False,7f6d93243a7e47d3a78948198dce6f30,bb4dcd5a4c431b74b20b93b9ff6ea5e6af09e5ea1ebcb52b60595efbdde9d59a
718103,666129,54,2023-05-20,train,ST,vaa,unclassified_dominant_feature,,5,,0.0,false_warning_episode_outing,False,7f6d93243a7e47d3a78948198dce6f30,bb4dcd5a4c431b74b20b93b9ff6ea5e6af09e5ea1ebcb52b60595efbdde9d59a
718103,666129,57,2023-05-20,train,SI,spin_axis_sin,unclassified_dominant_feature,,5,,0.0,false_warning_episode_outing,False,7f6d93243a7e47d3a78948198dce6f30,bb4dcd5a4c431b74b20b93b9ff6ea5e6af09e5ea1ebcb52b60595efbdde9d59a
718103,666129,61,2023-05-20,train,SL,spin_axis_cos,unclassified_dominant_feature,,6,,0.0,false_warning_episode_outing,False,7f6d93243a7e47d3a78948198dce6f30,bb4dcd5a4c431b74b20b93b9ff6ea5e6af09e5ea1ebcb52b60595efbdde9d59a
718103,666129,63,2023-05-20,train,ST,spin_axis_cos,unclassified_dominant_feature,,6,,0.0,censored,False,7f6d93243a7e47d3a78948198dce6f30,bb4dcd5a4c431b74b20b93b9ff6ea5e6af09e5ea1ebcb52b60595efbdde9d59a
718103,666129,72,2023-05-20,train,ST,release_pos_x,unclassified_dominant_feature,,7,,,censored,False,7f6d93243a7e47d3a78948198dce6f30,bb4dcd5a4c431b74b20b93b9ff6ea5e6af09e5ea1ebcb52b60595efbdde9d59a
718114,527048,89,2023-05-19,train,CH,release_spin_rate,positive,1.0,8,1.0,1.0,false_warning_episode_outing,False,7f6d93243a7e47d3a78948198dce6f30,bb4dcd5a4c431b74b20b93b9ff6ea5e6af09e5ea1ebcb52b60595efbdde9d59a
718114,527048,96,2023-05-19,train,SI,release_speed,positive,1.0,9,,,censored,False,7f6d93243a7e47d3a78948198dce6f30,bb4dcd5a4c431b74b20b93b9ff6ea5e6af09e5ea1ebcb52b60595efbdde9d59a
718115,502043,81,2023-05-19,train,CU,release_pos_x,unclassified_dominant_feature,,8,,,censored,False,7f6d93243a7e47d3a78948198dce6f30,bb4dcd5a4c431b74b20b93b9ff6ea5e6af09e5ea1ebcb52b60595efbdde9d59a
718116,573186,72,2023-05-19,train,FF,spin_axis_cos,unclassified_dominant_feature,,7,,0.0,matched,False,7f6d93243a7e47d3a78948198dce6f30,bb4dcd5a4c431b74b20b93b9ff6ea5e6af09e5ea1ebcb52b60595efbdde9d59a
718118,670912,88,2023-05-19,train,FF,release_spin_rate,positive,1.0,8,0.6666666666666666,3.0,censored,False,7f6d93243a7e47d3a78948198dce6f30,bb4dcd5a4c431b74b20b93b9ff6ea5e6af09e5ea1ebcb52b60595efbdde9d59a
718118,670912,91,2023-05-19,train,FF,vaa,unclassified_dominant_feature,,9,,0.0,censored,False,7f6d93243a7e47d3a78948198dce6f30,bb4dcd5a4c431b74b20b93b9ff6ea5e6af09e5ea1ebcb52b60595efbdde9d59a
718121,641482,82,2023-05-18,train,FC,pfx_z,unclassified_dominant_feature,,8,,0.0,censored,False,7f6d93243a7e47d3a78948198dce6f30,bb4dcd5a4c431b74b20b93b9ff6ea5e6af09e5ea1ebcb52b60595efbdde9d59a
718125,656302,91,2023-05-18,train,KC,spin_axis_sin,unclassified_dominant_feature,,9,,0.0,false_warning_episode_outing,False,7f6d93243a7e47d3a78948198dce6f30,bb4dcd5a4c431b74b20b93b9ff6ea5e6af09e5ea1ebcb52b60595efbdde9d59a
718126,675911,77,2023-05-17,train,SL,spin_axis_sin,unclassified_dominant_feature,,7,,0.0,matched,False,7f6d93243a7e47d3a78948198dce6f30,bb4dcd5a4c431b74b20b93b9ff6ea5e6af09e5ea1ebcb52b60595efbdde9d59a
718126,675911,79,2023-05-17,train,FF,release_speed,negative,0.0,7,0.1,10.0,false_warning_episode_outing,False,7f6d93243a7e47d3a78948198dce6f30,bb4dcd5a4c431b74b20b93b9ff6ea5e6af09e5ea1ebcb52b60595efbdde9d59a
718126,675911,82,2023-05-17,train,FF,release_extension,positive,1.0,8,0.5555555555555556,9.0,false_warning_episode_outing,False,7f6d93243a7e47d3a78948198dce6f30,bb4dcd5a4c431b74b20b93b9ff6ea5e6af09e5ea1ebcb52b60595efbdde9d59a
718128,542881,73,2023-05-18,train,CH,spin_axis_cos,unclassified_dominant_feature,,7,,0.0,matched,False,7f6d93243a7e47d3a78948198dce6f30,bb4dcd5a4c431b74b20b93b9ff6ea5e6af09e5ea1ebcb52b60595efbdde9d59a
718131,669203,74,2023-05-17,train,CU,release_pos_x,unclassified_dominant_feature,,7,,0.0,matched,False,7f6d93243a7e47d3a78948198dce6f30,bb4dcd5a4c431b74b20b93b9ff6ea5e6af09e5ea1ebcb52b60595efbdde9d59a
718132,665795,78,2023-05-17,train,CU,release_pos_x,unclassified_dominant_feature,,7,,0.0,censored,False,7f6d93243a7e47d3a78948198dce6f30,bb4dcd5a4c431b74b20b93b9ff6ea5e6af09e5ea1ebcb52b60595efbdde9d59a
718134,543037,94,2023-05-17,train,SL,spin_axis_sin,unclassified_dominant_feature,,9,,0.0,matched,False,7f6d93243a7e47d3a78948198dce6f30,bb4dcd5a4c431b74b20b93b9ff6ea5e6af09e5ea1ebcb52b60595efbdde9d59a
718139,669194,61,2023-05-17,train,FF,spin_axis_sin,unclassified_dominant_feature,,6,,0.0,matched,False,7f6d93243a7e47d3a78948198dce6f30,bb4dcd5a4c431b74b20b93b9ff6ea5e6af09e5ea1ebcb52b60595efbdde9d59a
718142,593958,77,2023-05-17,train,CH,release_pos_z,negative,0.0,7,0.3333333333333333,6.0,matched,False,7f6d93243a7e47d3a78948198dce6f30,bb4dcd5a4c431b74b20b93b9ff6ea5e6af09e5ea1ebcb52b60595efbdde9d59a
718144,663903,72,2023-05-16,train,SL,release_pos_x,unclassified_dominant_feature,,7,,0.0,matched,False,7f6d93243a7e47d3a78948198dce6f30,bb4dcd5a4c431b74b20b93b9ff6ea5e6af09e5ea1ebcb52b60595efbdde9d59a
718156,554430,78,2023-05-16,train,FF,spin_axis_cos,unclassified_dominant_feature,,7,,0.0,false_warning_episode_outing,False,7f6d93243a7e47d3a78948198dce6f30,bb4dcd5a4c431b74b20b93b9ff6ea5e6af09e5ea1ebcb52b60595efbdde9d59a
718157,592332,81,2023-05-16,train,SL,release_speed,positive,1.0,8,1.0,3.0,false_warning_episode_outing,False,7f6d93243a7e47d3a78948198dce6f30,bb4dcd5a4c431b74b20b93b9ff6ea5e6af09e5ea1ebcb52b60595efbdde9d59a
718161,668881,85,2023-05-15,train,FF,release_pos_z,negative,0.0,8,0.0,9.0,false_warning_episode_outing,False,7f6d93243a7e47d3a78948198dce6f30,bb4dcd5a4c431b74b20b93b9ff6ea5e6af09e5ea1ebcb52b60595efbdde9d59a
718161,668881,91,2023-05-15,train,FF,spin_axis_cos,unclassified_dominant_feature,,9,,0.0,censored,False,7f6d93243a7e47d3a78948198dce6f30,bb4dcd5a4c431b74b20b93b9ff6ea5e6af09e5ea1ebcb52b60595efbdde9d59a
718161,668881,93,2023-05-15,train,FF,release_pos_x,unclassified_dominant_feature,,9,,0.0,censored,False,7f6d93243a7e47d3a78948198dce6f30,bb4dcd5a4c431b74b20b93b9ff6ea5e6af09e5ea1ebcb52b60595efbdde9d59a
718166,656427,76,2023-05-15,train,KC,spin_axis_cos,unclassified_dominant_feature,,7,,0.0,false_warning_episode_outing,False,7f6d93243a7e47d3a78948198dce6f30,bb4dcd5a4c431b74b20b93b9ff6ea5e6af09e5ea1ebcb52b60595efbdde9d59a
718166,656427,81,2023-05-15,train,FF,spin_axis_sin,unclassified_dominant_feature,,8,,0.0,false_warning_episode_outing,False,7f6d93243a7e47d3a78948198dce6f30,bb4dcd5a4c431b74b20b93b9ff6ea5e6af09e5ea1ebcb52b60595efbdde9d59a
718166,656427,90,2023-05-15,train,SL,release_speed,positive,1.0,8,0.6666666666666666,3.0,false_warning_episode_outing,False,7f6d93243a7e47d3a78948198dce6f30,bb4dcd5a4c431b74b20b93b9ff6ea5e6af09e5ea1ebcb52b60595efbdde9d59a
718166,656427,95,2023-05-15,train,FF,spin_axis_cos,unclassified_dominant_feature,,9,,0.0,censored,False,7f6d93243a7e47d3a78948198dce6f30,bb4dcd5a4c431b74b20b93b9ff6ea5e6af09e5ea1ebcb52b60595efbdde9d59a
718166,656427,97,2023-05-15,train,FF,release_extension,positive,1.0,9,1.0,2.0,censored,False,7f6d93243a7e47d3a78948198dce6f30,bb4dcd5a4c431b74b20b93b9ff6ea5e6af09e5ea1ebcb52b60595efbdde9d59a
718167,656849,77,2023-05-15,train,SL,release_extension,positive,1.0,7,0.5,4.0,false_warning_episode_outing,False,7f6d93243a7e47d3a78948198dce6f30,bb4dcd5a4c431b74b20b93b9ff6ea5e6af09e5ea1ebcb52b60595efbdde9d59a
718167,656849,89,2023-05-15,train,FF,release_extension,positive,1.0,8,1.0,1.0,censored,False,7f6d93243a7e47d3a78948198dce6f30,bb4dcd5a4c431b74b20b93b9ff6ea5e6af09e5ea1ebcb52b60595efbdde9d59a
718174,605400,77,2023-05-14,train,FC,spin_axis_sin,unclassified_dominant_feature,,7,,0.0,false_warning_episode_outing,False,7f6d93243a7e47d3a78948198dce6f30,bb4dcd5a4c431b74b20b93b9ff6ea5e6af09e5ea1ebcb52b60595efbdde9d59a
718174,607536,87,2023-05-14,train,FC,spin_axis_cos,unclassified_dominant_feature,,8,,0.0,censored,True,7f6d93243a7e47d3a78948198dce6f30,bb4dcd5a4c431b74b20b93b9ff6ea5e6af09e5ea1ebcb52b60595efbdde9d59a
718179,502043,50,2023-05-14,train,FF,pfx_x,unclassified_dominant_feature,,4,,0.0,false_warning_episode_outing,False,7f6d93243a7e47d3a78948198dce6f30,bb4dcd5a4c431b74b20b93b9ff6ea5e6af09e5ea1ebcb52b60595efbdde9d59a
718182,663776,77,2023-05-14,train,CH,release_spin_rate,negative,0.0,7,0.5,4.0,matched,False,7f6d93243a7e47d3a78948198dce6f30,bb4dcd5a4c431b74b20b93b9ff6ea5e6af09e5ea1ebcb52b60595efbdde9d59a
718189,656302,83,2023-05-13,train,SL,spin_axis_sin,unclassified_dominant_feature,,8,,0.0,censored,True,7f6d93243a7e47d3a78948198dce6f30,bb4dcd5a4c431b74b20b93b9ff6ea5e6af09e5ea1ebcb52b60595efbdde9d59a
718196,519242,70,2023-05-13,train,SL,spin_axis_sin,unclassified_dominant_feature,,6,,0.0,matched,False,7f6d93243a7e47d3a78948198dce6f30,bb4dcd5a4c431b74b20b93b9ff6ea5e6af09e5ea1ebcb52b60595efbdde9d59a
718199,669194,88,2023-05-12,train,SL,release_pos_z,negative,0.0,8,0.0,6.0,censored,False,7f6d93243a7e47d3a78948198dce6f30,bb4dcd5a4c431b74b20b93b9ff6ea5e6af09e5ea1ebcb52b60595efbdde9d59a
718204,669203,67,2023-05-12,train,FC,release_pos_z,negative,0.0,6,0.06666666666666667,15.0,matched,False,7f6d93243a7e47d3a78948198dce6f30,bb4dcd5a4c431b74b20b93b9ff6ea5e6af09e5ea1ebcb52b60595efbdde9d59a
718205,542881,71,2023-05-12,train,FC,spin_axis_sin,unclassified_dominant_feature,,7,,0.0,false_warning_episode_outing,False,7f6d93243a7e47d3a78948198dce6f30,bb4dcd5a4c431b74b20b93b9ff6ea5e6af09e5ea1ebcb52b60595efbdde9d59a
718205,542881,78,2023-05-12,train,FC,pfx_z,unclassified_dominant_feature,,7,,0.0,false_warning_episode_outing,False,7f6d93243a7e47d3a78948198dce6f30,bb4dcd5a4c431b74b20b93b9ff6ea5e6af09e5ea1ebcb52b60595efbdde9d59a
718206,675911,84,2023-05-12,train,SL,spin_axis_sin,unclassified_dominant_feature,,8,,0.0,false_warning_episode_outing,False,7f6d93243a7e47d3a78948198dce6f30,bb4dcd5a4c431b74b20b93b9ff6ea5e6af09e5ea1ebcb52b60595efbdde9d59a
718210,543037,72,2023-05-12,train,SL,release_pos_x,unclassified_dominant_feature,,7,,0.0,matched,False,7f6d93243a7e47d3a78948198dce6f30,bb4dcd5a4c431b74b20b93b9ff6ea5e6af09e5ea1ebcb52b60595efbdde9d59a
718213,670912,78,2023-05-12,train,SL,spin_axis_sin,unclassified_dominant_feature,,7,,0.0,censored,False,7f6d93243a7e47d3a78948198dce6f30,bb4dcd5a4c431b74b20b93b9ff6ea5e6af09e5ea1ebcb52b60595efbdde9d59a
718213,670912,83,2023-05-12,train,SL,spin_axis_cos,unclassified_dominant_feature,,8,,0.0,censored,False,7f6d93243a7e47d3a78948198dce6f30,bb4dcd5a4c431b74b20b93b9ff6ea5e6af09e5ea1ebcb52b60595efbdde9d59a
718213,670912,86,2023-05-12,train,SL,spin_axis_sin,unclassified_dominant_feature,,8,,0.0,censored,False,7f6d93243a7e47d3a78948198dce6f30,bb4dcd5a4c431b74b20b93b9ff6ea5e6af09e5ea1ebcb52b60595efbdde9d59a
718218,663903,80,2023-05-11,train,SI,release_pos_x,unclassified_dominant_feature,,7,,0.0,censored,False,7f6d93243a7e47d3a78948198dce6f30,bb4dcd5a4c431b74b20b93b9ff6ea5e6af09e5ea1ebcb52b60595efbdde9d59a
718225,668881,80,2023-05-10,train,FF,spin_axis_cos,unclassified_dominant_feature,,7,,0.0,false_warning_episode_outing,False,7f6d93243a7e47d3a78948198dce6f30,bb4dcd5a4c431b74b20b93b9ff6ea5e6af09e5ea1ebcb52b60595efbdde9d59a
718225,668881,87,2023-05-10,train,SL,release_speed,negative,0.0,8,0.25,8.0,false_warning_episode_outing,False,7f6d93243a7e47d3a78948198dce6f30,bb4dcd5a4c431b74b20b93b9ff6ea5e6af09e5ea1ebcb52b60595efbdde9d59a
718233,554430,71,2023-05-10,train,CU,release_extension,positive,1.0,7,1.0,3.0,false_warning_episode_outing,False,7f6d93243a7e47d3a78948198dce6f30,bb4dcd5a4c431b74b20b93b9ff6ea5e6af09e5ea1ebcb52b60595efbdde9d59a
718233,592332,85,2023-05-10,train,FF,release_extension,positive,1.0,8,0.9090909090909091,11.0,censored,True,7f6d93243a7e47d3a78948198dce6f30,bb4dcd5a4c431b74b20b93b9ff6ea5e6af09e5ea1ebcb52b60595efbdde9d59a
718234,593958,64,2023-05-10,train,CH,release_pos_x,unclassified_dominant_feature,,6,,0.0,false_warning_episode_outing,False,7f6d93243a7e47d3a78948198dce6f30,bb4dcd5a4c431b74b20b93b9ff6ea5e6af09e5ea1ebcb52b60595efbdde9d59a
718235,664299,66,2023-05-10,train,FF,spin_axis_sin,unclassified_dominant_feature,,6,,0.0,false_warning_episode_outing,False,7f6d93243a7e47d3a78948198dce6f30,bb4dcd5a4c431b74b20b93b9ff6ea5e6af09e5ea1ebcb52b60595efbdde9d59a
718235,664299,68,2023-05-10,train,FF,release_pos_x,unclassified_dominant_feature,,6,,0.0,false_warning_episode_outing,False,7f6d93243a7e47d3a78948198dce6f30,bb4dcd5a4c431b74b20b93b9ff6ea5e6af09e5ea1ebcb52b60595efbdde9d59a
718235,664299,92,2023-05-10,train,FF,spin_axis_sin,unclassified_dominant_feature,,9,,0.0,censored,False,7f6d93243a7e47d3a78948198dce6f30,bb4dcd5a4c431b74b20b93b9ff6ea5e6af09e5ea1ebcb52b60595efbdde9d59a
718240,656427,72,2023-05-09,train,FF,release_pos_x,unclassified_dominant_feature,,7,,0.0,matched,False,7f6d93243a7e47d3a78948198dce6f30,bb4dcd5a4c431b74b20b93b9ff6ea5e6af09e5ea1ebcb52b60595efbdde9d59a
718243,656849,77,2023-05-09,train,SI,release_speed,negative,0.0,7,0.3333333333333333,3.0,matched,False,7f6d93243a7e47d3a78948198dce6f30,bb4dcd5a4c431b74b20b93b9ff6ea5e6af09e5ea1ebcb52b60595efbdde9d59a
718243,656849,83,2023-05-09,train,SI,release_speed,negative,0.0,8,0.25,4.0,false_warning_episode_outing,False,7f6d93243a7e47d3a78948198dce6f30,bb4dcd5a4c431b74b20b93b9ff6ea5e6af09e5ea1ebcb52b60595efbdde9d59a
718250,657277,81,2023-05-09,train,CH,spin_axis_sin,unclassified_dominant_feature,,8,,0.0,false_warning_episode_outing,False,7f6d93243a7e47d3a78948198dce6f30,bb4dcd5a4c431b74b20b93b9ff6ea5e6af09e5ea1ebcb52b60595efbdde9d59a
718250,657277,83,2023-05-09,train,CH,spin_axis_cos,unclassified_dominant_feature,,8,,0.0,false_warning_episode_outing,False,7f6d93243a7e47d3a78948198dce6f30,bb4dcd5a4c431b74b20b93b9ff6ea5e6af09e5ea1ebcb52b60595efbdde9d59a
718250,657277,87,2023-05-09,train,CH,release_spin_rate,negative,0.0,8,0.3,10.0,false_warning_episode_outing,False,7f6d93243a7e47d3a78948198dce6f30,bb4dcd5a4c431b74b20b93b9ff6ea5e6af09e5ea1ebcb52b60595efbdde9d59a
718250,657277,89,2023-05-09,train,CH,spin_axis_cos,unclassified_dominant_feature,,8,,0.0,false_warning_episode_outing,False,7f6d93243a7e47d3a78948198dce6f30,bb4dcd5a4c431b74b20b93b9ff6ea5e6af09e5ea1ebcb52b60595efbdde9d59a
718250,657277,93,2023-05-09,train,CH,release_pos_z,negative,0.0,9,0.0,11.0,false_warning_episode_outing,False,7f6d93243a7e47d3a78948198dce6f30,bb4dcd5a4c431b74b20b93b9ff6ea5e6af09e5ea1ebcb52b60595efbdde9d59a
718250,657277,97,2023-05-09,train,CH,pfx_x,unclassified_dominant_feature,,9,,,censored,False,7f6d93243a7e47d3a78948198dce6f30,bb4dcd5a4c431b74b20b93b9ff6ea5e6af09e5ea1ebcb52b60595efbdde9d59a
718250,657277,101,2023-05-09,train,CH,vaa,unclassified_dominant_feature,,10,,,censored,False,7f6d93243a7e47d3a78948198dce6f30,bb4dcd5a4c431b74b20b93b9ff6ea5e6af09e5ea1ebcb52b60595efbdde9d59a
718253,656302,77,2023-05-08,train,SL,spin_axis_cos,unclassified_dominant_feature,,7,,0.0,false_warning_episode_outing,False,7f6d93243a7e47d3a78948198dce6f30,bb4dcd5a4c431b74b20b93b9ff6ea5e6af09e5ea1ebcb52b60595efbdde9d59a
718254,663776,66,2023-05-08,train,CH,spin_axis_sin,unclassified_dominant_feature,,6,,0.0,matched,False,7f6d93243a7e47d3a78948198dce6f30,bb4dcd5a4c431b74b20b93b9ff6ea5e6af09e5ea1ebcb52b60595efbdde9d59a
718254,663776,77,2023-05-08,train,CH,spin_axis_cos,unclassified_dominant_feature,,7,,0.0,matched,False,7f6d93243a7e47d3a78948198dce6f30,bb4dcd5a4c431b74b20b93b9ff6ea5e6af09e5ea1ebcb52b60595efbdde9d59a
718254,663776,80,2023-05-08,train,SL,release_extension,positive,1.0,7,1.0,2.0,matched,False,7f6d93243a7e47d3a78948198dce6f30,bb4dcd5a4c431b74b20b93b9ff6ea5e6af09e5ea1ebcb52b60595efbdde9d59a
718254,663776,90,2023-05-08,train,SL,spin_axis_sin,unclassified_dominant_feature,,8,,0.0,false_warning_episode_outing,False,7f6d93243a7e47d3a78948198dce6f30,bb4dcd5a4c431b74b20b93b9ff6ea5e6af09e5ea1ebcb52b60595efbdde9d59a
718258,607536,66,2023-05-08,train,FC,release_pos_z,negative,0.0,6,0.25,4.0,matched,False,7f6d93243a7e47d3a78948198dce6f30,bb4dcd5a4c431b74b20b93b9ff6ea5e6af09e5ea1ebcb52b60595efbdde9d59a
718259,502043,90,2023-05-08,train,CH,spin_axis_cos,unclassified_dominant_feature,,8,,0.0,false_warning_episode_outing,False,7f6d93243a7e47d3a78948198dce6f30,bb4dcd5a4c431b74b20b93b9ff6ea5e6af09e5ea1ebcb52b60595efbdde9d59a
718263,669194,76,2023-05-07,train,FF,release_spin_rate,negative,0.0,7,0.5,4.0,matched,False,7f6d93243a7e47d3a78948198dce6f30,bb4dcd5a4c431b74b20b93b9ff6ea5e6af09e5ea1ebcb52b60595efbdde9d59a
718263,669194,88,2023-05-07,train,SL,release_pos_z,negative,0.0,8,0.0,6.0,false_warning_episode_outing,False,7f6d93243a7e47d3a78948198dce6f30,bb4dcd5a4c431b74b20b93b9ff6ea5e6af09e5ea1ebcb52b60595efbdde9d59a
718271,543037,69,2023-05-07,train,KC,spin_axis_sin,unclassified_dominant_feature,,6,,0.0,false_warning_episode_outing,False,7f6d93243a7e47d3a78948198dce6f30,bb4dcd5a4c431b74b20b93b9ff6ea5e6af09e5ea1ebcb52b60595efbdde9d59a
718280,663903,77,2023-05-06,train,SL,release_speed,negative,0.0,7,0.13333333333333333,15.0,matched,False,7f6d93243a7e47d3a78948198dce6f30,bb4dcd5a4c431b74b20b93b9ff6ea5e6af09e5ea1ebcb52b60595efbdde9d59a
718283,675911,81,2023-05-06,train,FF,spin_axis_sin,unclassified_dominant_feature,,8,,0.0,censored,False,7f6d93243a7e47d3a78948198dce6f30,bb4dcd5a4c431b74b20b93b9ff6ea5e6af09e5ea1ebcb52b60595efbdde9d59a
718283,675911,93,2023-05-06,train,SL,release_pos_z,positive,1.0,9,,,censored,False,7f6d93243a7e47d3a78948198dce6f30,bb4dcd5a4c431b74b20b93b9ff6ea5e6af09e5ea1ebcb52b60595efbdde9d59a
718286,670912,79,2023-05-06,train,SL,release_spin_rate,negative,0.0,7,0.0,6.0,false_warning_episode_outing,False,7f6d93243a7e47d3a78948198dce6f30,bb4dcd5a4c431b74b20b93b9ff6ea5e6af09e5ea1ebcb52b60595efbdde9d59a
718286,670912,81,2023-05-06,train,CU,release_extension,positive,1.0,8,1.0,1.0,false_warning_episode_outing,False,7f6d93243a7e47d3a78948198dce6f30,bb4dcd5a4c431b74b20b93b9ff6ea5e6af09e5ea1ebcb52b60595efbdde9d59a
718294,542881,76,2023-05-05,train,CH,spin_axis_sin,unclassified_dominant_feature,,7,,0.0,false_warning_episode_outing,False,7f6d93243a7e47d3a78948198dce6f30,bb4dcd5a4c431b74b20b93b9ff6ea5e6af09e5ea1ebcb52b60595efbdde9d59a
718294,542881,79,2023-05-05,train,FC,spin_axis_sin,unclassified_dominant_feature,,7,,0.0,false_warning_episode_outing,False,7f6d93243a7e47d3a78948198dce6f30,bb4dcd5a4c431b74b20b93b9ff6ea5e6af09e5ea1ebcb52b60595efbdde9d59a
718297,664299,81,2023-05-05,train,FF,vaa,unclassified_dominant_feature,,8,,0.0,censored,False,7f6d93243a7e47d3a78948198dce6f30,bb4dcd5a4c431b74b20b93b9ff6ea5e6af09e5ea1ebcb52b60595efbdde9d59a
718297,664299,92,2023-05-05,train,FF,release_pos_z,negative,0.0,9,,,censored,False,7f6d93243a7e47d3a78948198dce6f30,bb4dcd5a4c431b74b20b93b9ff6ea5e6af09e5ea1ebcb52b60595efbdde9d59a
718301,519242,67,2023-05-05,train,FF,vaa,unclassified_dominant_feature,,6,,0.0,false_warning_episode_outing,False,7f6d93243a7e47d3a78948198dce6f30,bb4dcd5a4c431b74b20b93b9ff6ea5e6af09e5ea1ebcb52b60595efbdde9d59a
718301,554430,88,2023-05-05,train,CU,vaa,unclassified_dominant_feature,,8,,0.0,matched,False,7f6d93243a7e47d3a78948198dce6f30,bb4dcd5a4c431b74b20b93b9ff6ea5e6af09e5ea1ebcb52b60595efbdde9d59a
718311,656427,66,2023-05-04,train,FC,release_speed,positive,1.0,6,1.0,1.0,false_warning_episode_outing,False,7f6d93243a7e47d3a78948198dce6f30,bb4dcd5a4c431b74b20b93b9ff6ea5e6af09e5ea1ebcb52b60595efbdde9d59a
718314,502043,72,2023-05-03,train,SI,spin_axis_cos,unclassified_dominant_feature,,7,,0.0,false_warning_episode_outing,False,7f6d93243a7e47d3a78948198dce6f30,bb4dcd5a4c431b74b20b93b9ff6ea5e6af09e5ea1ebcb52b60595efbdde9d59a
718316,592332,69,2023-05-04,train,FS,spin_axis_sin,unclassified_dominant_feature,,6,,0.0,false_warning_episode_outing,False,7f6d93243a7e47d3a78948198dce6f30,bb4dcd5a4c431b74b20b93b9ff6ea5e6af09e5ea1ebcb52b60595efbdde9d59a
718322,656302,98,2023-05-03,train,SL,release_spin_rate,negative,0.0,9,0.0,3.0,censored,False,7f6d93243a7e47d3a78948198dce6f30,bb4dcd5a4c431b74b20b93b9ff6ea5e6af09e5ea1ebcb52b60595efbdde9d59a
718327,605400,70,2023-05-03,train,CH,pfx_z,unclassified_dominant_feature,,6,,0.0,false_warning_episode_outing,False,7f6d93243a7e47d3a78948198dce6f30,bb4dcd5a4c431b74b20b93b9ff6ea5e6af09e5ea1ebcb52b60595efbdde9d59a
718333,573186,58,2023-05-03,train,SI,release_extension,negative,0.0,5,0.5714285714285714,7.0,false_warning_episode_outing,False,7f6d93243a7e47d3a78948198dce6f30,bb4dcd5a4c431b74b20b93b9ff6ea5e6af09e5ea1ebcb52b60595efbdde9d59a
718333,573186,81,2023-05-03,train,SI,release_pos_z,positive,1.0,8,1.0,3.0,matched,False,7f6d93243a7e47d3a78948198dce6f30,bb4dcd5a4c431b74b20b93b9ff6ea5e6af09e5ea1ebcb52b60595efbdde9d59a
718333,573186,83,2023-05-03,train,SI,release_pos_z,positive,1.0,8,1.0,3.0,false_warning_episode_outing,False,7f6d93243a7e47d3a78948198dce6f30,bb4dcd5a4c431b74b20b93b9ff6ea5e6af09e5ea1ebcb52b60595efbdde9d59a
718333,573186,89,2023-05-03,train,FC,pfx_z,unclassified_dominant_feature,,8,,0.0,censored,False,7f6d93243a7e47d3a78948198dce6f30,bb4dcd5a4c431b74b20b93b9ff6ea5e6af09e5ea1ebcb52b60595efbdde9d59a
718338,663776,74,2023-05-02,train,FF,spin_axis_sin,unclassified_dominant_feature,,7,,0.0,false_warning_episode_outing,False,7f6d93243a7e47d3a78948198dce6f30,bb4dcd5a4c431b74b20b93b9ff6ea5e6af09e5ea1ebcb52b60595efbdde9d59a
718338,663776,82,2023-05-02,train,SL,release_extension,positive,1.0,8,1.0,4.0,matched,False,7f6d93243a7e47d3a78948198dce6f30,bb4dcd5a4c431b74b20b93b9ff6ea5e6af09e5ea1ebcb52b60595efbdde9d59a
718338,663776,92,2023-05-02,train,CH,vaa,unclassified_dominant_feature,,9,,0.0,false_warning_episode_outing,False,7f6d93243a7e47d3a78948198dce6f30,bb4dcd5a4c431b74b20b93b9ff6ea5e6af09e5ea1ebcb52b60595efbdde9d59a
718338,663776,98,2023-05-02,train,CH,spin_axis_cos,unclassified_dominant_feature,,9,,0.0,false_warning_episode_outing,False,7f6d93243a7e47d3a78948198dce6f30,bb4dcd5a4c431b74b20b93b9ff6ea5e6af09e5ea1ebcb52b60595efbdde9d59a
718339,543037,78,2023-05-02,train,SL,vaa,unclassified_dominant_feature,,7,,0.0,matched,False,7f6d93243a7e47d3a78948198dce6f30,bb4dcd5a4c431b74b20b93b9ff6ea5e6af09e5ea1ebcb52b60595efbdde9d59a
718352,675911,66,2023-05-01,train,SL,spin_axis_sin,unclassified_dominant_feature,,6,,0.0,false_warning_episode_outing,False,7f6d93243a7e47d3a78948198dce6f30,bb4dcd5a4c431b74b20b93b9ff6ea5e6af09e5ea1ebcb52b60595efbdde9d59a
718352,675911,90,2023-05-01,train,SL,spin_axis_sin,unclassified_dominant_feature,,8,,0.0,matched,False,7f6d93243a7e47d3a78948198dce6f30,bb4dcd5a4c431b74b20b93b9ff6ea5e6af09e5ea1ebcb52b60595efbdde9d59a
718352,675911,94,2023-05-01,train,FF,release_pos_z,negative,0.0,9,0.0,1.0,false_warning_episode_outing,False,7f6d93243a7e47d3a78948198dce6f30,bb4dcd5a4c431b74b20b93b9ff6ea5e6af09e5ea1ebcb52b60595efbdde9d59a
718352,675911,99,2023-05-01,train,FF,vaa,unclassified_dominant_feature,,9,,0.0,false_warning_episode_outing,False,7f6d93243a7e47d3a78948198dce6f30,bb4dcd5a4c431b74b20b93b9ff6ea5e6af09e5ea1ebcb52b60595efbdde9d59a
718352,675911,103,2023-05-01,train,SL,pfx_z,unclassified_dominant_feature,,10,,0.0,false_warning_episode_outing,False,7f6d93243a7e47d3a78948198dce6f30,bb4dcd5a4c431b74b20b93b9ff6ea5e6af09e5ea1ebcb52b60595efbdde9d59a
718356,641482,74,2023-04-30,train,FC,release_extension,negative,0.0,7,0.5,4.0,false_warning_episode_outing,False,7f6d93243a7e47d3a78948198dce6f30,bb4dcd5a4c431b74b20b93b9ff6ea5e6af09e5ea1ebcb52b60595efbdde9d59a
718356,641482,87,2023-04-30,train,FC,spin_axis_sin,unclassified_dominant_feature,,8,,0.0,matched,False,7f6d93243a7e47d3a78948198dce6f30,bb4dcd5a4c431b74b20b93b9ff6ea5e6af09e5ea1ebcb52b60595efbdde9d59a
718356,641482,89,2023-04-30,train,FF,release_extension,negative,0.0,8,0.6666666666666666,3.0,false_warning_episode_outing,False,7f6d93243a7e47d3a78948198dce6f30,bb4dcd5a4c431b74b20b93b9ff6ea5e6af09e5ea1ebcb52b60595efbdde9d59a
718356,641482,96,2023-04-30,train,FC,spin_axis_sin,unclassified_dominant_feature,,9,,0.0,false_warning_episode_outing,False,7f6d93243a7e47d3a78948198dce6f30,bb4dcd5a4c431b74b20b93b9ff6ea5e6af09e5ea1ebcb52b60595efbdde9d59a
718370,519242,81,2023-04-30,train,FF,release_pos_x,unclassified_dominant_feature,,8,,0.0,false_warning_clean_outing,True,7f6d93243a7e47d3a78948198dce6f30,bb4dcd5a4c431b74b20b93b9ff6ea5e6af09e5ea1ebcb52b60595efbdde9d59a
718375,665795,95,2023-04-29,train,FF,release_pos_x,unclassified_dominant_feature,,9,,0.0,false_warning_episode_outing,False,7f6d93243a7e47d3a78948198dce6f30,bb4dcd5a4c431b74b20b93b9ff6ea5e6af09e5ea1ebcb52b60595efbdde9d59a
718375,665795,98,2023-04-29,train,CH,spin_axis_sin,unclassified_dominant_feature,,9,,,censored,False,7f6d93243a7e47d3a78948198dce6f30,bb4dcd5a4c431b74b20b93b9ff6ea5e6af09e5ea1ebcb52b60595efbdde9d59a
718375,665795,102,2023-04-29,train,CH,release_pos_z,negative,0.0,10,,,censored,False,7f6d93243a7e47d3a78948198dce6f30,bb4dcd5a4c431b74b20b93b9ff6ea5e6af09e5ea1ebcb52b60595efbdde9d59a
718375,665795,106,2023-04-29,train,CH,spin_axis_sin,unclassified_dominant_feature,,10,,,censored,False,7f6d93243a7e47d3a78948198dce6f30,bb4dcd5a4c431b74b20b93b9ff6ea5e6af09e5ea1ebcb52b60595efbdde9d59a
718375,665795,110,2023-04-29,train,CH,release_pos_x,unclassified_dominant_feature,,10,,,censored,False,7f6d93243a7e47d3a78948198dce6f30,bb4dcd5a4c431b74b20b93b9ff6ea5e6af09e5ea1ebcb52b60595efbdde9d59a
718381,593958,84,2023-04-29,train,FF,release_speed,negative,0.0,8,0.0,5.0,matched,False,7f6d93243a7e47d3a78948198dce6f30,bb4dcd5a4c431b74b20b93b9ff6ea5e6af09e5ea1ebcb52b60595efbdde9d59a
718382,656427,66,2023-04-28,train,FC,spin_axis_cos,unclassified_dominant_feature,,6,,0.0,false_warning_episode_outing,False,7f6d93243a7e47d3a78948198dce6f30,bb4dcd5a4c431b74b20b93b9ff6ea5e6af09e5ea1ebcb52b60595efbdde9d59a
718382,656427,90,2023-04-28,train,KC,spin_axis_cos,unclassified_dominant_feature,,8,,0.0,matched,False,7f6d93243a7e47d3a78948198dce6f30,bb4dcd5a4c431b74b20b93b9ff6ea5e6af09e5ea1ebcb52b60595efbdde9d59a
718382,656427,97,2023-04-28,train,FC,release_pos_z,negative,0.0,9,0.0,1.0,false_warning_episode_outing,False,7f6d93243a7e47d3a78948198dce6f30,bb4dcd5a4c431b74b20b93b9ff6ea5e6af09e5ea1ebcb52b60595efbdde9d59a
718389,605400,70,2023-04-28,train,CH,release_speed,positive,1.0,6,0.5,2.0,false_warning_episode_outing,False,7f6d93243a7e47d3a78948198dce6f30,bb4dcd5a4c431b74b20b93b9ff6ea5e6af09e5ea1ebcb52b60595efbdde9d59a
718390,607536,79,2023-04-28,train,KC,spin_axis_cos,unclassified_dominant_feature,,7,,0.0,matched,False,7f6d93243a7e47d3a78948198dce6f30,bb4dcd5a4c431b74b20b93b9ff6ea5e6af09e5ea1ebcb52b60595efbdde9d59a
718390,607536,83,2023-04-28,train,FF,spin_axis_cos,unclassified_dominant_feature,,8,,0.0,false_warning_episode_outing,False,7f6d93243a7e47d3a78948198dce6f30,bb4dcd5a4c431b74b20b93b9ff6ea5e6af09e5ea1ebcb52b60595efbdde9d59a
718390,607536,89,2023-04-28,train,FC,release_extension,negative,0.0,8,0.0,1.0,false_warning_episode_outing,False,7f6d93243a7e47d3a78948198dce6f30,bb4dcd5a4c431b74b20b93b9ff6ea5e6af09e5ea1ebcb52b60595efbdde9d59a
718394,656849,63,2023-04-28,train,SL,vaa,unclassified_dominant_feature,,6,,0.0,matched,False,7f6d93243a7e47d3a78948198dce6f30,bb4dcd5a4c431b74b20b93b9ff6ea5e6af09e5ea1ebcb52b60595efbdde9d59a
718394,656849,72,2023-04-28,train,SI,spin_axis_sin,unclassified_dominant_feature,,7,,0.0,false_warning_episode_outing,False,7f6d93243a7e47d3a78948198dce6f30,bb4dcd5a4c431b74b20b93b9ff6ea5e6af09e5ea1ebcb52b60595efbdde9d59a
718396,656302,89,2023-04-27,train,FF,vaa,unclassified_dominant_feature,,8,,0.0,false_warning_episode_outing,False,7f6d93243a7e47d3a78948198dce6f30,bb4dcd5a4c431b74b20b93b9ff6ea5e6af09e5ea1ebcb52b60595efbdde9d59a
718396,656302,99,2023-04-27,train,FF,release_pos_z,negative,0.0,9,0.0,4.0,false_warning_episode_outing,False,7f6d93243a7e47d3a78948198dce6f30,bb4dcd5a4c431b74b20b93b9ff6ea5e6af09e5ea1ebcb52b60595efbdde9d59a
718397,543037,83,2023-04-27,train,SL,spin_axis_sin,unclassified_dominant_feature,,8,,0.0,censored,True,7f6d93243a7e47d3a78948198dce6f30,bb4dcd5a4c431b74b20b93b9ff6ea5e6af09e5ea1ebcb52b60595efbdde9d59a
744798,605400,78,2024-09-29,validation,CH,release_spin_rate,positive,1.0,7,0.75,4.0,matched,False,7f6d93243a7e47d3a78948198dce6f30,bb4dcd5a4c431b74b20b93b9ff6ea5e6af09e5ea1ebcb52b60595efbdde9d59a
744799,554430,72,2024-09-28,validation,FS,release_spin_rate,negative,0.0,7,0.0,2.0,matched,False,7f6d93243a7e47d3a78948198dce6f30,bb4dcd5a4c431b74b20b93b9ff6ea5e6af09e5ea1ebcb52b60595efbdde9d59a
744800,665795,78,2024-09-13,validation,FF,release_pos_x,unclassified_dominant_feature,,7,,0.0,false_warning_clean_outing,True,7f6d93243a7e47d3a78948198dce6f30,bb4dcd5a4c431b74b20b93b9ff6ea5e6af09e5ea1ebcb52b60595efbdde9d59a
744802,666142,84,2024-09-24,validation,FF,spin_axis_sin,unclassified_dominant_feature,,8,,0.0,censored,False,7f6d93243a7e47d3a78948198dce6f30,bb4dcd5a4c431b74b20b93b9ff6ea5e6af09e5ea1ebcb52b60595efbdde9d59a
744811,543037,85,2024-08-27,validation,SL,release_spin_rate,negative,0.0,8,1.0,1.0,censored,False,7f6d93243a7e47d3a78948198dce6f30,bb4dcd5a4c431b74b20b93b9ff6ea5e6af09e5ea1ebcb52b60595efbdde9d59a
744813,641482,88,2024-08-26,validation,FC,pfx_z,unclassified_dominant_feature,,8,,0.0,false_warning_episode_outing,False,7f6d93243a7e47d3a78948198dce6f30,bb4dcd5a4c431b74b20b93b9ff6ea5e6af09e5ea1ebcb52b60595efbdde9d59a
744821,657277,86,2024-08-05,validation,CH,release_speed,negative,0.0,8,0.375,8.0,false_warning_episode_outing,False,7f6d93243a7e47d3a78948198dce6f30,bb4dcd5a4c431b74b20b93b9ff6ea5e6af09e5ea1ebcb52b60595efbdde9d59a
744823,650644,63,2024-08-03,validation,FC,spin_axis_cos,unclassified_dominant_feature,,6,,0.0,false_warning_episode_outing,False,7f6d93243a7e47d3a78948198dce6f30,bb4dcd5a4c431b74b20b93b9ff6ea5e6af09e5ea1ebcb52b60595efbdde9d59a
744827,656302,77,2024-07-25,validation,FF,release_speed,positive,1.0,7,1.0,25.0,false_warning_clean_outing,True,7f6d93243a7e47d3a78948198dce6f30,bb4dcd5a4c431b74b20b93b9ff6ea5e6af09e5ea1ebcb52b60595efbdde9d59a
744838,640455,74,2024-07-02,validation,ST,spin_axis_cos,unclassified_dominant_feature,,7,,0.0,matched,False,7f6d93243a7e47d3a78948198dce6f30,bb4dcd5a4c431b74b20b93b9ff6ea5e6af09e5ea1ebcb52b60595efbdde9d59a
744845,519242,94,2024-06-07,validation,SL,spin_axis_sin,unclassified_dominant_feature,,9,,0.0,censored,False,7f6d93243a7e47d3a78948198dce6f30,bb4dcd5a4c431b74b20b93b9ff6ea5e6af09e5ea1ebcb52b60595efbdde9d59a
744850,656849,71,2024-06-04,validation,CH,pfx_x,unclassified_dominant_feature,,7,,0.0,false_warning_episode_outing,False,7f6d93243a7e47d3a78948198dce6f30,bb4dcd5a4c431b74b20b93b9ff6ea5e6af09e5ea1ebcb52b60595efbdde9d59a
744852,622663,90,2024-06-05,validation,SI,spin_axis_sin,unclassified_dominant_feature,,8,,0.0,censored,False,7f6d93243a7e47d3a78948198dce6f30,bb4dcd5a4c431b74b20b93b9ff6ea5e6af09e5ea1ebcb52b60595efbdde9d59a
744862,592332,87,2024-05-04,validation,FF,spin_axis_cos,unclassified_dominant_feature,,8,,0.0,false_warning_episode_outing,False,7f6d93243a7e47d3a78948198dce6f30,bb4dcd5a4c431b74b20b93b9ff6ea5e6af09e5ea1ebcb52b60595efbdde9d59a
744862,592332,100,2024-05-04,validation,FF,spin_axis_cos,unclassified_dominant_feature,,9,,0.0,censored,False,7f6d93243a7e47d3a78948198dce6f30,bb4dcd5a4c431b74b20b93b9ff6ea5e6af09e5ea1ebcb52b60595efbdde9d59a
744868,579328,76,2024-05-03,validation,SL,release_extension,positive,1.0,7,0.7142857142857143,7.0,false_warning_episode_outing,False,7f6d93243a7e47d3a78948198dce6f30,bb4dcd5a4c431b74b20b93b9ff6ea5e6af09e5ea1ebcb52b60595efbdde9d59a
744870,527048,68,2024-04-04,validation,SI,pfx_x,unclassified_dominant_feature,,6,,0.0,matched,False,7f6d93243a7e47d3a78948198dce6f30,bb4dcd5a4c431b74b20b93b9ff6ea5e6af09e5ea1ebcb52b60595efbdde9d59a
744870,527048,72,2024-04-04,validation,SI,spin_axis_sin,unclassified_dominant_feature,,7,,0.0,false_warning_episode_outing,False,7f6d93243a7e47d3a78948198dce6f30,bb4dcd5a4c431b74b20b93b9ff6ea5e6af09e5ea1ebcb52b60595efbdde9d59a
744870,527048,76,2024-04-04,validation,CH,release_pos_z,positive,1.0,7,0.25,12.0,false_warning_episode_outing,False,7f6d93243a7e47d3a78948198dce6f30,bb4dcd5a4c431b74b20b93b9ff6ea5e6af09e5ea1ebcb52b60595efbdde9d59a
744870,527048,82,2024-04-04,validation,FC,spin_axis_sin,unclassified_dominant_feature,,8,,0.0,false_warning_episode_outing,False,7f6d93243a7e47d3a78948198dce6f30,bb4dcd5a4c431b74b20b93b9ff6ea5e6af09e5ea1ebcb52b60595efbdde9d59a
744871,650911,67,2024-04-07,validation,SL,spin_axis_cos,unclassified_dominant_feature,,6,,0.0,false_warning_episode_outing,False,7f6d93243a7e47d3a78948198dce6f30,bb4dcd5a4c431b74b20b93b9ff6ea5e6af09e5ea1ebcb52b60595efbdde9d59a
744874,605400,73,2024-04-05,validation,CH,pfx_x,unclassified_dominant_feature,,7,,0.0,matched,False,7f6d93243a7e47d3a78948198dce6f30,bb4dcd5a4c431b74b20b93b9ff6ea5e6af09e5ea1ebcb52b60595efbdde9d59a
744877,592332,86,2024-09-25,validation,FF,spin_axis_cos,unclassified_dominant_feature,,8,,0.0,false_warning_episode_outing,False,7f6d93243a7e47d3a78948198dce6f30,bb4dcd5a4c431b74b20b93b9ff6ea5e6af09e5ea1ebcb52b60595efbdde9d59a
744881,640455,80,2024-09-11,validation,FF,spin_axis_cos,unclassified_dominant_feature,,7,,0.0,false_warning_episode_outing,False,7f6d93243a7e47d3a78948198dce6f30,bb4dcd5a4c431b74b20b93b9ff6ea5e6af09e5ea1ebcb52b60595efbdde9d59a
744882,592332,93,2024-09-13,validation,FF,spin_axis_cos,unclassified_dominant_feature,,9,,0.0,matched,False,7f6d93243a7e47d3a78948198dce6f30,bb4dcd5a4c431b74b20b93b9ff6ea5e6af09e5ea1ebcb52b60595efbdde9d59a
744884,502043,68,2024-09-14,validation,FF,spin_axis_sin,unclassified_dominant_feature,,6,,0.0,matched,False,7f6d93243a7e47d3a78948198dce6f30,bb4dcd5a4c431b74b20b93b9ff6ea5e6af09e5ea1ebcb52b60595efbdde9d59a
744887,650911,62,2024-09-04,validation,SL,spin_axis_sin,unclassified_dominant_feature,,6,,0.0,false_warning_episode_outing,False,7f6d93243a7e47d3a78948198dce6f30,bb4dcd5a4c431b74b20b93b9ff6ea5e6af09e5ea1ebcb52b60595efbdde9d59a
744892,542881,86,2024-08-25,validation,CH,release_extension,negative,0.0,8,0.3333333333333333,6.0,false_warning_episode_outing,False,7f6d93243a7e47d3a78948198dce6f30,bb4dcd5a4c431b74b20b93b9ff6ea5e6af09e5ea1ebcb52b60595efbdde9d59a
744892,542881,88,2024-08-25,validation,FC,pfx_z,unclassified_dominant_feature,,8,,0.0,censored,False,7f6d93243a7e47d3a78948198dce6f30,bb4dcd5a4c431b74b20b93b9ff6ea5e6af09e5ea1ebcb52b60595efbdde9d59a
744892,542881,90,2024-08-25,validation,FF,spin_axis_sin,unclassified_dominant_feature,,8,,0.0,censored,False,7f6d93243a7e47d3a78948198dce6f30,bb4dcd5a4c431b74b20b93b9ff6ea5e6af09e5ea1ebcb52b60595efbdde9d59a
744892,592332,61,2024-08-25,validation,FS,spin_axis_cos,unclassified_dominant_feature,,6,,0.0,false_warning_episode_outing,False,7f6d93243a7e47d3a78948198dce6f30,bb4dcd5a4c431b74b20b93b9ff6ea5e6af09e5ea1ebcb52b60595efbdde9d59a
744898,592332,79,2024-08-19,validation,FS,spin_axis_sin,unclassified_dominant_feature,,7,,0.0,matched,False,7f6d93243a7e47d3a78948198dce6f30,bb4dcd5a4c431b74b20b93b9ff6ea5e6af09e5ea1ebcb52b60595efbdde9d59a
744899,592332,89,2024-08-08,validation,SL,spin_axis_cos,unclassified_dominant_feature,,8,,,censored,False,7f6d93243a7e47d3a78948198dce6f30,bb4dcd5a4c431b74b20b93b9ff6ea5e6af09e5ea1ebcb52b60595efbdde9d59a
744906,579328,88,2024-07-26,validation,FF,release_pos_z,negative,0.0,8,0.0,12.0,censored,False,7f6d93243a7e47d3a78948198dce6f30,bb4dcd5a4c431b74b20b93b9ff6ea5e6af09e5ea1ebcb52b60595efbdde9d59a
744908,592332,90,2024-07-27,validation,FS,spin_axis_cos,unclassified_dominant_feature,,8,,0.0,false_warning_episode_outing,False,7f6d93243a7e47d3a78948198dce6f30,bb4dcd5a4c431b74b20b93b9ff6ea5e6af09e5ea1ebcb52b60595efbdde9d59a
744909,592332,89,2024-07-21,validation,FS,spin_axis_cos,unclassified_dominant_feature,,8,,0.0,censored,False,7f6d93243a7e47d3a78948198dce6f30,bb4dcd5a4c431b74b20b93b9ff6ea5e6af09e5ea1ebcb52b60595efbdde9d59a
744910,579328,81,2024-07-20,validation,FF,release_pos_z,negative,0.0,8,0.0,12.0,matched,False,7f6d93243a7e47d3a78948198dce6f30,bb4dcd5a4c431b74b20b93b9ff6ea5e6af09e5ea1ebcb52b60595efbdde9d59a
744911,656427,83,2024-07-19,validation,SL,spin_axis_sin,unclassified_dominant_feature,,8,,0.0,matched,False,7f6d93243a7e47d3a78948198dce6f30,bb4dcd5a4c431b74b20b93b9ff6ea5e6af09e5ea1ebcb52b60595efbdde9d59a
744915,579328,87,2024-07-03,validation,FF,release_pos_z,negative,0.0,8,0.0,12.0,false_warning_episode_outing,False,7f6d93243a7e47d3a78948198dce6f30,bb4dcd5a4c431b74b20b93b9ff6ea5e6af09e5ea1ebcb52b60595efbdde9d59a
744916,543037,76,2024-06-30,validation,FF,spin_axis_sin,unclassified_dominant_feature,,7,,0.0,censored,False,7f6d93243a7e47d3a78948198dce6f30,bb4dcd5a4c431b74b20b93b9ff6ea5e6af09e5ea1ebcb52b60595efbdde9d59a
744916,592332,87,2024-06-30,validation,FF,release_pos_z,negative,0.0,8,0.0,18.0,matched,False,7f6d93243a7e47d3a78948198dce6f30,bb4dcd5a4c431b74b20b93b9ff6ea5e6af09e5ea1ebcb52b60595efbdde9d59a
744916,592332,90,2024-06-30,validation,FF,pfx_x,unclassified_dominant_feature,,8,,0.0,false_warning_episode_outing,False,7f6d93243a7e47d3a78948198dce6f30,bb4dcd5a4c431b74b20b93b9ff6ea5e6af09e5ea1ebcb52b60595efbdde9d59a
744920,592332,90,2024-06-19,validation,FF,release_pos_z,negative,0.0,8,0.0,18.0,false_warning_episode_outing,False,7f6d93243a7e47d3a78948198dce6f30,bb4dcd5a4c431b74b20b93b9ff6ea5e6af09e5ea1ebcb52b60595efbdde9d59a
744921,641482,84,2024-06-29,validation,FC,release_extension,positive,1.0,8,0.5,2.0,censored,False,7f6d93243a7e47d3a78948198dce6f30,bb4dcd5a4c431b74b20b93b9ff6ea5e6af09e5ea1ebcb52b60595efbdde9d59a
744923,579328,72,2024-06-06,validation,CU,pfx_z,unclassified_dominant_feature,,7,,0.0,matched,False,7f6d93243a7e47d3a78948198dce6f30,bb4dcd5a4c431b74b20b93b9ff6ea5e6af09e5ea1ebcb52b60595efbdde9d59a
744924,592332,85,2024-06-14,validation,FS,spin_axis_cos,unclassified_dominant_feature,,8,,0.0,censored,False,7f6d93243a7e47d3a78948198dce6f30,bb4dcd5a4c431b74b20b93b9ff6ea5e6af09e5ea1ebcb52b60595efbdde9d59a
744924,671106,63,2024-06-14,validation,FF,release_pos_x,unclassified_dominant_feature,,6,,0.0,false_warning_episode_outing,False,7f6d93243a7e47d3a78948198dce6f30,bb4dcd5a4c431b74b20b93b9ff6ea5e6af09e5ea1ebcb52b60595efbdde9d59a
744926,594902,66,2024-06-16,validation,SI,release_speed,positive,1.0,6,0.8333333333333334,6.0,matched,False,7f6d93243a7e47d3a78948198dce6f30,bb4dcd5a4c431b74b20b93b9ff6ea5e6af09e5ea1ebcb52b60595efbdde9d59a
744930,592332,81,2024-06-03,validation,FF,release_spin_rate,positive,1.0,8,0.6666666666666666,6.0,matched,False,7f6d93243a7e47d3a78948198dce6f30,bb4dcd5a4c431b74b20b93b9ff6ea5e6af09e5ea1ebcb52b60595efbdde9d59a
744931,669203,74,2024-06-04,validation,SI,pfx_z,unclassified_dominant_feature,,7,,0.0,false_warning_episode_outing,False,7f6d93243a7e47d3a78948198dce6f30,bb4dcd5a4c431b74b20b93b9ff6ea5e6af09e5ea1ebcb52b60595efbdde9d59a
744932,579328,53,2024-06-01,validation,CU,spin_axis_sin,unclassified_dominant_feature,,5,,0.0,matched,False,7f6d93243a7e47d3a78948198dce6f30,bb4dcd5a4c431b74b20b93b9ff6ea5e6af09e5ea1ebcb52b60595efbdde9d59a
744936,579328,87,2024-05-21,validation,CH,release_speed,negative,0.0,8,0.0,3.0,censored,False,7f6d93243a7e47d3a78948198dce6f30,bb4dcd5a4c431b74b20b93b9ff6ea5e6af09e5ea1ebcb52b60595efbdde9d59a
744937,650644,66,2024-05-19,validation,FF,spin_axis_sin,unclassified_dominant_feature,,6,,0.0,false_warning_episode_outing,False,7f6d93243a7e47d3a78948198dce6f30,bb4dcd5a4c431b74b20b93b9ff6ea5e6af09e5ea1ebcb52b60595efbdde9d59a
744938,592332,76,2024-05-18,validation,SL,vaa,unclassified_dominant_feature,,7,,0.0,false_warning_episode_outing,False,7f6d93243a7e47d3a78948198dce6f30,bb4dcd5a4c431b74b20b93b9ff6ea5e6af09e5ea1ebcb52b60595efbdde9d59a
744938,592332,79,2024-05-18,validation,FS,spin_axis_sin,unclassified_dominant_feature,,7,,0.0,false_warning_episode_outing,False,7f6d93243a7e47d3a78948198dce6f30,bb4dcd5a4c431b74b20b93b9ff6ea5e6af09e5ea1ebcb52b60595efbdde9d59a
744938,592332,82,2024-05-18,validation,SL,spin_axis_sin,unclassified_dominant_feature,,8,,0.0,false_warning_episode_outing,False,7f6d93243a7e47d3a78948198dce6f30,bb4dcd5a4c431b74b20b93b9ff6ea5e6af09e5ea1ebcb52b60595efbdde9d59a
744938,592332,84,2024-05-18,validation,FF,spin_axis_sin,unclassified_dominant_feature,,8,,0.0,matched,False,7f6d93243a7e47d3a78948198dce6f30,bb4dcd5a4c431b74b20b93b9ff6ea5e6af09e5ea1ebcb52b60595efbdde9d59a
744938,592332,90,2024-05-18,validation,SL,release_pos_x,unclassified_dominant_feature,,8,,0.0,false_warning_episode_outing,False,7f6d93243a7e47d3a78948198dce6f30,bb4dcd5a4c431b74b20b93b9ff6ea5e6af09e5ea1ebcb52b60595efbdde9d59a
744940,579328,86,2024-05-10,validation,CH,release_spin_rate,negative,0.0,8,,,censored,False,7f6d93243a7e47d3a78948198dce6f30,bb4dcd5a4c431b74b20b93b9ff6ea5e6af09e5ea1ebcb52b60595efbdde9d59a
744942,666142,93,2024-04-30,validation,SL,pfx_z,unclassified_dominant_feature,,9,,0.0,matched,False,7f6d93243a7e47d3a78948198dce6f30,bb4dcd5a4c431b74b20b93b9ff6ea5e6af09e5ea1ebcb52b60595efbdde9d59a
744944,579328,88,2024-04-16,validation,CU,spin_axis_sin,unclassified_dominant_feature,,8,,0.0,censored,False,7f6d93243a7e47d3a78948198dce6f30,bb4dcd5a4c431b74b20b93b9ff6ea5e6af09e5ea1ebcb52b60595efbdde9d59a
744946,579328,88,2024-04-27,validation,CU,pfx_x,unclassified_dominant_feature,,8,,0.0,censored,False,7f6d93243a7e47d3a78948198dce6f30,bb4dcd5a4c431b74b20b93b9ff6ea5e6af09e5ea1ebcb52b60595efbdde9d59a
744947,592332,93,2024-04-28,validation,FS,release_pos_x,unclassified_dominant_feature,,9,,0.0,censored,False,7f6d93243a7e47d3a78948198dce6f30,bb4dcd5a4c431b74b20b93b9ff6ea5e6af09e5ea1ebcb52b60595efbdde9d59a
744948,573186,71,2024-04-17,validation,SI,pfx_x,unclassified_dominant_feature,,7,,0.0,false_warning_episode_outing,False,7f6d93243a7e47d3a78948198dce6f30,bb4dcd5a4c431b74b20b93b9ff6ea5e6af09e5ea1ebcb52b60595efbdde9d59a
744948,592332,98,2024-04-17,validation,FF,spin_axis_sin,unclassified_dominant_feature,,9,,0.0,false_warning_episode_outing,False,7f6d93243a7e47d3a78948198dce6f30,bb4dcd5a4c431b74b20b93b9ff6ea5e6af09e5ea1ebcb52b60595efbdde9d59a
744948,592332,100,2024-04-17,validation,FS,release_speed,positive,1.0,9,1.0,5.0,false_warning_episode_outing,False,7f6d93243a7e47d3a78948198dce6f30,bb4dcd5a4c431b74b20b93b9ff6ea5e6af09e5ea1ebcb52b60595efbdde9d59a
744952,607536,62,2024-04-14,validation,CH,spin_axis_cos,unclassified_dominant_feature,,6,,0.0,false_warning_episode_outing,False,7f6d93243a7e47d3a78948198dce6f30,bb4dcd5a4c431b74b20b93b9ff6ea5e6af09e5ea1ebcb52b60595efbdde9d59a
744958,641540,78,2024-09-21,validation,KC,release_extension,positive,1.0,7,1.0,1.0,censored,False,7f6d93243a7e47d3a78948198dce6f30,bb4dcd5a4c431b74b20b93b9ff6ea5e6af09e5ea1ebcb52b60595efbdde9d59a
744972,543037,74,2024-09-02,validation,FF,release_extension,negative,0.0,7,1.0,1.0,censored,False,7f6d93243a7e47d3a78948198dce6f30,bb4dcd5a4c431b74b20b93b9ff6ea5e6af09e5ea1ebcb52b60595efbdde9d59a
744981,579328,71,2024-08-07,validation,CH,spin_axis_cos,unclassified_dominant_feature,,7,,0.0,matched,False,7f6d93243a7e47d3a78948198dce6f30,bb4dcd5a4c431b74b20b93b9ff6ea5e6af09e5ea1ebcb52b60595efbdde9d59a
744990,669203,75,2024-07-19,validation,FC,vaa,unclassified_dominant_feature,,7,,0.0,false_warning_episode_outing,False,7f6d93243a7e47d3a78948198dce6f30,bb4dcd5a4c431b74b20b93b9ff6ea5e6af09e5ea1ebcb52b60595efbdde9d59a
744996,650633,83,2024-07-04,validation,ST,spin_axis_sin,unclassified_dominant_feature,,8,,0.0,matched,False,7f6d93243a7e47d3a78948198dce6f30,bb4dcd5a4c431b74b20b93b9ff6ea5e6af09e5ea1ebcb52b60595efbdde9d59a
744999,656302,69,2024-07-02,validation,KC,release_pos_z,negative,0.0,6,0.5,2.0,false_warning_episode_outing,False,7f6d93243a7e47d3a78948198dce6f30,bb4dcd5a4c431b74b20b93b9ff6ea5e6af09e5ea1ebcb52b60595efbdde9d59a
745000,679525,74,2024-06-23,validation,SL,release_pos_x,unclassified_dominant_feature,,7,,0.0,matched,False,7f6d93243a7e47d3a78948198dce6f30,bb4dcd5a4c431b74b20b93b9ff6ea5e6af09e5ea1ebcb52b60595efbdde9d59a
745002,640455,88,2024-06-19,validation,ST,release_pos_x,unclassified_dominant_feature,,8,,0.0,matched,False,7f6d93243a7e47d3a78948198dce6f30,bb4dcd5a4c431b74b20b93b9ff6ea5e6af09e5ea1ebcb52b60595efbdde9d59a
745004,622663,75,2024-06-18,validation,FF,release_speed,negative,0.0,7,0.0,8.0,false_warning_episode_outing,False,7f6d93243a7e47d3a78948198dce6f30,bb4dcd5a4c431b74b20b93b9ff6ea5e6af09e5ea1ebcb52b60595efbdde9d59a
745005,656849,96,2024-06-17,validation,FF,release_speed,positive,1.0,9,0.0,1.0,censored,False,7f6d93243a7e47d3a78948198dce6f30,bb4dcd5a4c431b74b20b93b9ff6ea5e6af09e5ea1ebcb52b60595efbdde9d59a
745008,657277,70,2024-06-07,validation,SI,release_pos_x,unclassified_dominant_feature,,6,,0.0,false_warning_episode_outing,False,7f6d93243a7e47d3a78948198dce6f30,bb4dcd5a4c431b74b20b93b9ff6ea5e6af09e5ea1ebcb52b60595efbdde9d59a
745011,641540,89,2024-05-29,validation,SI,release_spin_rate,negative,0.0,8,0.0,1.0,false_warning_episode_outing,False,7f6d93243a7e47d3a78948198dce6f30,bb4dcd5a4c431b74b20b93b9ff6ea5e6af09e5ea1ebcb52b60595efbdde9d59a
745011,641540,92,2024-05-29,validation,SI,release_pos_x,unclassified_dominant_feature,,9,,0.0,false_warning_episode_outing,False,7f6d93243a7e47d3a78948198dce6f30,bb4dcd5a4c431b74b20b93b9ff6ea5e6af09e5ea1ebcb52b60595efbdde9d59a
745011,669194,81,2024-05-29,validation,FF,pfx_z,unclassified_dominant_feature,,8,,0.0,matched,False,7f6d93243a7e47d3a78948198dce6f30,bb4dcd5a4c431b74b20b93b9ff6ea5e6af09e5ea1ebcb52b60595efbdde9d59a
745013,663776,93,2024-05-18,validation,CU,vaa,unclassified_dominant_feature,,9,,0.0,matched,False,7f6d93243a7e47d3a78948198dce6f30,bb4dcd5a4c431b74b20b93b9ff6ea5e6af09e5ea1ebcb52b60595efbdde9d59a
745014,594902,82,2024-05-14,validation,FF,release_extension,negative,0.0,8,,,censored,False,7f6d93243a7e47d3a78948198dce6f30,bb4dcd5a4c431b74b20b93b9ff6ea5e6af09e5ea1ebcb52b60595efbdde9d59a
745016,542881,86,2024-05-17,validation,FF,spin_axis_sin,unclassified_dominant_feature,,8,,0.0,false_warning_episode_outing,False,7f6d93243a7e47d3a78948198dce6f30,bb4dcd5a4c431b74b20b93b9ff6ea5e6af09e5ea1ebcb52b60595efbdde9d59a
745020,668881,75,2024-04-27,validation,FF,spin_axis_sin,unclassified_dominant_feature,,7,,0.0,false_warning_episode_outing,False,7f6d93243a7e47d3a78948198dce6f30,bb4dcd5a4c431b74b20b93b9ff6ea5e6af09e5ea1ebcb52b60595efbdde9d59a
745026,641540,88,2024-04-23,validation,SI,vaa,unclassified_dominant_feature,,8,,0.0,false_warning_episode_outing,False,7f6d93243a7e47d3a78948198dce6f30,bb4dcd5a4c431b74b20b93b9ff6ea5e6af09e5ea1ebcb52b60595efbdde9d59a
745032,641540,60,2024-04-07,validation,SL,release_pos_x,unclassified_dominant_feature,,5,,0.0,false_warning_episode_outing,False,7f6d93243a7e47d3a78948198dce6f30,bb4dcd5a4c431b74b20b93b9ff6ea5e6af09e5ea1ebcb52b60595efbdde9d59a
745032,641540,74,2024-04-07,validation,KC,release_extension,positive,1.0,7,1.0,1.0,false_warning_episode_outing,False,7f6d93243a7e47d3a78948198dce6f30,bb4dcd5a4c431b74b20b93b9ff6ea5e6af09e5ea1ebcb52b60595efbdde9d59a
745037,543294,64,2024-03-30,validation,CH,spin_axis_cos,unclassified_dominant_feature,,6,,0.0,matched,False,7f6d93243a7e47d3a78948198dce6f30,bb4dcd5a4c431b74b20b93b9ff6ea5e6af09e5ea1ebcb52b60595efbdde9d59a
745052,527048,75,2024-08-30,validation,FC,release_speed,negative,0.0,7,0.2,5.0,false_warning_episode_outing,False,7f6d93243a7e47d3a78948198dce6f30,bb4dcd5a4c431b74b20b93b9ff6ea5e6af09e5ea1ebcb52b60595efbdde9d59a
745054,669194,65,2024-08-16,validation,SL,release_speed,negative,0.0,6,0.14285714285714285,7.0,matched,False,7f6d93243a7e47d3a78948198dce6f30,bb4dcd5a4c431b74b20b93b9ff6ea5e6af09e5ea1ebcb52b60595efbdde9d59a
745055,579328,89,2024-08-13,validation,FF,spin_axis_cos,unclassified_dominant_feature,,8,,0.0,censored,False,7f6d93243a7e47d3a78948198dce6f30,bb4dcd5a4c431b74b20b93b9ff6ea5e6af09e5ea1ebcb52b60595efbdde9d59a
745056,669203,61,2024-08-10,validation,CU,pfx_x,unclassified_dominant_feature,,6,,0.0,matched,False,7f6d93243a7e47d3a78948198dce6f30,bb4dcd5a4c431b74b20b93b9ff6ea5e6af09e5ea1ebcb52b60595efbdde9d59a
745056,669203,68,2024-08-10,validation,CU,release_pos_x,unclassified_dominant_feature,,6,,0.0,false_warning_episode_outing,False,7f6d93243a7e47d3a78948198dce6f30,bb4dcd5a4c431b74b20b93b9ff6ea5e6af09e5ea1ebcb52b60595efbdde9d59a
745060,665795,72,2024-07-30,validation,CH,release_speed,positive,1.0,7,0.6666666666666666,3.0,censored,False,7f6d93243a7e47d3a78948198dce6f30,bb4dcd5a4c431b74b20b93b9ff6ea5e6af09e5ea1ebcb52b60595efbdde9d59a
745063,668881,67,2024-07-28,validation,FF,spin_axis_cos,unclassified_dominant_feature,,6,,0.0,matched,False,7f6d93243a7e47d3a78948198dce6f30,bb4dcd5a4c431b74b20b93b9ff6ea5e6af09e5ea1ebcb52b60595efbdde9d59a
745065,641482,85,2024-07-11,validation,FF,spin_axis_cos,unclassified_dominant_feature,,8,,0.0,matched,False,7f6d93243a7e47d3a78948198dce6f30,bb4dcd5a4c431b74b20b93b9ff6ea5e6af09e5ea1ebcb52b60595efbdde9d59a
745066,594902,74,2024-07-14,validation,SI,release_pos_z,negative,0.0,7,0.5,4.0,false_warning_episode_outing,False,7f6d93243a7e47d3a78948198dce6f30,bb4dcd5a4c431b74b20b93b9ff6ea5e6af09e5ea1ebcb52b60595efbdde9d59a
745071,650644,92,2024-06-29,validation,ST,release_speed,negative,0.0,9,0.0,1.0,false_warning_episode_outing,False,7f6d93243a7e47d3a78948198dce6f30,bb4dcd5a4c431b74b20b93b9ff6ea5e6af09e5ea1ebcb52b60595efbdde9d59a
745080,669203,77,2024-06-10,validation,FC,vaa,unclassified_dominant_feature,,7,,0.0,matched,False,7f6d93243a7e47d3a78948198dce6f30,bb4dcd5a4c431b74b20b93b9ff6ea5e6af09e5ea1ebcb52b60595efbdde9d59a
745083,650644,96,2024-06-07,validation,CU,spin_axis_cos,unclassified_dominant_feature,,9,,0.0,false_warning_episode_outing,False,7f6d93243a7e47d3a78948198dce6f30,bb4dcd5a4c431b74b20b93b9ff6ea5e6af09e5ea1ebcb52b60595efbdde9d59a
745096,641482,83,2024-05-11,validation,FC,pfx_z,unclassified_dominant_feature,,8,,0.0,censored,False,7f6d93243a7e47d3a78948198dce6f30,bb4dcd5a4c431b74b20b93b9ff6ea5e6af09e5ea1ebcb52b60595efbdde9d59a
745099,656427,94,2024-04-24,validation,KC,pfx_x,unclassified_dominant_feature,,9,,,censored,False,7f6d93243a7e47d3a78948198dce6f30,bb4dcd5a4c431b74b20b93b9ff6ea5e6af09e5ea1ebcb52b60595efbdde9d59a
745103,622663,75,2024-05-05,validation,ST,vaa,unclassified_dominant_feature,,7,,0.0,false_warning_episode_outing,False,7f6d93243a7e47d3a78948198dce6f30,bb4dcd5a4c431b74b20b93b9ff6ea5e6af09e5ea1ebcb52b60595efbdde9d59a
745103,622663,89,2024-05-05,validation,ST,vaa,unclassified_dominant_feature,,8,,0.0,false_warning_episode_outing,False,7f6d93243a7e47d3a78948198dce6f30,bb4dcd5a4c431b74b20b93b9ff6ea5e6af09e5ea1ebcb52b60595efbdde9d59a
745106,663776,75,2024-04-15,validation,FF,spin_axis_sin,unclassified_dominant_feature,,7,,0.0,matched,False,7f6d93243a7e47d3a78948198dce6f30,bb4dcd5a4c431b74b20b93b9ff6ea5e6af09e5ea1ebcb52b60595efbdde9d59a
745109,641540,48,2024-04-01,validation,SL,release_extension,positive,1.0,4,1.0,4.0,matched,False,7f6d93243a7e47d3a78948198dce6f30,bb4dcd5a4c431b74b20b93b9ff6ea5e6af09e5ea1ebcb52b60595efbdde9d59a
745109,641540,76,2024-04-01,validation,SI,vaa,unclassified_dominant_feature,,7,,0.0,matched,False,7f6d93243a7e47d3a78948198dce6f30,bb4dcd5a4c431b74b20b93b9ff6ea5e6af09e5ea1ebcb52b60595efbdde9d59a
745109,641540,78,2024-04-01,validation,FC,release_speed,negative,0.0,7,0.0,6.0,false_warning_episode_outing,False,7f6d93243a7e47d3a78948198dce6f30,bb4dcd5a4c431b74b20b93b9ff6ea5e6af09e5ea1ebcb52b60595efbdde9d59a
745110,657277,92,2024-04-13,validation,FF,release_spin_rate,positive,1.0,9,1.0,1.0,false_warning_episode_outing,False,7f6d93243a7e47d3a78948198dce6f30,bb4dcd5a4c431b74b20b93b9ff6ea5e6af09e5ea1ebcb52b60595efbdde9d59a
745117,650644,80,2024-03-29,validation,SI,spin_axis_sin,unclassified_dominant_feature,,7,,0.0,censored,False,7f6d93243a7e47d3a78948198dce6f30,bb4dcd5a4c431b74b20b93b9ff6ea5e6af09e5ea1ebcb52b60595efbdde9d59a
745119,579328,60,2024-03-30,validation,SL,release_pos_z,positive,1.0,5,0.2727272727272727,11.0,false_warning_episode_outing,False,7f6d93243a7e47d3a78948198dce6f30,bb4dcd5a4c431b74b20b93b9ff6ea5e6af09e5ea1ebcb52b60595efbdde9d59a
745119,579328,77,2024-03-30,validation,SL,release_speed,negative,0.0,7,0.25,12.0,matched,False,7f6d93243a7e47d3a78948198dce6f30,bb4dcd5a4c431b74b20b93b9ff6ea5e6af09e5ea1ebcb52b60595efbdde9d59a
745119,579328,80,2024-03-30,validation,FF,spin_axis_sin,unclassified_dominant_feature,,7,,0.0,false_warning_episode_outing,False,7f6d93243a7e47d3a78948198dce6f30,bb4dcd5a4c431b74b20b93b9ff6ea5e6af09e5ea1ebcb52b60595efbdde9d59a
745119,579328,87,2024-03-30,validation,FF,spin_axis_sin,unclassified_dominant_feature,,8,,0.0,false_warning_episode_outing,False,7f6d93243a7e47d3a78948198dce6f30,bb4dcd5a4c431b74b20b93b9ff6ea5e6af09e5ea1ebcb52b60595efbdde9d59a
745125,502043,79,2024-09-07,validation,CU,release_pos_z,negative,0.0,7,0.3333333333333333,3.0,false_warning_episode_outing,False,7f6d93243a7e47d3a78948198dce6f30,bb4dcd5a4c431b74b20b93b9ff6ea5e6af09e5ea1ebcb52b60595efbdde9d59a
745133,502043,75,2024-08-26,validation,SI,spin_axis_cos,unclassified_dominant_feature,,7,,0.0,false_warning_episode_outing,False,7f6d93243a7e47d3a78948198dce6f30,bb4dcd5a4c431b74b20b93b9ff6ea5e6af09e5ea1ebcb52b60595efbdde9d59a
745134,605397,85,2024-08-28,validation,ST,release_pos_z,negative,0.0,8,0.0,6.0,matched,False,7f6d93243a7e47d3a78948198dce6f30,bb4dcd5a4c431b74b20b93b9ff6ea5e6af09e5ea1ebcb52b60595efbdde9d59a
745135,650633,82,2024-08-29,validation,SL,spin_axis_cos,unclassified_dominant_feature,,8,,0.0,false_warning_episode_outing,False,7f6d93243a7e47d3a78948198dce6f30,bb4dcd5a4c431b74b20b93b9ff6ea5e6af09e5ea1ebcb52b60595efbdde9d59a
745138,502043,82,2024-08-21,validation,ST,spin_axis_sin,unclassified_dominant_feature,,8,,0.0,censored,False,7f6d93243a7e47d3a78948198dce6f30,bb4dcd5a4c431b74b20b93b9ff6ea5e6af09e5ea1ebcb52b60595efbdde9d59a
745143,502043,81,2024-08-08,validation,SI,vaa,unclassified_dominant_feature,,8,,0.0,censored,False,7f6d93243a7e47d3a78948198dce6f30,bb4dcd5a4c431b74b20b93b9ff6ea5e6af09e5ea1ebcb52b60595efbdde9d59a
745150,502043,71,2024-07-27,validation,CH,pfx_x,unclassified_dominant_feature,,7,,0.0,matched,False,7f6d93243a7e47d3a78948198dce6f30,bb4dcd5a4c431b74b20b93b9ff6ea5e6af09e5ea1ebcb52b60595efbdde9d59a
745153,543294,86,2024-07-12,validation,CH,release_speed,negative,0.0,8,0.3333333333333333,3.0,censored,False,7f6d93243a7e47d3a78948198dce6f30,bb4dcd5a4c431b74b20b93b9ff6ea5e6af09e5ea1ebcb52b60595efbdde9d59a
745154,668881,66,2024-06-30,validation,FS,spin_axis_sin,unclassified_dominant_feature,,6,,0.0,false_warning_episode_outing,False,7f6d93243a7e47d3a78948198dce6f30,bb4dcd5a4c431b74b20b93b9ff6ea5e6af09e5ea1ebcb52b60595efbdde9d59a
745155,679525,86,2024-07-10,validation,SI,release_extension,positive,1.0,8,0.6666666666666666,3.0,false_warning_episode_outing,False,7f6d93243a7e47d3a78948198dce6f30,bb4dcd5a4c431b74b20b93b9ff6ea5e6af09e5ea1ebcb52b60595efbdde9d59a
745157,502043,70,2024-06-26,validation,FF,release_pos_x,unclassified_dominant_feature,,6,,0.0,matched,False,7f6d93243a7e47d3a78948198dce6f30,bb4dcd5a4c431b74b20b93b9ff6ea5e6af09e5ea1ebcb52b60595efbdde9d59a
745165,657277,96,2024-06-23,validation,CH,release_pos_z,negative,0.0,9,0.0,5.0,false_warning_episode_outing,False,7f6d93243a7e47d3a78948198dce6f30,bb4dcd5a4c431b74b20b93b9ff6ea5e6af09e5ea1ebcb52b60595efbdde9d59a
745166,502043,83,2024-06-08,validation,SI,release_speed,negative,0.0,8,0.0,3.0,false_warning_episode_outing,False,7f6d93243a7e47d3a78948198dce6f30,bb4dcd5a4c431b74b20b93b9ff6ea5e6af09e5ea1ebcb52b60595efbdde9d59a
745175,502043,83,2024-07-13,validation,FC,spin_axis_sin,unclassified_dominant_feature,,8,,0.0,censored,False,7f6d93243a7e47d3a78948198dce6f30,bb4dcd5a4c431b74b20b93b9ff6ea5e6af09e5ea1ebcb52b60595efbdde9d59a
745178,502043,84,2024-05-17,validation,ST,release_extension,negative,0.0,8,0.5,2.0,false_warning_episode_outing,False,7f6d93243a7e47d3a78948198dce6f30,bb4dcd5a4c431b74b20b93b9ff6ea5e6af09e5ea1ebcb52b60595efbdde9d59a
745182,502043,90,2024-05-06,validation,SI,release_pos_x,unclassified_dominant_feature,,8,,0.0,censored,False,7f6d93243a7e47d3a78948198dce6f30,bb4dcd5a4c431b74b20b93b9ff6ea5e6af09e5ea1ebcb52b60595efbdde9d59a
745182,640455,74,2024-05-06,validation,ST,release_pos_x,unclassified_dominant_feature,,7,,0.0,false_warning_episode_outing,False,7f6d93243a7e47d3a78948198dce6f30,bb4dcd5a4c431b74b20b93b9ff6ea5e6af09e5ea1ebcb52b60595efbdde9d59a
745184,640455,81,2024-08-05,validation,FF,pfx_z,unclassified_dominant_feature,,8,,0.0,false_warning_clean_outing,True,7f6d93243a7e47d3a78948198dce6f30,bb4dcd5a4c431b74b20b93b9ff6ea5e6af09e5ea1ebcb52b60595efbdde9d59a
745188,502043,80,2024-04-24,validation,SI,release_extension,positive,1.0,7,0.6,5.0,censored,False,7f6d93243a7e47d3a78948198dce6f30,bb4dcd5a4c431b74b20b93b9ff6ea5e6af09e5ea1ebcb52b60595efbdde9d59a
745189,502043,83,2024-04-19,validation,SI,pfx_z,unclassified_dominant_feature,,8,,0.0,censored,False,7f6d93243a7e47d3a78948198dce6f30,bb4dcd5a4c431b74b20b93b9ff6ea5e6af09e5ea1ebcb52b60595efbdde9d59a
745195,554430,91,2024-04-09,validation,SI,release_spin_rate,negative,0.0,9,0.0,2.0,matched,False,7f6d93243a7e47d3a78948198dce6f30,bb4dcd5a4c431b74b20b93b9ff6ea5e6af09e5ea1ebcb52b60595efbdde9d59a
745195,554430,95,2024-04-09,validation,FC,spin_axis_sin,unclassified_dominant_feature,,9,,0.0,false_warning_episode_outing,False,7f6d93243a7e47d3a78948198dce6f30,bb4dcd5a4c431b74b20b93b9ff6ea5e6af09e5ea1ebcb52b60595efbdde9d59a
745195,554430,100,2024-04-09,validation,FF,spin_axis_cos,unclassified_dominant_feature,,9,,0.0,false_warning_episode_outing,False,7f6d93243a7e47d3a78948198dce6f30,bb4dcd5a4c431b74b20b93b9ff6ea5e6af09e5ea1ebcb52b60595efbdde9d59a
745195,554430,105,2024-04-09,validation,FF,spin_axis_cos,unclassified_dominant_feature,,10,,0.0,censored,False,7f6d93243a7e47d3a78948198dce6f30,bb4dcd5a4c431b74b20b93b9ff6ea5e6af09e5ea1ebcb52b60595efbdde9d59a
745196,605400,63,2024-04-10,validation,FF,release_speed,negative,0.0,6,0.0,5.0,false_warning_episode_outing,False,7f6d93243a7e47d3a78948198dce6f30,bb4dcd5a4c431b74b20b93b9ff6ea5e6af09e5ea1ebcb52b60595efbdde9d59a
745198,502043,72,2024-04-07,validation,ST,vaa,unclassified_dominant_feature,,7,,0.0,matched,False,7f6d93243a7e47d3a78948198dce6f30,bb4dcd5a4c431b74b20b93b9ff6ea5e6af09e5ea1ebcb52b60595efbdde9d59a
745214,650633,80,2024-09-11,validation,SI,pfx_z,unclassified_dominant_feature,,7,,0.0,false_warning_episode_outing,False,7f6d93243a7e47d3a78948198dce6f30,bb4dcd5a4c431b74b20b93b9ff6ea5e6af09e5ea1ebcb52b60595efbdde9d59a
745216,622663,92,2024-08-11,validation,FF,release_pos_z,negative,0.0,9,0.0,1.0,false_warning_episode_outing,False,7f6d93243a7e47d3a78948198dce6f30,bb4dcd5a4c431b74b20b93b9ff6ea5e6af09e5ea1ebcb52b60595efbdde9d59a
745222,554430,47,2024-08-04,validation,FS,spin_axis_cos,unclassified_dominant_feature,,4,,0.0,false_warning_episode_outing,False,7f6d93243a7e47d3a78948198dce6f30,bb4dcd5a4c431b74b20b93b9ff6ea5e6af09e5ea1ebcb52b60595efbdde9d59a
745222,554430,67,2024-08-04,validation,SI,spin_axis_sin,unclassified_dominant_feature,,6,,0.0,matched,False,7f6d93243a7e47d3a78948198dce6f30,bb4dcd5a4c431b74b20b93b9ff6ea5e6af09e5ea1ebcb52b60595efbdde9d59a
745232,542881,83,2024-07-22,validation,CH,release_spin_rate,negative,0.0,8,0.75,8.0,matched,False,7f6d93243a7e47d3a78948198dce6f30,bb4dcd5a4c431b74b20b93b9ff6ea5e6af09e5ea1ebcb52b60595efbdde9d59a
745236,669203,76,2024-07-04,validation,SI,spin_axis_sin,unclassified_dominant_feature,,7,,0.0,false_warning_episode_outing,False,7f6d93243a7e47d3a78948198dce6f30,bb4dcd5a4c431b74b20b93b9ff6ea5e6af09e5ea1ebcb52b60595efbdde9d59a
745237,592332,69,2024-07-05,validation,FS,release_pos_z,negative,0.0,6,0.3,10.0,matched,False,7f6d93243a7e47d3a78948198dce6f30,bb4dcd5a4c431b74b20b93b9ff6ea5e6af09e5ea1ebcb52b60595efbdde9d59a
745256,663903,87,2024-05-13,validation,SL,release_pos_x,unclassified_dominant_feature,,8,,0.0,false_warning_episode_outing,False,7f6d93243a7e47d3a78948198dce6f30,bb4dcd5a4c431b74b20b93b9ff6ea5e6af09e5ea1ebcb52b60595efbdde9d59a
745259,679525,75,2024-05-15,validation,SI,release_pos_x,unclassified_dominant_feature,,7,,0.0,false_warning_episode_outing,False,7f6d93243a7e47d3a78948198dce6f30,bb4dcd5a4c431b74b20b93b9ff6ea5e6af09e5ea1ebcb52b60595efbdde9d59a
745261,519242,75,2024-05-01,validation,CH,release_spin_rate,negative,0.0,7,0.0,5.0,false_warning_episode_outing,False,7f6d93243a7e47d3a78948198dce6f30,bb4dcd5a4c431b74b20b93b9ff6ea5e6af09e5ea1ebcb52b60595efbdde9d59a
745284,605397,81,2024-09-14,validation,FC,release_pos_z,positive,1.0,8,,,censored,False,7f6d93243a7e47d3a78948198dce6f30,bb4dcd5a4c431b74b20b93b9ff6ea5e6af09e5ea1ebcb52b60595efbdde9d59a
745286,656302,74,2024-09-13,validation,FF,release_spin_rate,negative,0.0,7,0.2,10.0,false_warning_episode_outing,False,7f6d93243a7e47d3a78948198dce6f30,bb4dcd5a4c431b74b20b93b9ff6ea5e6af09e5ea1ebcb52b60595efbdde9d59a
745287,527048,69,2024-09-15,validation,CU,spin_axis_cos,unclassified_dominant_feature,,6,,0.0,false_warning_episode_outing,False,7f6d93243a7e47d3a78948198dce6f30,bb4dcd5a4c431b74b20b93b9ff6ea5e6af09e5ea1ebcb52b60595efbdde9d59a
745291,650644,67,2024-09-10,validation,ST,release_pos_x,unclassified_dominant_feature,,6,,0.0,censored,False,7f6d93243a7e47d3a78948198dce6f30,bb4dcd5a4c431b74b20b93b9ff6ea5e6af09e5ea1ebcb52b60595efbdde9d59a
745292,657277,78,2024-09-01,validation,SI,spin_axis_sin,unclassified_dominant_feature,,7,,0.0,censored,False,7f6d93243a7e47d3a78948198dce6f30,bb4dcd5a4c431b74b20b93b9ff6ea5e6af09e5ea1ebcb52b60595efbdde9d59a
745293,669194,61,2024-09-03,validation,FF,spin_axis_sin,unclassified_dominant_feature,,6,,0.0,false_warning_episode_outing,False,7f6d93243a7e47d3a78948198dce6f30,bb4dcd5a4c431b74b20b93b9ff6ea5e6af09e5ea1ebcb52b60595efbdde9d59a
745296,665795,73,2024-08-31,validation,CH,release_pos_x,unclassified_dominant_feature,,7,,0.0,false_warning_episode_outing,False,7f6d93243a7e47d3a78948198dce6f30,bb4dcd5a4c431b74b20b93b9ff6ea5e6af09e5ea1ebcb52b60595efbdde9d59a
745297,657277,82,2024-08-21,validation,ST,release_speed,negative,0.0,8,0.0,1.0,censored,False,7f6d93243a7e47d3a78948198dce6f30,bb4dcd5a4c431b74b20b93b9ff6ea5e6af09e5ea1ebcb52b60595efbdde9d59a
745298,657277,52,2024-08-15,validation,CH,release_speed,positive,1.0,5,0.25,12.0,false_warning_episode_outing,False,7f6d93243a7e47d3a78948198dce6f30,bb4dcd5a4c431b74b20b93b9ff6ea5e6af09e5ea1ebcb52b60595efbdde9d59a
745300,519242,68,2024-08-12,validation,SI,release_pos_x,unclassified_dominant_feature,,6,,0.0,false_warning_episode_outing,False,7f6d93243a7e47d3a78948198dce6f30,bb4dcd5a4c431b74b20b93b9ff6ea5e6af09e5ea1ebcb52b60595efbdde9d59a
745304,657277,42,2024-08-10,validation,FF,spin_axis_cos,unclassified_dominant_feature,,4,,0.0,matched,False,7f6d93243a7e47d3a78948198dce6f30,bb4dcd5a4c431b74b20b93b9ff6ea5e6af09e5ea1ebcb52b60595efbdde9d59a
745306,657277,90,2024-07-31,validation,CH,pfx_z,unclassified_dominant_feature,,8,,0.0,matched,False,7f6d93243a7e47d3a78948198dce6f30,bb4dcd5a4c431b74b20b93b9ff6ea5e6af09e5ea1ebcb52b60595efbdde9d59a
745313,592332,87,2024-07-11,validation,FF,spin_axis_cos,unclassified_dominant_feature,,8,,0.0,censored,False,7f6d93243a7e47d3a78948198dce6f30,bb4dcd5a4c431b74b20b93b9ff6ea5e6af09e5ea1ebcb52b60595efbdde9d59a
745316,579328,91,2024-07-09,validation,CH,release_pos_z,positive,1.0,9,0.0,1.0,censored,False,7f6d93243a7e47d3a78948198dce6f30,bb4dcd5a4c431b74b20b93b9ff6ea5e6af09e5ea1ebcb52b60595efbdde9d59a
745319,657277,95,2024-06-28,validation,ST,spin_axis_sin,unclassified_dominant_feature,,9,,0.0,censored,True,7f6d93243a7e47d3a78948198dce6f30,bb4dcd5a4c431b74b20b93b9ff6ea5e6af09e5ea1ebcb52b60595efbdde9d59a
745322,543294,67,2024-06-25,validation,CU,spin_axis_sin,unclassified_dominant_feature,,6,,0.0,false_warning_episode_outing,False,7f6d93243a7e47d3a78948198dce6f30,bb4dcd5a4c431b74b20b93b9ff6ea5e6af09e5ea1ebcb52b60595efbdde9d59a
745326,542881,77,2024-06-14,validation,FF,spin_axis_sin,unclassified_dominant_feature,,7,,0.0,false_warning_episode_outing,False,7f6d93243a7e47d3a78948198dce6f30,bb4dcd5a4c431b74b20b93b9ff6ea5e6af09e5ea1ebcb52b60595efbdde9d59a
745328,657277,73,2024-06-12,validation,SI,vaa,unclassified_dominant_feature,,7,,0.0,false_warning_episode_outing,False,7f6d93243a7e47d3a78948198dce6f30,bb4dcd5a4c431b74b20b93b9ff6ea5e6af09e5ea1ebcb52b60595efbdde9d59a
745329,663776,70,2024-06-15,validation,CH,spin_axis_sin,unclassified_dominant_feature,,6,,0.0,matched,False,7f6d93243a7e47d3a78948198dce6f30,bb4dcd5a4c431b74b20b93b9ff6ea5e6af09e5ea1ebcb52b60595efbdde9d59a
745329,663776,96,2024-06-15,validation,CH,release_speed,negative,0.0,9,1.0,2.0,censored,False,7f6d93243a7e47d3a78948198dce6f30,bb4dcd5a4c431b74b20b93b9ff6ea5e6af09e5ea1ebcb52b60595efbdde9d59a
745330,641482,82,2024-06-02,validation,ST,spin_axis_cos,unclassified_dominant_feature,,8,,0.0,censored,False,7f6d93243a7e47d3a78948198dce6f30,bb4dcd5a4c431b74b20b93b9ff6ea5e6af09e5ea1ebcb52b60595efbdde9d59a
745331,573186,73,2024-05-31,validation,SI,release_pos_x,unclassified_dominant_feature,,7,,0.0,matched,False,7f6d93243a7e47d3a78948198dce6f30,bb4dcd5a4c431b74b20b93b9ff6ea5e6af09e5ea1ebcb52b60595efbdde9d59a
745331,573186,79,2024-05-31,validation,FC,vaa,unclassified_dominant_feature,,7,,0.0,false_warning_episode_outing,False,7f6d93243a7e47d3a78948198dce6f30,bb4dcd5a4c431b74b20b93b9ff6ea5e6af09e5ea1ebcb52b60595efbdde9d59a
745332,657277,84,2024-06-01,validation,ST,pfx_x,unclassified_dominant_feature,,8,,0.0,false_warning_episode_outing,False,7f6d93243a7e47d3a78948198dce6f30,bb4dcd5a4c431b74b20b93b9ff6ea5e6af09e5ea1ebcb52b60595efbdde9d59a
745333,650911,65,2024-05-29,validation,SI,release_spin_rate,negative,0.0,6,0.3333333333333333,12.0,false_warning_episode_outing,False,7f6d93243a7e47d3a78948198dce6f30,bb4dcd5a4c431b74b20b93b9ff6ea5e6af09e5ea1ebcb52b60595efbdde9d59a
745337,554430,86,2024-05-28,validation,SI,vaa,unclassified_dominant_feature,,8,,0.0,false_warning_clean_outing,True,7f6d93243a7e47d3a78948198dce6f30,bb4dcd5a4c431b74b20b93b9ff6ea5e6af09e5ea1ebcb52b60595efbdde9d59a
745341,657277,87,2024-05-15,validation,ST,vaa,unclassified_dominant_feature,,8,,0.0,matched,False,7f6d93243a7e47d3a78948198dce6f30,bb4dcd5a4c431b74b20b93b9ff6ea5e6af09e5ea1ebcb52b60595efbdde9d59a
745341,657277,95,2024-05-15,validation,ST,release_spin_rate,positive,1.0,9,,,censored,False,7f6d93243a7e47d3a78948198dce6f30,bb4dcd5a4c431b74b20b93b9ff6ea5e6af09e5ea1ebcb52b60595efbdde9d59a
745346,640455,82,2024-04-24,validation,CH,vaa,unclassified_dominant_feature,,8,,0.0,false_warning_episode_outing,False,7f6d93243a7e47d3a78948198dce6f30,bb4dcd5a4c431b74b20b93b9ff6ea5e6af09e5ea1ebcb52b60595efbdde9d59a
745348,657277,87,2024-04-23,validation,CH,spin_axis_cos,unclassified_dominant_feature,,8,,0.0,false_warning_episode_outing,False,7f6d93243a7e47d3a78948198dce6f30,bb4dcd5a4c431b74b20b93b9ff6ea5e6af09e5ea1ebcb52b60595efbdde9d59a
745356,657277,82,2024-04-18,validation,CH,release_pos_x,unclassified_dominant_feature,,8,,0.0,matched,False,7f6d93243a7e47d3a78948198dce6f30,bb4dcd5a4c431b74b20b93b9ff6ea5e6af09e5ea1ebcb52b60595efbdde9d59a
745359,650633,68,2024-04-06,validation,CH,spin_axis_sin,unclassified_dominant_feature,,6,,0.0,false_warning_episode_outing,False,7f6d93243a7e47d3a78948198dce6f30,bb4dcd5a4c431b74b20b93b9ff6ea5e6af09e5ea1ebcb52b60595efbdde9d59a
745359,650633,86,2024-04-06,validation,ST,spin_axis_cos,unclassified_dominant_feature,,8,,0.0,false_warning_episode_outing,False,7f6d93243a7e47d3a78948198dce6f30,bb4dcd5a4c431b74b20b93b9ff6ea5e6af09e5ea1ebcb52b60595efbdde9d59a
745360,527048,80,2024-09-21,validation,SI,vaa,unclassified_dominant_feature,,7,,0.0,false_warning_episode_outing,False,7f6d93243a7e47d3a78948198dce6f30,bb4dcd5a4c431b74b20b93b9ff6ea5e6af09e5ea1ebcb52b60595efbdde9d59a
745361,656302,63,2024-04-05,validation,SL,pfx_z,unclassified_dominant_feature,,6,,0.0,false_warning_episode_outing,False,7f6d93243a7e47d3a78948198dce6f30,bb4dcd5a4c431b74b20b93b9ff6ea5e6af09e5ea1ebcb52b60595efbdde9d59a
745362,657277,36,2024-04-07,validation,FF,spin_axis_sin,unclassified_dominant_feature,,3,,0.0,false_warning_episode_outing,False,7f6d93243a7e47d3a78948198dce6f30,bb4dcd5a4c431b74b20b93b9ff6ea5e6af09e5ea1ebcb52b60595efbdde9d59a
745362,657277,46,2024-04-07,validation,CH,release_spin_rate,positive,1.0,4,0.6923076923076923,13.0,matched,False,7f6d93243a7e47d3a78948198dce6f30,bb4dcd5a4c431b74b20b93b9ff6ea5e6af09e5ea1ebcb52b60595efbdde9d59a
745362,657277,69,2024-04-07,validation,CH,release_extension,positive,1.0,6,0.375,8.0,false_warning_episode_outing,False,7f6d93243a7e47d3a78948198dce6f30,bb4dcd5a4c431b74b20b93b9ff6ea5e6af09e5ea1ebcb52b60595efbdde9d59a
745362,657277,82,2024-04-07,validation,CH,release_extension,positive,1.0,8,0.0,2.0,censored,False,7f6d93243a7e47d3a78948198dce6f30,bb4dcd5a4c431b74b20b93b9ff6ea5e6af09e5ea1ebcb52b60595efbdde9d59a
745364,605397,73,2024-09-20,validation,FC,spin_axis_cos,unclassified_dominant_feature,,7,,0.0,false_warning_episode_outing,False,7f6d93243a7e47d3a78948198dce6f30,bb4dcd5a4c431b74b20b93b9ff6ea5e6af09e5ea1ebcb52b60595efbdde9d59a
745365,656302,82,2024-09-18,validation,SL,release_spin_rate,positive,1.0,8,0.29411764705882354,17.0,false_warning_episode_outing,False,7f6d93243a7e47d3a78948198dce6f30,bb4dcd5a4c431b74b20b93b9ff6ea5e6af09e5ea1ebcb52b60595efbdde9d59a
745366,650633,86,2024-09-17,validation,FF,spin_axis_sin,unclassified_dominant_feature,,8,,0.0,censored,False,7f6d93243a7e47d3a78948198dce6f30,bb4dcd5a4c431b74b20b93b9ff6ea5e6af09e5ea1ebcb52b60595efbdde9d59a
745369,527048,80,2024-09-05,validation,SI,pfx_x,unclassified_dominant_feature,,7,,0.0,false_warning_episode_outing,False,7f6d93243a7e47d3a78948198dce6f30,bb4dcd5a4c431b74b20b93b9ff6ea5e6af09e5ea1ebcb52b60595efbdde9d59a
745372,656302,88,2024-09-07,validation,FF,release_extension,negative,0.0,8,0.6,5.0,censored,False,7f6d93243a7e47d3a78948198dce6f30,bb4dcd5a4c431b74b20b93b9ff6ea5e6af09e5ea1ebcb52b60595efbdde9d59a
745373,605397,63,2024-09-02,validation,FC,spin_axis_sin,unclassified_dominant_feature,,6,,0.0,false_warning_episode_outing,False,7f6d93243a7e47d3a78948198dce6f30,bb4dcd5a4c431b74b20b93b9ff6ea5e6af09e5ea1ebcb52b60595efbdde9d59a
745376,527048,79,2024-08-25,validation,SI,release_pos_z,negative,0.0,7,0.2222222222222222,9.0,false_warning_episode_outing,False,7f6d93243a7e47d3a78948198dce6f30,bb4dcd5a4c431b74b20b93b9ff6ea5e6af09e5ea1ebcb52b60595efbdde9d59a
745377,650633,85,2024-08-24,validation,SI,release_extension,negative,0.0,8,1.0,2.0,censored,False,7f6d93243a7e47d3a78948198dce6f30,bb4dcd5a4c431b74b20b93b9ff6ea5e6af09e5ea1ebcb52b60595efbdde9d59a
745377,656849,80,2024-08-24,validation,CU,pfx_z,unclassified_dominant_feature,,7,,0.0,false_warning_episode_outing,False,7f6d93243a7e47d3a78948198dce6f30,bb4dcd5a4c431b74b20b93b9ff6ea5e6af09e5ea1ebcb52b60595efbdde9d59a
745377,656849,85,2024-08-24,validation,CH,release_pos_z,negative,0.0,8,0.0,2.0,false_warning_episode_outing,False,7f6d93243a7e47d3a78948198dce6f30,bb4dcd5a4c431b74b20b93b9ff6ea5e6af09e5ea1ebcb52b60595efbdde9d59a
745378,605397,58,2024-08-23,validation,FF,release_spin_rate,negative,0.0,5,0.6666666666666666,3.0,false_warning_episode_outing,False,7f6d93243a7e47d3a78948198dce6f30,bb4dcd5a4c431b74b20b93b9ff6ea5e6af09e5ea1ebcb52b60595efbdde9d59a
745379,656302,104,2024-08-22,validation,FF,release_pos_z,negative,0.0,10,0.0,1.0,censored,False,7f6d93243a7e47d3a78948198dce6f30,bb4dcd5a4c431b74b20b93b9ff6ea5e6af09e5ea1ebcb52b60595efbdde9d59a
745380,650633,80,2024-08-19,validation,SL,spin_axis_cos,unclassified_dominant_feature,,7,,0.0,censored,False,7f6d93243a7e47d3a78948198dce6f30,bb4dcd5a4c431b74b20b93b9ff6ea5e6af09e5ea1ebcb52b60595efbdde9d59a
745381,527048,85,2024-08-14,validation,CH,release_pos_z,negative,0.0,8,0.0,1.0,censored,False,7f6d93243a7e47d3a78948198dce6f30,bb4dcd5a4c431b74b20b93b9ff6ea5e6af09e5ea1ebcb52b60595efbdde9d59a
745382,650633,92,2024-08-13,validation,SI,spin_axis_sin,unclassified_dominant_feature,,9,,0.0,censored,True,7f6d93243a7e47d3a78948198dce6f30,bb4dcd5a4c431b74b20b93b9ff6ea5e6af09e5ea1ebcb52b60595efbdde9d59a
745385,519242,76,2024-07-14,validation,CH,release_pos_x,unclassified_dominant_feature,,7,,0.0,censored,False,7f6d93243a7e47d3a78948198dce6f30,bb4dcd5a4c431b74b20b93b9ff6ea5e6af09e5ea1ebcb52b60595efbdde9d59a
745386,656302,75,2024-07-31,validation,FF,release_extension,positive,1.0,7,0.6428571428571429,14.0,false_warning_episode_outing,False,7f6d93243a7e47d3a78948198dce6f30,bb4dcd5a4c431b74b20b93b9ff6ea5e6af09e5ea1ebcb52b60595efbdde9d59a
745386,656302,81,2024-07-31,validation,SL,pfx_x,unclassified_dominant_feature,,8,,0.0,false_warning_episode_outing,False,7f6d93243a7e47d3a78948198dce6f30,bb4dcd5a4c431b74b20b93b9ff6ea5e6af09e5ea1ebcb52b60595efbdde9d59a
745391,656302,78,2024-07-07,validation,SL,pfx_z,unclassified_dominant_feature,,7,,0.0,false_warning_episode_outing,False,7f6d93243a7e47d3a78948198dce6f30,bb4dcd5a4c431b74b20b93b9ff6ea5e6af09e5ea1ebcb52b60595efbdde9d59a
745391,656302,80,2024-07-07,validation,SL,release_spin_rate,negative,0.0,7,0.18181818181818182,11.0,false_warning_episode_outing,False,7f6d93243a7e47d3a78948198dce6f30,bb4dcd5a4c431b74b20b93b9ff6ea5e6af09e5ea1ebcb52b60595efbdde9d59a
745391,669194,76,2024-07-07,validation,SL,pfx_x,unclassified_dominant_feature,,7,,,censored,False,7f6d93243a7e47d3a78948198dce6f30,bb4dcd5a4c431b74b20b93b9ff6ea5e6af09e5ea1ebcb52b60595efbdde9d59a
745392,656302,69,2024-07-13,validation,SL,release_spin_rate,positive,1.0,6,0.5833333333333334,12.0,false_warning_episode_outing,False,7f6d93243a7e47d3a78948198dce6f30,bb4dcd5a4c431b74b20b93b9ff6ea5e6af09e5ea1ebcb52b60595efbdde9d59a
745394,650633,79,2024-07-10,validation,SI,release_spin_rate,negative,0.0,7,0.16666666666666666,6.0,censored,False,7f6d93243a7e47d3a78948198dce6f30,bb4dcd5a4c431b74b20b93b9ff6ea5e6af09e5ea1ebcb52b60595efbdde9d59a
745396,650633,52,2024-06-23,validation,SI,spin_axis_cos,unclassified_dominant_feature,,5,,0.0,false_warning_episode_outing,False,7f6d93243a7e47d3a78948198dce6f30,bb4dcd5a4c431b74b20b93b9ff6ea5e6af09e5ea1ebcb52b60595efbdde9d59a
745400,656302,96,2024-06-26,validation,SL,release_speed,positive,1.0,9,1.0,7.0,censored,True,7f6d93243a7e47d3a78948198dce6f30,bb4dcd5a4c431b74b20b93b9ff6ea5e6af09e5ea1ebcb52b60595efbdde9d59a
745403,656302,83,2024-06-21,validation,FF,release_pos_x,unclassified_dominant_feature,,8,,0.0,false_warning_clean_outing,True,7f6d93243a7e47d3a78948198dce6f30,bb4dcd5a4c431b74b20b93b9ff6ea5e6af09e5ea1ebcb52b60595efbdde9d59a
745403,656302,92,2024-06-21,validation,KC,spin_axis_sin,unclassified_dominant_feature,,9,,0.0,censored,True,7f6d93243a7e47d3a78948198dce6f30,bb4dcd5a4c431b74b20b93b9ff6ea5e6af09e5ea1ebcb52b60595efbdde9d59a
745405,650633,90,2024-06-12,validation,SI,release_extension,positive,1.0,8,1.0,2.0,censored,False,7f6d93243a7e47d3a78948198dce6f30,bb4dcd5a4c431b74b20b93b9ff6ea5e6af09e5ea1ebcb52b60595efbdde9d59a
745409,656302,85,2024-06-10,validation,SL,spin_axis_sin,unclassified_dominant_feature,,8,,0.0,false_warning_episode_outing,False,7f6d93243a7e47d3a78948198dce6f30,bb4dcd5a4c431b74b20b93b9ff6ea5e6af09e5ea1ebcb52b60595efbdde9d59a
745410,669194,67,2024-06-08,validation,FF,release_pos_x,unclassified_dominant_feature,,6,,0.0,false_warning_episode_outing,False,7f6d93243a7e47d3a78948198dce6f30,bb4dcd5a4c431b74b20b93b9ff6ea5e6af09e5ea1ebcb52b60595efbdde9d59a
745411,573186,84,2024-05-25,validation,SL,vaa,unclassified_dominant_feature,,8,,0.0,matched,False,7f6d93243a7e47d3a78948198dce6f30,bb4dcd5a4c431b74b20b93b9ff6ea5e6af09e5ea1ebcb52b60595efbdde9d59a
745411,656302,88,2024-05-25,validation,FF,release_spin_rate,negative,0.0,8,0.4444444444444444,9.0,false_warning_episode_outing,False,7f6d93243a7e47d3a78948198dce6f30,bb4dcd5a4c431b74b20b93b9ff6ea5e6af09e5ea1ebcb52b60595efbdde9d59a
745411,656302,96,2024-05-25,validation,SL,spin_axis_cos,unclassified_dominant_feature,,9,,0.0,censored,False,7f6d93243a7e47d3a78948198dce6f30,bb4dcd5a4c431b74b20b93b9ff6ea5e6af09e5ea1ebcb52b60595efbdde9d59a
745411,656302,100,2024-05-25,validation,SL,release_pos_x,unclassified_dominant_feature,,9,,0.0,censored,False,7f6d93243a7e47d3a78948198dce6f30,bb4dcd5a4c431b74b20b93b9ff6ea5e6af09e5ea1ebcb52b60595efbdde9d59a
745413,605397,83,2024-05-26,validation,ST,release_pos_z,negative,0.0,8,0.0,6.0,false_warning_episode_outing,False,7f6d93243a7e47d3a78948198dce6f30,bb4dcd5a4c431b74b20b93b9ff6ea5e6af09e5ea1ebcb52b60595efbdde9d59a
745414,666129,78,2024-05-29,validation,SI,release_pos_x,unclassified_dominant_feature,,7,,0.0,matched,False,7f6d93243a7e47d3a78948198dce6f30,bb4dcd5a4c431b74b20b93b9ff6ea5e6af09e5ea1ebcb52b60595efbdde9d59a
745418,656302,93,2024-05-14,validation,FF,release_pos_x,unclassified_dominant_feature,,9,,0.0,censored,True,7f6d93243a7e47d3a78948198dce6f30,bb4dcd5a4c431b74b20b93b9ff6ea5e6af09e5ea1ebcb52b60595efbdde9d59a
745421,650633,94,2024-05-10,validation,ST,spin_axis_cos,unclassified_dominant_feature,,9,,0.0,false_warning_episode_outing,False,7f6d93243a7e47d3a78948198dce6f30,bb4dcd5a4c431b74b20b93b9ff6ea5e6af09e5ea1ebcb52b60595efbdde9d59a
745423,605397,84,2024-05-01,validation,FC,release_speed,positive,1.0,8,,,censored,False,7f6d93243a7e47d3a78948198dce6f30,bb4dcd5a4c431b74b20b93b9ff6ea5e6af09e5ea1ebcb52b60595efbdde9d59a
745424,605397,75,2024-04-26,validation,ST,spin_axis_sin,unclassified_dominant_feature,,7,,0.0,false_warning_episode_outing,False,7f6d93243a7e47d3a78948198dce6f30,bb4dcd5a4c431b74b20b93b9ff6ea5e6af09e5ea1ebcb52b60595efbdde9d59a
745424,605400,63,2024-04-26,validation,CH,release_pos_z,negative,0.0,6,0.42857142857142855,7.0,matched,False,7f6d93243a7e47d3a78948198dce6f30,bb4dcd5a4c431b74b20b93b9ff6ea5e6af09e5ea1ebcb52b60595efbdde9d59a
745425,656302,76,2024-04-27,validation,SL,pfx_x,unclassified_dominant_feature,,7,,0.0,false_warning_episode_outing,False,7f6d93243a7e47d3a78948198dce6f30,bb4dcd5a4c431b74b20b93b9ff6ea5e6af09e5ea1ebcb52b60595efbdde9d59a
745425,656302,87,2024-04-27,validation,SL,spin_axis_cos,unclassified_dominant_feature,,8,,0.0,false_warning_episode_outing,False,7f6d93243a7e47d3a78948198dce6f30,bb4dcd5a4c431b74b20b93b9ff6ea5e6af09e5ea1ebcb52b60595efbdde9d59a
745428,650633,87,2024-04-28,validation,CH,release_spin_rate,negative,0.0,8,0.0,2.0,false_warning_episode_outing,False,7f6d93243a7e47d3a78948198dce6f30,bb4dcd5a4c431b74b20b93b9ff6ea5e6af09e5ea1ebcb52b60595efbdde9d59a
745428,650633,93,2024-04-28,validation,CH,spin_axis_cos,unclassified_dominant_feature,,9,,0.0,false_warning_episode_outing,False,7f6d93243a7e47d3a78948198dce6f30,bb4dcd5a4c431b74b20b93b9ff6ea5e6af09e5ea1ebcb52b60595efbdde9d59a
745429,543294,56,2024-04-10,validation,SI,spin_axis_cos,unclassified_dominant_feature,,5,,0.0,false_warning_episode_outing,False,7f6d93243a7e47d3a78948198dce6f30,bb4dcd5a4c431b74b20b93b9ff6ea5e6af09e5ea1ebcb52b60595efbdde9d59a
745429,543294,64,2024-04-10,validation,FF,release_extension,negative,0.0,6,0.0,1.0,matched,False,7f6d93243a7e47d3a78948198dce6f30,bb4dcd5a4c431b74b20b93b9ff6ea5e6af09e5ea1ebcb52b60595efbdde9d59a
745429,656302,66,2024-04-10,validation,KC,spin_axis_sin,unclassified_dominant_feature,,6,,0.0,false_warning_episode_outing,False,7f6d93243a7e47d3a78948198dce6f30,bb4dcd5a4c431b74b20b93b9ff6ea5e6af09e5ea1ebcb52b60595efbdde9d59a
745429,656302,92,2024-04-10,validation,FF,release_spin_rate,negative,0.0,9,,,censored,False,7f6d93243a7e47d3a78948198dce6f30,bb4dcd5a4c431b74b20b93b9ff6ea5e6af09e5ea1ebcb52b60595efbdde9d59a
745433,605397,80,2024-04-09,validation,ST,release_pos_z,negative,0.0,7,0.0,8.0,false_warning_episode_outing,False,7f6d93243a7e47d3a78948198dce6f30,bb4dcd5a4c431b74b20b93b9ff6ea5e6af09e5ea1ebcb52b60595efbdde9d59a
745434,605397,88,2024-04-21,validation,ST,release_pos_x,unclassified_dominant_feature,,8,,,censored,False,7f6d93243a7e47d3a78948198dce6f30,bb4dcd5a4c431b74b20b93b9ff6ea5e6af09e5ea1ebcb52b60595efbdde9d59a
745435,605397,45,2024-03-29,validation,FF,spin_axis_cos,unclassified_dominant_feature,,4,,0.0,matched,False,7f6d93243a7e47d3a78948198dce6f30,bb4dcd5a4c431b74b20b93b9ff6ea5e6af09e5ea1ebcb52b60595efbdde9d59a
745435,605397,53,2024-03-29,validation,CU,vaa,unclassified_dominant_feature,,5,,0.0,false_warning_episode_outing,False,7f6d93243a7e47d3a78948198dce6f30,bb4dcd5a4c431b74b20b93b9ff6ea5e6af09e5ea1ebcb52b60595efbdde9d59a
745435,605397,58,2024-03-29,validation,FC,pfx_z,unclassified_dominant_feature,,5,,0.0,false_warning_episode_outing,False,7f6d93243a7e47d3a78948198dce6f30,bb4dcd5a4c431b74b20b93b9ff6ea5e6af09e5ea1ebcb52b60595efbdde9d59a
745435,605397,60,2024-03-29,validation,CU,spin_axis_sin,unclassified_dominant_feature,,5,,0.0,false_warning_episode_outing,False,7f6d93243a7e47d3a78948198dce6f30,bb4dcd5a4c431b74b20b93b9ff6ea5e6af09e5ea1ebcb52b60595efbdde9d59a
745435,605397,62,2024-03-29,validation,FF,spin_axis_cos,unclassified_dominant_feature,,6,,0.0,false_warning_episode_outing,False,7f6d93243a7e47d3a78948198dce6f30,bb4dcd5a4c431b74b20b93b9ff6ea5e6af09e5ea1ebcb52b60595efbdde9d59a
745435,605397,64,2024-03-29,validation,SL,spin_axis_cos,unclassified_dominant_feature,,6,,0.0,false_warning_episode_outing,False,7f6d93243a7e47d3a78948198dce6f30,bb4dcd5a4c431b74b20b93b9ff6ea5e6af09e5ea1ebcb52b60595efbdde9d59a
745435,605397,70,2024-03-29,validation,CU,release_pos_x,unclassified_dominant_feature,,6,,,censored,False,7f6d93243a7e47d3a78948198dce6f30,bb4dcd5a4c431b74b20b93b9ff6ea5e6af09e5ea1ebcb52b60595efbdde9d59a
745435,605397,72,2024-03-29,validation,FF,spin_axis_cos,unclassified_dominant_feature,,7,,0.0,censored,False,7f6d93243a7e47d3a78948198dce6f30,bb4dcd5a4c431b74b20b93b9ff6ea5e6af09e5ea1ebcb52b60595efbdde9d59a
745435,605397,82,2024-03-29,validation,CU,spin_axis_sin,unclassified_dominant_feature,,8,,0.0,censored,False,7f6d93243a7e47d3a78948198dce6f30,bb4dcd5a4c431b74b20b93b9ff6ea5e6af09e5ea1ebcb52b60595efbdde9d59a
745436,656302,85,2024-03-30,validation,SL,release_extension,positive,1.0,8,0.5,2.0,censored,False,7f6d93243a7e47d3a78948198dce6f30,bb4dcd5a4c431b74b20b93b9ff6ea5e6af09e5ea1ebcb52b60595efbdde9d59a
745437,502043,64,2024-04-01,validation,SI,spin_axis_cos,unclassified_dominant_feature,,6,,0.0,matched,False,7f6d93243a7e47d3a78948198dce6f30,bb4dcd5a4c431b74b20b93b9ff6ea5e6af09e5ea1ebcb52b60595efbdde9d59a
745437,502043,72,2024-04-01,validation,ST,release_speed,negative,0.0,7,0.25,8.0,false_warning_episode_outing,False,7f6d93243a7e47d3a78948198dce6f30,bb4dcd5a4c431b74b20b93b9ff6ea5e6af09e5ea1ebcb52b60595efbdde9d59a
745438,650633,70,2024-03-31,validation,SI,release_spin_rate,negative,0.0,6,0.2857142857142857,7.0,false_warning_episode_outing,False,7f6d93243a7e47d3a78948198dce6f30,bb4dcd5a4c431b74b20b93b9ff6ea5e6af09e5ea1ebcb52b60595efbdde9d59a
745438,650633,79,2024-03-31,validation,CH,vaa,unclassified_dominant_feature,,7,,0.0,false_warning_episode_outing,False,7f6d93243a7e47d3a78948198dce6f30,bb4dcd5a4c431b74b20b93b9ff6ea5e6af09e5ea1ebcb52b60595efbdde9d59a
745440,605397,87,2024-04-03,validation,FC,pfx_z,unclassified_dominant_feature,,8,,0.0,false_warning_episode_outing,False,7f6d93243a7e47d3a78948198dce6f30,bb4dcd5a4c431b74b20b93b9ff6ea5e6af09e5ea1ebcb52b60595efbdde9d59a
745443,650644,74,2024-09-26,validation,FC,spin_axis_cos,unclassified_dominant_feature,,7,,0.0,censored,False,7f6d93243a7e47d3a78948198dce6f30,bb4dcd5a4c431b74b20b93b9ff6ea5e6af09e5ea1ebcb52b60595efbdde9d59a
745445,657277,83,2024-03-28,validation,FF,release_pos_x,unclassified_dominant_feature,,8,,0.0,false_warning_episode_outing,False,7f6d93243a7e47d3a78948198dce6f30,bb4dcd5a4c431b74b20b93b9ff6ea5e6af09e5ea1ebcb52b60595efbdde9d59a
745445,657277,95,2024-03-28,validation,ST,release_speed,negative,0.0,9,,,censored,False,7f6d93243a7e47d3a78948198dce6f30,bb4dcd5a4c431b74b20b93b9ff6ea5e6af09e5ea1ebcb52b60595efbdde9d59a
745447,679525,82,2024-09-13,validation,FF,spin_axis_cos,unclassified_dominant_feature,,8,,0.0,matched,False,7f6d93243a7e47d3a78948198dce6f30,bb4dcd5a4c431b74b20b93b9ff6ea5e6af09e5ea1ebcb52b60595efbdde9d59a
745449,663903,83,2024-09-15,validation,SL,vaa,unclassified_dominant_feature,,8,,0.0,false_warning_episode_outing,False,7f6d93243a7e47d3a78948198dce6f30,bb4dcd5a4c431b74b20b93b9ff6ea5e6af09e5ea1ebcb52b60595efbdde9d59a
745468,669194,78,2024-08-04,validation,CU,release_spin_rate,negative,0.0,7,0.0,1.0,false_warning_episode_outing,False,7f6d93243a7e47d3a78948198dce6f30,bb4dcd5a4c431b74b20b93b9ff6ea5e6af09e5ea1ebcb52b60595efbdde9d59a
745469,650633,75,2024-08-07,validation,SI,release_speed,negative,0.0,7,0.0,9.0,false_warning_episode_outing,False,7f6d93243a7e47d3a78948198dce6f30,bb4dcd5a4c431b74b20b93b9ff6ea5e6af09e5ea1ebcb52b60595efbdde9d59a
745472,527048,88,2024-07-24,validation,FC,release_speed,negative,0.0,8,0.0,2.0,false_warning_episode_outing,False,7f6d93243a7e47d3a78948198dce6f30,bb4dcd5a4c431b74b20b93b9ff6ea5e6af09e5ea1ebcb52b60595efbdde9d59a
745476,656849,87,2024-07-06,validation,SI,spin_axis_sin,unclassified_dominant_feature,,8,,0.0,censored,False,7f6d93243a7e47d3a78948198dce6f30,bb4dcd5a4c431b74b20b93b9ff6ea5e6af09e5ea1ebcb52b60595efbdde9d59a
745477,640455,87,2024-07-07,validation,SI,spin_axis_sin,unclassified_dominant_feature,,8,,,censored,False,7f6d93243a7e47d3a78948198dce6f30,bb4dcd5a4c431b74b20b93b9ff6ea5e6af09e5ea1ebcb52b60595efbdde9d59a
745478,650911,89,2024-07-20,validation,SI,spin_axis_sin,unclassified_dominant_feature,,8,,0.0,censored,False,7f6d93243a7e47d3a78948198dce6f30,bb4dcd5a4c431b74b20b93b9ff6ea5e6af09e5ea1ebcb52b60595efbdde9d59a
745479,622663,67,2024-07-05,validation,ST,release_speed,negative,0.0,6,0.42857142857142855,7.0,false_warning_episode_outing,False,7f6d93243a7e47d3a78948198dce6f30,bb4dcd5a4c431b74b20b93b9ff6ea5e6af09e5ea1ebcb52b60595efbdde9d59a
745481,527048,68,2024-07-19,validation,FC,spin_axis_sin,unclassified_dominant_feature,,6,,0.0,matched,False,7f6d93243a7e47d3a78948198dce6f30,bb4dcd5a4c431b74b20b93b9ff6ea5e6af09e5ea1ebcb52b60595efbdde9d59a
745484,527048,82,2024-07-04,validation,FC,spin_axis_sin,unclassified_dominant_feature,,8,,0.0,censored,False,7f6d93243a7e47d3a78948198dce6f30,bb4dcd5a4c431b74b20b93b9ff6ea5e6af09e5ea1ebcb52b60595efbdde9d59a
745489,668881,78,2024-06-19,validation,FF,release_extension,positive,1.0,7,0.9090909090909091,11.0,false_warning_episode_outing,False,7f6d93243a7e47d3a78948198dce6f30,bb4dcd5a4c431b74b20b93b9ff6ea5e6af09e5ea1ebcb52b60595efbdde9d59a
745498,519242,88,2024-05-26,validation,SL,spin_axis_sin,unclassified_dominant_feature,,8,,0.0,censored,False,7f6d93243a7e47d3a78948198dce6f30,bb4dcd5a4c431b74b20b93b9ff6ea5e6af09e5ea1ebcb52b60595efbdde9d59a
745499,543294,76,2024-05-12,validation,CH,spin_axis_cos,unclassified_dominant_feature,,7,,0.0,false_warning_episode_outing,False,7f6d93243a7e47d3a78948198dce6f30,bb4dcd5a4c431b74b20b93b9ff6ea5e6af09e5ea1ebcb52b60595efbdde9d59a
745499,543294,80,2024-05-12,validation,SI,release_pos_x,unclassified_dominant_feature,,7,,0.0,censored,False,7f6d93243a7e47d3a78948198dce6f30,bb4dcd5a4c431b74b20b93b9ff6ea5e6af09e5ea1ebcb52b60595efbdde9d59a
745499,543294,83,2024-05-12,validation,CH,spin_axis_cos,unclassified_dominant_feature,,8,,0.0,censored,False,7f6d93243a7e47d3a78948198dce6f30,bb4dcd5a4c431b74b20b93b9ff6ea5e6af09e5ea1ebcb52b60595efbdde9d59a
745503,527048,67,2024-05-21,validation,CH,spin_axis_sin,unclassified_dominant_feature,,6,,0.0,false_warning_episode_outing,False,7f6d93243a7e47d3a78948198dce6f30,bb4dcd5a4c431b74b20b93b9ff6ea5e6af09e5ea1ebcb52b60595efbdde9d59a
745503,527048,72,2024-05-21,validation,CH,spin_axis_sin,unclassified_dominant_feature,,7,,0.0,false_warning_episode_outing,False,7f6d93243a7e47d3a78948198dce6f30,bb4dcd5a4c431b74b20b93b9ff6ea5e6af09e5ea1ebcb52b60595efbdde9d59a
745503,527048,75,2024-05-21,validation,CU,release_speed,positive,1.0,7,0.3333333333333333,3.0,matched,False,7f6d93243a7e47d3a78948198dce6f30,bb4dcd5a4c431b74b20b93b9ff6ea5e6af09e5ea1ebcb52b60595efbdde9d59a
745503,527048,79,2024-05-21,validation,CH,release_pos_x,unclassified_dominant_feature,,7,,0.0,false_warning_episode_outing,False,7f6d93243a7e47d3a78948198dce6f30,bb4dcd5a4c431b74b20b93b9ff6ea5e6af09e5ea1ebcb52b60595efbdde9d59a
745503,527048,81,2024-05-21,validation,CH,spin_axis_cos,unclassified_dominant_feature,,8,,0.0,false_warning_episode_outing,False,7f6d93243a7e47d3a78948198dce6f30,bb4dcd5a4c431b74b20b93b9ff6ea5e6af09e5ea1ebcb52b60595efbdde9d59a
745503,527048,84,2024-05-21,validation,FC,release_pos_x,unclassified_dominant_feature,,8,,0.0,false_warning_episode_outing,False,7f6d93243a7e47d3a78948198dce6f30,bb4dcd5a4c431b74b20b93b9ff6ea5e6af09e5ea1ebcb52b60595efbdde9d59a
745503,527048,88,2024-05-21,validation,SI,spin_axis_cos,unclassified_dominant_feature,,8,,0.0,false_warning_episode_outing,False,7f6d93243a7e47d3a78948198dce6f30,bb4dcd5a4c431b74b20b93b9ff6ea5e6af09e5ea1ebcb52b60595efbdde9d59a
745503,527048,90,2024-05-21,validation,CU,spin_axis_cos,unclassified_dominant_feature,,8,,0.0,false_warning_episode_outing,False,7f6d93243a7e47d3a78948198dce6f30,bb4dcd5a4c431b74b20b93b9ff6ea5e6af09e5ea1ebcb52b60595efbdde9d59a
745503,527048,94,2024-05-21,validation,SI,spin_axis_cos,unclassified_dominant_feature,,9,,0.0,false_warning_episode_outing,False,7f6d93243a7e47d3a78948198dce6f30,bb4dcd5a4c431b74b20b93b9ff6ea5e6af09e5ea1ebcb52b60595efbdde9d59a
745503,527048,98,2024-05-21,validation,SI,spin_axis_sin,unclassified_dominant_feature,,9,,0.0,false_warning_episode_outing,False,7f6d93243a7e47d3a78948198dce6f30,bb4dcd5a4c431b74b20b93b9ff6ea5e6af09e5ea1ebcb52b60595efbdde9d59a
745503,657277,85,2024-05-21,validation,CH,pfx_z,unclassified_dominant_feature,,8,,0.0,false_warning_episode_outing,False,7f6d93243a7e47d3a78948198dce6f30,bb4dcd5a4c431b74b20b93b9ff6ea5e6af09e5ea1ebcb52b60595efbdde9d59a
745503,657277,102,2024-05-21,validation,CH,pfx_x,unclassified_dominant_feature,,10,,0.0,censored,False,7f6d93243a7e47d3a78948198dce6f30,bb4dcd5a4c431b74b20b93b9ff6ea5e6af09e5ea1ebcb52b60595efbdde9d59a
745508,663776,83,2024-05-07,validation,SL,spin_axis_cos,unclassified_dominant_feature,,8,,0.0,false_warning_clean_outing,True,7f6d93243a7e47d3a78948198dce6f30,bb4dcd5a4c431b74b20b93b9ff6ea5e6af09e5ea1ebcb52b60595efbdde9d59a
745509,542881,74,2024-05-06,validation,CH,release_extension,negative,0.0,7,0.4444444444444444,9.0,false_warning_episode_outing,False,7f6d93243a7e47d3a78948198dce6f30,bb4dcd5a4c431b74b20b93b9ff6ea5e6af09e5ea1ebcb52b60595efbdde9d59a
745514,527048,81,2024-04-21,validation,SI,spin_axis_sin,unclassified_dominant_feature,,8,,0.0,false_warning_episode_outing,False,7f6d93243a7e47d3a78948198dce6f30,bb4dcd5a4c431b74b20b93b9ff6ea5e6af09e5ea1ebcb52b60595efbdde9d59a
745517,527048,70,2024-04-09,validation,FC,release_extension,negative,0.0,6,0.8,5.0,false_warning_episode_outing,False,7f6d93243a7e47d3a78948198dce6f30,bb4dcd5a4c431b74b20b93b9ff6ea5e6af09e5ea1ebcb52b60595efbdde9d59a
745520,681857,80,2024-04-08,validation,SL,release_speed,negative,0.0,7,0.2222222222222222,9.0,matched,False,7f6d93243a7e47d3a78948198dce6f30,bb4dcd5a4c431b74b20b93b9ff6ea5e6af09e5ea1ebcb52b60595efbdde9d59a
745520,681857,86,2024-04-08,validation,SI,spin_axis_sin,unclassified_dominant_feature,,8,,0.0,false_warning_episode_outing,False,7f6d93243a7e47d3a78948198dce6f30,bb4dcd5a4c431b74b20b93b9ff6ea5e6af09e5ea1ebcb52b60595efbdde9d59a
745521,650911,91,2024-09-25,validation,SL,release_speed,negative,0.0,9,0.0,3.0,false_warning_episode_outing,False,7f6d93243a7e47d3a78948198dce6f30,bb4dcd5a4c431b74b20b93b9ff6ea5e6af09e5ea1ebcb52b60595efbdde9d59a
745525,554430,85,2024-09-11,validation,ST,vaa,unclassified_dominant_feature,,8,,0.0,matched,False,7f6d93243a7e47d3a78948198dce6f30,bb4dcd5a4c431b74b20b93b9ff6ea5e6af09e5ea1ebcb52b60595efbdde9d59a
745527,605400,91,2024-09-23,validation,FC,spin_axis_cos,unclassified_dominant_feature,,9,,0.0,matched,False,7f6d93243a7e47d3a78948198dce6f30,bb4dcd5a4c431b74b20b93b9ff6ea5e6af09e5ea1ebcb52b60595efbdde9d59a
745528,622663,80,2024-09-14,validation,FF,vaa,unclassified_dominant_feature,,7,,0.0,false_warning_episode_outing,False,7f6d93243a7e47d3a78948198dce6f30,bb4dcd5a4c431b74b20b93b9ff6ea5e6af09e5ea1ebcb52b60595efbdde9d59a
745529,605400,76,2024-09-13,validation,SI,release_pos_x,unclassified_dominant_feature,,7,,0.0,matched,False,7f6d93243a7e47d3a78948198dce6f30,bb4dcd5a4c431b74b20b93b9ff6ea5e6af09e5ea1ebcb52b60595efbdde9d59a
745530,656849,79,2024-09-15,validation,SL,release_pos_z,positive,1.0,7,1.0,3.0,false_warning_episode_outing,False,7f6d93243a7e47d3a78948198dce6f30,bb4dcd5a4c431b74b20b93b9ff6ea5e6af09e5ea1ebcb52b60595efbdde9d59a
745531,650911,93,2024-08-29,validation,CH,spin_axis_cos,unclassified_dominant_feature,,9,,0.0,false_warning_episode_outing,False,7f6d93243a7e47d3a78948198dce6f30,bb4dcd5a4c431b74b20b93b9ff6ea5e6af09e5ea1ebcb52b60595efbdde9d59a
745532,554430,89,2024-08-31,validation,ST,pfx_z,unclassified_dominant_feature,,8,,0.0,censored,False,7f6d93243a7e47d3a78948198dce6f30,bb4dcd5a4c431b74b20b93b9ff6ea5e6af09e5ea1ebcb52b60595efbdde9d59a
745534,650911,78,2024-09-09,validation,SL,spin_axis_sin,unclassified_dominant_feature,,7,,0.0,false_warning_episode_outing,False,7f6d93243a7e47d3a78948198dce6f30,bb4dcd5a4c431b74b20b93b9ff6ea5e6af09e5ea1ebcb52b60595efbdde9d59a
745536,605400,93,2024-09-01,validation,FF,vaa,unclassified_dominant_feature,,9,,0.0,censored,True,7f6d93243a7e47d3a78948198dce6f30,bb4dcd5a4c431b74b20b93b9ff6ea5e6af09e5ea1ebcb52b60595efbdde9d59a
745540,605400,93,2024-08-27,validation,KC,release_pos_x,unclassified_dominant_feature,,9,,0.0,censored,True,7f6d93243a7e47d3a78948198dce6f30,bb4dcd5a4c431b74b20b93b9ff6ea5e6af09e5ea1ebcb52b60595efbdde9d59a
745542,605400,69,2024-08-16,validation,FF,release_speed,negative,0.0,6,0.0,5.0,false_warning_episode_outing,False,7f6d93243a7e47d3a78948198dce6f30,bb4dcd5a4c431b74b20b93b9ff6ea5e6af09e5ea1ebcb52b60595efbdde9d59a
745543,641482,68,2024-07-31,validation,CH,spin_axis_cos,unclassified_dominant_feature,,6,,0.0,matched,False,7f6d93243a7e47d3a78948198dce6f30,bb4dcd5a4c431b74b20b93b9ff6ea5e6af09e5ea1ebcb52b60595efbdde9d59a
745543,641482,87,2024-07-31,validation,ST,release_speed,positive,1.0,8,0.0,4.0,censored,False,7f6d93243a7e47d3a78948198dce6f30,bb4dcd5a4c431b74b20b93b9ff6ea5e6af09e5ea1ebcb52b60595efbdde9d59a
745543,650911,84,2024-07-31,validation,CH,release_speed,negative,0.0,8,1.0,1.0,censored,False,7f6d93243a7e47d3a78948198dce6f30,bb4dcd5a4c431b74b20b93b9ff6ea5e6af09e5ea1ebcb52b60595efbdde9d59a
745544,665795,73,2024-08-14,validation,CH,release_extension,positive,1.0,7,1.0,3.0,matched,False,7f6d93243a7e47d3a78948198dce6f30,bb4dcd5a4c431b74b20b93b9ff6ea5e6af09e5ea1ebcb52b60595efbdde9d59a
745545,554430,81,2024-08-15,validation,FF,pfx_x,unclassified_dominant_feature,,8,,0.0,matched,False,7f6d93243a7e47d3a78948198dce6f30,bb4dcd5a4c431b74b20b93b9ff6ea5e6af09e5ea1ebcb52b60595efbdde9d59a
745547,554430,98,2024-07-29,validation,FF,spin_axis_cos,unclassified_dominant_feature,,9,,0.0,censored,False,7f6d93243a7e47d3a78948198dce6f30,bb4dcd5a4c431b74b20b93b9ff6ea5e6af09e5ea1ebcb52b60595efbdde9d59a
745554,594902,73,2024-07-26,validation,SI,release_pos_z,positive,1.0,7,0.5,4.0,false_warning_episode_outing,False,7f6d93243a7e47d3a78948198dce6f30,bb4dcd5a4c431b74b20b93b9ff6ea5e6af09e5ea1ebcb52b60595efbdde9d59a
745557,554430,72,2024-07-09,validation,FF,spin_axis_cos,unclassified_dominant_feature,,7,,0.0,false_warning_episode_outing,False,7f6d93243a7e47d3a78948198dce6f30,bb4dcd5a4c431b74b20b93b9ff6ea5e6af09e5ea1ebcb52b60595efbdde9d59a
745558,605400,93,2024-07-11,validation,KC,pfx_x,unclassified_dominant_feature,,9,,0.0,censored,False,7f6d93243a7e47d3a78948198dce6f30,bb4dcd5a4c431b74b20b93b9ff6ea5e6af09e5ea1ebcb52b60595efbdde9d59a
745559,605400,96,2024-06-29,validation,KC,spin_axis_sin,unclassified_dominant_feature,,9,,0.0,false_warning_episode_outing,False,7f6d93243a7e47d3a78948198dce6f30,bb4dcd5a4c431b74b20b93b9ff6ea5e6af09e5ea1ebcb52b60595efbdde9d59a
745560,650911,101,2024-06-28,validation,CH,pfx_z,unclassified_dominant_feature,,10,,,censored,True,7f6d93243a7e47d3a78948198dce6f30,bb4dcd5a4c431b74b20b93b9ff6ea5e6af09e5ea1ebcb52b60595efbdde9d59a
745563,605400,93,2024-06-18,validation,KC,spin_axis_cos,unclassified_dominant_feature,,9,,0.0,censored,False,7f6d93243a7e47d3a78948198dce6f30,bb4dcd5a4c431b74b20b93b9ff6ea5e6af09e5ea1ebcb52b60595efbdde9d59a
745563,650633,83,2024-06-18,validation,ST,release_pos_z,positive,1.0,8,0.3333333333333333,3.0,false_warning_episode_outing,False,7f6d93243a7e47d3a78948198dce6f30,bb4dcd5a4c431b74b20b93b9ff6ea5e6af09e5ea1ebcb52b60595efbdde9d59a
745564,554430,70,2024-06-22,validation,ST,spin_axis_cos,unclassified_dominant_feature,,6,,0.0,false_warning_episode_outing,False,7f6d93243a7e47d3a78948198dce6f30,bb4dcd5a4c431b74b20b93b9ff6ea5e6af09e5ea1ebcb52b60595efbdde9d59a
745565,554430,84,2024-06-27,validation,CU,release_extension,negative,0.0,8,0.3333333333333333,3.0,false_warning_episode_outing,False,7f6d93243a7e47d3a78948198dce6f30,bb4dcd5a4c431b74b20b93b9ff6ea5e6af09e5ea1ebcb52b60595efbdde9d59a
745569,554430,92,2024-06-03,validation,SI,spin_axis_sin,unclassified_dominant_feature,,9,,0.0,matched,False,7f6d93243a7e47d3a78948198dce6f30,bb4dcd5a4c431b74b20b93b9ff6ea5e6af09e5ea1ebcb52b60595efbdde9d59a
745577,605400,101,2024-05-19,validation,FF,vaa,unclassified_dominant_feature,,10,,0.0,censored,False,7f6d93243a7e47d3a78948198dce6f30,bb4dcd5a4c431b74b20b93b9ff6ea5e6af09e5ea1ebcb52b60595efbdde9d59a
745579,554430,83,2024-05-17,validation,FS,release_pos_x,unclassified_dominant_feature,,8,,0.0,false_warning_episode_outing,False,7f6d93243a7e47d3a78948198dce6f30,bb4dcd5a4c431b74b20b93b9ff6ea5e6af09e5ea1ebcb52b60595efbdde9d59a
745581,650911,91,2024-05-18,validation,SI,spin_axis_sin,unclassified_dominant_feature,,9,,0.0,censored,False,7f6d93243a7e47d3a78948198dce6f30,bb4dcd5a4c431b74b20b93b9ff6ea5e6af09e5ea1ebcb52b60595efbdde9d59a
745585,554430,99,2024-05-06,validation,ST,release_pos_z,negative,0.0,9,,,censored,False,7f6d93243a7e47d3a78948198dce6f30,bb4dcd5a4c431b74b20b93b9ff6ea5e6af09e5ea1ebcb52b60595efbdde9d59a
745587,657277,88,2024-05-05,validation,CH,pfx_z,unclassified_dominant_feature,,8,,0.0,censored,False,7f6d93243a7e47d3a78948198dce6f30,bb4dcd5a4c431b74b20b93b9ff6ea5e6af09e5ea1ebcb52b60595efbdde9d59a
745588,605400,78,2024-04-21,validation,FF,spin_axis_sin,unclassified_dominant_feature,,7,,0.0,censored,False,7f6d93243a7e47d3a78948198dce6f30,bb4dcd5a4c431b74b20b93b9ff6ea5e6af09e5ea1ebcb52b60595efbdde9d59a
745588,605400,90,2024-04-21,validation,KC,spin_axis_cos,unclassified_dominant_feature,,8,,0.0,censored,False,7f6d93243a7e47d3a78948198dce6f30,bb4dcd5a4c431b74b20b93b9ff6ea5e6af09e5ea1ebcb52b60595efbdde9d59a
745589,605400,84,2024-05-03,validation,SI,release_spin_rate,negative,0.0,8,0.5,6.0,censored,False,7f6d93243a7e47d3a78948198dce6f30,bb4dcd5a4c431b74b20b93b9ff6ea5e6af09e5ea1ebcb52b60595efbdde9d59a
745590,554430,84,2024-04-20,validation,FF,pfx_x,unclassified_dominant_feature,,8,,0.0,false_warning_clean_outing,True,7f6d93243a7e47d3a78948198dce6f30,bb4dcd5a4c431b74b20b93b9ff6ea5e6af09e5ea1ebcb52b60595efbdde9d59a
745591,650911,71,2024-04-17,validation,SI,spin_axis_sin,unclassified_dominant_feature,,7,,0.0,false_warning_episode_outing,False,7f6d93243a7e47d3a78948198dce6f30,bb4dcd5a4c431b74b20b93b9ff6ea5e6af09e5ea1ebcb52b60595efbdde9d59a
745596,650911,66,2024-04-12,validation,SI,spin_axis_sin,unclassified_dominant_feature,,6,,0.0,false_warning_episode_outing,False,7f6d93243a7e47d3a78948198dce6f30,bb4dcd5a4c431b74b20b93b9ff6ea5e6af09e5ea1ebcb52b60595efbdde9d59a
745597,605400,76,2024-04-15,validation,CH,release_extension,positive,1.0,7,0.8,5.0,false_warning_episode_outing,False,7f6d93243a7e47d3a78948198dce6f30,bb4dcd5a4c431b74b20b93b9ff6ea5e6af09e5ea1ebcb52b60595efbdde9d59a
745599,605400,52,2024-03-30,validation,FF,release_extension,positive,1.0,5,0.6,5.0,matched,False,7f6d93243a7e47d3a78948198dce6f30,bb4dcd5a4c431b74b20b93b9ff6ea5e6af09e5ea1ebcb52b60595efbdde9d59a
745600,650911,44,2024-04-01,validation,CH,spin_axis_sin,unclassified_dominant_feature,,4,,0.0,false_warning_episode_outing,False,7f6d93243a7e47d3a78948198dce6f30,bb4dcd5a4c431b74b20b93b9ff6ea5e6af09e5ea1ebcb52b60595efbdde9d59a
745603,554430,71,2024-04-03,validation,SI,release_speed,negative,0.0,7,0.0,3.0,matched,False,7f6d93243a7e47d3a78948198dce6f30,bb4dcd5a4c431b74b20b93b9ff6ea5e6af09e5ea1ebcb52b60595efbdde9d59a
745603,554430,76,2024-04-03,validation,CU,spin_axis_cos,unclassified_dominant_feature,,7,,0.0,false_warning_episode_outing,False,7f6d93243a7e47d3a78948198dce6f30,bb4dcd5a4c431b74b20b93b9ff6ea5e6af09e5ea1ebcb52b60595efbdde9d59a
745603,554430,82,2024-04-03,validation,FF,spin_axis_cos,unclassified_dominant_feature,,8,,0.0,false_warning_episode_outing,False,7f6d93243a7e47d3a78948198dce6f30,bb4dcd5a4c431b74b20b93b9ff6ea5e6af09e5ea1ebcb52b60595efbdde9d59a
745603,554430,85,2024-04-03,validation,FF,spin_axis_cos,unclassified_dominant_feature,,8,,0.0,false_warning_episode_outing,False,7f6d93243a7e47d3a78948198dce6f30,bb4dcd5a4c431b74b20b93b9ff6ea5e6af09e5ea1ebcb52b60595efbdde9d59a
745603,554430,91,2024-04-03,validation,SI,release_spin_rate,negative,0.0,9,0.0,2.0,false_warning_episode_outing,False,7f6d93243a7e47d3a78948198dce6f30,bb4dcd5a4c431b74b20b93b9ff6ea5e6af09e5ea1ebcb52b60595efbdde9d59a
745604,554430,72,2024-03-29,validation,FF,spin_axis_cos,unclassified_dominant_feature,,7,,0.0,false_warning_clean_outing,True,7f6d93243a7e47d3a78948198dce6f30,bb4dcd5a4c431b74b20b93b9ff6ea5e6af09e5ea1ebcb52b60595efbdde9d59a
745604,554430,76,2024-03-29,validation,FF,release_spin_rate,negative,0.0,7,0.6666666666666666,9.0,censored,True,7f6d93243a7e47d3a78948198dce6f30,bb4dcd5a4c431b74b20b93b9ff6ea5e6af09e5ea1ebcb52b60595efbdde9d59a
745604,554430,85,2024-03-29,validation,FF,spin_axis_cos,unclassified_dominant_feature,,8,,0.0,censored,True,7f6d93243a7e47d3a78948198dce6f30,bb4dcd5a4c431b74b20b93b9ff6ea5e6af09e5ea1ebcb52b60595efbdde9d59a
745604,675911,55,2024-03-29,validation,FF,release_pos_x,unclassified_dominant_feature,,5,,0.0,matched,False,7f6d93243a7e47d3a78948198dce6f30,bb4dcd5a4c431b74b20b93b9ff6ea5e6af09e5ea1ebcb52b60595efbdde9d59a
745604,675911,59,2024-03-29,validation,FF,pfx_x,unclassified_dominant_feature,,5,,0.0,false_warning_episode_outing,False,7f6d93243a7e47d3a78948198dce6f30,bb4dcd5a4c431b74b20b93b9ff6ea5e6af09e5ea1ebcb52b60595efbdde9d59a
745604,675911,63,2024-03-29,validation,FF,release_extension,negative,0.0,6,0.3333333333333333,6.0,false_warning_episode_outing,False,7f6d93243a7e47d3a78948198dce6f30,bb4dcd5a4c431b74b20b93b9ff6ea5e6af09e5ea1ebcb52b60595efbdde9d59a
745604,675911,66,2024-03-29,validation,FF,release_extension,negative,0.0,6,0.3333333333333333,6.0,false_warning_episode_outing,False,7f6d93243a7e47d3a78948198dce6f30,bb4dcd5a4c431b74b20b93b9ff6ea5e6af09e5ea1ebcb52b60595efbdde9d59a
745604,675911,84,2024-03-29,validation,FF,release_speed,negative,0.0,8,0.0,1.0,false_warning_episode_outing,False,7f6d93243a7e47d3a78948198dce6f30,bb4dcd5a4c431b74b20b93b9ff6ea5e6af09e5ea1ebcb52b60595efbdde9d59a
745606,543037,92,2024-09-20,validation,SL,spin_axis_sin,unclassified_dominant_feature,,9,,0.0,censored,True,7f6d93243a7e47d3a78948198dce6f30,bb4dcd5a4c431b74b20b93b9ff6ea5e6af09e5ea1ebcb52b60595efbdde9d59a
745606,543037,96,2024-09-20,validation,FF,release_pos_z,negative,0.0,9,,,censored,True,7f6d93243a7e47d3a78948198dce6f30,bb4dcd5a4c431b74b20b93b9ff6ea5e6af09e5ea1ebcb52b60595efbdde9d59a
745606,543037,99,2024-09-20,validation,FF,pfx_x,unclassified_dominant_feature,,9,,,censored,True,7f6d93243a7e47d3a78948198dce6f30,bb4dcd5a4c431b74b20b93b9ff6ea5e6af09e5ea1ebcb52b60595efbdde9d59a
745625,650644,68,2024-08-23,validation,SI,release_pos_x,unclassified_dominant_feature,,6,,0.0,false_warning_episode_outing,False,7f6d93243a7e47d3a78948198dce6f30,bb4dcd5a4c431b74b20b93b9ff6ea5e6af09e5ea1ebcb52b60595efbdde9d59a
745625,650644,75,2024-08-23,validation,SI,spin_axis_sin,unclassified_dominant_feature,,7,,0.0,censored,False,7f6d93243a7e47d3a78948198dce6f30,bb4dcd5a4c431b74b20b93b9ff6ea5e6af09e5ea1ebcb52b60595efbdde9d59a
745636,656427,90,2024-08-03,validation,SL,release_pos_x,unclassified_dominant_feature,,8,,0.0,false_warning_episode_outing,False,7f6d93243a7e47d3a78948198dce6f30,bb4dcd5a4c431b74b20b93b9ff6ea5e6af09e5ea1ebcb52b60595efbdde9d59a
745646,666142,98,2024-06-19,validation,SL,pfx_z,unclassified_dominant_feature,,9,,0.0,censored,False,7f6d93243a7e47d3a78948198dce6f30,bb4dcd5a4c431b74b20b93b9ff6ea5e6af09e5ea1ebcb52b60595efbdde9d59a
745652,592332,63,2024-06-08,validation,FS,spin_axis_sin,unclassified_dominant_feature,,6,,0.0,matched,False,7f6d93243a7e47d3a78948198dce6f30,bb4dcd5a4c431b74b20b93b9ff6ea5e6af09e5ea1ebcb52b60595efbdde9d59a
745682,671106,49,2024-03-29,validation,FF,release_pos_x,unclassified_dominant_feature,,4,,0.0,false_warning_episode_outing,False,7f6d93243a7e47d3a78948198dce6f30,bb4dcd5a4c431b74b20b93b9ff6ea5e6af09e5ea1ebcb52b60595efbdde9d59a
745691,543037,89,2024-09-26,validation,KC,release_speed,negative,0.0,8,0.16666666666666666,6.0,false_warning_episode_outing,False,7f6d93243a7e47d3a78948198dce6f30,bb4dcd5a4c431b74b20b93b9ff6ea5e6af09e5ea1ebcb52b60595efbdde9d59a
745695,641482,79,2024-09-12,validation,FC,release_pos_z,negative,0.0,7,0.2,5.0,false_warning_episode_outing,False,7f6d93243a7e47d3a78948198dce6f30,bb4dcd5a4c431b74b20b93b9ff6ea5e6af09e5ea1ebcb52b60595efbdde9d59a
745697,666142,81,2024-09-11,validation,SL,release_spin_rate,negative,0.0,8,0.0,3.0,false_warning_episode_outing,False,7f6d93243a7e47d3a78948198dce6f30,bb4dcd5a4c431b74b20b93b9ff6ea5e6af09e5ea1ebcb52b60595efbdde9d59a
745698,663903,76,2024-09-09,validation,SL,release_pos_x,unclassified_dominant_feature,,7,,0.0,false_warning_episode_outing,False,7f6d93243a7e47d3a78948198dce6f30,bb4dcd5a4c431b74b20b93b9ff6ea5e6af09e5ea1ebcb52b60595efbdde9d59a
745699,502043,78,2024-08-31,validation,FF,release_extension,negative,0.0,7,0.5,2.0,false_warning_episode_outing,False,7f6d93243a7e47d3a78948198dce6f30,bb4dcd5a4c431b74b20b93b9ff6ea5e6af09e5ea1ebcb52b60595efbdde9d59a
745700,573186,82,2024-08-30,validation,FS,pfx_x,unclassified_dominant_feature,,8,,0.0,false_warning_episode_outing,False,7f6d93243a7e47d3a78948198dce6f30,bb4dcd5a4c431b74b20b93b9ff6ea5e6af09e5ea1ebcb52b60595efbdde9d59a
745700,573186,84,2024-08-30,validation,FC,release_extension,negative,0.0,8,,,censored,False,7f6d93243a7e47d3a78948198dce6f30,bb4dcd5a4c431b74b20b93b9ff6ea5e6af09e5ea1ebcb52b60595efbdde9d59a
745700,573186,88,2024-08-30,validation,SI,release_pos_z,positive,1.0,8,1.0,1.0,censored,False,7f6d93243a7e47d3a78948198dce6f30,bb4dcd5a4c431b74b20b93b9ff6ea5e6af09e5ea1ebcb52b60595efbdde9d59a
745700,573186,90,2024-08-30,validation,FC,release_pos_z,positive,1.0,8,0.0,4.0,censored,False,7f6d93243a7e47d3a78948198dce6f30,bb4dcd5a4c431b74b20b93b9ff6ea5e6af09e5ea1ebcb52b60595efbdde9d59a
745700,573186,92,2024-08-30,validation,SI,spin_axis_sin,unclassified_dominant_feature,,9,,0.0,censored,False,7f6d93243a7e47d3a78948198dce6f30,bb4dcd5a4c431b74b20b93b9ff6ea5e6af09e5ea1ebcb52b60595efbdde9d59a
745700,573186,94,2024-08-30,validation,FS,release_extension,positive,1.0,9,,,censored,False,7f6d93243a7e47d3a78948198dce6f30,bb4dcd5a4c431b74b20b93b9ff6ea5e6af09e5ea1ebcb52b60595efbdde9d59a
745700,573186,97,2024-08-30,validation,SL,release_speed,positive,1.0,9,0.0,1.0,censored,False,7f6d93243a7e47d3a78948198dce6f30,bb4dcd5a4c431b74b20b93b9ff6ea5e6af09e5ea1ebcb52b60595efbdde9d59a
745702,607536,91,2024-08-23,validation,FC,pfx_x,unclassified_dominant_feature,,9,,0.0,false_warning_episode_outing,False,7f6d93243a7e47d3a78948198dce6f30,bb4dcd5a4c431b74b20b93b9ff6ea5e6af09e5ea1ebcb52b60595efbdde9d59a
745704,641482,76,2024-08-21,validation,ST,release_speed,negative,0.0,7,0.6666666666666666,3.0,false_warning_clean_outing,True,7f6d93243a7e47d3a78948198dce6f30,bb4dcd5a4c431b74b20b93b9ff6ea5e6af09e5ea1ebcb52b60595efbdde9d59a
745704,641482,96,2024-08-21,validation,FF,release_pos_x,unclassified_dominant_feature,,9,,,censored,True,7f6d93243a7e47d3a78948198dce6f30,bb4dcd5a4c431b74b20b93b9ff6ea5e6af09e5ea1ebcb52b60595efbdde9d59a
745705,543037,78,2024-08-22,validation,KC,spin_axis_sin,unclassified_dominant_feature,,7,,0.0,matched,False,7f6d93243a7e47d3a78948198dce6f30,bb4dcd5a4c431b74b20b93b9ff6ea5e6af09e5ea1ebcb52b60595efbdde9d59a
745706,573186,86,2024-08-25,validation,SV,release_spin_rate,negative,0.0,8,0.0,3.0,matched,False,7f6d93243a7e47d3a78948198dce6f30,bb4dcd5a4c431b74b20b93b9ff6ea5e6af09e5ea1ebcb52b60595efbdde9d59a
745706,573186,92,2024-08-25,validation,SV,vaa,unclassified_dominant_feature,,9,,0.0,matched,False,7f6d93243a7e47d3a78948198dce6f30,bb4dcd5a4c431b74b20b93b9ff6ea5e6af09e5ea1ebcb52b60595efbdde9d59a
745708,543037,80,2024-08-10,validation,KC,spin_axis_sin,unclassified_dominant_feature,,7,,0.0,censored,False,7f6d93243a7e47d3a78948198dce6f30,bb4dcd5a4c431b74b20b93b9ff6ea5e6af09e5ea1ebcb52b60595efbdde9d59a
745710,542881,80,2024-08-08,validation,FC,release_spin_rate,positive,1.0,7,0.8333333333333334,6.0,false_warning_episode_outing,False,7f6d93243a7e47d3a78948198dce6f30,bb4dcd5a4c431b74b20b93b9ff6ea5e6af09e5ea1ebcb52b60595efbdde9d59a
745710,542881,83,2024-08-08,validation,CH,spin_axis_sin,unclassified_dominant_feature,,8,,0.0,false_warning_episode_outing,False,7f6d93243a7e47d3a78948198dce6f30,bb4dcd5a4c431b74b20b93b9ff6ea5e6af09e5ea1ebcb52b60595efbdde9d59a
745710,542881,86,2024-08-08,validation,FF,spin_axis_sin,unclassified_dominant_feature,,8,,0.0,false_warning_episode_outing,False,7f6d93243a7e47d3a78948198dce6f30,bb4dcd5a4c431b74b20b93b9ff6ea5e6af09e5ea1ebcb52b60595efbdde9d59a
745710,641482,69,2024-08-08,validation,FF,pfx_x,unclassified_dominant_feature,,6,,0.0,false_warning_episode_outing,False,7f6d93243a7e47d3a78948198dce6f30,bb4dcd5a4c431b74b20b93b9ff6ea5e6af09e5ea1ebcb52b60595efbdde9d59a
745710,641482,82,2024-08-08,validation,FC,release_extension,positive,1.0,8,0.5,2.0,false_warning_episode_outing,False,7f6d93243a7e47d3a78948198dce6f30,bb4dcd5a4c431b74b20b93b9ff6ea5e6af09e5ea1ebcb52b60595efbdde9d59a
745716,543037,101,2024-07-24,validation,FF,spin_axis_sin,unclassified_dominant_feature,,10,,0.0,false_warning_episode_outing,False,7f6d93243a7e47d3a78948198dce6f30,bb4dcd5a4c431b74b20b93b9ff6ea5e6af09e5ea1ebcb52b60595efbdde9d59a
745716,640455,97,2024-07-24,validation,ST,release_spin_rate,negative,0.0,9,0.0,1.0,false_warning_episode_outing,False,7f6d93243a7e47d3a78948198dce6f30,bb4dcd5a4c431b74b20b93b9ff6ea5e6af09e5ea1ebcb52b60595efbdde9d59a
745716,640455,102,2024-07-24,validation,SI,spin_axis_sin,unclassified_dominant_feature,,10,,0.0,false_warning_episode_outing,False,7f6d93243a7e47d3a78948198dce6f30,bb4dcd5a4c431b74b20b93b9ff6ea5e6af09e5ea1ebcb52b60595efbdde9d59a
745718,543037,87,2024-08-04,validation,KC,spin_axis_cos,unclassified_dominant_feature,,8,,0.0,censored,False,7f6d93243a7e47d3a78948198dce6f30,bb4dcd5a4c431b74b20b93b9ff6ea5e6af09e5ea1ebcb52b60595efbdde9d59a
745719,592332,68,2024-08-02,validation,SL,spin_axis_cos,unclassified_dominant_feature,,6,,0.0,false_warning_episode_outing,False,7f6d93243a7e47d3a78948198dce6f30,bb4dcd5a4c431b74b20b93b9ff6ea5e6af09e5ea1ebcb52b60595efbdde9d59a
745720,641482,77,2024-07-20,validation,FC,release_pos_z,negative,0.0,7,0.2,5.0,matched,False,7f6d93243a7e47d3a78948198dce6f30,bb4dcd5a4c431b74b20b93b9ff6ea5e6af09e5ea1ebcb52b60595efbdde9d59a
745721,543037,82,2024-07-19,validation,FC,spin_axis_sin,unclassified_dominant_feature,,8,,0.0,false_warning_episode_outing,False,7f6d93243a7e47d3a78948198dce6f30,bb4dcd5a4c431b74b20b93b9ff6ea5e6af09e5ea1ebcb52b60595efbdde9d59a
745724,543037,60,2024-07-06,validation,KC,release_speed,positive,1.0,5,0.75,4.0,false_warning_episode_outing,False,7f6d93243a7e47d3a78948198dce6f30,bb4dcd5a4c431b74b20b93b9ff6ea5e6af09e5ea1ebcb52b60595efbdde9d59a
745725,641482,84,2024-07-05,validation,FF,release_extension,positive,1.0,8,0.8333333333333334,6.0,censored,False,7f6d93243a7e47d3a78948198dce6f30,bb4dcd5a4c431b74b20b93b9ff6ea5e6af09e5ea1ebcb52b60595efbdde9d59a
745726,573186,90,2024-07-04,validation,FC,pfx_x,unclassified_dominant_feature,,8,,0.0,censored,False,7f6d93243a7e47d3a78948198dce6f30,bb4dcd5a4c431b74b20b93b9ff6ea5e6af09e5ea1ebcb52b60595efbdde9d59a
745726,573186,99,2024-07-04,validation,FS,release_speed,negative,0.0,9,,,censored,False,7f6d93243a7e47d3a78948198dce6f30,bb4dcd5a4c431b74b20b93b9ff6ea5e6af09e5ea1ebcb52b60595efbdde9d59a
745727,641482,69,2024-06-23,validation,ST,release_extension,positive,1.0,6,0.625,8.0,false_warning_clean_outing,True,7f6d93243a7e47d3a78948198dce6f30,bb4dcd5a4c431b74b20b93b9ff6ea5e6af09e5ea1ebcb52b60595efbdde9d59a
745727,641482,77,2024-06-23,validation,FF,pfx_x,unclassified_dominant_feature,,7,,0.0,false_warning_clean_outing,True,7f6d93243a7e47d3a78948198dce6f30,bb4dcd5a4c431b74b20b93b9ff6ea5e6af09e5ea1ebcb52b60595efbdde9d59a
745729,519242,66,2024-06-21,validation,SI,release_speed,positive,1.0,6,0.5,2.0,matched,False,7f6d93243a7e47d3a78948198dce6f30,bb4dcd5a4c431b74b20b93b9ff6ea5e6af09e5ea1ebcb52b60595efbdde9d59a
745731,573186,42,2024-06-22,validation,FS,spin_axis_cos,unclassified_dominant_feature,,4,,0.0,false_warning_episode_outing,False,7f6d93243a7e47d3a78948198dce6f30,bb4dcd5a4c431b74b20b93b9ff6ea5e6af09e5ea1ebcb52b60595efbdde9d59a
745731,573186,53,2024-06-22,validation,SL,spin_axis_cos,unclassified_dominant_feature,,5,,0.0,false_warning_episode_outing,False,7f6d93243a7e47d3a78948198dce6f30,bb4dcd5a4c431b74b20b93b9ff6ea5e6af09e5ea1ebcb52b60595efbdde9d59a
745731,573186,75,2024-06-22,validation,FS,spin_axis_cos,unclassified_dominant_feature,,7,,0.0,false_warning_episode_outing,False,7f6d93243a7e47d3a78948198dce6f30,bb4dcd5a4c431b74b20b93b9ff6ea5e6af09e5ea1ebcb52b60595efbdde9d59a
745731,573186,91,2024-06-22,validation,SL,release_speed,negative,0.0,9,0.0,1.0,censored,False,7f6d93243a7e47d3a78948198dce6f30,bb4dcd5a4c431b74b20b93b9ff6ea5e6af09e5ea1ebcb52b60595efbdde9d59a
745732,543037,58,2024-06-19,validation,FF,pfx_x,unclassified_dominant_feature,,5,,0.0,censored,False,7f6d93243a7e47d3a78948198dce6f30,bb4dcd5a4c431b74b20b93b9ff6ea5e6af09e5ea1ebcb52b60595efbdde9d59a
745733,641482,97,2024-06-18,validation,FF,release_extension,positive,1.0,9,1.0,2.0,censored,False,7f6d93243a7e47d3a78948198dce6f30,bb4dcd5a4c431b74b20b93b9ff6ea5e6af09e5ea1ebcb52b60595efbdde9d59a
745735,641482,80,2024-06-08,validation,ST,release_pos_x,unclassified_dominant_feature,,7,,0.0,censored,False,7f6d93243a7e47d3a78948198dce6f30,bb4dcd5a4c431b74b20b93b9ff6ea5e6af09e5ea1ebcb52b60595efbdde9d59a
745746,573186,66,2024-05-20,validation,SI,spin_axis_cos,unclassified_dominant_feature,,6,,0.0,matched,False,7f6d93243a7e47d3a78948198dce6f30,bb4dcd5a4c431b74b20b93b9ff6ea5e6af09e5ea1ebcb52b60595efbdde9d59a
745747,641482,93,2024-05-17,validation,FC,pfx_z,unclassified_dominant_feature,,9,,0.0,censored,False,7f6d93243a7e47d3a78948198dce6f30,bb4dcd5a4c431b74b20b93b9ff6ea5e6af09e5ea1ebcb52b60595efbdde9d59a
745748,573186,82,2024-05-09,validation,SI,spin_axis_cos,unclassified_dominant_feature,,8,,0.0,matched,False,7f6d93243a7e47d3a78948198dce6f30,bb4dcd5a4c431b74b20b93b9ff6ea5e6af09e5ea1ebcb52b60595efbdde9d59a
745751,641482,87,2024-05-05,validation,FF,spin_axis_sin,unclassified_dominant_feature,,8,,0.0,matched,False,7f6d93243a7e47d3a78948198dce6f30,bb4dcd5a4c431b74b20b93b9ff6ea5e6af09e5ea1ebcb52b60595efbdde9d59a
745754,573186,71,2024-04-23,validation,SI,release_pos_z,positive,1.0,7,0.75,4.0,false_warning_episode_outing,False,7f6d93243a7e47d3a78948198dce6f30,bb4dcd5a4c431b74b20b93b9ff6ea5e6af09e5ea1ebcb52b60595efbdde9d59a
745756,573186,72,2024-05-03,validation,SI,spin_axis_sin,unclassified_dominant_feature,,7,,0.0,false_warning_episode_outing,False,7f6d93243a7e47d3a78948198dce6f30,bb4dcd5a4c431b74b20b93b9ff6ea5e6af09e5ea1ebcb52b60595efbdde9d59a
745756,681857,76,2024-05-03,validation,FF,release_speed,negative,0.0,7,0.0,5.0,censored,False,7f6d93243a7e47d3a78948198dce6f30,bb4dcd5a4c431b74b20b93b9ff6ea5e6af09e5ea1ebcb52b60595efbdde9d59a
745759,650644,79,2024-04-21,validation,SI,vaa,unclassified_dominant_feature,,7,,0.0,matched,False,7f6d93243a7e47d3a78948198dce6f30,bb4dcd5a4c431b74b20b93b9ff6ea5e6af09e5ea1ebcb52b60595efbdde9d59a
745759,650644,103,2024-04-21,validation,FC,pfx_z,unclassified_dominant_feature,,10,,0.0,false_warning_episode_outing,False,7f6d93243a7e47d3a78948198dce6f30,bb4dcd5a4c431b74b20b93b9ff6ea5e6af09e5ea1ebcb52b60595efbdde9d59a
745761,641482,92,2024-04-08,validation,ST,release_pos_x,unclassified_dominant_feature,,9,,,censored,True,7f6d93243a7e47d3a78948198dce6f30,bb4dcd5a4c431b74b20b93b9ff6ea5e6af09e5ea1ebcb52b60595efbdde9d59a
745761,641482,101,2024-04-08,validation,FF,release_speed,negative,0.0,10,,,censored,True,7f6d93243a7e47d3a78948198dce6f30,bb4dcd5a4c431b74b20b93b9ff6ea5e6af09e5ea1ebcb52b60595efbdde9d59a
745763,573186,73,2024-04-10,validation,SI,release_speed,negative,0.0,7,0.08333333333333333,12.0,false_warning_episode_outing,False,7f6d93243a7e47d3a78948198dce6f30,bb4dcd5a4c431b74b20b93b9ff6ea5e6af09e5ea1ebcb52b60595efbdde9d59a
745764,573186,47,2024-04-05,validation,SL,pfx_z,unclassified_dominant_feature,,4,,0.0,false_warning_episode_outing,False,7f6d93243a7e47d3a78948198dce6f30,bb4dcd5a4c431b74b20b93b9ff6ea5e6af09e5ea1ebcb52b60595efbdde9d59a
745764,579328,66,2024-04-05,validation,FF,release_extension,positive,1.0,6,0.8,10.0,false_warning_clean_outing,True,7f6d93243a7e47d3a78948198dce6f30,bb4dcd5a4c431b74b20b93b9ff6ea5e6af09e5ea1ebcb52b60595efbdde9d59a
745767,554430,66,2024-09-22,validation,SI,release_pos_x,unclassified_dominant_feature,,6,,0.0,false_warning_episode_outing,False,7f6d93243a7e47d3a78948198dce6f30,bb4dcd5a4c431b74b20b93b9ff6ea5e6af09e5ea1ebcb52b60595efbdde9d59a
745768,640455,79,2024-09-21,validation,FF,release_pos_z,negative,0.0,7,0.0,7.0,censored,False,7f6d93243a7e47d3a78948198dce6f30,bb4dcd5a4c431b74b20b93b9ff6ea5e6af09e5ea1ebcb52b60595efbdde9d59a
745769,622663,86,2024-09-19,validation,FF,spin_axis_sin,unclassified_dominant_feature,,8,,0.0,censored,False,7f6d93243a7e47d3a78948198dce6f30,bb4dcd5a4c431b74b20b93b9ff6ea5e6af09e5ea1ebcb52b60595efbdde9d59a
745770,650911,81,2024-09-20,validation,SI,spin_axis_sin,unclassified_dominant_feature,,8,,0.0,matched,False,7f6d93243a7e47d3a78948198dce6f30,bb4dcd5a4c431b74b20b93b9ff6ea5e6af09e5ea1ebcb52b60595efbdde9d59a
745773,640455,82,2024-09-16,validation,CH,release_pos_x,unclassified_dominant_feature,,8,,0.0,censored,False,7f6d93243a7e47d3a78948198dce6f30,bb4dcd5a4c431b74b20b93b9ff6ea5e6af09e5ea1ebcb52b60595efbdde9d59a
745774,622663,71,2024-09-08,validation,FF,release_pos_x,unclassified_dominant_feature,,7,,0.0,false_warning_episode_outing,False,7f6d93243a7e47d3a78948198dce6f30,bb4dcd5a4c431b74b20b93b9ff6ea5e6af09e5ea1ebcb52b60595efbdde9d59a
745777,640455,72,2024-09-06,validation,CH,release_pos_x,unclassified_dominant_feature,,7,,0.0,false_warning_episode_outing,False,7f6d93243a7e47d3a78948198dce6f30,bb4dcd5a4c431b74b20b93b9ff6ea5e6af09e5ea1ebcb52b60595efbdde9d59a
745778,656849,77,2024-09-03,validation,CU,spin_axis_cos,unclassified_dominant_feature,,7,,0.0,matched,False,7f6d93243a7e47d3a78948198dce6f30,bb4dcd5a4c431b74b20b93b9ff6ea5e6af09e5ea1ebcb52b60595efbdde9d59a
745779,622663,76,2024-09-02,validation,FF,pfx_z,unclassified_dominant_feature,,7,,0.0,matched,False,7f6d93243a7e47d3a78948198dce6f30,bb4dcd5a4c431b74b20b93b9ff6ea5e6af09e5ea1ebcb52b60595efbdde9d59a
745780,656849,79,2024-08-19,validation,SL,pfx_z,unclassified_dominant_feature,,7,,0.0,false_warning_episode_outing,False,7f6d93243a7e47d3a78948198dce6f30,bb4dcd5a4c431b74b20b93b9ff6ea5e6af09e5ea1ebcb52b60595efbdde9d59a
745781,640455,61,2024-08-21,validation,CH,spin_axis_cos,unclassified_dominant_feature,,6,,0.0,matched,False,7f6d93243a7e47d3a78948198dce6f30,bb4dcd5a4c431b74b20b93b9ff6ea5e6af09e5ea1ebcb52b60595efbdde9d59a
745784,640455,79,2024-08-16,validation,CH,release_pos_x,unclassified_dominant_feature,,7,,0.0,false_warning_episode_outing,False,7f6d93243a7e47d3a78948198dce6f30,bb4dcd5a4c431b74b20b93b9ff6ea5e6af09e5ea1ebcb52b60595efbdde9d59a
745785,622663,84,2024-08-17,validation,FF,spin_axis_sin,unclassified_dominant_feature,,8,,0.0,matched,False,7f6d93243a7e47d3a78948198dce6f30,bb4dcd5a4c431b74b20b93b9ff6ea5e6af09e5ea1ebcb52b60595efbdde9d59a
745787,640455,55,2024-07-30,validation,ST,spin_axis_sin,unclassified_dominant_feature,,5,,0.0,false_warning_clean_outing,True,7f6d93243a7e47d3a78948198dce6f30,bb4dcd5a4c431b74b20b93b9ff6ea5e6af09e5ea1ebcb52b60595efbdde9d59a
745787,640455,75,2024-07-30,validation,ST,release_pos_z,negative,0.0,7,0.0,5.0,false_warning_clean_outing,True,7f6d93243a7e47d3a78948198dce6f30,bb4dcd5a4c431b74b20b93b9ff6ea5e6af09e5ea1ebcb52b60595efbdde9d59a
745794,519242,74,2024-07-25,validation,SL,release_extension,positive,1.0,7,1.0,4.0,false_warning_episode_outing,False,7f6d93243a7e47d3a78948198dce6f30,bb4dcd5a4c431b74b20b93b9ff6ea5e6af09e5ea1ebcb52b60595efbdde9d59a
745794,622663,78,2024-07-25,validation,FF,spin_axis_sin,unclassified_dominant_feature,,7,,0.0,matched,False,7f6d93243a7e47d3a78948198dce6f30,bb4dcd5a4c431b74b20b93b9ff6ea5e6af09e5ea1ebcb52b60595efbdde9d59a
745795,656849,79,2024-07-28,validation,FF,spin_axis_sin,unclassified_dominant_feature,,7,,0.0,censored,False,7f6d93243a7e47d3a78948198dce6f30,bb4dcd5a4c431b74b20b93b9ff6ea5e6af09e5ea1ebcb52b60595efbdde9d59a
745796,622663,85,2024-07-10,validation,SL,pfx_x,unclassified_dominant_feature,,8,,0.0,matched,False,7f6d93243a7e47d3a78948198dce6f30,bb4dcd5a4c431b74b20b93b9ff6ea5e6af09e5ea1ebcb52b60595efbdde9d59a
745799,656849,67,2024-07-11,validation,SI,release_spin_rate,negative,0.0,6,0.75,4.0,matched,False,7f6d93243a7e47d3a78948198dce6f30,bb4dcd5a4c431b74b20b93b9ff6ea5e6af09e5ea1ebcb52b60595efbdde9d59a
745800,640455,103,2024-07-12,validation,ST,vaa,unclassified_dominant_feature,,10,,,censored,False,7f6d93243a7e47d3a78948198dce6f30,bb4dcd5a4c431b74b20b93b9ff6ea5e6af09e5ea1ebcb52b60595efbdde9d59a
745802,622663,73,2024-06-30,validation,SI,spin_axis_cos,unclassified_dominant_feature,,7,,0.0,censored,False,7f6d93243a7e47d3a78948198dce6f30,bb4dcd5a4c431b74b20b93b9ff6ea5e6af09e5ea1ebcb52b60595efbdde9d59a
745806,543037,68,2024-06-25,validation,FC,spin_axis_cos,unclassified_dominant_feature,,6,,0.0,matched,False,7f6d93243a7e47d3a78948198dce6f30,bb4dcd5a4c431b74b20b93b9ff6ea5e6af09e5ea1ebcb52b60595efbdde9d59a
745806,656849,89,2024-06-25,validation,SI,pfx_x,unclassified_dominant_feature,,8,,0.0,false_warning_episode_outing,False,7f6d93243a7e47d3a78948198dce6f30,bb4dcd5a4c431b74b20b93b9ff6ea5e6af09e5ea1ebcb52b60595efbdde9d59a
745808,640455,75,2024-06-26,validation,SL,release_spin_rate,negative,0.0,7,0.0,1.0,false_warning_episode_outing,False,7f6d93243a7e47d3a78948198dce6f30,bb4dcd5a4c431b74b20b93b9ff6ea5e6af09e5ea1ebcb52b60595efbdde9d59a
745809,622663,76,2024-06-13,validation,SI,pfx_z,unclassified_dominant_feature,,7,,0.0,matched,False,7f6d93243a7e47d3a78948198dce6f30,bb4dcd5a4c431b74b20b93b9ff6ea5e6af09e5ea1ebcb52b60595efbdde9d59a
745810,640455,68,2024-06-14,validation,SL,release_speed,negative,0.0,6,0.0,4.0,matched,False,7f6d93243a7e47d3a78948198dce6f30,bb4dcd5a4c431b74b20b93b9ff6ea5e6af09e5ea1ebcb52b60595efbdde9d59a
745811,666129,62,2024-06-12,validation,SI,spin_axis_cos,unclassified_dominant_feature,,6,,0.0,false_warning_episode_outing,False,7f6d93243a7e47d3a78948198dce6f30,bb4dcd5a4c431b74b20b93b9ff6ea5e6af09e5ea1ebcb52b60595efbdde9d59a
745812,640455,56,2024-06-01,validation,FC,spin_axis_sin,unclassified_dominant_feature,,5,,0.0,false_warning_episode_outing,False,7f6d93243a7e47d3a78948198dce6f30,bb4dcd5a4c431b74b20b93b9ff6ea5e6af09e5ea1ebcb52b60595efbdde9d59a
745817,656849,76,2024-05-29,validation,SL,pfx_x,unclassified_dominant_feature,,7,,0.0,censored,False,7f6d93243a7e47d3a78948198dce6f30,bb4dcd5a4c431b74b20b93b9ff6ea5e6af09e5ea1ebcb52b60595efbdde9d59a
745820,622663,77,2024-05-31,validation,FF,spin_axis_sin,unclassified_dominant_feature,,7,,0.0,false_warning_episode_outing,False,7f6d93243a7e47d3a78948198dce6f30,bb4dcd5a4c431b74b20b93b9ff6ea5e6af09e5ea1ebcb52b60595efbdde9d59a
745821,605400,83,2024-05-14,validation,FF,vaa,unclassified_dominant_feature,,8,,0.0,matched,False,7f6d93243a7e47d3a78948198dce6f30,bb4dcd5a4c431b74b20b93b9ff6ea5e6af09e5ea1ebcb52b60595efbdde9d59a
745823,622663,77,2024-05-25,validation,FC,spin_axis_sin,unclassified_dominant_feature,,7,,0.0,false_warning_episode_outing,False,7f6d93243a7e47d3a78948198dce6f30,bb4dcd5a4c431b74b20b93b9ff6ea5e6af09e5ea1ebcb52b60595efbdde9d59a
745824,657277,62,2024-05-26,validation,SI,spin_axis_sin,unclassified_dominant_feature,,6,,0.0,false_warning_episode_outing,False,7f6d93243a7e47d3a78948198dce6f30,bb4dcd5a4c431b74b20b93b9ff6ea5e6af09e5ea1ebcb52b60595efbdde9d59a
745824,657277,86,2024-05-26,validation,FF,release_pos_z,negative,0.0,8,0.0,2.0,false_warning_episode_outing,False,7f6d93243a7e47d3a78948198dce6f30,bb4dcd5a4c431b74b20b93b9ff6ea5e6af09e5ea1ebcb52b60595efbdde9d59a
745824,657277,93,2024-05-26,validation,CH,vaa,unclassified_dominant_feature,,9,,0.0,censored,False,7f6d93243a7e47d3a78948198dce6f30,bb4dcd5a4c431b74b20b93b9ff6ea5e6af09e5ea1ebcb52b60595efbdde9d59a
745825,622663,82,2024-05-12,validation,ST,spin_axis_sin,unclassified_dominant_feature,,8,,0.0,matched,False,7f6d93243a7e47d3a78948198dce6f30,bb4dcd5a4c431b74b20b93b9ff6ea5e6af09e5ea1ebcb52b60595efbdde9d59a
745826,640455,72,2024-05-13,validation,FC,spin_axis_sin,unclassified_dominant_feature,,7,,0.0,false_warning_episode_outing,False,7f6d93243a7e47d3a78948198dce6f30,bb4dcd5a4c431b74b20b93b9ff6ea5e6af09e5ea1ebcb52b60595efbdde9d59a
745826,650911,75,2024-05-13,validation,CH,spin_axis_sin,unclassified_dominant_feature,,7,,0.0,matched,False,7f6d93243a7e47d3a78948198dce6f30,bb4dcd5a4c431b74b20b93b9ff6ea5e6af09e5ea1ebcb52b60595efbdde9d59a
745831,640455,72,2024-04-30,validation,ST,release_speed,negative,0.0,7,0.0,5.0,false_warning_episode_outing,False,7f6d93243a7e47d3a78948198dce6f30,bb4dcd5a4c431b74b20b93b9ff6ea5e6af09e5ea1ebcb52b60595efbdde9d59a
745836,622663,67,2024-04-17,validation,FF,pfx_z,unclassified_dominant_feature,,6,,0.0,false_warning_episode_outing,False,7f6d93243a7e47d3a78948198dce6f30,bb4dcd5a4c431b74b20b93b9ff6ea5e6af09e5ea1ebcb52b60595efbdde9d59a
745836,622663,76,2024-04-17,validation,FF,spin_axis_cos,unclassified_dominant_feature,,7,,0.0,false_warning_episode_outing,False,7f6d93243a7e47d3a78948198dce6f30,bb4dcd5a4c431b74b20b93b9ff6ea5e6af09e5ea1ebcb52b60595efbdde9d59a
745836,622663,89,2024-04-17,validation,SL,release_speed,positive,1.0,8,0.5,2.0,censored,False,7f6d93243a7e47d3a78948198dce6f30,bb4dcd5a4c431b74b20b93b9ff6ea5e6af09e5ea1ebcb52b60595efbdde9d59a
745838,622663,60,2024-04-12,validation,SL,spin_axis_cos,unclassified_dominant_feature,,5,,0.0,false_warning_episode_outing,False,7f6d93243a7e47d3a78948198dce6f30,bb4dcd5a4c431b74b20b93b9ff6ea5e6af09e5ea1ebcb52b60595efbdde9d59a
745838,622663,62,2024-04-12,validation,FF,release_pos_z,negative,0.0,6,0.375,8.0,false_warning_episode_outing,False,7f6d93243a7e47d3a78948198dce6f30,bb4dcd5a4c431b74b20b93b9ff6ea5e6af09e5ea1ebcb52b60595efbdde9d59a
745838,622663,64,2024-04-12,validation,FF,spin_axis_cos,unclassified_dominant_feature,,6,,0.0,false_warning_episode_outing,False,7f6d93243a7e47d3a78948198dce6f30,bb4dcd5a4c431b74b20b93b9ff6ea5e6af09e5ea1ebcb52b60595efbdde9d59a
745839,640455,71,2024-04-13,validation,FF,release_speed,negative,0.0,7,0.0,6.0,matched,False,7f6d93243a7e47d3a78948198dce6f30,bb4dcd5a4c431b74b20b93b9ff6ea5e6af09e5ea1ebcb52b60595efbdde9d59a
745839,640455,73,2024-04-13,validation,FF,release_speed,negative,0.0,7,0.0,6.0,false_warning_episode_outing,False,7f6d93243a7e47d3a78948198dce6f30,bb4dcd5a4c431b74b20b93b9ff6ea5e6af09e5ea1ebcb52b60595efbdde9d59a
745839,640455,86,2024-04-13,validation,ST,release_speed,negative,0.0,8,0.0,4.0,false_warning_episode_outing,False,7f6d93243a7e47d3a78948198dce6f30,bb4dcd5a4c431b74b20b93b9ff6ea5e6af09e5ea1ebcb52b60595efbdde9d59a
745839,679525,73,2024-04-13,validation,CH,spin_axis_cos,unclassified_dominant_feature,,7,,0.0,false_warning_episode_outing,False,7f6d93243a7e47d3a78948198dce6f30,bb4dcd5a4c431b74b20b93b9ff6ea5e6af09e5ea1ebcb52b60595efbdde9d59a
745840,527048,86,2024-04-15,validation,SI,pfx_x,unclassified_dominant_feature,,8,,0.0,false_warning_episode_outing,False,7f6d93243a7e47d3a78948198dce6f30,bb4dcd5a4c431b74b20b93b9ff6ea5e6af09e5ea1ebcb52b60595efbdde9d59a
745841,666142,77,2024-04-14,validation,CH,pfx_x,unclassified_dominant_feature,,7,,0.0,matched,False,7f6d93243a7e47d3a78948198dce6f30,bb4dcd5a4c431b74b20b93b9ff6ea5e6af09e5ea1ebcb52b60595efbdde9d59a
745842,640455,65,2024-04-01,validation,CH,release_extension,positive,1.0,6,0.8,5.0,matched,False,7f6d93243a7e47d3a78948198dce6f30,bb4dcd5a4c431b74b20b93b9ff6ea5e6af09e5ea1ebcb52b60595efbdde9d59a
745842,640455,73,2024-04-01,validation,FF,release_extension,positive,1.0,7,1.0,3.0,matched,False,7f6d93243a7e47d3a78948198dce6f30,bb4dcd5a4c431b74b20b93b9ff6ea5e6af09e5ea1ebcb52b60595efbdde9d59a
745842,640455,75,2024-04-01,validation,SI,release_extension,positive,1.0,7,1.0,8.0,false_warning_episode_outing,False,7f6d93243a7e47d3a78948198dce6f30,bb4dcd5a4c431b74b20b93b9ff6ea5e6af09e5ea1ebcb52b60595efbdde9d59a
745842,640455,87,2024-04-01,validation,CH,release_extension,positive,1.0,8,1.0,6.0,false_warning_episode_outing,False,7f6d93243a7e47d3a78948198dce6f30,bb4dcd5a4c431b74b20b93b9ff6ea5e6af09e5ea1ebcb52b60595efbdde9d59a
745842,681857,50,2024-04-01,validation,SL,release_pos_x,unclassified_dominant_feature,,4,,0.0,false_warning_episode_outing,False,7f6d93243a7e47d3a78948198dce6f30,bb4dcd5a4c431b74b20b93b9ff6ea5e6af09e5ea1ebcb52b60595efbdde9d59a
745850,622663,64,2024-03-30,validation,SI,spin_axis_cos,unclassified_dominant_feature,,6,,0.0,matched,False,7f6d93243a7e47d3a78948198dce6f30,bb4dcd5a4c431b74b20b93b9ff6ea5e6af09e5ea1ebcb52b60595efbdde9d59a
745862,592332,101,2024-08-30,validation,SL,release_speed,positive,1.0,10,,,censored,False,7f6d93243a7e47d3a78948198dce6f30,bb4dcd5a4c431b74b20b93b9ff6ea5e6af09e5ea1ebcb52b60595efbdde9d59a
745866,519242,78,2024-08-28,validation,SL,release_pos_x,unclassified_dominant_feature,,7,,0.0,matched,False,7f6d93243a7e47d3a78948198dce6f30,bb4dcd5a4c431b74b20b93b9ff6ea5e6af09e5ea1ebcb52b60595efbdde9d59a
745869,666142,88,2024-08-14,validation,FF,release_speed,negative,0.0,8,0.23529411764705882,17.0,false_warning_episode_outing,False,7f6d93243a7e47d3a78948198dce6f30,bb4dcd5a4c431b74b20b93b9ff6ea5e6af09e5ea1ebcb52b60595efbdde9d59a
745874,663903,87,2024-08-12,validation,SI,pfx_z,unclassified_dominant_feature,,8,,0.0,censored,False,7f6d93243a7e47d3a78948198dce6f30,bb4dcd5a4c431b74b20b93b9ff6ea5e6af09e5ea1ebcb52b60595efbdde9d59a
745877,605400,68,2024-07-24,validation,SI,spin_axis_cos,unclassified_dominant_feature,,6,,0.0,matched,False,7f6d93243a7e47d3a78948198dce6f30,bb4dcd5a4c431b74b20b93b9ff6ea5e6af09e5ea1ebcb52b60595efbdde9d59a
745878,554430,84,2024-07-23,validation,CU,spin_axis_sin,unclassified_dominant_feature,,8,,0.0,false_warning_episode_outing,False,7f6d93243a7e47d3a78948198dce6f30,bb4dcd5a4c431b74b20b93b9ff6ea5e6af09e5ea1ebcb52b60595efbdde9d59a
745882,650644,81,2024-07-21,validation,FC,release_speed,negative,0.0,8,0.3333333333333333,3.0,censored,False,7f6d93243a7e47d3a78948198dce6f30,bb4dcd5a4c431b74b20b93b9ff6ea5e6af09e5ea1ebcb52b60595efbdde9d59a
745904,679525,85,2024-05-27,validation,SL,release_speed,negative,0.0,8,0.0,1.0,matched,False,7f6d93243a7e47d3a78948198dce6f30,bb4dcd5a4c431b74b20b93b9ff6ea5e6af09e5ea1ebcb52b60595efbdde9d59a
745904,679525,88,2024-05-27,validation,FF,release_spin_rate,negative,0.0,8,0.5,2.0,false_warning_episode_outing,False,7f6d93243a7e47d3a78948198dce6f30,bb4dcd5a4c431b74b20b93b9ff6ea5e6af09e5ea1ebcb52b60595efbdde9d59a
745904,679525,101,2024-05-27,validation,FF,release_speed,negative,0.0,10,0.0,1.0,false_warning_episode_outing,False,7f6d93243a7e47d3a78948198dce6f30,bb4dcd5a4c431b74b20b93b9ff6ea5e6af09e5ea1ebcb52b60595efbdde9d59a
745908,573186,90,2024-05-15,validation,FS,spin_axis_sin,unclassified_dominant_feature,,8,,0.0,censored,False,7f6d93243a7e47d3a78948198dce6f30,bb4dcd5a4c431b74b20b93b9ff6ea5e6af09e5ea1ebcb52b60595efbdde9d59a
745921,681857,71,2024-04-20,validation,SL,release_pos_z,positive,1.0,7,1.0,4.0,false_warning_episode_outing,False,7f6d93243a7e47d3a78948198dce6f30,bb4dcd5a4c431b74b20b93b9ff6ea5e6af09e5ea1ebcb52b60595efbdde9d59a
745930,640455,60,2024-09-27,validation,ST,release_pos_z,negative,0.0,5,0.25,8.0,false_warning_episode_outing,False,7f6d93243a7e47d3a78948198dce6f30,bb4dcd5a4c431b74b20b93b9ff6ea5e6af09e5ea1ebcb52b60595efbdde9d59a
745932,656849,49,2024-09-29,validation,SL,spin_axis_cos,unclassified_dominant_feature,,4,,0.0,matched,False,7f6d93243a7e47d3a78948198dce6f30,bb4dcd5a4c431b74b20b93b9ff6ea5e6af09e5ea1ebcb52b60595efbdde9d59a
745933,605400,80,2024-09-18,validation,SI,spin_axis_cos,unclassified_dominant_feature,,7,,0.0,false_warning_episode_outing,False,7f6d93243a7e47d3a78948198dce6f30,bb4dcd5a4c431b74b20b93b9ff6ea5e6af09e5ea1ebcb52b60595efbdde9d59a
745935,554430,84,2024-09-17,validation,FF,release_pos_z,negative,0.0,8,0.0,3.0,false_warning_episode_outing,False,7f6d93243a7e47d3a78948198dce6f30,bb4dcd5a4c431b74b20b93b9ff6ea5e6af09e5ea1ebcb52b60595efbdde9d59a
745936,650644,74,2024-09-21,validation,FF,release_pos_x,unclassified_dominant_feature,,7,,0.0,matched,False,7f6d93243a7e47d3a78948198dce6f30,bb4dcd5a4c431b74b20b93b9ff6ea5e6af09e5ea1ebcb52b60595efbdde9d59a
745939,650644,87,2024-09-16,validation,FC,pfx_z,unclassified_dominant_feature,,8,,0.0,false_warning_episode_outing,False,7f6d93243a7e47d3a78948198dce6f30,bb4dcd5a4c431b74b20b93b9ff6ea5e6af09e5ea1ebcb52b60595efbdde9d59a
745940,607536,61,2024-09-08,validation,KC,release_extension,positive,1.0,6,1.0,1.0,false_warning_episode_outing,False,7f6d93243a7e47d3a78948198dce6f30,bb4dcd5a4c431b74b20b93b9ff6ea5e6af09e5ea1ebcb52b60595efbdde9d59a
745944,650644,78,2024-09-03,validation,FF,spin_axis_cos,unclassified_dominant_feature,,7,,0.0,censored,False,7f6d93243a7e47d3a78948198dce6f30,bb4dcd5a4c431b74b20b93b9ff6ea5e6af09e5ea1ebcb52b60595efbdde9d59a
745944,650644,88,2024-09-03,validation,SI,vaa,unclassified_dominant_feature,,8,,0.0,censored,False,7f6d93243a7e47d3a78948198dce6f30,bb4dcd5a4c431b74b20b93b9ff6ea5e6af09e5ea1ebcb52b60595efbdde9d59a
745945,650644,77,2024-08-29,validation,FF,release_speed,negative,0.0,7,0.0,2.0,false_warning_episode_outing,False,7f6d93243a7e47d3a78948198dce6f30,bb4dcd5a4c431b74b20b93b9ff6ea5e6af09e5ea1ebcb52b60595efbdde9d59a
745945,650644,79,2024-08-29,validation,SI,spin_axis_sin,unclassified_dominant_feature,,7,,0.0,censored,False,7f6d93243a7e47d3a78948198dce6f30,bb4dcd5a4c431b74b20b93b9ff6ea5e6af09e5ea1ebcb52b60595efbdde9d59a
745946,657277,91,2024-08-27,validation,ST,release_pos_z,negative,0.0,9,0.0,1.0,matched,False,7f6d93243a7e47d3a78948198dce6f30,bb4dcd5a4c431b74b20b93b9ff6ea5e6af09e5ea1ebcb52b60595efbdde9d59a
745948,594902,74,2024-08-18,validation,CH,spin_axis_cos,unclassified_dominant_feature,,7,,0.0,censored,False,7f6d93243a7e47d3a78948198dce6f30,bb4dcd5a4c431b74b20b93b9ff6ea5e6af09e5ea1ebcb52b60595efbdde9d59a
745948,594902,80,2024-08-18,validation,CU,spin_axis_cos,unclassified_dominant_feature,,7,,0.0,censored,False,7f6d93243a7e47d3a78948198dce6f30,bb4dcd5a4c431b74b20b93b9ff6ea5e6af09e5ea1ebcb52b60595efbdde9d59a
745949,650644,90,2024-08-16,validation,SI,release_pos_z,negative,0.0,8,0.0,3.0,censored,True,7f6d93243a7e47d3a78948198dce6f30,bb4dcd5a4c431b74b20b93b9ff6ea5e6af09e5ea1ebcb52b60595efbdde9d59a
745950,656427,93,2024-08-15,validation,KC,spin_axis_cos,unclassified_dominant_feature,,9,,0.0,censored,False,7f6d93243a7e47d3a78948198dce6f30,bb4dcd5a4c431b74b20b93b9ff6ea5e6af09e5ea1ebcb52b60595efbdde9d59a
745957,650644,51,2024-08-09,validation,ST,spin_axis_cos,unclassified_dominant_feature,,5,,0.0,false_warning_episode_outing,False,7f6d93243a7e47d3a78948198dce6f30,bb4dcd5a4c431b74b20b93b9ff6ea5e6af09e5ea1ebcb52b60595efbdde9d59a
745957,650644,54,2024-08-09,validation,SI,release_pos_x,unclassified_dominant_feature,,5,,0.0,false_warning_episode_outing,False,7f6d93243a7e47d3a78948198dce6f30,bb4dcd5a4c431b74b20b93b9ff6ea5e6af09e5ea1ebcb52b60595efbdde9d59a
745957,650644,58,2024-08-09,validation,ST,spin_axis_cos,unclassified_dominant_feature,,5,,0.0,false_warning_episode_outing,False,7f6d93243a7e47d3a78948198dce6f30,bb4dcd5a4c431b74b20b93b9ff6ea5e6af09e5ea1ebcb52b60595efbdde9d59a
745957,650644,64,2024-08-09,validation,SI,spin_axis_sin,unclassified_dominant_feature,,6,,0.0,false_warning_episode_outing,False,7f6d93243a7e47d3a78948198dce6f30,bb4dcd5a4c431b74b20b93b9ff6ea5e6af09e5ea1ebcb52b60595efbdde9d59a
745957,650644,93,2024-08-09,validation,SI,release_pos_x,unclassified_dominant_feature,,9,,0.0,false_warning_episode_outing,False,7f6d93243a7e47d3a78948198dce6f30,bb4dcd5a4c431b74b20b93b9ff6ea5e6af09e5ea1ebcb52b60595efbdde9d59a
745960,519242,73,2024-07-31,validation,CH,release_pos_x,unclassified_dominant_feature,,7,,0.0,false_warning_episode_outing,False,7f6d93243a7e47d3a78948198dce6f30,bb4dcd5a4c431b74b20b93b9ff6ea5e6af09e5ea1ebcb52b60595efbdde9d59a
745966,650644,74,2024-07-27,validation,ST,spin_axis_sin,unclassified_dominant_feature,,7,,0.0,censored,False,7f6d93243a7e47d3a78948198dce6f30,bb4dcd5a4c431b74b20b93b9ff6ea5e6af09e5ea1ebcb52b60595efbdde9d59a
745967,650644,81,2024-07-11,validation,SI,release_pos_z,negative,0.0,8,0.0,3.0,matched,False,7f6d93243a7e47d3a78948198dce6f30,bb4dcd5a4c431b74b20b93b9ff6ea5e6af09e5ea1ebcb52b60595efbdde9d59a
745969,527048,92,2024-07-10,validation,FC,spin_axis_sin,unclassified_dominant_feature,,9,,0.0,matched,False,7f6d93243a7e47d3a78948198dce6f30,bb4dcd5a4c431b74b20b93b9ff6ea5e6af09e5ea1ebcb52b60595efbdde9d59a
745971,543294,54,2024-06-30,validation,SI,spin_axis_sin,unclassified_dominant_feature,,5,,0.0,matched,False,7f6d93243a7e47d3a78948198dce6f30,bb4dcd5a4c431b74b20b93b9ff6ea5e6af09e5ea1ebcb52b60595efbdde9d59a
745979,668881,83,2024-06-14,validation,FF,release_extension,positive,1.0,8,1.0,8.0,matched,False,7f6d93243a7e47d3a78948198dce6f30,bb4dcd5a4c431b74b20b93b9ff6ea5e6af09e5ea1ebcb52b60595efbdde9d59a
745981,579328,76,2024-06-11,validation,FF,vaa,unclassified_dominant_feature,,7,,0.0,false_warning_episode_outing,False,7f6d93243a7e47d3a78948198dce6f30,bb4dcd5a4c431b74b20b93b9ff6ea5e6af09e5ea1ebcb52b60595efbdde9d59a
745992,527048,77,2024-05-15,validation,SI,spin_axis_sin,unclassified_dominant_feature,,7,,0.0,matched,False,7f6d93243a7e47d3a78948198dce6f30,bb4dcd5a4c431b74b20b93b9ff6ea5e6af09e5ea1ebcb52b60595efbdde9d59a
745994,502043,57,2024-05-11,validation,FC,release_pos_x,unclassified_dominant_feature,,5,,0.0,false_warning_episode_outing,False,7f6d93243a7e47d3a78948198dce6f30,bb4dcd5a4c431b74b20b93b9ff6ea5e6af09e5ea1ebcb52b60595efbdde9d59a
746001,573186,69,2024-04-28,validation,FC,pfx_z,unclassified_dominant_feature,,6,,0.0,matched,False,7f6d93243a7e47d3a78948198dce6f30,bb4dcd5a4c431b74b20b93b9ff6ea5e6af09e5ea1ebcb52b60595efbdde9d59a
746002,605397,74,2024-04-15,validation,FF,release_pos_x,unclassified_dominant_feature,,7,,0.0,matched,False,7f6d93243a7e47d3a78948198dce6f30,bb4dcd5a4c431b74b20b93b9ff6ea5e6af09e5ea1ebcb52b60595efbdde9d59a
746004,656302,85,2024-04-16,validation,FF,release_speed,positive,1.0,8,0.8571428571428571,21.0,matched,False,7f6d93243a7e47d3a78948198dce6f30,bb4dcd5a4c431b74b20b93b9ff6ea5e6af09e5ea1ebcb52b60595efbdde9d59a
746004,656302,97,2024-04-16,validation,SL,release_speed,positive,1.0,9,1.0,7.0,false_warning_episode_outing,False,7f6d93243a7e47d3a78948198dce6f30,bb4dcd5a4c431b74b20b93b9ff6ea5e6af09e5ea1ebcb52b60595efbdde9d59a
746004,656302,99,2024-04-16,validation,FF,release_speed,positive,1.0,9,1.0,16.0,false_warning_episode_outing,False,7f6d93243a7e47d3a78948198dce6f30,bb4dcd5a4c431b74b20b93b9ff6ea5e6af09e5ea1ebcb52b60595efbdde9d59a
746005,650633,85,2024-04-17,validation,ST,spin_axis_cos,unclassified_dominant_feature,,8,,0.0,false_warning_episode_outing,False,7f6d93243a7e47d3a78948198dce6f30,bb4dcd5a4c431b74b20b93b9ff6ea5e6af09e5ea1ebcb52b60595efbdde9d59a
746005,650633,93,2024-04-17,validation,ST,pfx_x,unclassified_dominant_feature,,9,,0.0,false_warning_episode_outing,False,7f6d93243a7e47d3a78948198dce6f30,bb4dcd5a4c431b74b20b93b9ff6ea5e6af09e5ea1ebcb52b60595efbdde9d59a
746005,650633,98,2024-04-17,validation,CH,release_spin_rate,negative,0.0,9,0.0,1.0,censored,False,7f6d93243a7e47d3a78948198dce6f30,bb4dcd5a4c431b74b20b93b9ff6ea5e6af09e5ea1ebcb52b60595efbdde9d59a
746011,656427,73,2024-09-19,validation,KC,spin_axis_sin,unclassified_dominant_feature,,7,,0.0,matched,False,7f6d93243a7e47d3a78948198dce6f30,bb4dcd5a4c431b74b20b93b9ff6ea5e6af09e5ea1ebcb52b60595efbdde9d59a
746016,554430,67,2024-09-06,validation,FF,spin_axis_cos,unclassified_dominant_feature,,6,,0.0,false_warning_clean_outing,True,7f6d93243a7e47d3a78948198dce6f30,bb4dcd5a4c431b74b20b93b9ff6ea5e6af09e5ea1ebcb52b60595efbdde9d59a
746017,665795,82,2024-09-08,validation,FF,release_pos_x,unclassified_dominant_feature,,8,,0.0,matched,False,7f6d93243a7e47d3a78948198dce6f30,bb4dcd5a4c431b74b20b93b9ff6ea5e6af09e5ea1ebcb52b60595efbdde9d59a
746018,605400,69,2024-09-07,validation,KC,release_speed,negative,0.0,6,0.2,10.0,matched,False,7f6d93243a7e47d3a78948198dce6f30,bb4dcd5a4c431b74b20b93b9ff6ea5e6af09e5ea1ebcb52b60595efbdde9d59a
746025,656302,76,2024-08-11,validation,SL,spin_axis_cos,unclassified_dominant_feature,,7,,0.0,false_warning_episode_outing,False,7f6d93243a7e47d3a78948198dce6f30,bb4dcd5a4c431b74b20b93b9ff6ea5e6af09e5ea1ebcb52b60595efbdde9d59a
746025,656302,82,2024-08-11,validation,FF,release_spin_rate,negative,0.0,8,0.4444444444444444,9.0,censored,False,7f6d93243a7e47d3a78948198dce6f30,bb4dcd5a4c431b74b20b93b9ff6ea5e6af09e5ea1ebcb52b60595efbdde9d59a
746029,593958,95,2024-08-20,validation,CH,release_extension,positive,1.0,9,1.0,1.0,false_warning_episode_outing,False,7f6d93243a7e47d3a78948198dce6f30,bb4dcd5a4c431b74b20b93b9ff6ea5e6af09e5ea1ebcb52b60595efbdde9d59a
746029,665795,77,2024-08-20,validation,CU,spin_axis_sin,unclassified_dominant_feature,,7,,0.0,matched,False,7f6d93243a7e47d3a78948198dce6f30,bb4dcd5a4c431b74b20b93b9ff6ea5e6af09e5ea1ebcb52b60595efbdde9d59a
746030,668881,74,2024-08-08,validation,FS,spin_axis_sin,unclassified_dominant_feature,,7,,0.0,false_warning_episode_outing,False,7f6d93243a7e47d3a78948198dce6f30,bb4dcd5a4c431b74b20b93b9ff6ea5e6af09e5ea1ebcb52b60595efbdde9d59a
746032,665795,94,2024-08-09,validation,CU,release_pos_x,unclassified_dominant_feature,,9,,0.0,censored,False,7f6d93243a7e47d3a78948198dce6f30,bb4dcd5a4c431b74b20b93b9ff6ea5e6af09e5ea1ebcb52b60595efbdde9d59a
746034,656849,88,2024-07-22,validation,CH,release_pos_z,negative,0.0,8,0.0,2.0,false_warning_episode_outing,False,7f6d93243a7e47d3a78948198dce6f30,bb4dcd5a4c431b74b20b93b9ff6ea5e6af09e5ea1ebcb52b60595efbdde9d59a
746035,665795,84,2024-07-24,validation,SI,release_extension,positive,1.0,8,1.0,1.0,matched,False,7f6d93243a7e47d3a78948198dce6f30,bb4dcd5a4c431b74b20b93b9ff6ea5e6af09e5ea1ebcb52b60595efbdde9d59a
746037,669203,73,2024-07-25,validation,CH,spin_axis_cos,unclassified_dominant_feature,,7,,0.0,matched,False,7f6d93243a7e47d3a78948198dce6f30,bb4dcd5a4c431b74b20b93b9ff6ea5e6af09e5ea1ebcb52b60595efbdde9d59a
746040,640455,81,2024-07-19,validation,SI,release_speed,negative,0.0,8,0.0,15.0,false_warning_episode_outing,False,7f6d93243a7e47d3a78948198dce6f30,bb4dcd5a4c431b74b20b93b9ff6ea5e6af09e5ea1ebcb52b60595efbdde9d59a
746040,665795,77,2024-07-19,validation,CH,release_spin_rate,positive,1.0,7,0.5,2.0,false_warning_episode_outing,False,7f6d93243a7e47d3a78948198dce6f30,bb4dcd5a4c431b74b20b93b9ff6ea5e6af09e5ea1ebcb52b60595efbdde9d59a
746041,622663,72,2024-07-20,validation,ST,pfx_x,unclassified_dominant_feature,,7,,0.0,matched,False,7f6d93243a7e47d3a78948198dce6f30,bb4dcd5a4c431b74b20b93b9ff6ea5e6af09e5ea1ebcb52b60595efbdde9d59a
746053,671106,34,2024-06-07,validation,FF,spin_axis_sin,unclassified_dominant_feature,,3,,0.0,matched,False,7f6d93243a7e47d3a78948198dce6f30,bb4dcd5a4c431b74b20b93b9ff6ea5e6af09e5ea1ebcb52b60595efbdde9d59a
746055,666129,81,2024-06-17,validation,FF,release_pos_z,negative,0.0,8,0.0,1.0,censored,False,7f6d93243a7e47d3a78948198dce6f30,bb4dcd5a4c431b74b20b93b9ff6ea5e6af09e5ea1ebcb52b60595efbdde9d59a
746064,640455,85,2024-05-19,validation,SI,spin_axis_cos,unclassified_dominant_feature,,8,,0.0,matched,False,7f6d93243a7e47d3a78948198dce6f30,bb4dcd5a4c431b74b20b93b9ff6ea5e6af09e5ea1ebcb52b60595efbdde9d59a
746067,622663,78,2024-05-18,validation,CH,spin_axis_cos,unclassified_dominant_feature,,7,,0.0,matched,False,7f6d93243a7e47d3a78948198dce6f30,bb4dcd5a4c431b74b20b93b9ff6ea5e6af09e5ea1ebcb52b60595efbdde9d59a
746067,666129,61,2024-05-18,validation,ST,release_speed,negative,0.0,6,0.0,2.0,false_warning_episode_outing,False,7f6d93243a7e47d3a78948198dce6f30,bb4dcd5a4c431b74b20b93b9ff6ea5e6af09e5ea1ebcb52b60595efbdde9d59a
746068,554430,70,2024-05-12,validation,ST,spin_axis_sin,unclassified_dominant_feature,,6,,0.0,censored,False,7f6d93243a7e47d3a78948198dce6f30,bb4dcd5a4c431b74b20b93b9ff6ea5e6af09e5ea1ebcb52b60595efbdde9d59a
746068,666129,67,2024-05-12,validation,SI,spin_axis_sin,unclassified_dominant_feature,,6,,0.0,matched,False,7f6d93243a7e47d3a78948198dce6f30,bb4dcd5a4c431b74b20b93b9ff6ea5e6af09e5ea1ebcb52b60595efbdde9d59a
746070,665795,66,2024-05-02,validation,CH,spin_axis_sin,unclassified_dominant_feature,,6,,0.0,false_warning_episode_outing,False,7f6d93243a7e47d3a78948198dce6f30,bb4dcd5a4c431b74b20b93b9ff6ea5e6af09e5ea1ebcb52b60595efbdde9d59a
746075,665795,74,2024-04-27,validation,FF,spin_axis_cos,unclassified_dominant_feature,,7,,0.0,matched,False,7f6d93243a7e47d3a78948198dce6f30,bb4dcd5a4c431b74b20b93b9ff6ea5e6af09e5ea1ebcb52b60595efbdde9d59a
746080,665795,70,2024-04-15,validation,CH,spin_axis_sin,unclassified_dominant_feature,,6,,0.0,matched,False,7f6d93243a7e47d3a78948198dce6f30,bb4dcd5a4c431b74b20b93b9ff6ea5e6af09e5ea1ebcb52b60595efbdde9d59a
746082,519242,96,2024-04-13,validation,SL,spin_axis_sin,unclassified_dominant_feature,,9,,0.0,censored,False,7f6d93243a7e47d3a78948198dce6f30,bb4dcd5a4c431b74b20b93b9ff6ea5e6af09e5ea1ebcb52b60595efbdde9d59a
746083,663776,78,2024-04-03,validation,CH,pfx_z,unclassified_dominant_feature,,7,,0.0,matched,False,7f6d93243a7e47d3a78948198dce6f30,bb4dcd5a4c431b74b20b93b9ff6ea5e6af09e5ea1ebcb52b60595efbdde9d59a
746083,663776,93,2024-04-03,validation,SL,spin_axis_cos,unclassified_dominant_feature,,9,,0.0,false_warning_episode_outing,False,7f6d93243a7e47d3a78948198dce6f30,bb4dcd5a4c431b74b20b93b9ff6ea5e6af09e5ea1ebcb52b60595efbdde9d59a
746086,542881,70,2024-04-02,validation,FC,release_spin_rate,negative,0.0,6,0.75,8.0,matched,False,7f6d93243a7e47d3a78948198dce6f30,bb4dcd5a4c431b74b20b93b9ff6ea5e6af09e5ea1ebcb52b60595efbdde9d59a
746088,605397,79,2024-09-26,validation,FC,pfx_z,unclassified_dominant_feature,,7,,0.0,false_warning_episode_outing,False,7f6d93243a7e47d3a78948198dce6f30,bb4dcd5a4c431b74b20b93b9ff6ea5e6af09e5ea1ebcb52b60595efbdde9d59a
746091,527048,84,2024-03-29,validation,CH,pfx_x,unclassified_dominant_feature,,8,,0.0,censored,False,7f6d93243a7e47d3a78948198dce6f30,bb4dcd5a4c431b74b20b93b9ff6ea5e6af09e5ea1ebcb52b60595efbdde9d59a
746093,650633,74,2024-09-24,validation,SI,vaa,unclassified_dominant_feature,,7,,0.0,false_warning_episode_outing,False,7f6d93243a7e47d3a78948198dce6f30,bb4dcd5a4c431b74b20b93b9ff6ea5e6af09e5ea1ebcb52b60595efbdde9d59a
746094,607536,75,2024-09-20,validation,KC,spin_axis_cos,unclassified_dominant_feature,,7,,0.0,false_warning_episode_outing,False,7f6d93243a7e47d3a78948198dce6f30,bb4dcd5a4c431b74b20b93b9ff6ea5e6af09e5ea1ebcb52b60595efbdde9d59a
746095,656302,72,2024-09-25,validation,FF,vaa,unclassified_dominant_feature,,7,,0.0,false_warning_episode_outing,False,7f6d93243a7e47d3a78948198dce6f30,bb4dcd5a4c431b74b20b93b9ff6ea5e6af09e5ea1ebcb52b60595efbdde9d59a
746095,656427,70,2024-09-25,validation,KC,spin_axis_cos,unclassified_dominant_feature,,6,,0.0,false_warning_episode_outing,False,7f6d93243a7e47d3a78948198dce6f30,bb4dcd5a4c431b74b20b93b9ff6ea5e6af09e5ea1ebcb52b60595efbdde9d59a
746098,656427,83,2024-09-08,validation,KC,spin_axis_sin,unclassified_dominant_feature,,8,,0.0,censored,False,7f6d93243a7e47d3a78948198dce6f30,bb4dcd5a4c431b74b20b93b9ff6ea5e6af09e5ea1ebcb52b60595efbdde9d59a
746101,543294,76,2024-09-09,validation,CH,spin_axis_cos,unclassified_dominant_feature,,7,,0.0,matched,False,7f6d93243a7e47d3a78948198dce6f30,bb4dcd5a4c431b74b20b93b9ff6ea5e6af09e5ea1ebcb52b60595efbdde9d59a
746103,669203,62,2024-08-28,validation,SL,pfx_x,unclassified_dominant_feature,,6,,0.0,false_warning_episode_outing,False,7f6d93243a7e47d3a78948198dce6f30,bb4dcd5a4c431b74b20b93b9ff6ea5e6af09e5ea1ebcb52b60595efbdde9d59a
746105,656427,92,2024-08-27,validation,KC,spin_axis_sin,unclassified_dominant_feature,,9,,0.0,censored,False,7f6d93243a7e47d3a78948198dce6f30,bb4dcd5a4c431b74b20b93b9ff6ea5e6af09e5ea1ebcb52b60595efbdde9d59a
746110,656427,75,2024-08-21,validation,SL,release_pos_z,negative,0.0,7,0.0,2.0,matched,False,7f6d93243a7e47d3a78948198dce6f30,bb4dcd5a4c431b74b20b93b9ff6ea5e6af09e5ea1ebcb52b60595efbdde9d59a
746113,656427,97,2024-08-09,validation,KC,release_pos_z,negative,0.0,9,0.0,2.0,false_warning_episode_outing,False,7f6d93243a7e47d3a78948198dce6f30,bb4dcd5a4c431b74b20b93b9ff6ea5e6af09e5ea1ebcb52b60595efbdde9d59a
746116,605400,89,2024-08-05,validation,FF,spin_axis_cos,unclassified_dominant_feature,,8,,0.0,censored,False,7f6d93243a7e47d3a78948198dce6f30,bb4dcd5a4c431b74b20b93b9ff6ea5e6af09e5ea1ebcb52b60595efbdde9d59a
746117,657277,87,2024-07-25,validation,SI,release_pos_z,negative,0.0,8,0.0,12.0,false_warning_episode_outing,False,7f6d93243a7e47d3a78948198dce6f30,bb4dcd5a4c431b74b20b93b9ff6ea5e6af09e5ea1ebcb52b60595efbdde9d59a
746120,650911,68,2024-08-06,validation,CH,release_spin_rate,positive,1.0,6,0.3333333333333333,9.0,false_warning_episode_outing,False,7f6d93243a7e47d3a78948198dce6f30,bb4dcd5a4c431b74b20b93b9ff6ea5e6af09e5ea1ebcb52b60595efbdde9d59a
746127,650644,80,2024-07-05,validation,FC,spin_axis_sin,unclassified_dominant_feature,,7,,0.0,false_warning_episode_outing,False,7f6d93243a7e47d3a78948198dce6f30,bb4dcd5a4c431b74b20b93b9ff6ea5e6af09e5ea1ebcb52b60595efbdde9d59a
746133,669194,56,2024-07-02,validation,CH,spin_axis_cos,unclassified_dominant_feature,,5,,0.0,false_warning_clean_outing,True,7f6d93243a7e47d3a78948198dce6f30,bb4dcd5a4c431b74b20b93b9ff6ea5e6af09e5ea1ebcb52b60595efbdde9d59a
746134,666142,81,2024-06-14,validation,KC,release_speed,negative,0.0,8,0.25,4.0,matched,False,7f6d93243a7e47d3a78948198dce6f30,bb4dcd5a4c431b74b20b93b9ff6ea5e6af09e5ea1ebcb52b60595efbdde9d59a
746143,669194,75,2024-05-22,validation,FC,pfx_z,unclassified_dominant_feature,,7,,0.0,censored,False,7f6d93243a7e47d3a78948198dce6f30,bb4dcd5a4c431b74b20b93b9ff6ea5e6af09e5ea1ebcb52b60595efbdde9d59a
746144,668881,59,2024-05-19,validation,SL,release_spin_rate,negative,0.0,5,0.75,8.0,matched,False,7f6d93243a7e47d3a78948198dce6f30,bb4dcd5a4c431b74b20b93b9ff6ea5e6af09e5ea1ebcb52b60595efbdde9d59a
746144,668881,64,2024-05-19,validation,FF,spin_axis_sin,unclassified_dominant_feature,,6,,0.0,false_warning_episode_outing,False,7f6d93243a7e47d3a78948198dce6f30,bb4dcd5a4c431b74b20b93b9ff6ea5e6af09e5ea1ebcb52b60595efbdde9d59a
746162,650633,93,2024-04-12,validation,CH,release_pos_z,negative,0.0,9,,,censored,False,7f6d93243a7e47d3a78948198dce6f30,bb4dcd5a4c431b74b20b93b9ff6ea5e6af09e5ea1ebcb52b60595efbdde9d59a
746169,657277,92,2024-04-02,validation,ST,pfx_x,unclassified_dominant_feature,,9,,0.0,false_warning_episode_outing,False,7f6d93243a7e47d3a78948198dce6f30,bb4dcd5a4c431b74b20b93b9ff6ea5e6af09e5ea1ebcb52b60595efbdde9d59a
746175,605397,37,2024-03-21,validation,FC,release_extension,negative,0.0,3,0.3333333333333333,3.0,matched,False,7f6d93243a7e47d3a78948198dce6f30,bb4dcd5a4c431b74b20b93b9ff6ea5e6af09e5ea1ebcb52b60595efbdde9d59a
746175,605397,42,2024-03-21,validation,CH,spin_axis_cos,unclassified_dominant_feature,,4,,0.0,matched,False,7f6d93243a7e47d3a78948198dce6f30,bb4dcd5a4c431b74b20b93b9ff6ea5e6af09e5ea1ebcb52b60595efbdde9d59a
746175,605397,46,2024-03-21,validation,CU,spin_axis_sin,unclassified_dominant_feature,,4,,0.0,false_warning_episode_outing,False,7f6d93243a7e47d3a78948198dce6f30,bb4dcd5a4c431b74b20b93b9ff6ea5e6af09e5ea1ebcb52b60595efbdde9d59a
746175,605397,48,2024-03-21,validation,FC,release_speed,positive,1.0,4,0.5,4.0,false_warning_episode_outing,False,7f6d93243a7e47d3a78948198dce6f30,bb4dcd5a4c431b74b20b93b9ff6ea5e6af09e5ea1ebcb52b60595efbdde9d59a
746175,605397,53,2024-03-21,validation,FC,spin_axis_sin,unclassified_dominant_feature,,5,,0.0,false_warning_episode_outing,False,7f6d93243a7e47d3a78948198dce6f30,bb4dcd5a4c431b74b20b93b9ff6ea5e6af09e5ea1ebcb52b60595efbdde9d59a
746175,605397,57,2024-03-21,validation,FF,spin_axis_sin,unclassified_dominant_feature,,5,,0.0,censored,False,7f6d93243a7e47d3a78948198dce6f30,bb4dcd5a4c431b74b20b93b9ff6ea5e6af09e5ea1ebcb52b60595efbdde9d59a
746177,542881,89,2024-09-14,validation,FF,spin_axis_sin,unclassified_dominant_feature,,8,,0.0,false_warning_episode_outing,False,7f6d93243a7e47d3a78948198dce6f30,bb4dcd5a4c431b74b20b93b9ff6ea5e6af09e5ea1ebcb52b60595efbdde9d59a
746181,579328,86,2024-09-13,validation,SL,pfx_z,unclassified_dominant_feature,,8,,0.0,censored,False,7f6d93243a7e47d3a78948198dce6f30,bb4dcd5a4c431b74b20b93b9ff6ea5e6af09e5ea1ebcb52b60595efbdde9d59a
746187,592332,75,2024-08-13,validation,FF,spin_axis_cos,unclassified_dominant_feature,,7,,0.0,false_warning_episode_outing,False,7f6d93243a7e47d3a78948198dce6f30,bb4dcd5a4c431b74b20b93b9ff6ea5e6af09e5ea1ebcb52b60595efbdde9d59a
746188,542881,89,2024-08-14,validation,FC,release_speed,positive,1.0,8,0.4,5.0,matched,False,7f6d93243a7e47d3a78948198dce6f30,bb4dcd5a4c431b74b20b93b9ff6ea5e6af09e5ea1ebcb52b60595efbdde9d59a
746188,542881,94,2024-08-14,validation,CH,release_speed,positive,1.0,9,0.3333333333333333,3.0,false_warning_episode_outing,False,7f6d93243a7e47d3a78948198dce6f30,bb4dcd5a4c431b74b20b93b9ff6ea5e6af09e5ea1ebcb52b60595efbdde9d59a
746190,519242,86,2024-08-17,validation,CH,pfx_x,unclassified_dominant_feature,,8,,0.0,censored,False,7f6d93243a7e47d3a78948198dce6f30,bb4dcd5a4c431b74b20b93b9ff6ea5e6af09e5ea1ebcb52b60595efbdde9d59a
746193,542881,85,2024-08-02,validation,FF,spin_axis_sin,unclassified_dominant_feature,,8,,0.0,false_warning_episode_outing,False,7f6d93243a7e47d3a78948198dce6f30,bb4dcd5a4c431b74b20b93b9ff6ea5e6af09e5ea1ebcb52b60595efbdde9d59a
746198,607536,78,2024-07-31,validation,KC,vaa,unclassified_dominant_feature,,7,,0.0,matched,False,7f6d93243a7e47d3a78948198dce6f30,bb4dcd5a4c431b74b20b93b9ff6ea5e6af09e5ea1ebcb52b60595efbdde9d59a
746203,542881,91,2024-07-27,validation,FF,release_spin_rate,positive,1.0,9,1.0,3.0,censored,False,7f6d93243a7e47d3a78948198dce6f30,bb4dcd5a4c431b74b20b93b9ff6ea5e6af09e5ea1ebcb52b60595efbdde9d59a
746209,542881,85,2024-06-30,validation,FC,release_spin_rate,negative,0.0,8,1.0,3.0,censored,False,7f6d93243a7e47d3a78948198dce6f30,bb4dcd5a4c431b74b20b93b9ff6ea5e6af09e5ea1ebcb52b60595efbdde9d59a
746210,656427,95,2024-06-27,validation,SL,spin_axis_sin,unclassified_dominant_feature,,9,,0.0,false_warning_episode_outing,False,7f6d93243a7e47d3a78948198dce6f30,bb4dcd5a4c431b74b20b93b9ff6ea5e6af09e5ea1ebcb52b60595efbdde9d59a
746211,681857,81,2024-06-29,validation,FF,spin_axis_cos,unclassified_dominant_feature,,8,,0.0,false_warning_episode_outing,False,7f6d93243a7e47d3a78948198dce6f30,bb4dcd5a4c431b74b20b93b9ff6ea5e6af09e5ea1ebcb52b60595efbdde9d59a
746213,542881,79,2024-06-25,validation,FF,release_extension,positive,1.0,7,0.25,8.0,matched,False,7f6d93243a7e47d3a78948198dce6f30,bb4dcd5a4c431b74b20b93b9ff6ea5e6af09e5ea1ebcb52b60595efbdde9d59a
746216,663776,82,2024-06-09,validation,FF,pfx_x,unclassified_dominant_feature,,8,,0.0,false_warning_episode_outing,False,7f6d93243a7e47d3a78948198dce6f30,bb4dcd5a4c431b74b20b93b9ff6ea5e6af09e5ea1ebcb52b60595efbdde9d59a
746219,542881,91,2024-06-19,validation,FF,spin_axis_sin,unclassified_dominant_feature,,9,,0.0,matched,False,7f6d93243a7e47d3a78948198dce6f30,bb4dcd5a4c431b74b20b93b9ff6ea5e6af09e5ea1ebcb52b60595efbdde9d59a
746221,656302,78,2024-06-05,validation,SL,pfx_z,unclassified_dominant_feature,,7,,0.0,matched,False,7f6d93243a7e47d3a78948198dce6f30,bb4dcd5a4c431b74b20b93b9ff6ea5e6af09e5ea1ebcb52b60595efbdde9d59a
746222,663776,80,2024-06-04,validation,SL,release_spin_rate,positive,1.0,7,1.0,2.0,matched,False,7f6d93243a7e47d3a78948198dce6f30,bb4dcd5a4c431b74b20b93b9ff6ea5e6af09e5ea1ebcb52b60595efbdde9d59a
746224,542881,85,2024-06-03,validation,FC,pfx_z,unclassified_dominant_feature,,8,,0.0,censored,False,7f6d93243a7e47d3a78948198dce6f30,bb4dcd5a4c431b74b20b93b9ff6ea5e6af09e5ea1ebcb52b60595efbdde9d59a
746225,663776,97,2024-05-30,validation,CH,release_speed,positive,1.0,9,1.0,2.0,matched,False,7f6d93243a7e47d3a78948198dce6f30,bb4dcd5a4c431b74b20b93b9ff6ea5e6af09e5ea1ebcb52b60595efbdde9d59a
746228,542881,86,2024-05-29,validation,FC,release_pos_z,negative,0.0,8,0.6666666666666666,3.0,matched,False,7f6d93243a7e47d3a78948198dce6f30,bb4dcd5a4c431b74b20b93b9ff6ea5e6af09e5ea1ebcb52b60595efbdde9d59a
746230,594902,87,2024-05-26,validation,ST,spin_axis_sin,unclassified_dominant_feature,,8,,0.0,censored,False,7f6d93243a7e47d3a78948198dce6f30,bb4dcd5a4c431b74b20b93b9ff6ea5e6af09e5ea1ebcb52b60595efbdde9d59a
746232,666142,71,2024-05-11,validation,KC,release_pos_z,positive,1.0,7,1.0,3.0,false_warning_episode_outing,False,7f6d93243a7e47d3a78948198dce6f30,bb4dcd5a4c431b74b20b93b9ff6ea5e6af09e5ea1ebcb52b60595efbdde9d59a
746238,554430,91,2024-05-01,validation,ST,spin_axis_cos,unclassified_dominant_feature,,9,,0.0,false_warning_clean_outing,True,7f6d93243a7e47d3a78948198dce6f30,bb4dcd5a4c431b74b20b93b9ff6ea5e6af09e5ea1ebcb52b60595efbdde9d59a
746238,663776,79,2024-05-01,validation,CH,release_speed,negative,0.0,7,0.25,4.0,false_warning_episode_outing,False,7f6d93243a7e47d3a78948198dce6f30,bb4dcd5a4c431b74b20b93b9ff6ea5e6af09e5ea1ebcb52b60595efbdde9d59a
746238,663776,88,2024-05-01,validation,SI,spin_axis_sin,unclassified_dominant_feature,,8,,0.0,censored,False,7f6d93243a7e47d3a78948198dce6f30,bb4dcd5a4c431b74b20b93b9ff6ea5e6af09e5ea1ebcb52b60595efbdde9d59a
746238,663776,99,2024-05-01,validation,SI,spin_axis_sin,unclassified_dominant_feature,,9,,0.0,censored,False,7f6d93243a7e47d3a78948198dce6f30,bb4dcd5a4c431b74b20b93b9ff6ea5e6af09e5ea1ebcb52b60595efbdde9d59a
746238,663776,102,2024-05-01,validation,SL,release_spin_rate,positive,1.0,10,,,censored,False,7f6d93243a7e47d3a78948198dce6f30,bb4dcd5a4c431b74b20b93b9ff6ea5e6af09e5ea1ebcb52b60595efbdde9d59a
746239,542881,80,2024-04-30,validation,CH,pfx_x,unclassified_dominant_feature,,7,,0.0,censored,False,7f6d93243a7e47d3a78948198dce6f30,bb4dcd5a4c431b74b20b93b9ff6ea5e6af09e5ea1ebcb52b60595efbdde9d59a
746243,663776,83,2024-04-26,validation,SL,release_spin_rate,negative,0.0,8,0.0,1.0,false_warning_episode_outing,False,7f6d93243a7e47d3a78948198dce6f30,bb4dcd5a4c431b74b20b93b9ff6ea5e6af09e5ea1ebcb52b60595efbdde9d59a
746244,542881,81,2024-04-24,validation,FC,pfx_x,unclassified_dominant_feature,,8,,0.0,false_warning_episode_outing,False,7f6d93243a7e47d3a78948198dce6f30,bb4dcd5a4c431b74b20b93b9ff6ea5e6af09e5ea1ebcb52b60595efbdde9d59a
746250,663776,92,2024-04-09,validation,CU,spin_axis_cos,unclassified_dominant_feature,,9,,,censored,False,7f6d93243a7e47d3a78948198dce6f30,bb4dcd5a4c431b74b20b93b9ff6ea5e6af09e5ea1ebcb52b60595efbdde9d59a
746252,542881,90,2024-04-08,validation,CH,release_speed,negative,0.0,8,0.6,10.0,censored,False,7f6d93243a7e47d3a78948198dce6f30,bb4dcd5a4c431b74b20b93b9ff6ea5e6af09e5ea1ebcb52b60595efbdde9d59a
746254,679525,73,2024-09-18,validation,FF,spin_axis_sin,unclassified_dominant_feature,,7,,0.0,censored,False,7f6d93243a7e47d3a78948198dce6f30,bb4dcd5a4c431b74b20b93b9ff6ea5e6af09e5ea1ebcb52b60595efbdde9d59a
746255,663903,83,2024-09-21,validation,SI,release_speed,negative,0.0,8,0.0,3.0,matched,False,7f6d93243a7e47d3a78948198dce6f30,bb4dcd5a4c431b74b20b93b9ff6ea5e6af09e5ea1ebcb52b60595efbdde9d59a
746257,666142,53,2024-09-06,validation,KC,spin_axis_cos,unclassified_dominant_feature,,5,,0.0,false_warning_episode_outing,False,7f6d93243a7e47d3a78948198dce6f30,bb4dcd5a4c431b74b20b93b9ff6ea5e6af09e5ea1ebcb52b60595efbdde9d59a
746257,666142,64,2024-09-06,validation,FF,vaa,unclassified_dominant_feature,,6,,0.0,false_warning_episode_outing,False,7f6d93243a7e47d3a78948198dce6f30,bb4dcd5a4c431b74b20b93b9ff6ea5e6af09e5ea1ebcb52b60595efbdde9d59a
746259,679525,69,2024-09-07,validation,ST,pfx_z,unclassified_dominant_feature,,6,,0.0,matched,False,7f6d93243a7e47d3a78948198dce6f30,bb4dcd5a4c431b74b20b93b9ff6ea5e6af09e5ea1ebcb52b60595efbdde9d59a
746261,666142,82,2024-09-17,validation,FF,release_speed,positive,1.0,8,0.23529411764705882,17.0,matched,False,7f6d93243a7e47d3a78948198dce6f30,bb4dcd5a4c431b74b20b93b9ff6ea5e6af09e5ea1ebcb52b60595efbdde9d59a
746262,594902,66,2024-09-04,validation,SL,release_speed,positive,1.0,6,0.5,2.0,matched,False,7f6d93243a7e47d3a78948198dce6f30,bb4dcd5a4c431b74b20b93b9ff6ea5e6af09e5ea1ebcb52b60595efbdde9d59a
746262,594902,79,2024-09-04,validation,CU,spin_axis_cos,unclassified_dominant_feature,,7,,0.0,false_warning_episode_outing,False,7f6d93243a7e47d3a78948198dce6f30,bb4dcd5a4c431b74b20b93b9ff6ea5e6af09e5ea1ebcb52b60595efbdde9d59a
746264,663903,72,2024-09-03,validation,FF,pfx_z,unclassified_dominant_feature,,7,,0.0,matched,False,7f6d93243a7e47d3a78948198dce6f30,bb4dcd5a4c431b74b20b93b9ff6ea5e6af09e5ea1ebcb52b60595efbdde9d59a
746266,542881,67,2024-08-20,validation,CH,release_pos_x,unclassified_dominant_feature,,6,,0.0,matched,False,7f6d93243a7e47d3a78948198dce6f30,bb4dcd5a4c431b74b20b93b9ff6ea5e6af09e5ea1ebcb52b60595efbdde9d59a
746266,542881,94,2024-08-20,validation,FC,spin_axis_cos,unclassified_dominant_feature,,9,,0.0,false_warning_episode_outing,False,7f6d93243a7e47d3a78948198dce6f30,bb4dcd5a4c431b74b20b93b9ff6ea5e6af09e5ea1ebcb52b60595efbdde9d59a
746266,666142,78,2024-08-20,validation,CH,spin_axis_sin,unclassified_dominant_feature,,7,,0.0,matched,False,7f6d93243a7e47d3a78948198dce6f30,bb4dcd5a4c431b74b20b93b9ff6ea5e6af09e5ea1ebcb52b60595efbdde9d59a
746271,663903,70,2024-08-24,validation,SL,spin_axis_cos,unclassified_dominant_feature,,6,,0.0,false_warning_episode_outing,False,7f6d93243a7e47d3a78948198dce6f30,bb4dcd5a4c431b74b20b93b9ff6ea5e6af09e5ea1ebcb52b60595efbdde9d59a
746272,666142,91,2024-08-07,validation,CH,spin_axis_sin,unclassified_dominant_feature,,9,,0.0,matched,False,7f6d93243a7e47d3a78948198dce6f30,bb4dcd5a4c431b74b20b93b9ff6ea5e6af09e5ea1ebcb52b60595efbdde9d59a
746274,666142,75,2024-07-28,validation,FF,pfx_x,unclassified_dominant_feature,,7,,0.0,false_warning_episode_outing,False,7f6d93243a7e47d3a78948198dce6f30,bb4dcd5a4c431b74b20b93b9ff6ea5e6af09e5ea1ebcb52b60595efbdde9d59a
746276,663903,85,2024-08-05,validation,SL,vaa,unclassified_dominant_feature,,8,,0.0,false_warning_episode_outing,False,7f6d93243a7e47d3a78948198dce6f30,bb4dcd5a4c431b74b20b93b9ff6ea5e6af09e5ea1ebcb52b60595efbdde9d59a
746277,543294,84,2024-07-26,validation,CH,spin_axis_cos,unclassified_dominant_feature,,8,,0.0,false_warning_episode_outing,False,7f6d93243a7e47d3a78948198dce6f30,bb4dcd5a4c431b74b20b93b9ff6ea5e6af09e5ea1ebcb52b60595efbdde9d59a
746277,663903,81,2024-07-26,validation,SI,release_extension,positive,1.0,8,0.5,2.0,false_warning_episode_outing,False,7f6d93243a7e47d3a78948198dce6f30,bb4dcd5a4c431b74b20b93b9ff6ea5e6af09e5ea1ebcb52b60595efbdde9d59a
746279,669194,78,2024-07-24,validation,FF,vaa,unclassified_dominant_feature,,7,,0.0,censored,False,7f6d93243a7e47d3a78948198dce6f30,bb4dcd5a4c431b74b20b93b9ff6ea5e6af09e5ea1ebcb52b60595efbdde9d59a
746280,666142,90,2024-07-22,validation,FF,release_speed,negative,0.0,8,0.23529411764705882,17.0,false_warning_episode_outing,False,7f6d93243a7e47d3a78948198dce6f30,bb4dcd5a4c431b74b20b93b9ff6ea5e6af09e5ea1ebcb52b60595efbdde9d59a
746281,679525,79,2024-07-23,validation,FF,spin_axis_cos,unclassified_dominant_feature,,7,,0.0,false_warning_episode_outing,False,7f6d93243a7e47d3a78948198dce6f30,bb4dcd5a4c431b74b20b93b9ff6ea5e6af09e5ea1ebcb52b60595efbdde9d59a
746285,679525,72,2024-07-04,validation,FF,spin_axis_cos,unclassified_dominant_feature,,7,,0.0,censored,False,7f6d93243a7e47d3a78948198dce6f30,bb4dcd5a4c431b74b20b93b9ff6ea5e6af09e5ea1ebcb52b60595efbdde9d59a
746286,663903,81,2024-07-20,validation,SI,spin_axis_sin,unclassified_dominant_feature,,8,,0.0,matched,False,7f6d93243a7e47d3a78948198dce6f30,bb4dcd5a4c431b74b20b93b9ff6ea5e6af09e5ea1ebcb52b60595efbdde9d59a
746289,666142,92,2024-06-29,validation,CH,release_speed,negative,0.0,9,0.25,4.0,false_warning_episode_outing,False,7f6d93243a7e47d3a78948198dce6f30,bb4dcd5a4c431b74b20b93b9ff6ea5e6af09e5ea1ebcb52b60595efbdde9d59a
746290,671106,28,2024-06-30,validation,FF,spin_axis_cos,unclassified_dominant_feature,,2,,0.0,false_warning_episode_outing,False,7f6d93243a7e47d3a78948198dce6f30,bb4dcd5a4c431b74b20b93b9ff6ea5e6af09e5ea1ebcb52b60595efbdde9d59a
746291,663903,73,2024-06-26,validation,SL,release_extension,negative,0.0,7,0.6666666666666666,15.0,matched,False,7f6d93243a7e47d3a78948198dce6f30,bb4dcd5a4c431b74b20b93b9ff6ea5e6af09e5ea1ebcb52b60595efbdde9d59a
746292,679525,67,2024-06-28,validation,FF,spin_axis_cos,unclassified_dominant_feature,,6,,0.0,false_warning_episode_outing,False,7f6d93243a7e47d3a78948198dce6f30,bb4dcd5a4c431b74b20b93b9ff6ea5e6af09e5ea1ebcb52b60595efbdde9d59a
746296,573186,76,2024-06-11,validation,SL,release_pos_x,unclassified_dominant_feature,,7,,0.0,false_warning_episode_outing,False,7f6d93243a7e47d3a78948198dce6f30,bb4dcd5a4c431b74b20b93b9ff6ea5e6af09e5ea1ebcb52b60595efbdde9d59a
746296,663903,91,2024-06-11,validation,SL,release_pos_z,negative,0.0,9,0.0,3.0,matched,False,7f6d93243a7e47d3a78948198dce6f30,bb4dcd5a4c431b74b20b93b9ff6ea5e6af09e5ea1ebcb52b60595efbdde9d59a
746297,666142,38,2024-06-09,validation,FF,spin_axis_sin,unclassified_dominant_feature,,3,,0.0,false_warning_episode_outing,False,7f6d93243a7e47d3a78948198dce6f30,bb4dcd5a4c431b74b20b93b9ff6ea5e6af09e5ea1ebcb52b60595efbdde9d59a
746298,666142,97,2024-06-24,validation,CH,pfx_z,unclassified_dominant_feature,,9,,0.0,censored,False,7f6d93243a7e47d3a78948198dce6f30,bb4dcd5a4c431b74b20b93b9ff6ea5e6af09e5ea1ebcb52b60595efbdde9d59a
746299,641482,62,2024-06-13,validation,FC,release_spin_rate,negative,0.0,6,0.42857142857142855,7.0,false_warning_episode_outing,False,7f6d93243a7e47d3a78948198dce6f30,bb4dcd5a4c431b74b20b93b9ff6ea5e6af09e5ea1ebcb52b60595efbdde9d59a
746299,679525,77,2024-06-13,validation,SL,release_pos_x,unclassified_dominant_feature,,7,,0.0,false_warning_episode_outing,False,7f6d93243a7e47d3a78948198dce6f30,bb4dcd5a4c431b74b20b93b9ff6ea5e6af09e5ea1ebcb52b60595efbdde9d59a
746299,679525,90,2024-06-13,validation,SI,release_pos_z,negative,0.0,8,0.0,2.0,censored,False,7f6d93243a7e47d3a78948198dce6f30,bb4dcd5a4c431b74b20b93b9ff6ea5e6af09e5ea1ebcb52b60595efbdde9d59a
746300,679525,79,2024-06-08,validation,CH,spin_axis_sin,unclassified_dominant_feature,,7,,0.0,false_warning_episode_outing,False,7f6d93243a7e47d3a78948198dce6f30,bb4dcd5a4c431b74b20b93b9ff6ea5e6af09e5ea1ebcb52b60595efbdde9d59a
746301,650633,72,2024-06-02,validation,SI,pfx_z,unclassified_dominant_feature,,7,,0.0,false_warning_episode_outing,False,7f6d93243a7e47d3a78948198dce6f30,bb4dcd5a4c431b74b20b93b9ff6ea5e6af09e5ea1ebcb52b60595efbdde9d59a
746301,666142,70,2024-06-02,validation,SL,release_extension,positive,1.0,6,1.0,3.0,matched,False,7f6d93243a7e47d3a78948198dce6f30,bb4dcd5a4c431b74b20b93b9ff6ea5e6af09e5ea1ebcb52b60595efbdde9d59a
746303,656302,82,2024-05-31,validation,FF,release_pos_z,positive,1.0,8,0.5,10.0,matched,False,7f6d93243a7e47d3a78948198dce6f30,bb4dcd5a4c431b74b20b93b9ff6ea5e6af09e5ea1ebcb52b60595efbdde9d59a
746304,666142,50,2024-05-22,validation,FC,spin_axis_sin,unclassified_dominant_feature,,4,,0.0,matched,False,7f6d93243a7e47d3a78948198dce6f30,bb4dcd5a4c431b74b20b93b9ff6ea5e6af09e5ea1ebcb52b60595efbdde9d59a
746305,679525,71,2024-06-01,validation,SI,release_speed,negative,0.0,7,0.3333333333333333,3.0,false_warning_episode_outing,False,7f6d93243a7e47d3a78948198dce6f30,bb4dcd5a4c431b74b20b93b9ff6ea5e6af09e5ea1ebcb52b60595efbdde9d59a
746305,679525,79,2024-06-01,validation,SL,release_spin_rate,positive,1.0,7,,,censored,False,7f6d93243a7e47d3a78948198dce6f30,bb4dcd5a4c431b74b20b93b9ff6ea5e6af09e5ea1ebcb52b60595efbdde9d59a
746306,663903,82,2024-05-19,validation,SL,release_speed,negative,0.0,8,0.0,7.0,censored,False,7f6d93243a7e47d3a78948198dce6f30,bb4dcd5a4c431b74b20b93b9ff6ea5e6af09e5ea1ebcb52b60595efbdde9d59a
746309,679525,85,2024-05-21,validation,SL,release_pos_x,unclassified_dominant_feature,,8,,0.0,matched,False,7f6d93243a7e47d3a78948198dce6f30,bb4dcd5a4c431b74b20b93b9ff6ea5e6af09e5ea1ebcb52b60595efbdde9d59a
746310,666142,80,2024-05-17,validation,SL,release_speed,positive,1.0,7,0.0,7.0,censored,False,7f6d93243a7e47d3a78948198dce6f30,bb4dcd5a4c431b74b20b93b9ff6ea5e6af09e5ea1ebcb52b60595efbdde9d59a
746311,641540,74,2024-05-04,validation,SI,pfx_z,unclassified_dominant_feature,,7,,0.0,false_warning_episode_outing,False,7f6d93243a7e47d3a78948198dce6f30,bb4dcd5a4c431b74b20b93b9ff6ea5e6af09e5ea1ebcb52b60595efbdde9d59a
746312,663903,76,2024-05-08,validation,SI,release_speed,negative,0.0,7,0.0,9.0,false_warning_episode_outing,False,7f6d93243a7e47d3a78948198dce6f30,bb4dcd5a4c431b74b20b93b9ff6ea5e6af09e5ea1ebcb52b60595efbdde9d59a
746313,666142,86,2024-05-06,validation,CH,spin_axis_cos,unclassified_dominant_feature,,8,,0.0,censored,False,7f6d93243a7e47d3a78948198dce6f30,bb4dcd5a4c431b74b20b93b9ff6ea5e6af09e5ea1ebcb52b60595efbdde9d59a
746318,663903,98,2024-05-03,validation,SL,release_spin_rate,positive,1.0,9,0.5,4.0,censored,False,7f6d93243a7e47d3a78948198dce6f30,bb4dcd5a4c431b74b20b93b9ff6ea5e6af09e5ea1ebcb52b60595efbdde9d59a
746319,579328,58,2024-04-22,validation,FF,spin_axis_sin,unclassified_dominant_feature,,5,,0.0,false_warning_episode_outing,False,7f6d93243a7e47d3a78948198dce6f30,bb4dcd5a4c431b74b20b93b9ff6ea5e6af09e5ea1ebcb52b60595efbdde9d59a
746319,663903,73,2024-04-22,validation,SL,vaa,unclassified_dominant_feature,,7,,0.0,matched,False,7f6d93243a7e47d3a78948198dce6f30,bb4dcd5a4c431b74b20b93b9ff6ea5e6af09e5ea1ebcb52b60595efbdde9d59a
746320,666142,74,2024-04-25,validation,KC,release_speed,negative,0.0,7,0.0,1.0,censored,False,7f6d93243a7e47d3a78948198dce6f30,bb4dcd5a4c431b74b20b93b9ff6ea5e6af09e5ea1ebcb52b60595efbdde9d59a
746321,592332,84,2024-04-23,validation,FS,spin_axis_cos,unclassified_dominant_feature,,8,,0.0,false_warning_episode_outing,False,7f6d93243a7e47d3a78948198dce6f30,bb4dcd5a4c431b74b20b93b9ff6ea5e6af09e5ea1ebcb52b60595efbdde9d59a
746321,592332,98,2024-04-23,validation,FS,spin_axis_sin,unclassified_dominant_feature,,9,,0.0,censored,False,7f6d93243a7e47d3a78948198dce6f30,bb4dcd5a4c431b74b20b93b9ff6ea5e6af09e5ea1ebcb52b60595efbdde9d59a
746324,669203,63,2024-04-20,validation,CU,pfx_x,unclassified_dominant_feature,,6,,0.0,false_warning_episode_outing,False,7f6d93243a7e47d3a78948198dce6f30,bb4dcd5a4c431b74b20b93b9ff6ea5e6af09e5ea1ebcb52b60595efbdde9d59a
746325,679525,70,2024-04-19,validation,CH,release_spin_rate,positive,1.0,6,0.3333333333333333,3.0,false_warning_episode_outing,False,7f6d93243a7e47d3a78948198dce6f30,bb4dcd5a4c431b74b20b93b9ff6ea5e6af09e5ea1ebcb52b60595efbdde9d59a
746325,679525,75,2024-04-19,validation,CU,pfx_z,unclassified_dominant_feature,,7,,0.0,censored,False,7f6d93243a7e47d3a78948198dce6f30,bb4dcd5a4c431b74b20b93b9ff6ea5e6af09e5ea1ebcb52b60595efbdde9d59a
746326,664299,67,2024-04-09,validation,FF,spin_axis_sin,unclassified_dominant_feature,,6,,0.0,matched,False,7f6d93243a7e47d3a78948198dce6f30,bb4dcd5a4c431b74b20b93b9ff6ea5e6af09e5ea1ebcb52b60595efbdde9d59a
746326,666142,75,2024-04-09,validation,FF,release_pos_x,unclassified_dominant_feature,,7,,0.0,false_warning_episode_outing,False,7f6d93243a7e47d3a78948198dce6f30,bb4dcd5a4c431b74b20b93b9ff6ea5e6af09e5ea1ebcb52b60595efbdde9d59a
746330,679525,54,2024-04-07,validation,FF,spin_axis_cos,unclassified_dominant_feature,,5,,0.0,false_warning_episode_outing,False,7f6d93243a7e47d3a78948198dce6f30,bb4dcd5a4c431b74b20b93b9ff6ea5e6af09e5ea1ebcb52b60595efbdde9d59a
746330,679525,63,2024-04-07,validation,FF,spin_axis_sin,unclassified_dominant_feature,,6,,0.0,matched,False,7f6d93243a7e47d3a78948198dce6f30,bb4dcd5a4c431b74b20b93b9ff6ea5e6af09e5ea1ebcb52b60595efbdde9d59a
746330,679525,75,2024-04-07,validation,CU,spin_axis_cos,unclassified_dominant_feature,,7,,0.0,false_warning_episode_outing,False,7f6d93243a7e47d3a78948198dce6f30,bb4dcd5a4c431b74b20b93b9ff6ea5e6af09e5ea1ebcb52b60595efbdde9d59a
746331,579328,91,2024-09-25,validation,CU,pfx_z,unclassified_dominant_feature,,9,,,censored,False,7f6d93243a7e47d3a78948198dce6f30,bb4dcd5a4c431b74b20b93b9ff6ea5e6af09e5ea1ebcb52b60595efbdde9d59a
746332,663903,83,2024-03-31,validation,CH,spin_axis_cos,unclassified_dominant_feature,,8,,0.0,false_warning_episode_outing,False,7f6d93243a7e47d3a78948198dce6f30,bb4dcd5a4c431b74b20b93b9ff6ea5e6af09e5ea1ebcb52b60595efbdde9d59a
746332,663903,89,2024-03-31,validation,SL,release_pos_z,positive,1.0,8,0.25,8.0,false_warning_episode_outing,False,7f6d93243a7e47d3a78948198dce6f30,bb4dcd5a4c431b74b20b93b9ff6ea5e6af09e5ea1ebcb52b60595efbdde9d59a
746332,663903,95,2024-03-31,validation,SI,spin_axis_cos,unclassified_dominant_feature,,9,,0.0,censored,False,7f6d93243a7e47d3a78948198dce6f30,bb4dcd5a4c431b74b20b93b9ff6ea5e6af09e5ea1ebcb52b60595efbdde9d59a
746335,666142,51,2024-03-28,validation,FC,release_pos_x,unclassified_dominant_feature,,5,,0.0,false_warning_episode_outing,False,7f6d93243a7e47d3a78948198dce6f30,bb4dcd5a4c431b74b20b93b9ff6ea5e6af09e5ea1ebcb52b60595efbdde9d59a
746335,666142,55,2024-03-28,validation,FF,spin_axis_sin,unclassified_dominant_feature,,5,,0.0,false_warning_episode_outing,False,7f6d93243a7e47d3a78948198dce6f30,bb4dcd5a4c431b74b20b93b9ff6ea5e6af09e5ea1ebcb52b60595efbdde9d59a
746341,579328,87,2024-09-19,validation,CH,release_pos_x,unclassified_dominant_feature,,8,,0.0,censored,False,7f6d93243a7e47d3a78948198dce6f30,bb4dcd5a4c431b74b20b93b9ff6ea5e6af09e5ea1ebcb52b60595efbdde9d59a
746344,579328,93,2024-09-07,validation,CU,spin_axis_cos,unclassified_dominant_feature,,9,,,censored,False,7f6d93243a7e47d3a78948198dce6f30,bb4dcd5a4c431b74b20b93b9ff6ea5e6af09e5ea1ebcb52b60595efbdde9d59a
746344,593958,78,2024-09-07,validation,CH,release_spin_rate,positive,1.0,7,1.0,3.0,matched,False,7f6d93243a7e47d3a78948198dce6f30,bb4dcd5a4c431b74b20b93b9ff6ea5e6af09e5ea1ebcb52b60595efbdde9d59a
746345,669194,77,2024-09-08,validation,FF,release_speed,positive,1.0,7,1.0,2.0,false_warning_episode_outing,False,7f6d93243a7e47d3a78948198dce6f30,bb4dcd5a4c431b74b20b93b9ff6ea5e6af09e5ea1ebcb52b60595efbdde9d59a
746347,679525,62,2024-09-01,validation,SL,pfx_z,unclassified_dominant_feature,,6,,0.0,matched,False,7f6d93243a7e47d3a78948198dce6f30,bb4dcd5a4c431b74b20b93b9ff6ea5e6af09e5ea1ebcb52b60595efbdde9d59a
746348,579328,86,2024-08-31,validation,FF,release_spin_rate,positive,1.0,8,0.75,4.0,matched,False,7f6d93243a7e47d3a78948198dce6f30,bb4dcd5a4c431b74b20b93b9ff6ea5e6af09e5ea1ebcb52b60595efbdde9d59a
746348,666142,76,2024-08-31,validation,SL,release_speed,negative,0.0,7,0.0,7.0,matched,False,7f6d93243a7e47d3a78948198dce6f30,bb4dcd5a4c431b74b20b93b9ff6ea5e6af09e5ea1ebcb52b60595efbdde9d59a
746351,579328,79,2024-08-19,validation,SL,vaa,unclassified_dominant_feature,,7,,0.0,matched,False,7f6d93243a7e47d3a78948198dce6f30,bb4dcd5a4c431b74b20b93b9ff6ea5e6af09e5ea1ebcb52b60595efbdde9d59a
746352,663903,95,2024-08-29,validation,ST,vaa,unclassified_dominant_feature,,9,,0.0,matched,False,7f6d93243a7e47d3a78948198dce6f30,bb4dcd5a4c431b74b20b93b9ff6ea5e6af09e5ea1ebcb52b60595efbdde9d59a
746354,579328,76,2024-08-02,validation,FF,pfx_x,unclassified_dominant_feature,,7,,0.0,false_warning_episode_outing,False,7f6d93243a7e47d3a78948198dce6f30,bb4dcd5a4c431b74b20b93b9ff6ea5e6af09e5ea1ebcb52b60595efbdde9d59a
746376,669203,82,2024-06-22,validation,SL,release_pos_x,unclassified_dominant_feature,,8,,,censored,False,7f6d93243a7e47d3a78948198dce6f30,bb4dcd5a4c431b74b20b93b9ff6ea5e6af09e5ea1ebcb52b60595efbdde9d59a
746382,502043,77,2024-06-03,validation,ST,release_extension,negative,0.0,7,0.5,2.0,matched,False,7f6d93243a7e47d3a78948198dce6f30,bb4dcd5a4c431b74b20b93b9ff6ea5e6af09e5ea1ebcb52b60595efbdde9d59a
746386,542881,73,2024-05-22,validation,FF,spin_axis_sin,unclassified_dominant_feature,,7,,0.0,matched,False,7f6d93243a7e47d3a78948198dce6f30,bb4dcd5a4c431b74b20b93b9ff6ea5e6af09e5ea1ebcb52b60595efbdde9d59a
746391,664299,78,2024-05-16,validation,ST,pfx_x,unclassified_dominant_feature,,7,,0.0,matched,False,7f6d93243a7e47d3a78948198dce6f30,bb4dcd5a4c431b74b20b93b9ff6ea5e6af09e5ea1ebcb52b60595efbdde9d59a
746403,671106,79,2024-05-02,validation,FC,release_speed,negative,0.0,7,0.0,3.0,matched,False,7f6d93243a7e47d3a78948198dce6f30,bb4dcd5a4c431b74b20b93b9ff6ea5e6af09e5ea1ebcb52b60595efbdde9d59a
746407,664299,74,2024-04-03,validation,FF,release_pos_x,unclassified_dominant_feature,,7,,0.0,false_warning_episode_outing,False,7f6d93243a7e47d3a78948198dce6f30,bb4dcd5a4c431b74b20b93b9ff6ea5e6af09e5ea1ebcb52b60595efbdde9d59a
746408,641540,70,2024-04-12,validation,KC,release_spin_rate,positive,1.0,6,,,censored,False,7f6d93243a7e47d3a78948198dce6f30,bb4dcd5a4c431b74b20b93b9ff6ea5e6af09e5ea1ebcb52b60595efbdde9d59a
746408,641540,75,2024-04-12,validation,SI,pfx_z,unclassified_dominant_feature,,7,,0.0,censored,False,7f6d93243a7e47d3a78948198dce6f30,bb4dcd5a4c431b74b20b93b9ff6ea5e6af09e5ea1ebcb52b60595efbdde9d59a
746410,573186,43,2024-03-30,validation,SL,spin_axis_cos,unclassified_dominant_feature,,4,,0.0,matched,False,7f6d93243a7e47d3a78948198dce6f30,bb4dcd5a4c431b74b20b93b9ff6ea5e6af09e5ea1ebcb52b60595efbdde9d59a
746412,664299,67,2024-03-29,validation,ST,release_speed,positive,1.0,6,0.16666666666666666,6.0,false_warning_episode_outing,False,7f6d93243a7e47d3a78948198dce6f30,bb4dcd5a4c431b74b20b93b9ff6ea5e6af09e5ea1ebcb52b60595efbdde9d59a
746422,669203,95,2024-09-14,validation,FC,pfx_x,unclassified_dominant_feature,,9,,0.0,censored,True,7f6d93243a7e47d3a78948198dce6f30,bb4dcd5a4c431b74b20b93b9ff6ea5e6af09e5ea1ebcb52b60595efbdde9d59a
746438,543037,70,2024-08-16,validation,CH,spin_axis_sin,unclassified_dominant_feature,,6,,0.0,false_warning_episode_outing,False,7f6d93243a7e47d3a78948198dce6f30,bb4dcd5a4c431b74b20b93b9ff6ea5e6af09e5ea1ebcb52b60595efbdde9d59a
746451,594902,75,2024-07-09,validation,CU,spin_axis_sin,unclassified_dominant_feature,,7,,0.0,matched,False,7f6d93243a7e47d3a78948198dce6f30,bb4dcd5a4c431b74b20b93b9ff6ea5e6af09e5ea1ebcb52b60595efbdde9d59a
746453,681857,93,2024-07-10,validation,SI,spin_axis_cos,unclassified_dominant_feature,,9,,0.0,censored,False,7f6d93243a7e47d3a78948198dce6f30,bb4dcd5a4c431b74b20b93b9ff6ea5e6af09e5ea1ebcb52b60595efbdde9d59a
746457,681857,82,2024-06-23,validation,SI,spin_axis_cos,unclassified_dominant_feature,,8,,0.0,matched,False,7f6d93243a7e47d3a78948198dce6f30,bb4dcd5a4c431b74b20b93b9ff6ea5e6af09e5ea1ebcb52b60595efbdde9d59a
746458,605400,75,2024-06-24,validation,CH,spin_axis_cos,unclassified_dominant_feature,,7,,0.0,false_warning_episode_outing,False,7f6d93243a7e47d3a78948198dce6f30,bb4dcd5a4c431b74b20b93b9ff6ea5e6af09e5ea1ebcb52b60595efbdde9d59a
746460,656427,93,2024-06-21,validation,SL,spin_axis_sin,unclassified_dominant_feature,,9,,0.0,matched,False,7f6d93243a7e47d3a78948198dce6f30,bb4dcd5a4c431b74b20b93b9ff6ea5e6af09e5ea1ebcb52b60595efbdde9d59a
746462,681857,89,2024-06-12,validation,SI,spin_axis_cos,unclassified_dominant_feature,,8,,0.0,false_warning_episode_outing,False,7f6d93243a7e47d3a78948198dce6f30,bb4dcd5a4c431b74b20b93b9ff6ea5e6af09e5ea1ebcb52b60595efbdde9d59a
746466,681857,88,2024-06-07,validation,SI,release_speed,negative,0.0,8,0.0,1.0,censored,False,7f6d93243a7e47d3a78948198dce6f30,bb4dcd5a4c431b74b20b93b9ff6ea5e6af09e5ea1ebcb52b60595efbdde9d59a
746469,579328,54,2024-05-26,validation,CU,release_speed,negative,0.0,5,0.16666666666666666,12.0,false_warning_episode_outing,False,7f6d93243a7e47d3a78948198dce6f30,bb4dcd5a4c431b74b20b93b9ff6ea5e6af09e5ea1ebcb52b60595efbdde9d59a
746470,681857,82,2024-05-25,validation,FF,release_speed,negative,0.0,8,0.0,3.0,censored,True,7f6d93243a7e47d3a78948198dce6f30,bb4dcd5a4c431b74b20b93b9ff6ea5e6af09e5ea1ebcb52b60595efbdde9d59a
746473,681857,82,2024-05-14,validation,SL,release_spin_rate,negative,0.0,8,0.0,6.0,false_warning_episode_outing,False,7f6d93243a7e47d3a78948198dce6f30,bb4dcd5a4c431b74b20b93b9ff6ea5e6af09e5ea1ebcb52b60595efbdde9d59a
746476,656427,86,2024-05-12,validation,FF,spin_axis_sin,unclassified_dominant_feature,,8,,0.0,false_warning_episode_outing,False,7f6d93243a7e47d3a78948198dce6f30,bb4dcd5a4c431b74b20b93b9ff6ea5e6af09e5ea1ebcb52b60595efbdde9d59a
746477,502043,63,2024-04-30,validation,CH,spin_axis_cos,unclassified_dominant_feature,,6,,0.0,matched,False,7f6d93243a7e47d3a78948198dce6f30,bb4dcd5a4c431b74b20b93b9ff6ea5e6af09e5ea1ebcb52b60595efbdde9d59a
746477,656427,73,2024-04-30,validation,CH,release_pos_z,negative,0.0,7,0.0,1.0,false_warning_episode_outing,False,7f6d93243a7e47d3a78948198dce6f30,bb4dcd5a4c431b74b20b93b9ff6ea5e6af09e5ea1ebcb52b60595efbdde9d59a
746477,656427,76,2024-04-30,validation,KC,release_pos_z,negative,0.0,7,0.0,10.0,false_warning_episode_outing,False,7f6d93243a7e47d3a78948198dce6f30,bb4dcd5a4c431b74b20b93b9ff6ea5e6af09e5ea1ebcb52b60595efbdde9d59a
746477,656427,91,2024-04-30,validation,FF,pfx_x,unclassified_dominant_feature,,9,,0.0,censored,False,7f6d93243a7e47d3a78948198dce6f30,bb4dcd5a4c431b74b20b93b9ff6ea5e6af09e5ea1ebcb52b60595efbdde9d59a
746482,681857,64,2024-04-26,validation,FF,spin_axis_sin,unclassified_dominant_feature,,6,,0.0,matched,False,7f6d93243a7e47d3a78948198dce6f30,bb4dcd5a4c431b74b20b93b9ff6ea5e6af09e5ea1ebcb52b60595efbdde9d59a
746484,663903,68,2024-04-27,validation,SI,spin_axis_sin,unclassified_dominant_feature,,6,,0.0,false_warning_episode_outing,False,7f6d93243a7e47d3a78948198dce6f30,bb4dcd5a4c431b74b20b93b9ff6ea5e6af09e5ea1ebcb52b60595efbdde9d59a
746487,641540,88,2024-04-17,validation,SI,release_pos_x,unclassified_dominant_feature,,8,,0.0,false_warning_episode_outing,False,7f6d93243a7e47d3a78948198dce6f30,bb4dcd5a4c431b74b20b93b9ff6ea5e6af09e5ea1ebcb52b60595efbdde9d59a
746488,681857,81,2024-04-15,validation,SI,release_spin_rate,negative,0.0,8,,,censored,False,7f6d93243a7e47d3a78948198dce6f30,bb4dcd5a4c431b74b20b93b9ff6ea5e6af09e5ea1ebcb52b60595efbdde9d59a
746492,656427,90,2024-04-14,validation,FF,pfx_x,unclassified_dominant_feature,,8,,0.0,false_warning_episode_outing,False,7f6d93243a7e47d3a78948198dce6f30,bb4dcd5a4c431b74b20b93b9ff6ea5e6af09e5ea1ebcb52b60595efbdde9d59a
746493,656427,76,2024-04-07,validation,FF,pfx_x,unclassified_dominant_feature,,7,,0.0,matched,False,7f6d93243a7e47d3a78948198dce6f30,bb4dcd5a4c431b74b20b93b9ff6ea5e6af09e5ea1ebcb52b60595efbdde9d59a
746495,502043,64,2024-09-26,validation,CU,spin_axis_cos,unclassified_dominant_feature,,6,,0.0,false_warning_episode_outing,False,7f6d93243a7e47d3a78948198dce6f30,bb4dcd5a4c431b74b20b93b9ff6ea5e6af09e5ea1ebcb52b60595efbdde9d59a
746495,607536,58,2024-09-26,validation,CH,spin_axis_cos,unclassified_dominant_feature,,5,,0.0,false_warning_episode_outing,False,7f6d93243a7e47d3a78948198dce6f30,bb4dcd5a4c431b74b20b93b9ff6ea5e6af09e5ea1ebcb52b60595efbdde9d59a
746500,593958,62,2024-09-18,validation,SL,release_pos_x,unclassified_dominant_feature,,6,,0.0,false_warning_episode_outing,False,7f6d93243a7e47d3a78948198dce6f30,bb4dcd5a4c431b74b20b93b9ff6ea5e6af09e5ea1ebcb52b60595efbdde9d59a
746506,543294,77,2024-09-15,validation,CH,spin_axis_sin,unclassified_dominant_feature,,7,,0.0,censored,False,7f6d93243a7e47d3a78948198dce6f30,bb4dcd5a4c431b74b20b93b9ff6ea5e6af09e5ea1ebcb52b60595efbdde9d59a
746508,607536,84,2024-09-14,validation,CH,spin_axis_cos,unclassified_dominant_feature,,8,,0.0,false_warning_episode_outing,False,7f6d93243a7e47d3a78948198dce6f30,bb4dcd5a4c431b74b20b93b9ff6ea5e6af09e5ea1ebcb52b60595efbdde9d59a
746512,607536,55,2024-08-28,validation,CH,spin_axis_cos,unclassified_dominant_feature,,5,,0.0,matched,False,7f6d93243a7e47d3a78948198dce6f30,bb4dcd5a4c431b74b20b93b9ff6ea5e6af09e5ea1ebcb52b60595efbdde9d59a
746513,665795,62,2024-08-26,validation,CH,spin_axis_sin,unclassified_dominant_feature,,6,,0.0,matched,False,7f6d93243a7e47d3a78948198dce6f30,bb4dcd5a4c431b74b20b93b9ff6ea5e6af09e5ea1ebcb52b60595efbdde9d59a
746515,607536,86,2024-08-17,validation,FF,release_pos_z,negative,0.0,8,,,censored,False,7f6d93243a7e47d3a78948198dce6f30,bb4dcd5a4c431b74b20b93b9ff6ea5e6af09e5ea1ebcb52b60595efbdde9d59a
746515,656302,78,2024-08-17,validation,SL,release_pos_z,negative,0.0,7,0.4166666666666667,12.0,matched,False,7f6d93243a7e47d3a78948198dce6f30,bb4dcd5a4c431b74b20b93b9ff6ea5e6af09e5ea1ebcb52b60595efbdde9d59a
746516,605397,67,2024-08-18,validation,FF,release_pos_z,negative,0.0,6,0.4,5.0,censored,False,7f6d93243a7e47d3a78948198dce6f30,bb4dcd5a4c431b74b20b93b9ff6ea5e6af09e5ea1ebcb52b60595efbdde9d59a
746519,622663,70,2024-08-06,validation,ST,spin_axis_sin,unclassified_dominant_feature,,6,,0.0,false_warning_episode_outing,False,7f6d93243a7e47d3a78948198dce6f30,bb4dcd5a4c431b74b20b93b9ff6ea5e6af09e5ea1ebcb52b60595efbdde9d59a
746522,656849,81,2024-08-08,validation,FF,spin_axis_sin,unclassified_dominant_feature,,8,,0.0,false_warning_episode_outing,False,7f6d93243a7e47d3a78948198dce6f30,bb4dcd5a4c431b74b20b93b9ff6ea5e6af09e5ea1ebcb52b60595efbdde9d59a
746527,607536,88,2024-07-20,validation,FC,pfx_z,unclassified_dominant_feature,,8,,,censored,False,7f6d93243a7e47d3a78948198dce6f30,bb4dcd5a4c431b74b20b93b9ff6ea5e6af09e5ea1ebcb52b60595efbdde9d59a
746527,657277,82,2024-07-20,validation,SI,pfx_x,unclassified_dominant_feature,,8,,0.0,false_warning_episode_outing,False,7f6d93243a7e47d3a78948198dce6f30,bb4dcd5a4c431b74b20b93b9ff6ea5e6af09e5ea1ebcb52b60595efbdde9d59a
746527,657277,94,2024-07-20,validation,ST,spin_axis_sin,unclassified_dominant_feature,,9,,0.0,censored,False,7f6d93243a7e47d3a78948198dce6f30,bb4dcd5a4c431b74b20b93b9ff6ea5e6af09e5ea1ebcb52b60595efbdde9d59a
746530,663903,84,2024-07-07,validation,SL,release_spin_rate,negative,0.0,8,0.3333333333333333,6.0,false_warning_episode_outing,False,7f6d93243a7e47d3a78948198dce6f30,bb4dcd5a4c431b74b20b93b9ff6ea5e6af09e5ea1ebcb52b60595efbdde9d59a
746533,666142,76,2024-07-05,validation,FF,pfx_x,unclassified_dominant_feature,,7,,0.0,matched,False,7f6d93243a7e47d3a78948198dce6f30,bb4dcd5a4c431b74b20b93b9ff6ea5e6af09e5ea1ebcb52b60595efbdde9d59a
746556,605400,72,2024-05-25,validation,FC,spin_axis_cos,unclassified_dominant_feature,,7,,0.0,false_warning_episode_outing,False,7f6d93243a7e47d3a78948198dce6f30,bb4dcd5a4c431b74b20b93b9ff6ea5e6af09e5ea1ebcb52b60595efbdde9d59a
746558,650911,65,2024-05-24,validation,SI,release_extension,positive,1.0,6,0.8,10.0,false_warning_episode_outing,False,7f6d93243a7e47d3a78948198dce6f30,bb4dcd5a4c431b74b20b93b9ff6ea5e6af09e5ea1ebcb52b60595efbdde9d59a
746565,656302,75,2024-04-22,validation,SL,pfx_z,unclassified_dominant_feature,,7,,0.0,false_warning_episode_outing,False,7f6d93243a7e47d3a78948198dce6f30,bb4dcd5a4c431b74b20b93b9ff6ea5e6af09e5ea1ebcb52b60595efbdde9d59a
746566,650633,80,2024-04-23,validation,CH,spin_axis_cos,unclassified_dominant_feature,,7,,0.0,censored,False,7f6d93243a7e47d3a78948198dce6f30,bb4dcd5a4c431b74b20b93b9ff6ea5e6af09e5ea1ebcb52b60595efbdde9d59a
746569,607536,60,2024-04-08,validation,KC,release_pos_x,unclassified_dominant_feature,,5,,0.0,false_warning_episode_outing,False,7f6d93243a7e47d3a78948198dce6f30,bb4dcd5a4c431b74b20b93b9ff6ea5e6af09e5ea1ebcb52b60595efbdde9d59a
746569,607536,66,2024-04-08,validation,KC,release_pos_x,unclassified_dominant_feature,,6,,0.0,false_warning_episode_outing,False,7f6d93243a7e47d3a78948198dce6f30,bb4dcd5a4c431b74b20b93b9ff6ea5e6af09e5ea1ebcb52b60595efbdde9d59a
746593,594902,87,2024-08-30,validation,FF,release_spin_rate,positive,1.0,8,1.0,2.0,false_warning_episode_outing,False,7f6d93243a7e47d3a78948198dce6f30,bb4dcd5a4c431b74b20b93b9ff6ea5e6af09e5ea1ebcb52b60595efbdde9d59a
746593,594902,94,2024-08-30,validation,CU,spin_axis_sin,unclassified_dominant_feature,,9,,0.0,false_warning_episode_outing,False,7f6d93243a7e47d3a78948198dce6f30,bb4dcd5a4c431b74b20b93b9ff6ea5e6af09e5ea1ebcb52b60595efbdde9d59a
746596,679525,79,2024-08-26,validation,CU,release_spin_rate,negative,0.0,7,0.0,6.0,censored,False,7f6d93243a7e47d3a78948198dce6f30,bb4dcd5a4c431b74b20b93b9ff6ea5e6af09e5ea1ebcb52b60595efbdde9d59a
746599,594902,84,2024-08-24,validation,SI,spin_axis_sin,unclassified_dominant_feature,,8,,0.0,false_warning_episode_outing,False,7f6d93243a7e47d3a78948198dce6f30,bb4dcd5a4c431b74b20b93b9ff6ea5e6af09e5ea1ebcb52b60595efbdde9d59a
746600,671106,75,2024-08-05,validation,SI,spin_axis_sin,unclassified_dominant_feature,,7,,,censored,False,7f6d93243a7e47d3a78948198dce6f30,bb4dcd5a4c431b74b20b93b9ff6ea5e6af09e5ea1ebcb52b60595efbdde9d59a
746604,594902,87,2024-08-07,validation,FF,pfx_x,unclassified_dominant_feature,,8,,0.0,censored,False,7f6d93243a7e47d3a78948198dce6f30,bb4dcd5a4c431b74b20b93b9ff6ea5e6af09e5ea1ebcb52b60595efbdde9d59a
746606,669203,76,2024-08-04,validation,SL,release_extension,negative,0.0,7,0.2,5.0,matched,False,7f6d93243a7e47d3a78948198dce6f30,bb4dcd5a4c431b74b20b93b9ff6ea5e6af09e5ea1ebcb52b60595efbdde9d59a
746607,594902,89,2024-08-01,validation,ST,release_pos_x,unclassified_dominant_feature,,8,,0.0,censored,False,7f6d93243a7e47d3a78948198dce6f30,bb4dcd5a4c431b74b20b93b9ff6ea5e6af09e5ea1ebcb52b60595efbdde9d59a
746611,656427,91,2024-07-24,validation,SL,pfx_x,unclassified_dominant_feature,,9,,,censored,False,7f6d93243a7e47d3a78948198dce6f30,bb4dcd5a4c431b74b20b93b9ff6ea5e6af09e5ea1ebcb52b60595efbdde9d59a
746611,656427,93,2024-07-24,validation,FF,spin_axis_sin,unclassified_dominant_feature,,9,,0.0,censored,False,7f6d93243a7e47d3a78948198dce6f30,bb4dcd5a4c431b74b20b93b9ff6ea5e6af09e5ea1ebcb52b60595efbdde9d59a
746611,656427,95,2024-07-24,validation,SL,release_pos_x,unclassified_dominant_feature,,9,,0.0,censored,False,7f6d93243a7e47d3a78948198dce6f30,bb4dcd5a4c431b74b20b93b9ff6ea5e6af09e5ea1ebcb52b60595efbdde9d59a
746613,656302,75,2024-07-20,validation,FF,release_speed,positive,1.0,7,1.0,25.0,false_warning_clean_outing,True,7f6d93243a7e47d3a78948198dce6f30,bb4dcd5a4c431b74b20b93b9ff6ea5e6af09e5ea1ebcb52b60595efbdde9d59a
746615,671106,67,2024-07-06,validation,ST,release_pos_x,unclassified_dominant_feature,,6,,0.0,false_warning_episode_outing,False,7f6d93243a7e47d3a78948198dce6f30,bb4dcd5a4c431b74b20b93b9ff6ea5e6af09e5ea1ebcb52b60595efbdde9d59a
746619,594902,86,2024-07-04,validation,ST,release_speed,positive,1.0,8,0.5,4.0,false_warning_episode_outing,False,7f6d93243a7e47d3a78948198dce6f30,bb4dcd5a4c431b74b20b93b9ff6ea5e6af09e5ea1ebcb52b60595efbdde9d59a
746628,666142,87,2024-08-26,validation,FF,release_speed,negative,0.0,8,0.23529411764705882,17.0,matched,False,7f6d93243a7e47d3a78948198dce6f30,bb4dcd5a4c431b74b20b93b9ff6ea5e6af09e5ea1ebcb52b60595efbdde9d59a
746629,594902,83,2024-06-01,validation,ST,release_speed,negative,0.0,8,0.5,4.0,censored,False,7f6d93243a7e47d3a78948198dce6f30,bb4dcd5a4c431b74b20b93b9ff6ea5e6af09e5ea1ebcb52b60595efbdde9d59a
746637,594902,80,2024-05-20,validation,ST,pfx_z,unclassified_dominant_feature,,7,,,censored,False,7f6d93243a7e47d3a78948198dce6f30,bb4dcd5a4c431b74b20b93b9ff6ea5e6af09e5ea1ebcb52b60595efbdde9d59a
746640,681857,86,2024-05-08,validation,FF,vaa,unclassified_dominant_feature,,8,,,censored,False,7f6d93243a7e47d3a78948198dce6f30,bb4dcd5a4c431b74b20b93b9ff6ea5e6af09e5ea1ebcb52b60595efbdde9d59a
746648,641482,60,2024-04-14,validation,ST,spin_axis_cos,unclassified_dominant_feature,,5,,0.0,false_warning_episode_outing,False,7f6d93243a7e47d3a78948198dce6f30,bb4dcd5a4c431b74b20b93b9ff6ea5e6af09e5ea1ebcb52b60595efbdde9d59a
746648,671106,73,2024-04-14,validation,FC,spin_axis_sin,unclassified_dominant_feature,,7,,0.0,matched,False,7f6d93243a7e47d3a78948198dce6f30,bb4dcd5a4c431b74b20b93b9ff6ea5e6af09e5ea1ebcb52b60595efbdde9d59a
746663,519242,71,2024-09-19,validation,FF,vaa,unclassified_dominant_feature,,7,,0.0,matched,False,7f6d93243a7e47d3a78948198dce6f30,bb4dcd5a4c431b74b20b93b9ff6ea5e6af09e5ea1ebcb52b60595efbdde9d59a
746673,668881,87,2024-08-13,validation,FF,spin_axis_sin,unclassified_dominant_feature,,8,,0.0,matched,False,7f6d93243a7e47d3a78948198dce6f30,bb4dcd5a4c431b74b20b93b9ff6ea5e6af09e5ea1ebcb52b60595efbdde9d59a
746676,663903,63,2024-08-18,validation,FF,spin_axis_cos,unclassified_dominant_feature,,6,,0.0,false_warning_episode_outing,False,7f6d93243a7e47d3a78948198dce6f30,bb4dcd5a4c431b74b20b93b9ff6ea5e6af09e5ea1ebcb52b60595efbdde9d59a
746677,502043,74,2024-08-14,validation,ST,spin_axis_sin,unclassified_dominant_feature,,7,,0.0,matched,False,7f6d93243a7e47d3a78948198dce6f30,bb4dcd5a4c431b74b20b93b9ff6ea5e6af09e5ea1ebcb52b60595efbdde9d59a
746681,668881,90,2024-08-03,validation,FF,vaa,unclassified_dominant_feature,,8,,0.0,censored,False,7f6d93243a7e47d3a78948198dce6f30,bb4dcd5a4c431b74b20b93b9ff6ea5e6af09e5ea1ebcb52b60595efbdde9d59a
746688,668881,87,2024-07-11,validation,FF,spin_axis_cos,unclassified_dominant_feature,,8,,0.0,censored,False,7f6d93243a7e47d3a78948198dce6f30,bb4dcd5a4c431b74b20b93b9ff6ea5e6af09e5ea1ebcb52b60595efbdde9d59a
746688,668881,92,2024-07-11,validation,FF,spin_axis_cos,unclassified_dominant_feature,,9,,0.0,censored,False,7f6d93243a7e47d3a78948198dce6f30,bb4dcd5a4c431b74b20b93b9ff6ea5e6af09e5ea1ebcb52b60595efbdde9d59a
746689,607536,73,2024-07-10,validation,FF,spin_axis_sin,unclassified_dominant_feature,,7,,0.0,matched,False,7f6d93243a7e47d3a78948198dce6f30,bb4dcd5a4c431b74b20b93b9ff6ea5e6af09e5ea1ebcb52b60595efbdde9d59a
746694,668881,87,2024-07-06,validation,FF,release_extension,positive,1.0,8,1.0,8.0,false_warning_clean_outing,True,7f6d93243a7e47d3a78948198dce6f30,bb4dcd5a4c431b74b20b93b9ff6ea5e6af09e5ea1ebcb52b60595efbdde9d59a
746697,668881,88,2024-06-25,validation,FF,pfx_x,unclassified_dominant_feature,,8,,0.0,censored,False,7f6d93243a7e47d3a78948198dce6f30,bb4dcd5a4c431b74b20b93b9ff6ea5e6af09e5ea1ebcb52b60595efbdde9d59a
746707,668881,92,2024-06-06,validation,FF,pfx_z,unclassified_dominant_feature,,9,,0.0,matched,False,7f6d93243a7e47d3a78948198dce6f30,bb4dcd5a4c431b74b20b93b9ff6ea5e6af09e5ea1ebcb52b60595efbdde9d59a
746707,668881,104,2024-06-06,validation,FF,spin_axis_cos,unclassified_dominant_feature,,10,,0.0,false_warning_episode_outing,False,7f6d93243a7e47d3a78948198dce6f30,bb4dcd5a4c431b74b20b93b9ff6ea5e6af09e5ea1ebcb52b60595efbdde9d59a
746709,502043,92,2024-05-28,validation,ST,pfx_z,unclassified_dominant_feature,,9,,0.0,false_warning_episode_outing,False,7f6d93243a7e47d3a78948198dce6f30,bb4dcd5a4c431b74b20b93b9ff6ea5e6af09e5ea1ebcb52b60595efbdde9d59a
746710,668881,86,2024-05-25,validation,SL,spin_axis_cos,unclassified_dominant_feature,,8,,0.0,false_warning_episode_outing,False,7f6d93243a7e47d3a78948198dce6f30,bb4dcd5a4c431b74b20b93b9ff6ea5e6af09e5ea1ebcb52b60595efbdde9d59a
746721,668881,105,2024-05-03,validation,FF,spin_axis_sin,unclassified_dominant_feature,,10,,,censored,False,7f6d93243a7e47d3a78948198dce6f30,bb4dcd5a4c431b74b20b93b9ff6ea5e6af09e5ea1ebcb52b60595efbdde9d59a
746723,668881,88,2024-04-22,validation,SL,release_spin_rate,positive,1.0,8,1.0,2.0,censored,False,7f6d93243a7e47d3a78948198dce6f30,bb4dcd5a4c431b74b20b93b9ff6ea5e6af09e5ea1ebcb52b60595efbdde9d59a
746723,668881,95,2024-04-22,validation,FF,release_pos_x,unclassified_dominant_feature,,9,,0.0,censored,False,7f6d93243a7e47d3a78948198dce6f30,bb4dcd5a4c431b74b20b93b9ff6ea5e6af09e5ea1ebcb52b60595efbdde9d59a
746724,554430,83,2024-04-25,validation,CU,spin_axis_sin,unclassified_dominant_feature,,8,,0.0,matched,False,7f6d93243a7e47d3a78948198dce6f30,bb4dcd5a4c431b74b20b93b9ff6ea5e6af09e5ea1ebcb52b60595efbdde9d59a
746728,668881,99,2024-04-10,validation,FF,release_extension,positive,1.0,9,1.0,3.0,censored,True,7f6d93243a7e47d3a78948198dce6f30,bb4dcd5a4c431b74b20b93b9ff6ea5e6af09e5ea1ebcb52b60595efbdde9d59a
746728,668881,102,2024-04-10,validation,SL,pfx_z,unclassified_dominant_feature,,10,,,censored,True,7f6d93243a7e47d3a78948198dce6f30,bb4dcd5a4c431b74b20b93b9ff6ea5e6af09e5ea1ebcb52b60595efbdde9d59a
746729,542881,93,2024-04-19,validation,CH,release_speed,negative,0.0,9,0.3333333333333333,3.0,false_warning_episode_outing,False,7f6d93243a7e47d3a78948198dce6f30,bb4dcd5a4c431b74b20b93b9ff6ea5e6af09e5ea1ebcb52b60595efbdde9d59a
746731,622663,91,2024-04-06,validation,FF,spin_axis_cos,unclassified_dominant_feature,,9,,0.0,censored,False,7f6d93243a7e47d3a78948198dce6f30,bb4dcd5a4c431b74b20b93b9ff6ea5e6af09e5ea1ebcb52b60595efbdde9d59a
746733,668881,72,2024-04-05,validation,SL,release_pos_x,unclassified_dominant_feature,,7,,0.0,false_warning_episode_outing,False,7f6d93243a7e47d3a78948198dce6f30,bb4dcd5a4c431b74b20b93b9ff6ea5e6af09e5ea1ebcb52b60595efbdde9d59a
746733,668881,90,2024-04-05,validation,FF,spin_axis_sin,unclassified_dominant_feature,,8,,0.0,matched,False,7f6d93243a7e47d3a78948198dce6f30,bb4dcd5a4c431b74b20b93b9ff6ea5e6af09e5ea1ebcb52b60595efbdde9d59a
746736,668881,89,2024-03-30,validation,SL,release_speed,positive,1.0,8,0.5,6.0,false_warning_episode_outing,False,7f6d93243a7e47d3a78948198dce6f30,bb4dcd5a4c431b74b20b93b9ff6ea5e6af09e5ea1ebcb52b60595efbdde9d59a
746738,542881,83,2024-09-26,validation,FF,spin_axis_cos,unclassified_dominant_feature,,8,,0.0,false_warning_episode_outing,False,7f6d93243a7e47d3a78948198dce6f30,bb4dcd5a4c431b74b20b93b9ff6ea5e6af09e5ea1ebcb52b60595efbdde9d59a
746750,640455,75,2024-09-01,validation,FF,spin_axis_cos,unclassified_dominant_feature,,7,,0.0,matched,False,7f6d93243a7e47d3a78948198dce6f30,bb4dcd5a4c431b74b20b93b9ff6ea5e6af09e5ea1ebcb52b60595efbdde9d59a
746757,641482,98,2024-08-13,validation,ST,pfx_x,unclassified_dominant_feature,,9,,0.0,matched,False,7f6d93243a7e47d3a78948198dce6f30,bb4dcd5a4c431b74b20b93b9ff6ea5e6af09e5ea1ebcb52b60595efbdde9d59a
746757,641482,101,2024-08-13,validation,CH,spin_axis_sin,unclassified_dominant_feature,,10,,0.0,false_warning_episode_outing,False,7f6d93243a7e47d3a78948198dce6f30,bb4dcd5a4c431b74b20b93b9ff6ea5e6af09e5ea1ebcb52b60595efbdde9d59a
746764,663903,73,2024-07-31,validation,SI,release_pos_z,positive,1.0,7,0.5,10.0,false_warning_episode_outing,False,7f6d93243a7e47d3a78948198dce6f30,bb4dcd5a4c431b74b20b93b9ff6ea5e6af09e5ea1ebcb52b60595efbdde9d59a
746779,607536,74,2024-06-30,validation,SI,spin_axis_sin,unclassified_dominant_feature,,7,,0.0,false_warning_episode_outing,False,7f6d93243a7e47d3a78948198dce6f30,bb4dcd5a4c431b74b20b93b9ff6ea5e6af09e5ea1ebcb52b60595efbdde9d59a
746802,594902,90,2024-05-09,validation,ST,release_pos_z,negative,0.0,8,1.0,2.0,censored,False,7f6d93243a7e47d3a78948198dce6f30,bb4dcd5a4c431b74b20b93b9ff6ea5e6af09e5ea1ebcb52b60595efbdde9d59a
746803,650644,59,2024-04-27,validation,FF,release_speed,negative,0.0,5,0.0,3.0,matched,False,7f6d93243a7e47d3a78948198dce6f30,bb4dcd5a4c431b74b20b93b9ff6ea5e6af09e5ea1ebcb52b60595efbdde9d59a
746807,663903,73,2024-04-17,validation,CH,release_pos_z,positive,1.0,7,1.0,1.0,false_warning_episode_outing,False,7f6d93243a7e47d3a78948198dce6f30,bb4dcd5a4c431b74b20b93b9ff6ea5e6af09e5ea1ebcb52b60595efbdde9d59a
746815,656427,59,2024-03-31,validation,SL,spin_axis_cos,unclassified_dominant_feature,,5,,0.0,false_warning_episode_outing,False,7f6d93243a7e47d3a78948198dce6f30,bb4dcd5a4c431b74b20b93b9ff6ea5e6af09e5ea1ebcb52b60595efbdde9d59a
746815,656427,63,2024-03-31,validation,SL,release_pos_z,positive,1.0,6,0.125,8.0,false_warning_episode_outing,False,7f6d93243a7e47d3a78948198dce6f30,bb4dcd5a4c431b74b20b93b9ff6ea5e6af09e5ea1ebcb52b60595efbdde9d59a
746816,519242,71,2024-06-27,validation,SL,spin_axis_sin,unclassified_dominant_feature,,7,,0.0,false_warning_episode_outing,False,7f6d93243a7e47d3a78948198dce6f30,bb4dcd5a4c431b74b20b93b9ff6ea5e6af09e5ea1ebcb52b60595efbdde9d59a
746826,543294,86,2024-09-21,validation,CU,spin_axis_cos,unclassified_dominant_feature,,8,,0.0,false_warning_episode_outing,False,7f6d93243a7e47d3a78948198dce6f30,bb4dcd5a4c431b74b20b93b9ff6ea5e6af09e5ea1ebcb52b60595efbdde9d59a
746827,543037,89,2024-09-08,validation,KC,release_spin_rate,negative,0.0,8,1.0,1.0,censored,False,7f6d93243a7e47d3a78948198dce6f30,bb4dcd5a4c431b74b20b93b9ff6ea5e6af09e5ea1ebcb52b60595efbdde9d59a
746834,543294,87,2024-09-03,validation,SI,vaa,unclassified_dominant_feature,,8,,0.0,censored,False,7f6d93243a7e47d3a78948198dce6f30,bb4dcd5a4c431b74b20b93b9ff6ea5e6af09e5ea1ebcb52b60595efbdde9d59a
746846,502043,81,2024-08-03,validation,SI,pfx_x,unclassified_dominant_feature,,8,,0.0,false_warning_episode_outing,False,7f6d93243a7e47d3a78948198dce6f30,bb4dcd5a4c431b74b20b93b9ff6ea5e6af09e5ea1ebcb52b60595efbdde9d59a
746854,669194,79,2024-07-19,validation,SL,release_pos_z,positive,1.0,7,1.0,1.0,false_warning_clean_outing,True,7f6d93243a7e47d3a78948198dce6f30,bb4dcd5a4c431b74b20b93b9ff6ea5e6af09e5ea1ebcb52b60595efbdde9d59a
746856,542881,83,2024-07-06,validation,FF,pfx_z,unclassified_dominant_feature,,8,,0.0,false_warning_clean_outing,True,7f6d93243a7e47d3a78948198dce6f30,bb4dcd5a4c431b74b20b93b9ff6ea5e6af09e5ea1ebcb52b60595efbdde9d59a
746857,650911,59,2024-07-04,validation,CH,release_spin_rate,negative,0.0,5,0.2857142857142857,14.0,false_warning_episode_outing,False,7f6d93243a7e47d3a78948198dce6f30,bb4dcd5a4c431b74b20b93b9ff6ea5e6af09e5ea1ebcb52b60595efbdde9d59a
746858,554430,87,2024-07-03,validation,ST,release_speed,negative,0.0,8,0.5,4.0,false_warning_episode_outing,False,7f6d93243a7e47d3a78948198dce6f30,bb4dcd5a4c431b74b20b93b9ff6ea5e6af09e5ea1ebcb52b60595efbdde9d59a
746862,622663,91,2024-06-23,validation,CH,spin_axis_cos,unclassified_dominant_feature,,9,,0.0,censored,False,7f6d93243a7e47d3a78948198dce6f30,bb4dcd5a4c431b74b20b93b9ff6ea5e6af09e5ea1ebcb52b60595efbdde9d59a
746867,657277,85,2024-06-18,validation,CH,release_speed,negative,0.0,8,0.375,8.0,false_warning_episode_outing,False,7f6d93243a7e47d3a78948198dce6f30,bb4dcd5a4c431b74b20b93b9ff6ea5e6af09e5ea1ebcb52b60595efbdde9d59a
746869,502043,81,2024-06-14,validation,FF,spin_axis_sin,unclassified_dominant_feature,,8,,0.0,censored,False,7f6d93243a7e47d3a78948198dce6f30,bb4dcd5a4c431b74b20b93b9ff6ea5e6af09e5ea1ebcb52b60595efbdde9d59a
746870,668881,97,2024-06-01,validation,FF,release_spin_rate,negative,0.0,9,1.0,1.0,censored,False,7f6d93243a7e47d3a78948198dce6f30,bb4dcd5a4c431b74b20b93b9ff6ea5e6af09e5ea1ebcb52b60595efbdde9d59a
746870,668881,99,2024-06-01,validation,SL,release_pos_x,unclassified_dominant_feature,,9,,0.0,censored,False,7f6d93243a7e47d3a78948198dce6f30,bb4dcd5a4c431b74b20b93b9ff6ea5e6af09e5ea1ebcb52b60595efbdde9d59a
746870,668881,102,2024-06-01,validation,FS,spin_axis_sin,unclassified_dominant_feature,,10,,0.0,censored,False,7f6d93243a7e47d3a78948198dce6f30,bb4dcd5a4c431b74b20b93b9ff6ea5e6af09e5ea1ebcb52b60595efbdde9d59a
746878,543294,70,2024-05-17,validation,SI,vaa,unclassified_dominant_feature,,6,,0.0,matched,False,7f6d93243a7e47d3a78948198dce6f30,bb4dcd5a4c431b74b20b93b9ff6ea5e6af09e5ea1ebcb52b60595efbdde9d59a
746879,656302,100,2024-05-08,validation,FF,release_pos_z,positive,1.0,9,0.0,2.0,censored,True,7f6d93243a7e47d3a78948198dce6f30,bb4dcd5a4c431b74b20b93b9ff6ea5e6af09e5ea1ebcb52b60595efbdde9d59a
746894,665795,73,2024-04-21,validation,CH,spin_axis_cos,unclassified_dominant_feature,,7,,0.0,false_warning_episode_outing,False,7f6d93243a7e47d3a78948198dce6f30,bb4dcd5a4c431b74b20b93b9ff6ea5e6af09e5ea1ebcb52b60595efbdde9d59a
746897,543294,61,2024-04-05,validation,FF,release_pos_x,unclassified_dominant_feature,,6,,0.0,matched,False,7f6d93243a7e47d3a78948198dce6f30,bb4dcd5a4c431b74b20b93b9ff6ea5e6af09e5ea1ebcb52b60595efbdde9d59a
746898,607536,32,2024-04-02,validation,FC,release_pos_x,unclassified_dominant_feature,,3,,0.0,false_warning_episode_outing,False,7f6d93243a7e47d3a78948198dce6f30,bb4dcd5a4c431b74b20b93b9ff6ea5e6af09e5ea1ebcb52b60595efbdde9d59a
746920,669194,79,2024-08-23,validation,CH,release_pos_x,unclassified_dominant_feature,,7,,0.0,matched,False,7f6d93243a7e47d3a78948198dce6f30,bb4dcd5a4c431b74b20b93b9ff6ea5e6af09e5ea1ebcb52b60595efbdde9d59a
746932,663903,73,2024-07-14,validation,SI,spin_axis_sin,unclassified_dominant_feature,,7,,0.0,censored,False,7f6d93243a7e47d3a78948198dce6f30,bb4dcd5a4c431b74b20b93b9ff6ea5e6af09e5ea1ebcb52b60595efbdde9d59a
746933,641482,70,2024-07-26,validation,ST,release_pos_z,negative,0.0,6,0.5,2.0,false_warning_episode_outing,False,7f6d93243a7e47d3a78948198dce6f30,bb4dcd5a4c431b74b20b93b9ff6ea5e6af09e5ea1ebcb52b60595efbdde9d59a
746933,641482,80,2024-07-26,validation,FF,spin_axis_sin,unclassified_dominant_feature,,7,,0.0,censored,False,7f6d93243a7e47d3a78948198dce6f30,bb4dcd5a4c431b74b20b93b9ff6ea5e6af09e5ea1ebcb52b60595efbdde9d59a
746936,666142,85,2024-07-12,validation,SL,release_speed,negative,0.0,8,0.0,4.0,false_warning_clean_outing,True,7f6d93243a7e47d3a78948198dce6f30,bb4dcd5a4c431b74b20b93b9ff6ea5e6af09e5ea1ebcb52b60595efbdde9d59a
746940,650633,83,2024-06-29,validation,FF,release_extension,positive,1.0,8,0.5,2.0,false_warning_episode_outing,False,7f6d93243a7e47d3a78948198dce6f30,bb4dcd5a4c431b74b20b93b9ff6ea5e6af09e5ea1ebcb52b60595efbdde9d59a
746943,592332,95,2024-06-25,validation,FF,release_pos_z,negative,0.0,9,0.0,11.0,censored,False,7f6d93243a7e47d3a78948198dce6f30,bb4dcd5a4c431b74b20b93b9ff6ea5e6af09e5ea1ebcb52b60595efbdde9d59a
746944,605400,66,2024-06-13,validation,CH,release_extension,positive,1.0,6,1.0,4.0,matched,False,7f6d93243a7e47d3a78948198dce6f30,bb4dcd5a4c431b74b20b93b9ff6ea5e6af09e5ea1ebcb52b60595efbdde9d59a
746945,573186,77,2024-06-16,validation,SI,release_pos_z,negative,0.0,7,0.75,4.0,matched,False,7f6d93243a7e47d3a78948198dce6f30,bb4dcd5a4c431b74b20b93b9ff6ea5e6af09e5ea1ebcb52b60595efbdde9d59a
746945,573186,82,2024-06-16,validation,SI,release_speed,negative,0.0,8,0.125,8.0,false_warning_episode_outing,False,7f6d93243a7e47d3a78948198dce6f30,bb4dcd5a4c431b74b20b93b9ff6ea5e6af09e5ea1ebcb52b60595efbdde9d59a
746948,650911,65,2024-06-12,validation,SI,release_spin_rate,negative,0.0,6,0.3333333333333333,12.0,false_warning_episode_outing,False,7f6d93243a7e47d3a78948198dce6f30,bb4dcd5a4c431b74b20b93b9ff6ea5e6af09e5ea1ebcb52b60595efbdde9d59a
746951,554430,61,2024-06-11,validation,CU,spin_axis_cos,unclassified_dominant_feature,,6,,0.0,false_warning_episode_outing,False,7f6d93243a7e47d3a78948198dce6f30,bb4dcd5a4c431b74b20b93b9ff6ea5e6af09e5ea1ebcb52b60595efbdde9d59a
746952,681857,63,2024-06-01,validation,CH,spin_axis_cos,unclassified_dominant_feature,,6,,0.0,false_warning_episode_outing,False,7f6d93243a7e47d3a78948198dce6f30,bb4dcd5a4c431b74b20b93b9ff6ea5e6af09e5ea1ebcb52b60595efbdde9d59a
746954,656427,74,2024-05-30,validation,SL,release_speed,negative,0.0,7,0.0,3.0,false_warning_clean_outing,True,7f6d93243a7e47d3a78948198dce6f30,bb4dcd5a4c431b74b20b93b9ff6ea5e6af09e5ea1ebcb52b60595efbdde9d59a
746954,656427,86,2024-05-30,validation,KC,spin_axis_sin,unclassified_dominant_feature,,8,,0.0,false_warning_clean_outing,True,7f6d93243a7e47d3a78948198dce6f30,bb4dcd5a4c431b74b20b93b9ff6ea5e6af09e5ea1ebcb52b60595efbdde9d59a
746962,650644,70,2024-05-14,validation,ST,spin_axis_cos,unclassified_dominant_feature,,6,,0.0,censored,True,7f6d93243a7e47d3a78948198dce6f30,bb4dcd5a4c431b74b20b93b9ff6ea5e6af09e5ea1ebcb52b60595efbdde9d59a
746968,657277,62,2024-04-30,validation,SI,spin_axis_sin,unclassified_dominant_feature,,6,,0.0,false_warning_episode_outing,False,7f6d93243a7e47d3a78948198dce6f30,bb4dcd5a4c431b74b20b93b9ff6ea5e6af09e5ea1ebcb52b60595efbdde9d59a
746975,542881,89,2024-04-14,validation,FC,release_speed,negative,0.0,8,0.4,5.0,false_warning_episode_outing,False,7f6d93243a7e47d3a78948198dce6f30,bb4dcd5a4c431b74b20b93b9ff6ea5e6af09e5ea1ebcb52b60595efbdde9d59a
746981,669203,80,2024-04-09,validation,CH,release_speed,negative,0.0,7,0.25,4.0,censored,False,7f6d93243a7e47d3a78948198dce6f30,bb4dcd5a4c431b74b20b93b9ff6ea5e6af09e5ea1ebcb52b60595efbdde9d59a
746981,669203,88,2024-04-09,validation,FC,pfx_z,unclassified_dominant_feature,,8,,0.0,censored,False,7f6d93243a7e47d3a78948198dce6f30,bb4dcd5a4c431b74b20b93b9ff6ea5e6af09e5ea1ebcb52b60595efbdde9d59a
746981,669203,90,2024-04-09,validation,FC,release_pos_x,unclassified_dominant_feature,,8,,0.0,censored,False,7f6d93243a7e47d3a78948198dce6f30,bb4dcd5a4c431b74b20b93b9ff6ea5e6af09e5ea1ebcb52b60595efbdde9d59a
746985,657277,86,2024-09-19,validation,SI,spin_axis_sin,unclassified_dominant_feature,,8,,0.0,censored,False,7f6d93243a7e47d3a78948198dce6f30,bb4dcd5a4c431b74b20b93b9ff6ea5e6af09e5ea1ebcb52b60595efbdde9d59a
746985,657277,88,2024-09-19,validation,CH,release_speed,positive,1.0,8,0.375,8.0,censored,False,7f6d93243a7e47d3a78948198dce6f30,bb4dcd5a4c431b74b20b93b9ff6ea5e6af09e5ea1ebcb52b60595efbdde9d59a
746985,657277,90,2024-09-19,validation,SI,pfx_z,unclassified_dominant_feature,,8,,0.0,censored,False,7f6d93243a7e47d3a78948198dce6f30,bb4dcd5a4c431b74b20b93b9ff6ea5e6af09e5ea1ebcb52b60595efbdde9d59a
746985,657277,92,2024-09-19,validation,ST,release_pos_z,negative,0.0,9,0.0,1.0,censored,False,7f6d93243a7e47d3a78948198dce6f30,bb4dcd5a4c431b74b20b93b9ff6ea5e6af09e5ea1ebcb52b60595efbdde9d59a
746985,657277,95,2024-09-19,validation,CH,release_speed,positive,1.0,9,0.5,2.0,censored,False,7f6d93243a7e47d3a78948198dce6f30,bb4dcd5a4c431b74b20b93b9ff6ea5e6af09e5ea1ebcb52b60595efbdde9d59a
746989,669203,73,2024-09-08,validation,FC,release_pos_z,negative,0.0,7,0.0,13.0,matched,False,7f6d93243a7e47d3a78948198dce6f30,bb4dcd5a4c431b74b20b93b9ff6ea5e6af09e5ea1ebcb52b60595efbdde9d59a
746989,669203,79,2024-09-08,validation,CU,pfx_z,unclassified_dominant_feature,,7,,0.0,false_warning_episode_outing,False,7f6d93243a7e47d3a78948198dce6f30,bb4dcd5a4c431b74b20b93b9ff6ea5e6af09e5ea1ebcb52b60595efbdde9d59a
746992,669203,29,2024-09-02,validation,SI,spin_axis_sin,unclassified_dominant_feature,,2,,0.0,false_warning_episode_outing,False,7f6d93243a7e47d3a78948198dce6f30,bb4dcd5a4c431b74b20b93b9ff6ea5e6af09e5ea1ebcb52b60595efbdde9d59a
746992,669203,76,2024-09-02,validation,CU,spin_axis_sin,unclassified_dominant_feature,,7,,0.0,censored,False,7f6d93243a7e47d3a78948198dce6f30,bb4dcd5a4c431b74b20b93b9ff6ea5e6af09e5ea1ebcb52b60595efbdde9d59a
746992,669203,78,2024-09-02,validation,SI,spin_axis_sin,unclassified_dominant_feature,,7,,0.0,censored,False,7f6d93243a7e47d3a78948198dce6f30,bb4dcd5a4c431b74b20b93b9ff6ea5e6af09e5ea1ebcb52b60595efbdde9d59a
746992,669203,87,2024-09-02,validation,FC,spin_axis_sin,unclassified_dominant_feature,,8,,0.0,censored,False,7f6d93243a7e47d3a78948198dce6f30,bb4dcd5a4c431b74b20b93b9ff6ea5e6af09e5ea1ebcb52b60595efbdde9d59a
746994,579328,92,2024-08-25,validation,FF,spin_axis_sin,unclassified_dominant_feature,,9,,,censored,False,7f6d93243a7e47d3a78948198dce6f30,bb4dcd5a4c431b74b20b93b9ff6ea5e6af09e5ea1ebcb52b60595efbdde9d59a
747001,669203,92,2024-08-16,validation,CH,spin_axis_cos,unclassified_dominant_feature,,9,,0.0,censored,False,7f6d93243a7e47d3a78948198dce6f30,bb4dcd5a4c431b74b20b93b9ff6ea5e6af09e5ea1ebcb52b60595efbdde9d59a
747005,669203,69,2024-07-30,validation,SI,release_pos_x,unclassified_dominant_feature,,6,,0.0,matched,False,7f6d93243a7e47d3a78948198dce6f30,bb4dcd5a4c431b74b20b93b9ff6ea5e6af09e5ea1ebcb52b60595efbdde9d59a
747006,650633,66,2024-07-27,validation,ST,spin_axis_cos,unclassified_dominant_feature,,6,,0.0,false_warning_clean_outing,True,7f6d93243a7e47d3a78948198dce6f30,bb4dcd5a4c431b74b20b93b9ff6ea5e6af09e5ea1ebcb52b60595efbdde9d59a
747012,543037,80,2024-07-12,validation,FF,release_pos_x,unclassified_dominant_feature,,7,,0.0,matched,False,7f6d93243a7e47d3a78948198dce6f30,bb4dcd5a4c431b74b20b93b9ff6ea5e6af09e5ea1ebcb52b60595efbdde9d59a
747015,669203,80,2024-07-10,validation,FC,release_extension,positive,1.0,7,0.8571428571428571,7.0,false_warning_episode_outing,False,7f6d93243a7e47d3a78948198dce6f30,bb4dcd5a4c431b74b20b93b9ff6ea5e6af09e5ea1ebcb52b60595efbdde9d59a
747020,669203,81,2024-06-27,validation,FC,release_pos_z,negative,0.0,8,0.0,7.0,false_warning_episode_outing,False,7f6d93243a7e47d3a78948198dce6f30,bb4dcd5a4c431b74b20b93b9ff6ea5e6af09e5ea1ebcb52b60595efbdde9d59a
747022,671106,56,2024-06-25,validation,SI,release_pos_x,unclassified_dominant_feature,,5,,0.0,matched,False,7f6d93243a7e47d3a78948198dce6f30,bb4dcd5a4c431b74b20b93b9ff6ea5e6af09e5ea1ebcb52b60595efbdde9d59a
747023,554430,61,2024-06-16,validation,FF,spin_axis_sin,unclassified_dominant_feature,,6,,0.0,matched,False,7f6d93243a7e47d3a78948198dce6f30,bb4dcd5a4c431b74b20b93b9ff6ea5e6af09e5ea1ebcb52b60595efbdde9d59a
747023,669203,86,2024-06-16,validation,CU,release_speed,negative,0.0,8,0.5,2.0,censored,False,7f6d93243a7e47d3a78948198dce6f30,bb4dcd5a4c431b74b20b93b9ff6ea5e6af09e5ea1ebcb52b60595efbdde9d59a
747031,669203,92,2024-05-29,validation,SL,release_speed,negative,0.0,9,0.75,4.0,false_warning_episode_outing,False,7f6d93243a7e47d3a78948198dce6f30,bb4dcd5a4c431b74b20b93b9ff6ea5e6af09e5ea1ebcb52b60595efbdde9d59a
747032,650644,87,2024-05-31,validation,FC,release_spin_rate,negative,0.0,8,0.2,5.0,censored,False,7f6d93243a7e47d3a78948198dce6f30,bb4dcd5a4c431b74b20b93b9ff6ea5e6af09e5ea1ebcb52b60595efbdde9d59a
747032,650644,89,2024-05-31,validation,FC,release_spin_rate,negative,0.0,8,0.2,5.0,censored,False,7f6d93243a7e47d3a78948198dce6f30,bb4dcd5a4c431b74b20b93b9ff6ea5e6af09e5ea1ebcb52b60595efbdde9d59a
747035,669203,91,2024-05-19,validation,FC,release_pos_x,unclassified_dominant_feature,,9,,0.0,censored,False,7f6d93243a7e47d3a78948198dce6f30,bb4dcd5a4c431b74b20b93b9ff6ea5e6af09e5ea1ebcb52b60595efbdde9d59a
747038,579328,84,2024-05-15,validation,CH,spin_axis_sin,unclassified_dominant_feature,,8,,0.0,censored,True,7f6d93243a7e47d3a78948198dce6f30,bb4dcd5a4c431b74b20b93b9ff6ea5e6af09e5ea1ebcb52b60595efbdde9d59a
747041,669194,65,2024-05-11,validation,FF,spin_axis_sin,unclassified_dominant_feature,,6,,0.0,matched,False,7f6d93243a7e47d3a78948198dce6f30,bb4dcd5a4c431b74b20b93b9ff6ea5e6af09e5ea1ebcb52b60595efbdde9d59a
747050,669203,74,2024-04-26,validation,ST,release_pos_z,positive,1.0,7,1.0,1.0,matched,False,7f6d93243a7e47d3a78948198dce6f30,bb4dcd5a4c431b74b20b93b9ff6ea5e6af09e5ea1ebcb52b60595efbdde9d59a
747056,669203,34,2024-04-14,validation,SI,release_pos_x,unclassified_dominant_feature,,3,,0.0,false_warning_episode_outing,False,7f6d93243a7e47d3a78948198dce6f30,bb4dcd5a4c431b74b20b93b9ff6ea5e6af09e5ea1ebcb52b60595efbdde9d59a
747057,679525,73,2024-04-02,validation,CU,release_speed,positive,1.0,7,1.0,1.0,censored,False,7f6d93243a7e47d3a78948198dce6f30,bb4dcd5a4c431b74b20b93b9ff6ea5e6af09e5ea1ebcb52b60595efbdde9d59a
747059,666142,75,2024-04-03,validation,KC,spin_axis_sin,unclassified_dominant_feature,,7,,0.0,matched,False,7f6d93243a7e47d3a78948198dce6f30,bb4dcd5a4c431b74b20b93b9ff6ea5e6af09e5ea1ebcb52b60595efbdde9d59a
747059,669203,71,2024-04-03,validation,FC,pfx_z,unclassified_dominant_feature,,7,,0.0,matched,False,7f6d93243a7e47d3a78948198dce6f30,bb4dcd5a4c431b74b20b93b9ff6ea5e6af09e5ea1ebcb52b60595efbdde9d59a
747059,669203,78,2024-04-03,validation,FC,release_pos_x,unclassified_dominant_feature,,7,,0.0,false_warning_episode_outing,False,7f6d93243a7e47d3a78948198dce6f30,bb4dcd5a4c431b74b20b93b9ff6ea5e6af09e5ea1ebcb52b60595efbdde9d59a
747059,669203,82,2024-04-03,validation,CU,release_pos_x,unclassified_dominant_feature,,8,,0.0,false_warning_episode_outing,False,7f6d93243a7e47d3a78948198dce6f30,bb4dcd5a4c431b74b20b93b9ff6ea5e6af09e5ea1ebcb52b60595efbdde9d59a
747059,669203,96,2024-04-03,validation,FC,release_pos_x,unclassified_dominant_feature,,9,,0.0,censored,False,7f6d93243a7e47d3a78948198dce6f30,bb4dcd5a4c431b74b20b93b9ff6ea5e6af09e5ea1ebcb52b60595efbdde9d59a
747060,669203,68,2024-03-28,validation,FC,pfx_z,unclassified_dominant_feature,,6,,0.0,censored,True,7f6d93243a7e47d3a78948198dce6f30,bb4dcd5a4c431b74b20b93b9ff6ea5e6af09e5ea1ebcb52b60595efbdde9d59a
747060,669203,72,2024-03-28,validation,CU,spin_axis_cos,unclassified_dominant_feature,,7,,0.0,censored,True,7f6d93243a7e47d3a78948198dce6f30,bb4dcd5a4c431b74b20b93b9ff6ea5e6af09e5ea1ebcb52b60595efbdde9d59a
747060,669203,75,2024-03-28,validation,FC,pfx_z,unclassified_dominant_feature,,7,,0.0,censored,True,7f6d93243a7e47d3a78948198dce6f30,bb4dcd5a4c431b74b20b93b9ff6ea5e6af09e5ea1ebcb52b60595efbdde9d59a
747060,669203,78,2024-03-28,validation,CU,release_speed,negative,0.0,7,0.4117647058823529,17.0,censored,True,7f6d93243a7e47d3a78948198dce6f30,bb4dcd5a4c431b74b20b93b9ff6ea5e6af09e5ea1ebcb52b60595efbdde9d59a
747060,669203,81,2024-03-28,validation,FC,release_speed,negative,0.0,8,0.4,5.0,censored,True,7f6d93243a7e47d3a78948198dce6f30,bb4dcd5a4c431b74b20b93b9ff6ea5e6af09e5ea1ebcb52b60595efbdde9d59a
747061,679525,71,2024-09-29,validation,SI,pfx_z,unclassified_dominant_feature,,7,,0.0,censored,False,7f6d93243a7e47d3a78948198dce6f30,bb4dcd5a4c431b74b20b93b9ff6ea5e6af09e5ea1ebcb52b60595efbdde9d59a
747065,663903,97,2024-09-27,validation,ST,spin_axis_cos,unclassified_dominant_feature,,9,,0.0,censored,False,7f6d93243a7e47d3a78948198dce6f30,bb4dcd5a4c431b74b20b93b9ff6ea5e6af09e5ea1ebcb52b60595efbdde9d59a
747068,622663,89,2024-09-24,validation,ST,release_speed,negative,0.0,8,0.5,4.0,false_warning_episode_outing,False,7f6d93243a7e47d3a78948198dce6f30,bb4dcd5a4c431b74b20b93b9ff6ea5e6af09e5ea1ebcb52b60595efbdde9d59a
747070,519242,91,2024-09-14,validation,SL,release_speed,negative,0.0,9,,,censored,False,7f6d93243a7e47d3a78948198dce6f30,bb4dcd5a4c431b74b20b93b9ff6ea5e6af09e5ea1ebcb52b60595efbdde9d59a
747072,519242,76,2024-09-08,validation,CH,release_speed,negative,0.0,7,0.4,10.0,false_warning_episode_outing,False,7f6d93243a7e47d3a78948198dce6f30,bb4dcd5a4c431b74b20b93b9ff6ea5e6af09e5ea1ebcb52b60595efbdde9d59a
747074,592332,77,2024-09-06,validation,FF,release_pos_z,positive,1.0,7,0.07142857142857142,14.0,false_warning_episode_outing,False,7f6d93243a7e47d3a78948198dce6f30,bb4dcd5a4c431b74b20b93b9ff6ea5e6af09e5ea1ebcb52b60595efbdde9d59a
747079,519242,84,2024-09-03,validation,SI,spin_axis_cos,unclassified_dominant_feature,,8,,0.0,false_warning_episode_outing,False,7f6d93243a7e47d3a78948198dce6f30,bb4dcd5a4c431b74b20b93b9ff6ea5e6af09e5ea1ebcb52b60595efbdde9d59a
747080,519242,85,2024-08-23,validation,SL,vaa,unclassified_dominant_feature,,8,,0.0,matched,False,7f6d93243a7e47d3a78948198dce6f30,bb4dcd5a4c431b74b20b93b9ff6ea5e6af09e5ea1ebcb52b60595efbdde9d59a
747082,650911,86,2024-08-22,validation,CH,release_pos_x,unclassified_dominant_feature,,8,,0.0,false_warning_episode_outing,False,7f6d93243a7e47d3a78948198dce6f30,bb4dcd5a4c431b74b20b93b9ff6ea5e6af09e5ea1ebcb52b60595efbdde9d59a
747083,554430,84,2024-08-20,validation,FS,release_extension,positive,1.0,8,1.0,2.0,false_warning_episode_outing,False,7f6d93243a7e47d3a78948198dce6f30,bb4dcd5a4c431b74b20b93b9ff6ea5e6af09e5ea1ebcb52b60595efbdde9d59a
747084,605400,96,2024-08-21,validation,SI,spin_axis_cos,unclassified_dominant_feature,,9,,0.0,censored,False,7f6d93243a7e47d3a78948198dce6f30,bb4dcd5a4c431b74b20b93b9ff6ea5e6af09e5ea1ebcb52b60595efbdde9d59a
747085,519242,78,2024-08-07,validation,SL,vaa,unclassified_dominant_feature,,7,,0.0,false_warning_episode_outing,False,7f6d93243a7e47d3a78948198dce6f30,bb4dcd5a4c431b74b20b93b9ff6ea5e6af09e5ea1ebcb52b60595efbdde9d59a
747088,665795,70,2024-08-04,validation,CH,spin_axis_cos,unclassified_dominant_feature,,6,,0.0,false_warning_episode_outing,False,7f6d93243a7e47d3a78948198dce6f30,bb4dcd5a4c431b74b20b93b9ff6ea5e6af09e5ea1ebcb52b60595efbdde9d59a
747093,502043,79,2024-07-20,validation,CH,release_spin_rate,negative,0.0,7,0.5,2.0,false_warning_episode_outing,False,7f6d93243a7e47d3a78948198dce6f30,bb4dcd5a4c431b74b20b93b9ff6ea5e6af09e5ea1ebcb52b60595efbdde9d59a
747095,668881,71,2024-07-22,validation,SL,spin_axis_sin,unclassified_dominant_feature,,7,,0.0,false_warning_episode_outing,False,7f6d93243a7e47d3a78948198dce6f30,bb4dcd5a4c431b74b20b93b9ff6ea5e6af09e5ea1ebcb52b60595efbdde9d59a
747097,605400,95,2024-07-05,validation,SI,release_speed,positive,1.0,9,0.5,2.0,false_warning_episode_outing,False,7f6d93243a7e47d3a78948198dce6f30,bb4dcd5a4c431b74b20b93b9ff6ea5e6af09e5ea1ebcb52b60595efbdde9d59a
747100,519242,99,2024-07-03,validation,FF,vaa,unclassified_dominant_feature,,9,,0.0,censored,False,7f6d93243a7e47d3a78948198dce6f30,bb4dcd5a4c431b74b20b93b9ff6ea5e6af09e5ea1ebcb52b60595efbdde9d59a
747103,657277,95,2024-07-04,validation,SI,pfx_z,unclassified_dominant_feature,,9,,0.0,censored,False,7f6d93243a7e47d3a78948198dce6f30,bb4dcd5a4c431b74b20b93b9ff6ea5e6af09e5ea1ebcb52b60595efbdde9d59a
747105,527048,79,2024-06-28,validation,CU,spin_axis_cos,unclassified_dominant_feature,,7,,0.0,matched,False,7f6d93243a7e47d3a78948198dce6f30,bb4dcd5a4c431b74b20b93b9ff6ea5e6af09e5ea1ebcb52b60595efbdde9d59a
747108,681857,72,2024-06-17,validation,CH,pfx_z,unclassified_dominant_feature,,7,,0.0,false_warning_episode_outing,False,7f6d93243a7e47d3a78948198dce6f30,bb4dcd5a4c431b74b20b93b9ff6ea5e6af09e5ea1ebcb52b60595efbdde9d59a
747112,519242,79,2024-06-14,validation,CH,spin_axis_sin,unclassified_dominant_feature,,7,,0.0,false_warning_episode_outing,False,7f6d93243a7e47d3a78948198dce6f30,bb4dcd5a4c431b74b20b93b9ff6ea5e6af09e5ea1ebcb52b60595efbdde9d59a
747119,656302,81,2024-05-20,validation,FF,release_pos_z,positive,1.0,8,0.5,10.0,false_warning_episode_outing,False,7f6d93243a7e47d3a78948198dce6f30,bb4dcd5a4c431b74b20b93b9ff6ea5e6af09e5ea1ebcb52b60595efbdde9d59a
747121,519242,86,2024-05-20,validation,SI,pfx_x,unclassified_dominant_feature,,8,,0.0,false_warning_episode_outing,False,7f6d93243a7e47d3a78948198dce6f30,bb4dcd5a4c431b74b20b93b9ff6ea5e6af09e5ea1ebcb52b60595efbdde9d59a
747124,519242,90,2024-05-14,validation,SI,release_speed,negative,0.0,8,0.0,1.0,censored,False,7f6d93243a7e47d3a78948198dce6f30,bb4dcd5a4c431b74b20b93b9ff6ea5e6af09e5ea1ebcb52b60595efbdde9d59a
747125,594902,64,2024-04-28,validation,ST,release_pos_x,unclassified_dominant_feature,,6,,0.0,matched,False,7f6d93243a7e47d3a78948198dce6f30,bb4dcd5a4c431b74b20b93b9ff6ea5e6af09e5ea1ebcb52b60595efbdde9d59a
747125,594902,76,2024-04-28,validation,SI,release_pos_x,unclassified_dominant_feature,,7,,0.0,matched,False,7f6d93243a7e47d3a78948198dce6f30,bb4dcd5a4c431b74b20b93b9ff6ea5e6af09e5ea1ebcb52b60595efbdde9d59a
747125,594902,88,2024-04-28,validation,SI,spin_axis_sin,unclassified_dominant_feature,,8,,0.0,false_warning_episode_outing,False,7f6d93243a7e47d3a78948198dce6f30,bb4dcd5a4c431b74b20b93b9ff6ea5e6af09e5ea1ebcb52b60595efbdde9d59a
747127,519242,80,2024-05-08,validation,FF,vaa,unclassified_dominant_feature,,7,,0.0,false_warning_episode_outing,False,7f6d93243a7e47d3a78948198dce6f30,bb4dcd5a4c431b74b20b93b9ff6ea5e6af09e5ea1ebcb52b60595efbdde9d59a
747127,519242,94,2024-05-08,validation,FF,vaa,unclassified_dominant_feature,,9,,0.0,censored,False,7f6d93243a7e47d3a78948198dce6f30,bb4dcd5a4c431b74b20b93b9ff6ea5e6af09e5ea1ebcb52b60595efbdde9d59a
747141,519242,74,2024-04-07,validation,SL,spin_axis_cos,unclassified_dominant_feature,,7,,0.0,false_warning_clean_outing,True,7f6d93243a7e47d3a78948198dce6f30,bb4dcd5a4c431b74b20b93b9ff6ea5e6af09e5ea1ebcb52b60595efbdde9d59a
747141,519242,94,2024-04-07,validation,SL,spin_axis_cos,unclassified_dominant_feature,,9,,0.0,censored,True,7f6d93243a7e47d3a78948198dce6f30,bb4dcd5a4c431b74b20b93b9ff6ea5e6af09e5ea1ebcb52b60595efbdde9d59a
747141,669194,52,2024-04-07,validation,SL,spin_axis_cos,unclassified_dominant_feature,,5,,0.0,matched,False,7f6d93243a7e47d3a78948198dce6f30,bb4dcd5a4c431b74b20b93b9ff6ea5e6af09e5ea1ebcb52b60595efbdde9d59a
747143,675911,57,2024-04-05,validation,FF,release_speed,negative,0.0,5,0.0,3.0,false_warning_episode_outing,False,7f6d93243a7e47d3a78948198dce6f30,bb4dcd5a4c431b74b20b93b9ff6ea5e6af09e5ea1ebcb52b60595efbdde9d59a
747143,675911,64,2024-04-05,validation,SL,spin_axis_cos,unclassified_dominant_feature,,6,,0.0,matched,False,7f6d93243a7e47d3a78948198dce6f30,bb4dcd5a4c431b74b20b93b9ff6ea5e6af09e5ea1ebcb52b60595efbdde9d59a
747143,675911,77,2024-04-05,validation,FF,vaa,unclassified_dominant_feature,,7,,0.0,false_warning_episode_outing,False,7f6d93243a7e47d3a78948198dce6f30,bb4dcd5a4c431b74b20b93b9ff6ea5e6af09e5ea1ebcb52b60595efbdde9d59a
747143,675911,83,2024-04-05,validation,SL,spin_axis_sin,unclassified_dominant_feature,,8,,0.0,false_warning_episode_outing,False,7f6d93243a7e47d3a78948198dce6f30,bb4dcd5a4c431b74b20b93b9ff6ea5e6af09e5ea1ebcb52b60595efbdde9d59a
747149,657277,85,2024-09-24,validation,FC,spin_axis_cos,unclassified_dominant_feature,,8,,,censored,False,7f6d93243a7e47d3a78948198dce6f30,bb4dcd5a4c431b74b20b93b9ff6ea5e6af09e5ea1ebcb52b60595efbdde9d59a
747150,593958,98,2024-09-23,validation,FC,spin_axis_cos,unclassified_dominant_feature,,9,,0.0,false_warning_episode_outing,False,7f6d93243a7e47d3a78948198dce6f30,bb4dcd5a4c431b74b20b93b9ff6ea5e6af09e5ea1ebcb52b60595efbdde9d59a
747155,593958,91,2024-09-02,validation,FF,release_extension,positive,1.0,9,,,censored,False,7f6d93243a7e47d3a78948198dce6f30,bb4dcd5a4c431b74b20b93b9ff6ea5e6af09e5ea1ebcb52b60595efbdde9d59a
747155,656427,91,2024-09-02,validation,FF,release_speed,positive,1.0,9,0.5,2.0,matched,False,7f6d93243a7e47d3a78948198dce6f30,bb4dcd5a4c431b74b20b93b9ff6ea5e6af09e5ea1ebcb52b60595efbdde9d59a
747159,656849,82,2024-08-29,validation,SI,spin_axis_sin,unclassified_dominant_feature,,8,,0.0,censored,False,7f6d93243a7e47d3a78948198dce6f30,bb4dcd5a4c431b74b20b93b9ff6ea5e6af09e5ea1ebcb52b60595efbdde9d59a
747159,669194,88,2024-08-29,validation,FF,release_spin_rate,negative,0.0,8,0.3333333333333333,3.0,censored,False,7f6d93243a7e47d3a78948198dce6f30,bb4dcd5a4c431b74b20b93b9ff6ea5e6af09e5ea1ebcb52b60595efbdde9d59a
747160,593958,80,2024-08-13,validation,SL,spin_axis_sin,unclassified_dominant_feature,,7,,0.0,censored,False,7f6d93243a7e47d3a78948198dce6f30,bb4dcd5a4c431b74b20b93b9ff6ea5e6af09e5ea1ebcb52b60595efbdde9d59a
747161,593958,83,2024-08-28,validation,CH,release_speed,positive,1.0,8,1.0,1.0,false_warning_episode_outing,False,7f6d93243a7e47d3a78948198dce6f30,bb4dcd5a4c431b74b20b93b9ff6ea5e6af09e5ea1ebcb52b60595efbdde9d59a
747161,622663,71,2024-08-28,validation,FF,spin_axis_cos,unclassified_dominant_feature,,7,,0.0,matched,False,7f6d93243a7e47d3a78948198dce6f30,bb4dcd5a4c431b74b20b93b9ff6ea5e6af09e5ea1ebcb52b60595efbdde9d59a
747162,640455,83,2024-08-27,validation,FF,release_pos_z,negative,0.0,8,0.0,8.0,matched,False,7f6d93243a7e47d3a78948198dce6f30,bb4dcd5a4c431b74b20b93b9ff6ea5e6af09e5ea1ebcb52b60595efbdde9d59a
747164,605400,86,2024-08-10,validation,SI,spin_axis_sin,unclassified_dominant_feature,,8,,0.0,false_warning_episode_outing,False,7f6d93243a7e47d3a78948198dce6f30,bb4dcd5a4c431b74b20b93b9ff6ea5e6af09e5ea1ebcb52b60595efbdde9d59a
747166,650911,83,2024-08-11,validation,SL,release_pos_z,negative,0.0,8,0.0,4.0,false_warning_episode_outing,False,7f6d93243a7e47d3a78948198dce6f30,bb4dcd5a4c431b74b20b93b9ff6ea5e6af09e5ea1ebcb52b60595efbdde9d59a
747167,669194,74,2024-07-30,validation,SL,pfx_z,unclassified_dominant_feature,,7,,0.0,false_warning_episode_outing,False,7f6d93243a7e47d3a78948198dce6f30,bb4dcd5a4c431b74b20b93b9ff6ea5e6af09e5ea1ebcb52b60595efbdde9d59a
747168,554430,82,2024-08-09,validation,FS,pfx_z,unclassified_dominant_feature,,8,,0.0,false_warning_episode_outing,False,7f6d93243a7e47d3a78948198dce6f30,bb4dcd5a4c431b74b20b93b9ff6ea5e6af09e5ea1ebcb52b60595efbdde9d59a
747168,669194,72,2024-08-09,validation,FF,spin_axis_sin,unclassified_dominant_feature,,7,,0.0,matched,False,7f6d93243a7e47d3a78948198dce6f30,bb4dcd5a4c431b74b20b93b9ff6ea5e6af09e5ea1ebcb52b60595efbdde9d59a
747175,669194,88,2024-07-12,validation,FF,spin_axis_sin,unclassified_dominant_feature,,8,,0.0,false_warning_episode_outing,False,7f6d93243a7e47d3a78948198dce6f30,bb4dcd5a4c431b74b20b93b9ff6ea5e6af09e5ea1ebcb52b60595efbdde9d59a
747176,579328,85,2024-07-14,validation,SL,release_extension,positive,1.0,8,1.0,3.0,false_warning_episode_outing,False,7f6d93243a7e47d3a78948198dce6f30,bb4dcd5a4c431b74b20b93b9ff6ea5e6af09e5ea1ebcb52b60595efbdde9d59a
747180,519242,80,2024-07-09,validation,SI,release_pos_z,negative,0.0,7,0.5,4.0,false_warning_episode_outing,False,7f6d93243a7e47d3a78948198dce6f30,bb4dcd5a4c431b74b20b93b9ff6ea5e6af09e5ea1ebcb52b60595efbdde9d59a
747191,669194,89,2024-06-14,validation,CH,release_extension,positive,1.0,8,,,censored,False,7f6d93243a7e47d3a78948198dce6f30,bb4dcd5a4c431b74b20b93b9ff6ea5e6af09e5ea1ebcb52b60595efbdde9d59a
747194,669194,66,2024-06-03,validation,FF,release_spin_rate,negative,0.0,6,0.15384615384615385,13.0,matched,False,7f6d93243a7e47d3a78948198dce6f30,bb4dcd5a4c431b74b20b93b9ff6ea5e6af09e5ea1ebcb52b60595efbdde9d59a
747200,666129,73,2024-05-24,validation,SI,spin_axis_cos,unclassified_dominant_feature,,7,,0.0,matched,False,7f6d93243a7e47d3a78948198dce6f30,bb4dcd5a4c431b74b20b93b9ff6ea5e6af09e5ea1ebcb52b60595efbdde9d59a
747201,669194,66,2024-05-17,validation,SL,spin_axis_cos,unclassified_dominant_feature,,6,,0.0,matched,False,7f6d93243a7e47d3a78948198dce6f30,bb4dcd5a4c431b74b20b93b9ff6ea5e6af09e5ea1ebcb52b60595efbdde9d59a
747205,668881,83,2024-05-14,validation,FF,spin_axis_sin,unclassified_dominant_feature,,8,,0.0,false_warning_episode_outing,False,7f6d93243a7e47d3a78948198dce6f30,bb4dcd5a4c431b74b20b93b9ff6ea5e6af09e5ea1ebcb52b60595efbdde9d59a
747206,669194,69,2024-05-05,validation,ST,release_pos_x,unclassified_dominant_feature,,6,,0.0,false_warning_episode_outing,False,7f6d93243a7e47d3a78948198dce6f30,bb4dcd5a4c431b74b20b93b9ff6ea5e6af09e5ea1ebcb52b60595efbdde9d59a
747208,656302,101,2024-05-03,validation,FF,release_speed,positive,1.0,10,1.0,3.0,false_warning_episode_outing,False,7f6d93243a7e47d3a78948198dce6f30,bb4dcd5a4c431b74b20b93b9ff6ea5e6af09e5ea1ebcb52b60595efbdde9d59a
747215,502043,72,2024-04-13,validation,ST,release_speed,negative,0.0,7,0.25,8.0,false_warning_episode_outing,False,7f6d93243a7e47d3a78948198dce6f30,bb4dcd5a4c431b74b20b93b9ff6ea5e6af09e5ea1ebcb52b60595efbdde9d59a
747215,669194,83,2024-04-13,validation,FF,spin_axis_sin,unclassified_dominant_feature,,8,,0.0,censored,False,7f6d93243a7e47d3a78948198dce6f30,bb4dcd5a4c431b74b20b93b9ff6ea5e6af09e5ea1ebcb52b60595efbdde9d59a
747218,669194,54,2024-04-01,validation,CU,spin_axis_cos,unclassified_dominant_feature,,5,,0.0,matched,False,7f6d93243a7e47d3a78948198dce6f30,bb4dcd5a4c431b74b20b93b9ff6ea5e6af09e5ea1ebcb52b60595efbdde9d59a
