game_pk,pitcher,warning_pitch,warning_pa,game_date,dataset_split,actual_data_source,is_evaluable_warning,is_matched_warning,model_key,run_id,protocol_sha256
744798,605400,87,22,2024-09-29,assessment,mlb_statcast,True,False,global,7f6d93243a7e47d3a78948198dce6f30,bb4dcd5a4c431b74b20b93b9ff6ea5e6af09e5ea1ebcb52b60595efbdde9d59a
744799,554430,79,21,2024-09-28,assessment,mlb_statcast,True,False,global,7f6d93243a7e47d3a78948198dce6f30,bb4dcd5a4c431b74b20b93b9ff6ea5e6af09e5ea1ebcb52b60595efbdde9d59a
744800,665795,84,20,2024-09-13,assessment,mlb_statcast,True,False,global,7f6d93243a7e47d3a78948198dce6f30,bb4dcd5a4c431b74b20b93b9ff6ea5e6af09e5ea1ebcb52b60595efbdde9d59a
744802,666142,89,23,2024-09-24,assessment,mlb_statcast,False,False,global,7f6d93243a7e47d3a78948198dce6f30,bb4dcd5a4c431b74b20b93b9ff6ea5e6af09e5ea1ebcb52b60595efbdde9d59a
744811,543037,91,23,2024-08-27,assessment,mlb_statcast,False,False,global,7f6d93243a7e47d3a78948198dce6f30,bb4dcd5a4c431b74b20b93b9ff6ea5e6af09e5ea1ebcb52b60595efbdde9d59a
744821,657277,91,22,2024-08-05,assessment,mlb_statcast,True,False,global,7f6d93243a7e47d3a78948198dce6f30,bb4dcd5a4c431b74b20b93b9ff6ea5e6af09e5ea1ebcb52b60595efbdde9d59a
744823,650644,66,15,2024-08-03,assessment,mlb_statcast,False,False,global,7f6d93243a7e47d3a78948198dce6f30,bb4dcd5a4c431b74b20b93b9ff6ea5e6af09e5ea1ebcb52b60595efbdde9d59a
744827,656302,82,19,2024-07-25,assessment,mlb_statcast,True,False,global,7f6d93243a7e47d3a78948198dce6f30,bb4dcd5a4c431b74b20b93b9ff6ea5e6af09e5ea1ebcb52b60595efbdde9d59a
744838,640455,79,23,2024-07-02,assessment,mlb_statcast,True,True,global,7f6d93243a7e47d3a78948198dce6f30,bb4dcd5a4c431b74b20b93b9ff6ea5e6af09e5ea1ebcb52b60595efbdde9d59a
744877,592332,91,25,2024-09-25,assessment,mlb_statcast,False,False,global,7f6d93243a7e47d3a78948198dce6f30,bb4dcd5a4c431b74b20b93b9ff6ea5e6af09e5ea1ebcb52b60595efbdde9d59a
744881,640455,85,23,2024-09-11,assessment,mlb_statcast,True,False,global,7f6d93243a7e47d3a78948198dce6f30,bb4dcd5a4c431b74b20b93b9ff6ea5e6af09e5ea1ebcb52b60595efbdde9d59a
744882,592332,99,30,2024-09-13,assessment,mlb_statcast,True,True,global,7f6d93243a7e47d3a78948198dce6f30,bb4dcd5a4c431b74b20b93b9ff6ea5e6af09e5ea1ebcb52b60595efbdde9d59a
744884,502043,73,18,2024-09-14,assessment,mlb_statcast,True,True,global,7f6d93243a7e47d3a78948198dce6f30,bb4dcd5a4c431b74b20b93b9ff6ea5e6af09e5ea1ebcb52b60595efbdde9d59a
744887,650911,67,18,2024-09-04,assessment,mlb_statcast,True,True,global,7f6d93243a7e47d3a78948198dce6f30,bb4dcd5a4c431b74b20b93b9ff6ea5e6af09e5ea1ebcb52b60595efbdde9d59a
744892,542881,93,21,2024-08-25,assessment,mlb_statcast,False,False,global,7f6d93243a7e47d3a78948198dce6f30,bb4dcd5a4c431b74b20b93b9ff6ea5e6af09e5ea1ebcb52b60595efbdde9d59a
744892,592332,67,17,2024-08-25,assessment,mlb_statcast,True,False,global,7f6d93243a7e47d3a78948198dce6f30,bb4dcd5a4c431b74b20b93b9ff6ea5e6af09e5ea1ebcb52b60595efbdde9d59a
744898,592332,86,20,2024-08-19,assessment,mlb_statcast,True,False,global,7f6d93243a7e47d3a78948198dce6f30,bb4dcd5a4c431b74b20b93b9ff6ea5e6af09e5ea1ebcb52b60595efbdde9d59a
744899,592332,97,29,2024-08-08,assessment,mlb_statcast,False,False,global,7f6d93243a7e47d3a78948198dce6f30,bb4dcd5a4c431b74b20b93b9ff6ea5e6af09e5ea1ebcb52b60595efbdde9d59a
744906,579328,94,24,2024-07-26,assessment,mlb_statcast,False,False,global,7f6d93243a7e47d3a78948198dce6f30,bb4dcd5a4c431b74b20b93b9ff6ea5e6af09e5ea1ebcb52b60595efbdde9d59a
744908,592332,96,30,2024-07-27,assessment,mlb_statcast,True,True,global,7f6d93243a7e47d3a78948198dce6f30,bb4dcd5a4c431b74b20b93b9ff6ea5e6af09e5ea1ebcb52b60595efbdde9d59a
744909,592332,96,28,2024-07-21,assessment,mlb_statcast,False,False,global,7f6d93243a7e47d3a78948198dce6f30,bb4dcd5a4c431b74b20b93b9ff6ea5e6af09e5ea1ebcb52b60595efbdde9d59a
744910,579328,86,22,2024-07-20,assessment,mlb_statcast,True,True,global,7f6d93243a7e47d3a78948198dce6f30,bb4dcd5a4c431b74b20b93b9ff6ea5e6af09e5ea1ebcb52b60595efbdde9d59a
744911,656427,88,20,2024-07-19,assessment,mlb_statcast,True,True,global,7f6d93243a7e47d3a78948198dce6f30,bb4dcd5a4c431b74b20b93b9ff6ea5e6af09e5ea1ebcb52b60595efbdde9d59a
744915,579328,94,24,2024-07-03,assessment,mlb_statcast,False,False,global,7f6d93243a7e47d3a78948198dce6f30,bb4dcd5a4c431b74b20b93b9ff6ea5e6af09e5ea1ebcb52b60595efbdde9d59a
744972,543037,77,22,2024-09-02,assessment,mlb_statcast,False,False,global,7f6d93243a7e47d3a78948198dce6f30,bb4dcd5a4c431b74b20b93b9ff6ea5e6af09e5ea1ebcb52b60595efbdde9d59a
744981,579328,77,20,2024-08-07,assessment,mlb_statcast,True,True,global,7f6d93243a7e47d3a78948198dce6f30,bb4dcd5a4c431b74b20b93b9ff6ea5e6af09e5ea1ebcb52b60595efbdde9d59a
744990,669203,80,19,2024-07-19,assessment,mlb_statcast,True,False,global,7f6d93243a7e47d3a78948198dce6f30,bb4dcd5a4c431b74b20b93b9ff6ea5e6af09e5ea1ebcb52b60595efbdde9d59a
744996,650633,91,21,2024-07-04,assessment,mlb_statcast,True,False,global,7f6d93243a7e47d3a78948198dce6f30,bb4dcd5a4c431b74b20b93b9ff6ea5e6af09e5ea1ebcb52b60595efbdde9d59a
744999,656302,74,17,2024-07-02,assessment,mlb_statcast,False,False,global,7f6d93243a7e47d3a78948198dce6f30,bb4dcd5a4c431b74b20b93b9ff6ea5e6af09e5ea1ebcb52b60595efbdde9d59a
745052,527048,78,17,2024-08-30,assessment,mlb_statcast,True,False,global,7f6d93243a7e47d3a78948198dce6f30,bb4dcd5a4c431b74b20b93b9ff6ea5e6af09e5ea1ebcb52b60595efbdde9d59a
745054,669194,68,18,2024-08-16,assessment,mlb_statcast,True,True,global,7f6d93243a7e47d3a78948198dce6f30,bb4dcd5a4c431b74b20b93b9ff6ea5e6af09e5ea1ebcb52b60595efbdde9d59a
745056,669203,65,17,2024-08-10,assessment,mlb_statcast,True,True,global,7f6d93243a7e47d3a78948198dce6f30,bb4dcd5a4c431b74b20b93b9ff6ea5e6af09e5ea1ebcb52b60595efbdde9d59a
745056,669203,68,17,2024-08-10,assessment,mlb_statcast,True,False,global,7f6d93243a7e47d3a78948198dce6f30,bb4dcd5a4c431b74b20b93b9ff6ea5e6af09e5ea1ebcb52b60595efbdde9d59a
745060,665795,78,20,2024-07-30,assessment,mlb_statcast,False,False,global,7f6d93243a7e47d3a78948198dce6f30,bb4dcd5a4c431b74b20b93b9ff6ea5e6af09e5ea1ebcb52b60595efbdde9d59a
745063,668881,72,18,2024-07-28,assessment,mlb_statcast,True,True,global,7f6d93243a7e47d3a78948198dce6f30,bb4dcd5a4c431b74b20b93b9ff6ea5e6af09e5ea1ebcb52b60595efbdde9d59a
745065,641482,89,21,2024-07-11,assessment,mlb_statcast,True,True,global,7f6d93243a7e47d3a78948198dce6f30,bb4dcd5a4c431b74b20b93b9ff6ea5e6af09e5ea1ebcb52b60595efbdde9d59a
745125,502043,84,20,2024-09-07,assessment,mlb_statcast,True,False,global,7f6d93243a7e47d3a78948198dce6f30,bb4dcd5a4c431b74b20b93b9ff6ea5e6af09e5ea1ebcb52b60595efbdde9d59a
745133,502043,80,21,2024-08-26,assessment,mlb_statcast,False,False,global,7f6d93243a7e47d3a78948198dce6f30,bb4dcd5a4c431b74b20b93b9ff6ea5e6af09e5ea1ebcb52b60595efbdde9d59a
745134,605397,92,25,2024-08-28,assessment,mlb_statcast,True,False,global,7f6d93243a7e47d3a78948198dce6f30,bb4dcd5a4c431b74b20b93b9ff6ea5e6af09e5ea1ebcb52b60595efbdde9d59a
745135,650633,89,20,2024-08-29,assessment,mlb_statcast,True,True,global,7f6d93243a7e47d3a78948198dce6f30,bb4dcd5a4c431b74b20b93b9ff6ea5e6af09e5ea1ebcb52b60595efbdde9d59a
745143,502043,89,24,2024-08-08,assessment,mlb_statcast,False,False,global,7f6d93243a7e47d3a78948198dce6f30,bb4dcd5a4c431b74b20b93b9ff6ea5e6af09e5ea1ebcb52b60595efbdde9d59a
745150,502043,77,21,2024-07-27,assessment,mlb_statcast,True,True,global,7f6d93243a7e47d3a78948198dce6f30,bb4dcd5a4c431b74b20b93b9ff6ea5e6af09e5ea1ebcb52b60595efbdde9d59a
745155,679525,91,21,2024-07-10,assessment,mlb_statcast,False,False,global,7f6d93243a7e47d3a78948198dce6f30,bb4dcd5a4c431b74b20b93b9ff6ea5e6af09e5ea1ebcb52b60595efbdde9d59a
745175,502043,89,22,2024-07-13,assessment,mlb_statcast,False,False,global,7f6d93243a7e47d3a78948198dce6f30,bb4dcd5a4c431b74b20b93b9ff6ea5e6af09e5ea1ebcb52b60595efbdde9d59a
745184,640455,86,24,2024-08-05,assessment,mlb_statcast,True,False,global,7f6d93243a7e47d3a78948198dce6f30,bb4dcd5a4c431b74b20b93b9ff6ea5e6af09e5ea1ebcb52b60595efbdde9d59a
745214,650633,89,22,2024-09-11,assessment,mlb_statcast,False,False,global,7f6d93243a7e47d3a78948198dce6f30,bb4dcd5a4c431b74b20b93b9ff6ea5e6af09e5ea1ebcb52b60595efbdde9d59a
745222,554430,54,14,2024-08-04,assessment,mlb_statcast,True,False,global,7f6d93243a7e47d3a78948198dce6f30,bb4dcd5a4c431b74b20b93b9ff6ea5e6af09e5ea1ebcb52b60595efbdde9d59a
745222,554430,67,19,2024-08-04,assessment,mlb_statcast,True,True,global,7f6d93243a7e47d3a78948198dce6f30,bb4dcd5a4c431b74b20b93b9ff6ea5e6af09e5ea1ebcb52b60595efbdde9d59a
745232,542881,90,22,2024-07-22,assessment,mlb_statcast,True,False,global,7f6d93243a7e47d3a78948198dce6f30,bb4dcd5a4c431b74b20b93b9ff6ea5e6af09e5ea1ebcb52b60595efbdde9d59a
745236,669203,82,19,2024-07-04,assessment,mlb_statcast,False,False,global,7f6d93243a7e47d3a78948198dce6f30,bb4dcd5a4c431b74b20b93b9ff6ea5e6af09e5ea1ebcb52b60595efbdde9d59a
745237,592332,73,19,2024-07-05,assessment,mlb_statcast,True,False,global,7f6d93243a7e47d3a78948198dce6f30,bb4dcd5a4c431b74b20b93b9ff6ea5e6af09e5ea1ebcb52b60595efbdde9d59a
745284,605397,87,21,2024-09-14,assessment,mlb_statcast,False,False,global,7f6d93243a7e47d3a78948198dce6f30,bb4dcd5a4c431b74b20b93b9ff6ea5e6af09e5ea1ebcb52b60595efbdde9d59a
745286,656302,79,19,2024-09-13,assessment,mlb_statcast,True,False,global,7f6d93243a7e47d3a78948198dce6f30,bb4dcd5a4c431b74b20b93b9ff6ea5e6af09e5ea1ebcb52b60595efbdde9d59a
745292,657277,78,23,2024-09-01,assessment,mlb_statcast,False,False,global,7f6d93243a7e47d3a78948198dce6f30,bb4dcd5a4c431b74b20b93b9ff6ea5e6af09e5ea1ebcb52b60595efbdde9d59a
745293,669194,66,16,2024-09-03,assessment,mlb_statcast,True,False,global,7f6d93243a7e47d3a78948198dce6f30,bb4dcd5a4c431b74b20b93b9ff6ea5e6af09e5ea1ebcb52b60595efbdde9d59a
745296,665795,77,19,2024-08-31,assessment,mlb_statcast,True,False,global,7f6d93243a7e47d3a78948198dce6f30,bb4dcd5a4c431b74b20b93b9ff6ea5e6af09e5ea1ebcb52b60595efbdde9d59a
745297,657277,87,24,2024-08-21,assessment,mlb_statcast,False,False,global,7f6d93243a7e47d3a78948198dce6f30,bb4dcd5a4c431b74b20b93b9ff6ea5e6af09e5ea1ebcb52b60595efbdde9d59a
745298,657277,58,14,2024-08-15,assessment,mlb_statcast,True,False,global,7f6d93243a7e47d3a78948198dce6f30,bb4dcd5a4c431b74b20b93b9ff6ea5e6af09e5ea1ebcb52b60595efbdde9d59a
745300,519242,74,19,2024-08-12,assessment,mlb_statcast,True,False,global,7f6d93243a7e47d3a78948198dce6f30,bb4dcd5a4c431b74b20b93b9ff6ea5e6af09e5ea1ebcb52b60595efbdde9d59a
745304,657277,42,14,2024-08-10,assessment,mlb_statcast,True,True,global,7f6d93243a7e47d3a78948198dce6f30,bb4dcd5a4c431b74b20b93b9ff6ea5e6af09e5ea1ebcb52b60595efbdde9d59a
745306,657277,100,31,2024-07-31,assessment,mlb_statcast,True,False,global,7f6d93243a7e47d3a78948198dce6f30,bb4dcd5a4c431b74b20b93b9ff6ea5e6af09e5ea1ebcb52b60595efbdde9d59a
745313,592332,92,25,2024-07-11,assessment,mlb_statcast,False,False,global,7f6d93243a7e47d3a78948198dce6f30,bb4dcd5a4c431b74b20b93b9ff6ea5e6af09e5ea1ebcb52b60595efbdde9d59a
745316,579328,96,27,2024-07-09,assessment,mlb_statcast,False,False,global,7f6d93243a7e47d3a78948198dce6f30,bb4dcd5a4c431b74b20b93b9ff6ea5e6af09e5ea1ebcb52b60595efbdde9d59a
745364,605397,79,21,2024-09-20,assessment,mlb_statcast,False,False,global,7f6d93243a7e47d3a78948198dce6f30,bb4dcd5a4c431b74b20b93b9ff6ea5e6af09e5ea1ebcb52b60595efbdde9d59a
745365,656302,90,24,2024-09-18,assessment,mlb_statcast,False,False,global,7f6d93243a7e47d3a78948198dce6f30,bb4dcd5a4c431b74b20b93b9ff6ea5e6af09e5ea1ebcb52b60595efbdde9d59a
745372,656302,93,24,2024-09-07,assessment,mlb_statcast,False,False,global,7f6d93243a7e47d3a78948198dce6f30,bb4dcd5a4c431b74b20b93b9ff6ea5e6af09e5ea1ebcb52b60595efbdde9d59a
745373,605397,66,18,2024-09-02,assessment,mlb_statcast,True,False,global,7f6d93243a7e47d3a78948198dce6f30,bb4dcd5a4c431b74b20b93b9ff6ea5e6af09e5ea1ebcb52b60595efbdde9d59a
745377,656849,87,25,2024-08-24,assessment,mlb_statcast,True,False,global,7f6d93243a7e47d3a78948198dce6f30,bb4dcd5a4c431b74b20b93b9ff6ea5e6af09e5ea1ebcb52b60595efbdde9d59a
745378,605397,63,19,2024-08-23,assessment,mlb_statcast,False,False,global,7f6d93243a7e47d3a78948198dce6f30,bb4dcd5a4c431b74b20b93b9ff6ea5e6af09e5ea1ebcb52b60595efbdde9d59a
745380,650633,85,25,2024-08-19,assessment,mlb_statcast,False,False,global,7f6d93243a7e47d3a78948198dce6f30,bb4dcd5a4c431b74b20b93b9ff6ea5e6af09e5ea1ebcb52b60595efbdde9d59a
745381,527048,91,24,2024-08-14,assessment,mlb_statcast,False,False,global,7f6d93243a7e47d3a78948198dce6f30,bb4dcd5a4c431b74b20b93b9ff6ea5e6af09e5ea1ebcb52b60595efbdde9d59a
745386,656302,81,19,2024-07-31,assessment,mlb_statcast,True,False,global,7f6d93243a7e47d3a78948198dce6f30,bb4dcd5a4c431b74b20b93b9ff6ea5e6af09e5ea1ebcb52b60595efbdde9d59a
745391,656302,84,20,2024-07-07,assessment,mlb_statcast,True,True,global,7f6d93243a7e47d3a78948198dce6f30,bb4dcd5a4c431b74b20b93b9ff6ea5e6af09e5ea1ebcb52b60595efbdde9d59a
745391,669194,83,22,2024-07-07,assessment,mlb_statcast,False,False,global,7f6d93243a7e47d3a78948198dce6f30,bb4dcd5a4c431b74b20b93b9ff6ea5e6af09e5ea1ebcb52b60595efbdde9d59a
745392,656302,76,17,2024-07-13,assessment,mlb_statcast,True,False,global,7f6d93243a7e47d3a78948198dce6f30,bb4dcd5a4c431b74b20b93b9ff6ea5e6af09e5ea1ebcb52b60595efbdde9d59a
745394,650633,86,22,2024-07-10,assessment,mlb_statcast,False,False,global,7f6d93243a7e47d3a78948198dce6f30,bb4dcd5a4c431b74b20b93b9ff6ea5e6af09e5ea1ebcb52b60595efbdde9d59a
745443,650644,79,21,2024-09-26,assessment,mlb_statcast,False,False,global,7f6d93243a7e47d3a78948198dce6f30,bb4dcd5a4c431b74b20b93b9ff6ea5e6af09e5ea1ebcb52b60595efbdde9d59a
745447,679525,85,20,2024-09-13,assessment,mlb_statcast,True,True,global,7f6d93243a7e47d3a78948198dce6f30,bb4dcd5a4c431b74b20b93b9ff6ea5e6af09e5ea1ebcb52b60595efbdde9d59a
745449,663903,88,24,2024-09-15,assessment,mlb_statcast,True,False,global,7f6d93243a7e47d3a78948198dce6f30,bb4dcd5a4c431b74b20b93b9ff6ea5e6af09e5ea1ebcb52b60595efbdde9d59a
745468,669194,82,19,2024-08-04,assessment,mlb_statcast,True,False,global,7f6d93243a7e47d3a78948198dce6f30,bb4dcd5a4c431b74b20b93b9ff6ea5e6af09e5ea1ebcb52b60595efbdde9d59a
745469,650633,82,22,2024-08-07,assessment,mlb_statcast,True,False,global,7f6d93243a7e47d3a78948198dce6f30,bb4dcd5a4c431b74b20b93b9ff6ea5e6af09e5ea1ebcb52b60595efbdde9d59a
745479,622663,72,24,2024-07-05,assessment,mlb_statcast,True,True,global,7f6d93243a7e47d3a78948198dce6f30,bb4dcd5a4c431b74b20b93b9ff6ea5e6af09e5ea1ebcb52b60595efbdde9d59a
745481,527048,68,18,2024-07-19,assessment,mlb_statcast,True,True,global,7f6d93243a7e47d3a78948198dce6f30,bb4dcd5a4c431b74b20b93b9ff6ea5e6af09e5ea1ebcb52b60595efbdde9d59a
745484,527048,89,26,2024-07-04,assessment,mlb_statcast,False,False,global,7f6d93243a7e47d3a78948198dce6f30,bb4dcd5a4c431b74b20b93b9ff6ea5e6af09e5ea1ebcb52b60595efbdde9d59a
745525,554430,92,24,2024-09-11,assessment,mlb_statcast,True,False,global,7f6d93243a7e47d3a78948198dce6f30,bb4dcd5a4c431b74b20b93b9ff6ea5e6af09e5ea1ebcb52b60595efbdde9d59a
745527,605400,100,26,2024-09-23,assessment,mlb_statcast,True,False,global,7f6d93243a7e47d3a78948198dce6f30,bb4dcd5a4c431b74b20b93b9ff6ea5e6af09e5ea1ebcb52b60595efbdde9d59a
745528,622663,85,22,2024-09-14,assessment,mlb_statcast,True,False,global,7f6d93243a7e47d3a78948198dce6f30,bb4dcd5a4c431b74b20b93b9ff6ea5e6af09e5ea1ebcb52b60595efbdde9d59a
745529,605400,83,20,2024-09-13,assessment,mlb_statcast,True,True,global,7f6d93243a7e47d3a78948198dce6f30,bb4dcd5a4c431b74b20b93b9ff6ea5e6af09e5ea1ebcb52b60595efbdde9d59a
745530,656849,86,24,2024-09-15,assessment,mlb_statcast,False,False,global,7f6d93243a7e47d3a78948198dce6f30,bb4dcd5a4c431b74b20b93b9ff6ea5e6af09e5ea1ebcb52b60595efbdde9d59a
745531,650911,99,25,2024-08-29,assessment,mlb_statcast,False,False,global,7f6d93243a7e47d3a78948198dce6f30,bb4dcd5a4c431b74b20b93b9ff6ea5e6af09e5ea1ebcb52b60595efbdde9d59a
745532,554430,95,25,2024-08-31,assessment,mlb_statcast,False,False,global,7f6d93243a7e47d3a78948198dce6f30,bb4dcd5a4c431b74b20b93b9ff6ea5e6af09e5ea1ebcb52b60595efbdde9d59a
745534,650911,78,20,2024-09-09,assessment,mlb_statcast,True,False,global,7f6d93243a7e47d3a78948198dce6f30,bb4dcd5a4c431b74b20b93b9ff6ea5e6af09e5ea1ebcb52b60595efbdde9d59a
745542,605400,72,21,2024-08-16,assessment,mlb_statcast,True,False,global,7f6d93243a7e47d3a78948198dce6f30,bb4dcd5a4c431b74b20b93b9ff6ea5e6af09e5ea1ebcb52b60595efbdde9d59a
745543,641482,74,16,2024-07-31,assessment,mlb_statcast,True,False,global,7f6d93243a7e47d3a78948198dce6f30,bb4dcd5a4c431b74b20b93b9ff6ea5e6af09e5ea1ebcb52b60595efbdde9d59a
745543,641482,87,19,2024-07-31,assessment,mlb_statcast,False,False,global,7f6d93243a7e47d3a78948198dce6f30,bb4dcd5a4c431b74b20b93b9ff6ea5e6af09e5ea1ebcb52b60595efbdde9d59a
745543,650911,93,25,2024-07-31,assessment,mlb_statcast,False,False,global,7f6d93243a7e47d3a78948198dce6f30,bb4dcd5a4c431b74b20b93b9ff6ea5e6af09e5ea1ebcb52b60595efbdde9d59a
745544,665795,77,18,2024-08-14,assessment,mlb_statcast,True,True,global,7f6d93243a7e47d3a78948198dce6f30,bb4dcd5a4c431b74b20b93b9ff6ea5e6af09e5ea1ebcb52b60595efbdde9d59a
745545,554430,89,20,2024-08-15,assessment,mlb_statcast,False,False,global,7f6d93243a7e47d3a78948198dce6f30,bb4dcd5a4c431b74b20b93b9ff6ea5e6af09e5ea1ebcb52b60595efbdde9d59a
745554,594902,80,20,2024-07-26,assessment,mlb_statcast,False,False,global,7f6d93243a7e47d3a78948198dce6f30,bb4dcd5a4c431b74b20b93b9ff6ea5e6af09e5ea1ebcb52b60595efbdde9d59a
745558,605400,101,24,2024-07-11,assessment,mlb_statcast,False,False,global,7f6d93243a7e47d3a78948198dce6f30,bb4dcd5a4c431b74b20b93b9ff6ea5e6af09e5ea1ebcb52b60595efbdde9d59a
745625,650644,75,19,2024-08-23,assessment,mlb_statcast,False,False,global,7f6d93243a7e47d3a78948198dce6f30,bb4dcd5a4c431b74b20b93b9ff6ea5e6af09e5ea1ebcb52b60595efbdde9d59a
745636,656427,98,24,2024-08-03,assessment,mlb_statcast,False,False,global,7f6d93243a7e47d3a78948198dce6f30,bb4dcd5a4c431b74b20b93b9ff6ea5e6af09e5ea1ebcb52b60595efbdde9d59a
745691,543037,96,22,2024-09-26,assessment,mlb_statcast,False,False,global,7f6d93243a7e47d3a78948198dce6f30,bb4dcd5a4c431b74b20b93b9ff6ea5e6af09e5ea1ebcb52b60595efbdde9d59a
745695,641482,85,18,2024-09-12,assessment,mlb_statcast,True,False,global,7f6d93243a7e47d3a78948198dce6f30,bb4dcd5a4c431b74b20b93b9ff6ea5e6af09e5ea1ebcb52b60595efbdde9d59a
745697,666142,87,21,2024-09-11,assessment,mlb_statcast,True,False,global,7f6d93243a7e47d3a78948198dce6f30,bb4dcd5a4c431b74b20b93b9ff6ea5e6af09e5ea1ebcb52b60595efbdde9d59a
745698,663903,84,20,2024-09-09,assessment,mlb_statcast,False,False,global,7f6d93243a7e47d3a78948198dce6f30,bb4dcd5a4c431b74b20b93b9ff6ea5e6af09e5ea1ebcb52b60595efbdde9d59a
745699,502043,83,24,2024-08-31,assessment,mlb_statcast,False,False,global,7f6d93243a7e47d3a78948198dce6f30,bb4dcd5a4c431b74b20b93b9ff6ea5e6af09e5ea1ebcb52b60595efbdde9d59a
745700,573186,92,26,2024-08-30,assessment,mlb_statcast,False,False,global,7f6d93243a7e47d3a78948198dce6f30,bb4dcd5a4c431b74b20b93b9ff6ea5e6af09e5ea1ebcb52b60595efbdde9d59a
745700,573186,94,27,2024-08-30,assessment,mlb_statcast,False,False,global,7f6d93243a7e47d3a78948198dce6f30,bb4dcd5a4c431b74b20b93b9ff6ea5e6af09e5ea1ebcb52b60595efbdde9d59a
745700,573186,97,27,2024-08-30,assessment,mlb_statcast,False,False,global,7f6d93243a7e47d3a78948198dce6f30,bb4dcd5a4c431b74b20b93b9ff6ea5e6af09e5ea1ebcb52b60595efbdde9d59a
745702,607536,98,26,2024-08-23,assessment,mlb_statcast,False,False,global,7f6d93243a7e47d3a78948198dce6f30,bb4dcd5a4c431b74b20b93b9ff6ea5e6af09e5ea1ebcb52b60595efbdde9d59a
745704,641482,84,21,2024-08-21,assessment,mlb_statcast,True,False,global,7f6d93243a7e47d3a78948198dce6f30,bb4dcd5a4c431b74b20b93b9ff6ea5e6af09e5ea1ebcb52b60595efbdde9d59a
745704,641482,96,22,2024-08-21,assessment,mlb_statcast,False,False,global,7f6d93243a7e47d3a78948198dce6f30,bb4dcd5a4c431b74b20b93b9ff6ea5e6af09e5ea1ebcb52b60595efbdde9d59a
745705,543037,83,20,2024-08-22,assessment,mlb_statcast,True,True,global,7f6d93243a7e47d3a78948198dce6f30,bb4dcd5a4c431b74b20b93b9ff6ea5e6af09e5ea1ebcb52b60595efbdde9d59a
745706,573186,93,21,2024-08-25,assessment,mlb_statcast,True,True,global,7f6d93243a7e47d3a78948198dce6f30,bb4dcd5a4c431b74b20b93b9ff6ea5e6af09e5ea1ebcb52b60595efbdde9d59a
745708,543037,87,22,2024-08-10,assessment,mlb_statcast,False,False,global,7f6d93243a7e47d3a78948198dce6f30,bb4dcd5a4c431b74b20b93b9ff6ea5e6af09e5ea1ebcb52b60595efbdde9d59a
745710,542881,89,21,2024-08-08,assessment,mlb_statcast,True,False,global,7f6d93243a7e47d3a78948198dce6f30,bb4dcd5a4c431b74b20b93b9ff6ea5e6af09e5ea1ebcb52b60595efbdde9d59a
745710,641482,74,18,2024-08-08,assessment,mlb_statcast,True,False,global,7f6d93243a7e47d3a78948198dce6f30,bb4dcd5a4c431b74b20b93b9ff6ea5e6af09e5ea1ebcb52b60595efbdde9d59a
745710,641482,82,19,2024-08-08,assessment,mlb_statcast,True,False,global,7f6d93243a7e47d3a78948198dce6f30,bb4dcd5a4c431b74b20b93b9ff6ea5e6af09e5ea1ebcb52b60595efbdde9d59a
745719,592332,73,19,2024-08-02,assessment,mlb_statcast,True,False,global,7f6d93243a7e47d3a78948198dce6f30,bb4dcd5a4c431b74b20b93b9ff6ea5e6af09e5ea1ebcb52b60595efbdde9d59a
745720,641482,83,20,2024-07-20,assessment,mlb_statcast,True,True,global,7f6d93243a7e47d3a78948198dce6f30,bb4dcd5a4c431b74b20b93b9ff6ea5e6af09e5ea1ebcb52b60595efbdde9d59a
745721,543037,89,21,2024-07-19,assessment,mlb_statcast,True,False,global,7f6d93243a7e47d3a78948198dce6f30,bb4dcd5a4c431b74b20b93b9ff6ea5e6af09e5ea1ebcb52b60595efbdde9d59a
745724,543037,63,15,2024-07-06,assessment,mlb_statcast,True,False,global,7f6d93243a7e47d3a78948198dce6f30,bb4dcd5a4c431b74b20b93b9ff6ea5e6af09e5ea1ebcb52b60595efbdde9d59a
745725,641482,90,21,2024-07-05,assessment,mlb_statcast,False,False,global,7f6d93243a7e47d3a78948198dce6f30,bb4dcd5a4c431b74b20b93b9ff6ea5e6af09e5ea1ebcb52b60595efbdde9d59a
745726,573186,96,23,2024-07-04,assessment,mlb_statcast,False,False,global,7f6d93243a7e47d3a78948198dce6f30,bb4dcd5a4c431b74b20b93b9ff6ea5e6af09e5ea1ebcb52b60595efbdde9d59a
745726,573186,99,23,2024-07-04,assessment,mlb_statcast,False,False,global,7f6d93243a7e47d3a78948198dce6f30,bb4dcd5a4c431b74b20b93b9ff6ea5e6af09e5ea1ebcb52b60595efbdde9d59a
745767,554430,70,22,2024-09-22,assessment,mlb_statcast,True,False,global,7f6d93243a7e47d3a78948198dce6f30,bb4dcd5a4c431b74b20b93b9ff6ea5e6af09e5ea1ebcb52b60595efbdde9d59a
745768,640455,85,23,2024-09-21,assessment,mlb_statcast,False,False,global,7f6d93243a7e47d3a78948198dce6f30,bb4dcd5a4c431b74b20b93b9ff6ea5e6af09e5ea1ebcb52b60595efbdde9d59a
745770,650911,86,20,2024-09-20,assessment,mlb_statcast,True,True,global,7f6d93243a7e47d3a78948198dce6f30,bb4dcd5a4c431b74b20b93b9ff6ea5e6af09e5ea1ebcb52b60595efbdde9d59a
745774,622663,75,19,2024-09-08,assessment,mlb_statcast,True,False,global,7f6d93243a7e47d3a78948198dce6f30,bb4dcd5a4c431b74b20b93b9ff6ea5e6af09e5ea1ebcb52b60595efbdde9d59a
745777,640455,77,19,2024-09-06,assessment,mlb_statcast,True,False,global,7f6d93243a7e47d3a78948198dce6f30,bb4dcd5a4c431b74b20b93b9ff6ea5e6af09e5ea1ebcb52b60595efbdde9d59a
745778,656849,83,23,2024-09-03,assessment,mlb_statcast,True,False,global,7f6d93243a7e47d3a78948198dce6f30,bb4dcd5a4c431b74b20b93b9ff6ea5e6af09e5ea1ebcb52b60595efbdde9d59a
745779,622663,81,22,2024-09-02,assessment,mlb_statcast,True,False,global,7f6d93243a7e47d3a78948198dce6f30,bb4dcd5a4c431b74b20b93b9ff6ea5e6af09e5ea1ebcb52b60595efbdde9d59a
745780,656849,85,22,2024-08-19,assessment,mlb_statcast,True,True,global,7f6d93243a7e47d3a78948198dce6f30,bb4dcd5a4c431b74b20b93b9ff6ea5e6af09e5ea1ebcb52b60595efbdde9d59a
745781,640455,61,15,2024-08-21,assessment,mlb_statcast,True,True,global,7f6d93243a7e47d3a78948198dce6f30,bb4dcd5a4c431b74b20b93b9ff6ea5e6af09e5ea1ebcb52b60595efbdde9d59a
745784,640455,84,22,2024-08-16,assessment,mlb_statcast,True,False,global,7f6d93243a7e47d3a78948198dce6f30,bb4dcd5a4c431b74b20b93b9ff6ea5e6af09e5ea1ebcb52b60595efbdde9d59a
745785,622663,91,27,2024-08-17,assessment,mlb_statcast,True,True,global,7f6d93243a7e47d3a78948198dce6f30,bb4dcd5a4c431b74b20b93b9ff6ea5e6af09e5ea1ebcb52b60595efbdde9d59a
745787,640455,60,16,2024-07-30,assessment,mlb_statcast,True,False,global,7f6d93243a7e47d3a78948198dce6f30,bb4dcd5a4c431b74b20b93b9ff6ea5e6af09e5ea1ebcb52b60595efbdde9d59a
745787,640455,75,20,2024-07-30,assessment,mlb_statcast,True,False,global,7f6d93243a7e47d3a78948198dce6f30,bb4dcd5a4c431b74b20b93b9ff6ea5e6af09e5ea1ebcb52b60595efbdde9d59a
745794,519242,79,19,2024-07-25,assessment,mlb_statcast,True,False,global,7f6d93243a7e47d3a78948198dce6f30,bb4dcd5a4c431b74b20b93b9ff6ea5e6af09e5ea1ebcb52b60595efbdde9d59a
745794,622663,82,21,2024-07-25,assessment,mlb_statcast,True,True,global,7f6d93243a7e47d3a78948198dce6f30,bb4dcd5a4c431b74b20b93b9ff6ea5e6af09e5ea1ebcb52b60595efbdde9d59a
745795,656849,87,22,2024-07-28,assessment,mlb_statcast,False,False,global,7f6d93243a7e47d3a78948198dce6f30,bb4dcd5a4c431b74b20b93b9ff6ea5e6af09e5ea1ebcb52b60595efbdde9d59a
745796,622663,92,27,2024-07-10,assessment,mlb_statcast,False,False,global,7f6d93243a7e47d3a78948198dce6f30,bb4dcd5a4c431b74b20b93b9ff6ea5e6af09e5ea1ebcb52b60595efbdde9d59a
745799,656849,74,20,2024-07-11,assessment,mlb_statcast,True,False,global,7f6d93243a7e47d3a78948198dce6f30,bb4dcd5a4c431b74b20b93b9ff6ea5e6af09e5ea1ebcb52b60595efbdde9d59a
745866,519242,86,19,2024-08-28,assessment,mlb_statcast,True,False,global,7f6d93243a7e47d3a78948198dce6f30,bb4dcd5a4c431b74b20b93b9ff6ea5e6af09e5ea1ebcb52b60595efbdde9d59a
745869,666142,93,24,2024-08-14,assessment,mlb_statcast,False,False,global,7f6d93243a7e47d3a78948198dce6f30,bb4dcd5a4c431b74b20b93b9ff6ea5e6af09e5ea1ebcb52b60595efbdde9d59a
745874,663903,92,25,2024-08-12,assessment,mlb_statcast,False,False,global,7f6d93243a7e47d3a78948198dce6f30,bb4dcd5a4c431b74b20b93b9ff6ea5e6af09e5ea1ebcb52b60595efbdde9d59a
745877,605400,73,22,2024-07-24,assessment,mlb_statcast,True,True,global,7f6d93243a7e47d3a78948198dce6f30,bb4dcd5a4c431b74b20b93b9ff6ea5e6af09e5ea1ebcb52b60595efbdde9d59a
745878,554430,90,23,2024-07-23,assessment,mlb_statcast,True,False,global,7f6d93243a7e47d3a78948198dce6f30,bb4dcd5a4c431b74b20b93b9ff6ea5e6af09e5ea1ebcb52b60595efbdde9d59a
745882,650644,87,21,2024-07-21,assessment,mlb_statcast,False,False,global,7f6d93243a7e47d3a78948198dce6f30,bb4dcd5a4c431b74b20b93b9ff6ea5e6af09e5ea1ebcb52b60595efbdde9d59a
745930,640455,67,16,2024-09-27,assessment,mlb_statcast,True,False,global,7f6d93243a7e47d3a78948198dce6f30,bb4dcd5a4c431b74b20b93b9ff6ea5e6af09e5ea1ebcb52b60595efbdde9d59a
745932,656849,52,14,2024-09-29,assessment,mlb_statcast,True,True,global,7f6d93243a7e47d3a78948198dce6f30,bb4dcd5a4c431b74b20b93b9ff6ea5e6af09e5ea1ebcb52b60595efbdde9d59a
745933,605400,83,21,2024-09-18,assessment,mlb_statcast,False,False,global,7f6d93243a7e47d3a78948198dce6f30,bb4dcd5a4c431b74b20b93b9ff6ea5e6af09e5ea1ebcb52b60595efbdde9d59a
745935,554430,91,22,2024-09-17,assessment,mlb_statcast,False,False,global,7f6d93243a7e47d3a78948198dce6f30,bb4dcd5a4c431b74b20b93b9ff6ea5e6af09e5ea1ebcb52b60595efbdde9d59a
745936,650644,81,18,2024-09-21,assessment,mlb_statcast,True,True,global,7f6d93243a7e47d3a78948198dce6f30,bb4dcd5a4c431b74b20b93b9ff6ea5e6af09e5ea1ebcb52b60595efbdde9d59a
745940,607536,65,15,2024-09-08,assessment,mlb_statcast,True,False,global,7f6d93243a7e47d3a78948198dce6f30,bb4dcd5a4c431b74b20b93b9ff6ea5e6af09e5ea1ebcb52b60595efbdde9d59a
745944,650644,83,20,2024-09-03,assessment,mlb_statcast,False,False,global,7f6d93243a7e47d3a78948198dce6f30,bb4dcd5a4c431b74b20b93b9ff6ea5e6af09e5ea1ebcb52b60595efbdde9d59a
745944,650644,88,20,2024-09-03,assessment,mlb_statcast,False,False,global,7f6d93243a7e47d3a78948198dce6f30,bb4dcd5a4c431b74b20b93b9ff6ea5e6af09e5ea1ebcb52b60595efbdde9d59a
745945,650644,82,21,2024-08-29,assessment,mlb_statcast,False,False,global,7f6d93243a7e47d3a78948198dce6f30,bb4dcd5a4c431b74b20b93b9ff6ea5e6af09e5ea1ebcb52b60595efbdde9d59a
745946,657277,98,22,2024-08-27,assessment,mlb_statcast,True,False,global,7f6d93243a7e47d3a78948198dce6f30,bb4dcd5a4c431b74b20b93b9ff6ea5e6af09e5ea1ebcb52b60595efbdde9d59a
745948,594902,80,24,2024-08-18,assessment,mlb_statcast,False,False,global,7f6d93243a7e47d3a78948198dce6f30,bb4dcd5a4c431b74b20b93b9ff6ea5e6af09e5ea1ebcb52b60595efbdde9d59a
745957,650644,55,15,2024-08-09,assessment,mlb_statcast,True,False,global,7f6d93243a7e47d3a78948198dce6f30,bb4dcd5a4c431b74b20b93b9ff6ea5e6af09e5ea1ebcb52b60595efbdde9d59a
745957,650644,58,16,2024-08-09,assessment,mlb_statcast,True,False,global,7f6d93243a7e47d3a78948198dce6f30,bb4dcd5a4c431b74b20b93b9ff6ea5e6af09e5ea1ebcb52b60595efbdde9d59a
745957,650644,64,18,2024-08-09,assessment,mlb_statcast,True,False,global,7f6d93243a7e47d3a78948198dce6f30,bb4dcd5a4c431b74b20b93b9ff6ea5e6af09e5ea1ebcb52b60595efbdde9d59a
745957,650644,93,24,2024-08-09,assessment,mlb_statcast,True,False,global,7f6d93243a7e47d3a78948198dce6f30,bb4dcd5a4c431b74b20b93b9ff6ea5e6af09e5ea1ebcb52b60595efbdde9d59a
745960,519242,75,20,2024-07-31,assessment,mlb_statcast,True,False,global,7f6d93243a7e47d3a78948198dce6f30,bb4dcd5a4c431b74b20b93b9ff6ea5e6af09e5ea1ebcb52b60595efbdde9d59a
745966,650644,80,21,2024-07-27,assessment,mlb_statcast,False,False,global,7f6d93243a7e47d3a78948198dce6f30,bb4dcd5a4c431b74b20b93b9ff6ea5e6af09e5ea1ebcb52b60595efbdde9d59a
745967,650644,86,26,2024-07-11,assessment,mlb_statcast,True,True,global,7f6d93243a7e47d3a78948198dce6f30,bb4dcd5a4c431b74b20b93b9ff6ea5e6af09e5ea1ebcb52b60595efbdde9d59a
745969,527048,97,24,2024-07-10,assessment,mlb_statcast,True,False,global,7f6d93243a7e47d3a78948198dce6f30,bb4dcd5a4c431b74b20b93b9ff6ea5e6af09e5ea1ebcb52b60595efbdde9d59a
746011,656427,79,20,2024-09-19,assessment,mlb_statcast,True,True,global,7f6d93243a7e47d3a78948198dce6f30,bb4dcd5a4c431b74b20b93b9ff6ea5e6af09e5ea1ebcb52b60595efbdde9d59a
746016,554430,72,17,2024-09-06,assessment,mlb_statcast,False,False,global,7f6d93243a7e47d3a78948198dce6f30,bb4dcd5a4c431b74b20b93b9ff6ea5e6af09e5ea1ebcb52b60595efbdde9d59a
746017,665795,88,22,2024-09-08,assessment,mlb_statcast,True,True,global,7f6d93243a7e47d3a78948198dce6f30,bb4dcd5a4c431b74b20b93b9ff6ea5e6af09e5ea1ebcb52b60595efbdde9d59a
746018,605400,75,17,2024-09-07,assessment,mlb_statcast,True,True,global,7f6d93243a7e47d3a78948198dce6f30,bb4dcd5a4c431b74b20b93b9ff6ea5e6af09e5ea1ebcb52b60595efbdde9d59a
746025,656302,82,22,2024-08-11,assessment,mlb_statcast,False,False,global,7f6d93243a7e47d3a78948198dce6f30,bb4dcd5a4c431b74b20b93b9ff6ea5e6af09e5ea1ebcb52b60595efbdde9d59a
746029,665795,82,22,2024-08-20,assessment,mlb_statcast,True,True,global,7f6d93243a7e47d3a78948198dce6f30,bb4dcd5a4c431b74b20b93b9ff6ea5e6af09e5ea1ebcb52b60595efbdde9d59a
746030,668881,79,20,2024-08-08,assessment,mlb_statcast,True,False,global,7f6d93243a7e47d3a78948198dce6f30,bb4dcd5a4c431b74b20b93b9ff6ea5e6af09e5ea1ebcb52b60595efbdde9d59a
746032,665795,101,27,2024-08-09,assessment,mlb_statcast,False,False,global,7f6d93243a7e47d3a78948198dce6f30,bb4dcd5a4c431b74b20b93b9ff6ea5e6af09e5ea1ebcb52b60595efbdde9d59a
746035,665795,89,23,2024-07-24,assessment,mlb_statcast,True,False,global,7f6d93243a7e47d3a78948198dce6f30,bb4dcd5a4c431b74b20b93b9ff6ea5e6af09e5ea1ebcb52b60595efbdde9d59a
746037,669203,78,22,2024-07-25,assessment,mlb_statcast,True,False,global,7f6d93243a7e47d3a78948198dce6f30,bb4dcd5a4c431b74b20b93b9ff6ea5e6af09e5ea1ebcb52b60595efbdde9d59a
746041,622663,76,22,2024-07-20,assessment,mlb_statcast,True,True,global,7f6d93243a7e47d3a78948198dce6f30,bb4dcd5a4c431b74b20b93b9ff6ea5e6af09e5ea1ebcb52b60595efbdde9d59a
746088,605397,85,25,2024-09-26,assessment,mlb_statcast,True,False,global,7f6d93243a7e47d3a78948198dce6f30,bb4dcd5a4c431b74b20b93b9ff6ea5e6af09e5ea1ebcb52b60595efbdde9d59a
746093,650633,84,20,2024-09-24,assessment,mlb_statcast,False,False,global,7f6d93243a7e47d3a78948198dce6f30,bb4dcd5a4c431b74b20b93b9ff6ea5e6af09e5ea1ebcb52b60595efbdde9d59a
746094,607536,80,23,2024-09-20,assessment,mlb_statcast,True,False,global,7f6d93243a7e47d3a78948198dce6f30,bb4dcd5a4c431b74b20b93b9ff6ea5e6af09e5ea1ebcb52b60595efbdde9d59a
746095,656302,77,18,2024-09-25,assessment,mlb_statcast,True,False,global,7f6d93243a7e47d3a78948198dce6f30,bb4dcd5a4c431b74b20b93b9ff6ea5e6af09e5ea1ebcb52b60595efbdde9d59a
746095,656427,74,15,2024-09-25,assessment,mlb_statcast,True,False,global,7f6d93243a7e47d3a78948198dce6f30,bb4dcd5a4c431b74b20b93b9ff6ea5e6af09e5ea1ebcb52b60595efbdde9d59a
746098,656427,88,23,2024-09-08,assessment,mlb_statcast,False,False,global,7f6d93243a7e47d3a78948198dce6f30,bb4dcd5a4c431b74b20b93b9ff6ea5e6af09e5ea1ebcb52b60595efbdde9d59a
746101,543294,83,20,2024-09-09,assessment,mlb_statcast,True,True,global,7f6d93243a7e47d3a78948198dce6f30,bb4dcd5a4c431b74b20b93b9ff6ea5e6af09e5ea1ebcb52b60595efbdde9d59a
746103,669203,68,16,2024-08-28,assessment,mlb_statcast,True,False,global,7f6d93243a7e47d3a78948198dce6f30,bb4dcd5a4c431b74b20b93b9ff6ea5e6af09e5ea1ebcb52b60595efbdde9d59a
746105,656427,98,25,2024-08-27,assessment,mlb_statcast,False,False,global,7f6d93243a7e47d3a78948198dce6f30,bb4dcd5a4c431b74b20b93b9ff6ea5e6af09e5ea1ebcb52b60595efbdde9d59a
746110,656427,82,20,2024-08-21,assessment,mlb_statcast,True,True,global,7f6d93243a7e47d3a78948198dce6f30,bb4dcd5a4c431b74b20b93b9ff6ea5e6af09e5ea1ebcb52b60595efbdde9d59a
746113,656427,101,25,2024-08-09,assessment,mlb_statcast,False,False,global,7f6d93243a7e47d3a78948198dce6f30,bb4dcd5a4c431b74b20b93b9ff6ea5e6af09e5ea1ebcb52b60595efbdde9d59a
746116,605400,94,24,2024-08-05,assessment,mlb_statcast,False,False,global,7f6d93243a7e47d3a78948198dce6f30,bb4dcd5a4c431b74b20b93b9ff6ea5e6af09e5ea1ebcb52b60595efbdde9d59a
746120,650911,73,21,2024-08-06,assessment,mlb_statcast,True,False,global,7f6d93243a7e47d3a78948198dce6f30,bb4dcd5a4c431b74b20b93b9ff6ea5e6af09e5ea1ebcb52b60595efbdde9d59a
746127,650644,85,20,2024-07-05,assessment,mlb_statcast,True,False,global,7f6d93243a7e47d3a78948198dce6f30,bb4dcd5a4c431b74b20b93b9ff6ea5e6af09e5ea1ebcb52b60595efbdde9d59a
746133,669194,61,16,2024-07-02,assessment,mlb_statcast,True,False,global,7f6d93243a7e47d3a78948198dce6f30,bb4dcd5a4c431b74b20b93b9ff6ea5e6af09e5ea1ebcb52b60595efbdde9d59a
746187,592332,82,22,2024-08-13,assessment,mlb_statcast,True,False,global,7f6d93243a7e47d3a78948198dce6f30,bb4dcd5a4c431b74b20b93b9ff6ea5e6af09e5ea1ebcb52b60595efbdde9d59a
746188,542881,97,28,2024-08-14,assessment,mlb_statcast,True,False,global,7f6d93243a7e47d3a78948198dce6f30,bb4dcd5a4c431b74b20b93b9ff6ea5e6af09e5ea1ebcb52b60595efbdde9d59a
746190,519242,91,23,2024-08-17,assessment,mlb_statcast,False,False,global,7f6d93243a7e47d3a78948198dce6f30,bb4dcd5a4c431b74b20b93b9ff6ea5e6af09e5ea1ebcb52b60595efbdde9d59a
746193,542881,91,23,2024-08-02,assessment,mlb_statcast,False,False,global,7f6d93243a7e47d3a78948198dce6f30,bb4dcd5a4c431b74b20b93b9ff6ea5e6af09e5ea1ebcb52b60595efbdde9d59a
746198,607536,82,24,2024-07-31,assessment,mlb_statcast,True,True,global,7f6d93243a7e47d3a78948198dce6f30,bb4dcd5a4c431b74b20b93b9ff6ea5e6af09e5ea1ebcb52b60595efbdde9d59a
746203,542881,99,27,2024-07-27,assessment,mlb_statcast,False,False,global,7f6d93243a7e47d3a78948198dce6f30,bb4dcd5a4c431b74b20b93b9ff6ea5e6af09e5ea1ebcb52b60595efbdde9d59a
746257,666142,53,13,2024-09-06,assessment,mlb_statcast,True,False,global,7f6d93243a7e47d3a78948198dce6f30,bb4dcd5a4c431b74b20b93b9ff6ea5e6af09e5ea1ebcb52b60595efbdde9d59a
746257,666142,64,17,2024-09-06,assessment,mlb_statcast,True,False,global,7f6d93243a7e47d3a78948198dce6f30,bb4dcd5a4c431b74b20b93b9ff6ea5e6af09e5ea1ebcb52b60595efbdde9d59a
746259,679525,75,18,2024-09-07,assessment,mlb_statcast,True,True,global,7f6d93243a7e47d3a78948198dce6f30,bb4dcd5a4c431b74b20b93b9ff6ea5e6af09e5ea1ebcb52b60595efbdde9d59a
746261,666142,88,22,2024-09-17,assessment,mlb_statcast,True,True,global,7f6d93243a7e47d3a78948198dce6f30,bb4dcd5a4c431b74b20b93b9ff6ea5e6af09e5ea1ebcb52b60595efbdde9d59a
746262,594902,73,18,2024-09-04,assessment,mlb_statcast,True,True,global,7f6d93243a7e47d3a78948198dce6f30,bb4dcd5a4c431b74b20b93b9ff6ea5e6af09e5ea1ebcb52b60595efbdde9d59a
746262,594902,79,20,2024-09-04,assessment,mlb_statcast,True,False,global,7f6d93243a7e47d3a78948198dce6f30,bb4dcd5a4c431b74b20b93b9ff6ea5e6af09e5ea1ebcb52b60595efbdde9d59a
746264,663903,79,20,2024-09-03,assessment,mlb_statcast,True,False,global,7f6d93243a7e47d3a78948198dce6f30,bb4dcd5a4c431b74b20b93b9ff6ea5e6af09e5ea1ebcb52b60595efbdde9d59a
746266,542881,74,25,2024-08-20,assessment,mlb_statcast,True,True,global,7f6d93243a7e47d3a78948198dce6f30,bb4dcd5a4c431b74b20b93b9ff6ea5e6af09e5ea1ebcb52b60595efbdde9d59a
746266,542881,94,30,2024-08-20,assessment,mlb_statcast,True,False,global,7f6d93243a7e47d3a78948198dce6f30,bb4dcd5a4c431b74b20b93b9ff6ea5e6af09e5ea1ebcb52b60595efbdde9d59a
746266,666142,78,18,2024-08-20,assessment,mlb_statcast,True,True,global,7f6d93243a7e47d3a78948198dce6f30,bb4dcd5a4c431b74b20b93b9ff6ea5e6af09e5ea1ebcb52b60595efbdde9d59a
746271,663903,76,19,2024-08-24,assessment,mlb_statcast,True,False,global,7f6d93243a7e47d3a78948198dce6f30,bb4dcd5a4c431b74b20b93b9ff6ea5e6af09e5ea1ebcb52b60595efbdde9d59a
746272,666142,100,26,2024-08-07,assessment,mlb_statcast,True,True,global,7f6d93243a7e47d3a78948198dce6f30,bb4dcd5a4c431b74b20b93b9ff6ea5e6af09e5ea1ebcb52b60595efbdde9d59a
746274,666142,82,21,2024-07-28,assessment,mlb_statcast,True,False,global,7f6d93243a7e47d3a78948198dce6f30,bb4dcd5a4c431b74b20b93b9ff6ea5e6af09e5ea1ebcb52b60595efbdde9d59a
746276,663903,90,25,2024-08-05,assessment,mlb_statcast,True,True,global,7f6d93243a7e47d3a78948198dce6f30,bb4dcd5a4c431b74b20b93b9ff6ea5e6af09e5ea1ebcb52b60595efbdde9d59a
746277,543294,90,23,2024-07-26,assessment,mlb_statcast,True,False,global,7f6d93243a7e47d3a78948198dce6f30,bb4dcd5a4c431b74b20b93b9ff6ea5e6af09e5ea1ebcb52b60595efbdde9d59a
746277,663903,87,21,2024-07-26,assessment,mlb_statcast,False,False,global,7f6d93243a7e47d3a78948198dce6f30,bb4dcd5a4c431b74b20b93b9ff6ea5e6af09e5ea1ebcb52b60595efbdde9d59a
746279,669194,82,23,2024-07-24,assessment,mlb_statcast,False,False,global,7f6d93243a7e47d3a78948198dce6f30,bb4dcd5a4c431b74b20b93b9ff6ea5e6af09e5ea1ebcb52b60595efbdde9d59a
746280,666142,96,25,2024-07-22,assessment,mlb_statcast,False,False,global,7f6d93243a7e47d3a78948198dce6f30,bb4dcd5a4c431b74b20b93b9ff6ea5e6af09e5ea1ebcb52b60595efbdde9d59a
746281,679525,86,22,2024-07-23,assessment,mlb_statcast,True,False,global,7f6d93243a7e47d3a78948198dce6f30,bb4dcd5a4c431b74b20b93b9ff6ea5e6af09e5ea1ebcb52b60595efbdde9d59a
746286,663903,86,24,2024-07-20,assessment,mlb_statcast,True,True,global,7f6d93243a7e47d3a78948198dce6f30,bb4dcd5a4c431b74b20b93b9ff6ea5e6af09e5ea1ebcb52b60595efbdde9d59a
746331,579328,97,24,2024-09-25,assessment,mlb_statcast,False,False,global,7f6d93243a7e47d3a78948198dce6f30,bb4dcd5a4c431b74b20b93b9ff6ea5e6af09e5ea1ebcb52b60595efbdde9d59a
746341,579328,92,21,2024-09-19,assessment,mlb_statcast,False,False,global,7f6d93243a7e47d3a78948198dce6f30,bb4dcd5a4c431b74b20b93b9ff6ea5e6af09e5ea1ebcb52b60595efbdde9d59a
746344,579328,99,26,2024-09-07,assessment,mlb_statcast,False,False,global,7f6d93243a7e47d3a78948198dce6f30,bb4dcd5a4c431b74b20b93b9ff6ea5e6af09e5ea1ebcb52b60595efbdde9d59a
746344,593958,84,22,2024-09-07,assessment,mlb_statcast,True,False,global,7f6d93243a7e47d3a78948198dce6f30,bb4dcd5a4c431b74b20b93b9ff6ea5e6af09e5ea1ebcb52b60595efbdde9d59a
746345,669194,83,22,2024-09-08,assessment,mlb_statcast,False,False,global,7f6d93243a7e47d3a78948198dce6f30,bb4dcd5a4c431b74b20b93b9ff6ea5e6af09e5ea1ebcb52b60595efbdde9d59a
746347,679525,65,17,2024-09-01,assessment,mlb_statcast,True,True,global,7f6d93243a7e47d3a78948198dce6f30,bb4dcd5a4c431b74b20b93b9ff6ea5e6af09e5ea1ebcb52b60595efbdde9d59a
746348,579328,92,23,2024-08-31,assessment,mlb_statcast,True,True,global,7f6d93243a7e47d3a78948198dce6f30,bb4dcd5a4c431b74b20b93b9ff6ea5e6af09e5ea1ebcb52b60595efbdde9d59a
746348,666142,79,19,2024-08-31,assessment,mlb_statcast,True,True,global,7f6d93243a7e47d3a78948198dce6f30,bb4dcd5a4c431b74b20b93b9ff6ea5e6af09e5ea1ebcb52b60595efbdde9d59a
746351,579328,84,22,2024-08-19,assessment,mlb_statcast,True,True,global,7f6d93243a7e47d3a78948198dce6f30,bb4dcd5a4c431b74b20b93b9ff6ea5e6af09e5ea1ebcb52b60595efbdde9d59a
746354,579328,81,20,2024-08-02,assessment,mlb_statcast,False,False,global,7f6d93243a7e47d3a78948198dce6f30,bb4dcd5a4c431b74b20b93b9ff6ea5e6af09e5ea1ebcb52b60595efbdde9d59a
746438,543037,75,18,2024-08-16,assessment,mlb_statcast,True,True,global,7f6d93243a7e47d3a78948198dce6f30,bb4dcd5a4c431b74b20b93b9ff6ea5e6af09e5ea1ebcb52b60595efbdde9d59a
746451,594902,80,24,2024-07-09,assessment,mlb_statcast,True,False,global,7f6d93243a7e47d3a78948198dce6f30,bb4dcd5a4c431b74b20b93b9ff6ea5e6af09e5ea1ebcb52b60595efbdde9d59a
746495,502043,68,19,2024-09-26,assessment,mlb_statcast,True,False,global,7f6d93243a7e47d3a78948198dce6f30,bb4dcd5a4c431b74b20b93b9ff6ea5e6af09e5ea1ebcb52b60595efbdde9d59a
746495,607536,63,17,2024-09-26,assessment,mlb_statcast,True,False,global,7f6d93243a7e47d3a78948198dce6f30,bb4dcd5a4c431b74b20b93b9ff6ea5e6af09e5ea1ebcb52b60595efbdde9d59a
746500,593958,66,17,2024-09-18,assessment,mlb_statcast,True,False,global,7f6d93243a7e47d3a78948198dce6f30,bb4dcd5a4c431b74b20b93b9ff6ea5e6af09e5ea1ebcb52b60595efbdde9d59a
746506,543294,82,22,2024-09-15,assessment,mlb_statcast,False,False,global,7f6d93243a7e47d3a78948198dce6f30,bb4dcd5a4c431b74b20b93b9ff6ea5e6af09e5ea1ebcb52b60595efbdde9d59a
746508,607536,88,28,2024-09-14,assessment,mlb_statcast,True,False,global,7f6d93243a7e47d3a78948198dce6f30,bb4dcd5a4c431b74b20b93b9ff6ea5e6af09e5ea1ebcb52b60595efbdde9d59a
746512,607536,61,17,2024-08-28,assessment,mlb_statcast,True,True,global,7f6d93243a7e47d3a78948198dce6f30,bb4dcd5a4c431b74b20b93b9ff6ea5e6af09e5ea1ebcb52b60595efbdde9d59a
746513,665795,68,16,2024-08-26,assessment,mlb_statcast,True,True,global,7f6d93243a7e47d3a78948198dce6f30,bb4dcd5a4c431b74b20b93b9ff6ea5e6af09e5ea1ebcb52b60595efbdde9d59a
746515,607536,92,25,2024-08-17,assessment,mlb_statcast,False,False,global,7f6d93243a7e47d3a78948198dce6f30,bb4dcd5a4c431b74b20b93b9ff6ea5e6af09e5ea1ebcb52b60595efbdde9d59a
746515,656302,85,21,2024-08-17,assessment,mlb_statcast,True,False,global,7f6d93243a7e47d3a78948198dce6f30,bb4dcd5a4c431b74b20b93b9ff6ea5e6af09e5ea1ebcb52b60595efbdde9d59a
746516,605397,71,18,2024-08-18,assessment,mlb_statcast,False,False,global,7f6d93243a7e47d3a78948198dce6f30,bb4dcd5a4c431b74b20b93b9ff6ea5e6af09e5ea1ebcb52b60595efbdde9d59a
746519,622663,70,19,2024-08-06,assessment,mlb_statcast,True,False,global,7f6d93243a7e47d3a78948198dce6f30,bb4dcd5a4c431b74b20b93b9ff6ea5e6af09e5ea1ebcb52b60595efbdde9d59a
746527,657277,85,24,2024-07-20,assessment,mlb_statcast,False,False,global,7f6d93243a7e47d3a78948198dce6f30,bb4dcd5a4c431b74b20b93b9ff6ea5e6af09e5ea1ebcb52b60595efbdde9d59a
746527,657277,94,27,2024-07-20,assessment,mlb_statcast,False,False,global,7f6d93243a7e47d3a78948198dce6f30,bb4dcd5a4c431b74b20b93b9ff6ea5e6af09e5ea1ebcb52b60595efbdde9d59a
746533,666142,80,23,2024-07-05,assessment,mlb_statcast,True,False,global,7f6d93243a7e47d3a78948198dce6f30,bb4dcd5a4c431b74b20b93b9ff6ea5e6af09e5ea1ebcb52b60595efbdde9d59a
746593,594902,94,24,2024-08-30,assessment,mlb_statcast,True,False,global,7f6d93243a7e47d3a78948198dce6f30,bb4dcd5a4c431b74b20b93b9ff6ea5e6af09e5ea1ebcb52b60595efbdde9d59a
746599,594902,90,24,2024-08-24,assessment,mlb_statcast,True,False,global,7f6d93243a7e47d3a78948198dce6f30,bb4dcd5a4c431b74b20b93b9ff6ea5e6af09e5ea1ebcb52b60595efbdde9d59a
746600,671106,79,20,2024-08-05,assessment,mlb_statcast,False,False,global,7f6d93243a7e47d3a78948198dce6f30,bb4dcd5a4c431b74b20b93b9ff6ea5e6af09e5ea1ebcb52b60595efbdde9d59a
746604,594902,93,23,2024-08-07,assessment,mlb_statcast,False,False,global,7f6d93243a7e47d3a78948198dce6f30,bb4dcd5a4c431b74b20b93b9ff6ea5e6af09e5ea1ebcb52b60595efbdde9d59a
746606,669203,81,20,2024-08-04,assessment,mlb_statcast,True,True,global,7f6d93243a7e47d3a78948198dce6f30,bb4dcd5a4c431b74b20b93b9ff6ea5e6af09e5ea1ebcb52b60595efbdde9d59a
746613,656302,80,18,2024-07-20,assessment,mlb_statcast,True,False,global,7f6d93243a7e47d3a78948198dce6f30,bb4dcd5a4c431b74b20b93b9ff6ea5e6af09e5ea1ebcb52b60595efbdde9d59a
746615,671106,71,18,2024-07-06,assessment,mlb_statcast,True,False,global,7f6d93243a7e47d3a78948198dce6f30,bb4dcd5a4c431b74b20b93b9ff6ea5e6af09e5ea1ebcb52b60595efbdde9d59a
746619,594902,92,25,2024-07-04,assessment,mlb_statcast,True,False,global,7f6d93243a7e47d3a78948198dce6f30,bb4dcd5a4c431b74b20b93b9ff6ea5e6af09e5ea1ebcb52b60595efbdde9d59a
746628,666142,91,20,2024-08-26,assessment,mlb_statcast,True,False,global,7f6d93243a7e47d3a78948198dce6f30,bb4dcd5a4c431b74b20b93b9ff6ea5e6af09e5ea1ebcb52b60595efbdde9d59a
746663,519242,75,17,2024-09-19,assessment,mlb_statcast,True,False,global,7f6d93243a7e47d3a78948198dce6f30,bb4dcd5a4c431b74b20b93b9ff6ea5e6af09e5ea1ebcb52b60595efbdde9d59a
746673,668881,92,23,2024-08-13,assessment,mlb_statcast,True,False,global,7f6d93243a7e47d3a78948198dce6f30,bb4dcd5a4c431b74b20b93b9ff6ea5e6af09e5ea1ebcb52b60595efbdde9d59a
746676,663903,69,15,2024-08-18,assessment,mlb_statcast,True,False,global,7f6d93243a7e47d3a78948198dce6f30,bb4dcd5a4c431b74b20b93b9ff6ea5e6af09e5ea1ebcb52b60595efbdde9d59a
746677,502043,76,17,2024-08-14,assessment,mlb_statcast,True,True,global,7f6d93243a7e47d3a78948198dce6f30,bb4dcd5a4c431b74b20b93b9ff6ea5e6af09e5ea1ebcb52b60595efbdde9d59a
746681,668881,99,21,2024-08-03,assessment,mlb_statcast,False,False,global,7f6d93243a7e47d3a78948198dce6f30,bb4dcd5a4c431b74b20b93b9ff6ea5e6af09e5ea1ebcb52b60595efbdde9d59a
746688,668881,93,21,2024-07-11,assessment,mlb_statcast,False,False,global,7f6d93243a7e47d3a78948198dce6f30,bb4dcd5a4c431b74b20b93b9ff6ea5e6af09e5ea1ebcb52b60595efbdde9d59a
746689,607536,79,24,2024-07-10,assessment,mlb_statcast,True,True,global,7f6d93243a7e47d3a78948198dce6f30,bb4dcd5a4c431b74b20b93b9ff6ea5e6af09e5ea1ebcb52b60595efbdde9d59a
746694,668881,95,21,2024-07-06,assessment,mlb_statcast,False,False,global,7f6d93243a7e47d3a78948198dce6f30,bb4dcd5a4c431b74b20b93b9ff6ea5e6af09e5ea1ebcb52b60595efbdde9d59a
746750,640455,81,23,2024-09-01,assessment,mlb_statcast,True,False,global,7f6d93243a7e47d3a78948198dce6f30,bb4dcd5a4c431b74b20b93b9ff6ea5e6af09e5ea1ebcb52b60595efbdde9d59a
746764,663903,81,25,2024-07-31,assessment,mlb_statcast,False,False,global,7f6d93243a7e47d3a78948198dce6f30,bb4dcd5a4c431b74b20b93b9ff6ea5e6af09e5ea1ebcb52b60595efbdde9d59a
746827,543037,94,23,2024-09-08,assessment,mlb_statcast,False,False,global,7f6d93243a7e47d3a78948198dce6f30,bb4dcd5a4c431b74b20b93b9ff6ea5e6af09e5ea1ebcb52b60595efbdde9d59a
746846,502043,85,24,2024-08-03,assessment,mlb_statcast,False,False,global,7f6d93243a7e47d3a78948198dce6f30,bb4dcd5a4c431b74b20b93b9ff6ea5e6af09e5ea1ebcb52b60595efbdde9d59a
746854,669194,85,20,2024-07-19,assessment,mlb_statcast,False,False,global,7f6d93243a7e47d3a78948198dce6f30,bb4dcd5a4c431b74b20b93b9ff6ea5e6af09e5ea1ebcb52b60595efbdde9d59a
746856,542881,89,24,2024-07-06,assessment,mlb_statcast,False,False,global,7f6d93243a7e47d3a78948198dce6f30,bb4dcd5a4c431b74b20b93b9ff6ea5e6af09e5ea1ebcb52b60595efbdde9d59a
746857,650911,63,19,2024-07-04,assessment,mlb_statcast,True,False,global,7f6d93243a7e47d3a78948198dce6f30,bb4dcd5a4c431b74b20b93b9ff6ea5e6af09e5ea1ebcb52b60595efbdde9d59a
746858,554430,92,24,2024-07-03,assessment,mlb_statcast,False,False,global,7f6d93243a7e47d3a78948198dce6f30,bb4dcd5a4c431b74b20b93b9ff6ea5e6af09e5ea1ebcb52b60595efbdde9d59a
746920,669194,86,22,2024-08-23,assessment,mlb_statcast,True,True,global,7f6d93243a7e47d3a78948198dce6f30,bb4dcd5a4c431b74b20b93b9ff6ea5e6af09e5ea1ebcb52b60595efbdde9d59a
746933,641482,76,26,2024-07-26,assessment,mlb_statcast,False,False,global,7f6d93243a7e47d3a78948198dce6f30,bb4dcd5a4c431b74b20b93b9ff6ea5e6af09e5ea1ebcb52b60595efbdde9d59a
746933,641482,80,26,2024-07-26,assessment,mlb_statcast,False,False,global,7f6d93243a7e47d3a78948198dce6f30,bb4dcd5a4c431b74b20b93b9ff6ea5e6af09e5ea1ebcb52b60595efbdde9d59a
746936,666142,92,23,2024-07-12,assessment,mlb_statcast,False,False,global,7f6d93243a7e47d3a78948198dce6f30,bb4dcd5a4c431b74b20b93b9ff6ea5e6af09e5ea1ebcb52b60595efbdde9d59a
746985,657277,93,21,2024-09-19,assessment,mlb_statcast,False,False,global,7f6d93243a7e47d3a78948198dce6f30,bb4dcd5a4c431b74b20b93b9ff6ea5e6af09e5ea1ebcb52b60595efbdde9d59a
746985,657277,95,21,2024-09-19,assessment,mlb_statcast,False,False,global,7f6d93243a7e47d3a78948198dce6f30,bb4dcd5a4c431b74b20b93b9ff6ea5e6af09e5ea1ebcb52b60595efbdde9d59a
746989,669203,84,24,2024-09-08,assessment,mlb_statcast,False,False,global,7f6d93243a7e47d3a78948198dce6f30,bb4dcd5a4c431b74b20b93b9ff6ea5e6af09e5ea1ebcb52b60595efbdde9d59a
746992,669203,31,9,2024-09-02,assessment,mlb_statcast,True,False,global,7f6d93243a7e47d3a78948198dce6f30,bb4dcd5a4c431b74b20b93b9ff6ea5e6af09e5ea1ebcb52b60595efbdde9d59a
746992,669203,76,18,2024-09-02,assessment,mlb_statcast,False,False,global,7f6d93243a7e47d3a78948198dce6f30,bb4dcd5a4c431b74b20b93b9ff6ea5e6af09e5ea1ebcb52b60595efbdde9d59a
746992,669203,78,18,2024-09-02,assessment,mlb_statcast,False,False,global,7f6d93243a7e47d3a78948198dce6f30,bb4dcd5a4c431b74b20b93b9ff6ea5e6af09e5ea1ebcb52b60595efbdde9d59a
746992,669203,87,20,2024-09-02,assessment,mlb_statcast,False,False,global,7f6d93243a7e47d3a78948198dce6f30,bb4dcd5a4c431b74b20b93b9ff6ea5e6af09e5ea1ebcb52b60595efbdde9d59a
747005,669203,74,22,2024-07-30,assessment,mlb_statcast,True,True,global,7f6d93243a7e47d3a78948198dce6f30,bb4dcd5a4c431b74b20b93b9ff6ea5e6af09e5ea1ebcb52b60595efbdde9d59a
747006,650633,73,16,2024-07-27,assessment,mlb_statcast,True,False,global,7f6d93243a7e47d3a78948198dce6f30,bb4dcd5a4c431b74b20b93b9ff6ea5e6af09e5ea1ebcb52b60595efbdde9d59a
747012,543037,82,19,2024-07-12,assessment,mlb_statcast,True,True,global,7f6d93243a7e47d3a78948198dce6f30,bb4dcd5a4c431b74b20b93b9ff6ea5e6af09e5ea1ebcb52b60595efbdde9d59a
747015,669203,84,23,2024-07-10,assessment,mlb_statcast,False,False,global,7f6d93243a7e47d3a78948198dce6f30,bb4dcd5a4c431b74b20b93b9ff6ea5e6af09e5ea1ebcb52b60595efbdde9d59a
747061,679525,74,21,2024-09-29,assessment,mlb_statcast,False,False,global,7f6d93243a7e47d3a78948198dce6f30,bb4dcd5a4c431b74b20b93b9ff6ea5e6af09e5ea1ebcb52b60595efbdde9d59a
747072,519242,82,19,2024-09-08,assessment,mlb_statcast,True,False,global,7f6d93243a7e47d3a78948198dce6f30,bb4dcd5a4c431b74b20b93b9ff6ea5e6af09e5ea1ebcb52b60595efbdde9d59a
747074,592332,81,20,2024-09-06,assessment,mlb_statcast,True,False,global,7f6d93243a7e47d3a78948198dce6f30,bb4dcd5a4c431b74b20b93b9ff6ea5e6af09e5ea1ebcb52b60595efbdde9d59a
747080,519242,90,27,2024-08-23,assessment,mlb_statcast,True,False,global,7f6d93243a7e47d3a78948198dce6f30,bb4dcd5a4c431b74b20b93b9ff6ea5e6af09e5ea1ebcb52b60595efbdde9d59a
747082,650911,94,26,2024-08-22,assessment,mlb_statcast,True,False,global,7f6d93243a7e47d3a78948198dce6f30,bb4dcd5a4c431b74b20b93b9ff6ea5e6af09e5ea1ebcb52b60595efbdde9d59a
747083,554430,92,24,2024-08-20,assessment,mlb_statcast,False,False,global,7f6d93243a7e47d3a78948198dce6f30,bb4dcd5a4c431b74b20b93b9ff6ea5e6af09e5ea1ebcb52b60595efbdde9d59a
747085,519242,85,22,2024-08-07,assessment,mlb_statcast,False,False,global,7f6d93243a7e47d3a78948198dce6f30,bb4dcd5a4c431b74b20b93b9ff6ea5e6af09e5ea1ebcb52b60595efbdde9d59a
747088,665795,75,15,2024-08-04,assessment,mlb_statcast,True,False,global,7f6d93243a7e47d3a78948198dce6f30,bb4dcd5a4c431b74b20b93b9ff6ea5e6af09e5ea1ebcb52b60595efbdde9d59a
747093,502043,85,21,2024-07-20,assessment,mlb_statcast,True,False,global,7f6d93243a7e47d3a78948198dce6f30,bb4dcd5a4c431b74b20b93b9ff6ea5e6af09e5ea1ebcb52b60595efbdde9d59a
747095,668881,78,20,2024-07-22,assessment,mlb_statcast,True,False,global,7f6d93243a7e47d3a78948198dce6f30,bb4dcd5a4c431b74b20b93b9ff6ea5e6af09e5ea1ebcb52b60595efbdde9d59a
747097,605400,101,23,2024-07-05,assessment,mlb_statcast,False,False,global,7f6d93243a7e47d3a78948198dce6f30,bb4dcd5a4c431b74b20b93b9ff6ea5e6af09e5ea1ebcb52b60595efbdde9d59a
747149,657277,89,21,2024-09-24,assessment,mlb_statcast,False,False,global,7f6d93243a7e47d3a78948198dce6f30,bb4dcd5a4c431b74b20b93b9ff6ea5e6af09e5ea1ebcb52b60595efbdde9d59a
747159,669194,95,25,2024-08-29,assessment,mlb_statcast,False,False,global,7f6d93243a7e47d3a78948198dce6f30,bb4dcd5a4c431b74b20b93b9ff6ea5e6af09e5ea1ebcb52b60595efbdde9d59a
747161,593958,88,22,2024-08-28,assessment,mlb_statcast,False,False,global,7f6d93243a7e47d3a78948198dce6f30,bb4dcd5a4c431b74b20b93b9ff6ea5e6af09e5ea1ebcb52b60595efbdde9d59a
747161,622663,73,17,2024-08-28,assessment,mlb_statcast,True,True,global,7f6d93243a7e47d3a78948198dce6f30,bb4dcd5a4c431b74b20b93b9ff6ea5e6af09e5ea1ebcb52b60595efbdde9d59a
747162,640455,85,20,2024-08-27,assessment,mlb_statcast,True,True,global,7f6d93243a7e47d3a78948198dce6f30,bb4dcd5a4c431b74b20b93b9ff6ea5e6af09e5ea1ebcb52b60595efbdde9d59a
747166,650911,90,26,2024-08-11,assessment,mlb_statcast,False,False,global,7f6d93243a7e47d3a78948198dce6f30,bb4dcd5a4c431b74b20b93b9ff6ea5e6af09e5ea1ebcb52b60595efbdde9d59a
747167,669194,83,19,2024-07-30,assessment,mlb_statcast,True,False,global,7f6d93243a7e47d3a78948198dce6f30,bb4dcd5a4c431b74b20b93b9ff6ea5e6af09e5ea1ebcb52b60595efbdde9d59a
747168,554430,89,22,2024-08-09,assessment,mlb_statcast,False,False,global,7f6d93243a7e47d3a78948198dce6f30,bb4dcd5a4c431b74b20b93b9ff6ea5e6af09e5ea1ebcb52b60595efbdde9d59a
747168,669194,76,21,2024-08-09,assessment,mlb_statcast,True,False,global,7f6d93243a7e47d3a78948198dce6f30,bb4dcd5a4c431b74b20b93b9ff6ea5e6af09e5ea1ebcb52b60595efbdde9d59a
747175,669194,93,26,2024-07-12,assessment,mlb_statcast,False,False,global,7f6d93243a7e47d3a78948198dce6f30,bb4dcd5a4c431b74b20b93b9ff6ea5e6af09e5ea1ebcb52b60595efbdde9d59a
747180,519242,87,20,2024-07-09,assessment,mlb_statcast,False,False,global,7f6d93243a7e47d3a78948198dce6f30,bb4dcd5a4c431b74b20b93b9ff6ea5e6af09e5ea1ebcb52b60595efbdde9d59a
744798,605400,66,16,2024-09-29,assessment,mlb_statcast,True,False,scale_half,7f6d93243a7e47d3a78948198dce6f30,bb4dcd5a4c431b74b20b93b9ff6ea5e6af09e5ea1ebcb52b60595efbdde9d59a
744800,665795,70,17,2024-09-13,assessment,mlb_statcast,True,False,scale_half,7f6d93243a7e47d3a78948198dce6f30,bb4dcd5a4c431b74b20b93b9ff6ea5e6af09e5ea1ebcb52b60595efbdde9d59a
744811,543037,78,21,2024-08-27,assessment,mlb_statcast,False,False,scale_half,7f6d93243a7e47d3a78948198dce6f30,bb4dcd5a4c431b74b20b93b9ff6ea5e6af09e5ea1ebcb52b60595efbdde9d59a
744813,641482,90,26,2024-08-26,assessment,mlb_statcast,True,False,scale_half,7f6d93243a7e47d3a78948198dce6f30,bb4dcd5a4c431b74b20b93b9ff6ea5e6af09e5ea1ebcb52b60595efbdde9d59a
744821,657277,94,23,2024-08-05,assessment,mlb_statcast,True,False,scale_half,7f6d93243a7e47d3a78948198dce6f30,bb4dcd5a4c431b74b20b93b9ff6ea5e6af09e5ea1ebcb52b60595efbdde9d59a
744823,650644,57,13,2024-08-03,assessment,mlb_statcast,True,False,scale_half,7f6d93243a7e47d3a78948198dce6f30,bb4dcd5a4c431b74b20b93b9ff6ea5e6af09e5ea1ebcb52b60595efbdde9d59a
744827,656302,62,14,2024-07-25,assessment,mlb_statcast,True,False,scale_half,7f6d93243a7e47d3a78948198dce6f30,bb4dcd5a4c431b74b20b93b9ff6ea5e6af09e5ea1ebcb52b60595efbdde9d59a
744838,640455,90,27,2024-07-02,assessment,mlb_statcast,False,False,scale_half,7f6d93243a7e47d3a78948198dce6f30,bb4dcd5a4c431b74b20b93b9ff6ea5e6af09e5ea1ebcb52b60595efbdde9d59a
744881,640455,103,26,2024-09-11,assessment,mlb_statcast,True,True,scale_half,7f6d93243a7e47d3a78948198dce6f30,bb4dcd5a4c431b74b20b93b9ff6ea5e6af09e5ea1ebcb52b60595efbdde9d59a
744887,650911,59,17,2024-09-04,assessment,mlb_statcast,True,False,scale_half,7f6d93243a7e47d3a78948198dce6f30,bb4dcd5a4c431b74b20b93b9ff6ea5e6af09e5ea1ebcb52b60595efbdde9d59a
744906,579328,73,18,2024-07-26,assessment,mlb_statcast,True,False,scale_half,7f6d93243a7e47d3a78948198dce6f30,bb4dcd5a4c431b74b20b93b9ff6ea5e6af09e5ea1ebcb52b60595efbdde9d59a
744910,579328,69,17,2024-07-20,assessment,mlb_statcast,True,False,scale_half,7f6d93243a7e47d3a78948198dce6f30,bb4dcd5a4c431b74b20b93b9ff6ea5e6af09e5ea1ebcb52b60595efbdde9d59a
744911,656427,81,19,2024-07-19,assessment,mlb_statcast,True,True,scale_half,7f6d93243a7e47d3a78948198dce6f30,bb4dcd5a4c431b74b20b93b9ff6ea5e6af09e5ea1ebcb52b60595efbdde9d59a
744915,579328,70,16,2024-07-03,assessment,mlb_statcast,True,False,scale_half,7f6d93243a7e47d3a78948198dce6f30,bb4dcd5a4c431b74b20b93b9ff6ea5e6af09e5ea1ebcb52b60595efbdde9d59a
744972,543037,67,18,2024-09-02,assessment,mlb_statcast,True,False,scale_half,7f6d93243a7e47d3a78948198dce6f30,bb4dcd5a4c431b74b20b93b9ff6ea5e6af09e5ea1ebcb52b60595efbdde9d59a
744981,579328,55,15,2024-08-07,assessment,mlb_statcast,True,False,scale_half,7f6d93243a7e47d3a78948198dce6f30,bb4dcd5a4c431b74b20b93b9ff6ea5e6af09e5ea1ebcb52b60595efbdde9d59a
744990,669203,64,16,2024-07-19,assessment,mlb_statcast,True,False,scale_half,7f6d93243a7e47d3a78948198dce6f30,bb4dcd5a4c431b74b20b93b9ff6ea5e6af09e5ea1ebcb52b60595efbdde9d59a
744999,656302,56,12,2024-07-02,assessment,mlb_statcast,True,False,scale_half,7f6d93243a7e47d3a78948198dce6f30,bb4dcd5a4c431b74b20b93b9ff6ea5e6af09e5ea1ebcb52b60595efbdde9d59a
745048,656302,73,18,2024-09-01,assessment,mlb_statcast,True,True,scale_half,7f6d93243a7e47d3a78948198dce6f30,bb4dcd5a4c431b74b20b93b9ff6ea5e6af09e5ea1ebcb52b60595efbdde9d59a
745052,527048,67,15,2024-08-30,assessment,mlb_statcast,True,False,scale_half,7f6d93243a7e47d3a78948198dce6f30,bb4dcd5a4c431b74b20b93b9ff6ea5e6af09e5ea1ebcb52b60595efbdde9d59a
745054,669194,59,16,2024-08-16,assessment,mlb_statcast,True,False,scale_half,7f6d93243a7e47d3a78948198dce6f30,bb4dcd5a4c431b74b20b93b9ff6ea5e6af09e5ea1ebcb52b60595efbdde9d59a
745055,579328,77,16,2024-08-13,assessment,mlb_statcast,True,False,scale_half,7f6d93243a7e47d3a78948198dce6f30,bb4dcd5a4c431b74b20b93b9ff6ea5e6af09e5ea1ebcb52b60595efbdde9d59a
745056,669203,54,13,2024-08-10,assessment,mlb_statcast,True,True,scale_half,7f6d93243a7e47d3a78948198dce6f30,bb4dcd5a4c431b74b20b93b9ff6ea5e6af09e5ea1ebcb52b60595efbdde9d59a
745056,669203,68,17,2024-08-10,assessment,mlb_statcast,True,True,scale_half,7f6d93243a7e47d3a78948198dce6f30,bb4dcd5a4c431b74b20b93b9ff6ea5e6af09e5ea1ebcb52b60595efbdde9d59a
745060,665795,67,16,2024-07-30,assessment,mlb_statcast,True,False,scale_half,7f6d93243a7e47d3a78948198dce6f30,bb4dcd5a4c431b74b20b93b9ff6ea5e6af09e5ea1ebcb52b60595efbdde9d59a
745063,668881,65,18,2024-07-28,assessment,mlb_statcast,True,True,scale_half,7f6d93243a7e47d3a78948198dce6f30,bb4dcd5a4c431b74b20b93b9ff6ea5e6af09e5ea1ebcb52b60595efbdde9d59a
745065,641482,87,21,2024-07-11,assessment,mlb_statcast,True,True,scale_half,7f6d93243a7e47d3a78948198dce6f30,bb4dcd5a4c431b74b20b93b9ff6ea5e6af09e5ea1ebcb52b60595efbdde9d59a
745125,502043,105,25,2024-09-07,assessment,mlb_statcast,True,True,scale_half,7f6d93243a7e47d3a78948198dce6f30,bb4dcd5a4c431b74b20b93b9ff6ea5e6af09e5ea1ebcb52b60595efbdde9d59a
745132,656302,85,22,2024-08-27,assessment,mlb_statcast,False,False,scale_half,7f6d93243a7e47d3a78948198dce6f30,bb4dcd5a4c431b74b20b93b9ff6ea5e6af09e5ea1ebcb52b60595efbdde9d59a
745132,656302,89,23,2024-08-27,assessment,mlb_statcast,False,False,scale_half,7f6d93243a7e47d3a78948198dce6f30,bb4dcd5a4c431b74b20b93b9ff6ea5e6af09e5ea1ebcb52b60595efbdde9d59a
745134,605397,73,22,2024-08-28,assessment,mlb_statcast,True,True,scale_half,7f6d93243a7e47d3a78948198dce6f30,bb4dcd5a4c431b74b20b93b9ff6ea5e6af09e5ea1ebcb52b60595efbdde9d59a
745135,650633,100,22,2024-08-29,assessment,mlb_statcast,True,True,scale_half,7f6d93243a7e47d3a78948198dce6f30,bb4dcd5a4c431b74b20b93b9ff6ea5e6af09e5ea1ebcb52b60595efbdde9d59a
745153,543294,69,19,2024-07-12,assessment,mlb_statcast,True,False,scale_half,7f6d93243a7e47d3a78948198dce6f30,bb4dcd5a4c431b74b20b93b9ff6ea5e6af09e5ea1ebcb52b60595efbdde9d59a
745222,554430,55,15,2024-08-04,assessment,mlb_statcast,True,False,scale_half,7f6d93243a7e47d3a78948198dce6f30,bb4dcd5a4c431b74b20b93b9ff6ea5e6af09e5ea1ebcb52b60595efbdde9d59a
745222,554430,67,19,2024-08-04,assessment,mlb_statcast,True,True,scale_half,7f6d93243a7e47d3a78948198dce6f30,bb4dcd5a4c431b74b20b93b9ff6ea5e6af09e5ea1ebcb52b60595efbdde9d59a
745236,669203,67,15,2024-07-04,assessment,mlb_statcast,True,False,scale_half,7f6d93243a7e47d3a78948198dce6f30,bb4dcd5a4c431b74b20b93b9ff6ea5e6af09e5ea1ebcb52b60595efbdde9d59a
745237,592332,98,26,2024-07-05,assessment,mlb_statcast,True,False,scale_half,7f6d93243a7e47d3a78948198dce6f30,bb4dcd5a4c431b74b20b93b9ff6ea5e6af09e5ea1ebcb52b60595efbdde9d59a
745284,605397,72,18,2024-09-14,assessment,mlb_statcast,True,False,scale_half,7f6d93243a7e47d3a78948198dce6f30,bb4dcd5a4c431b74b20b93b9ff6ea5e6af09e5ea1ebcb52b60595efbdde9d59a
745286,656302,59,15,2024-09-13,assessment,mlb_statcast,True,False,scale_half,7f6d93243a7e47d3a78948198dce6f30,bb4dcd5a4c431b74b20b93b9ff6ea5e6af09e5ea1ebcb52b60595efbdde9d59a
745287,527048,62,15,2024-09-15,assessment,mlb_statcast,True,True,scale_half,7f6d93243a7e47d3a78948198dce6f30,bb4dcd5a4c431b74b20b93b9ff6ea5e6af09e5ea1ebcb52b60595efbdde9d59a
745291,650644,60,18,2024-09-10,assessment,mlb_statcast,False,False,scale_half,7f6d93243a7e47d3a78948198dce6f30,bb4dcd5a4c431b74b20b93b9ff6ea5e6af09e5ea1ebcb52b60595efbdde9d59a
745291,650644,65,20,2024-09-10,assessment,mlb_statcast,False,False,scale_half,7f6d93243a7e47d3a78948198dce6f30,bb4dcd5a4c431b74b20b93b9ff6ea5e6af09e5ea1ebcb52b60595efbdde9d59a
745292,657277,79,24,2024-09-01,assessment,mlb_statcast,False,False,scale_half,7f6d93243a7e47d3a78948198dce6f30,bb4dcd5a4c431b74b20b93b9ff6ea5e6af09e5ea1ebcb52b60595efbdde9d59a
745293,669194,56,14,2024-09-03,assessment,mlb_statcast,True,False,scale_half,7f6d93243a7e47d3a78948198dce6f30,bb4dcd5a4c431b74b20b93b9ff6ea5e6af09e5ea1ebcb52b60595efbdde9d59a
745296,665795,68,15,2024-08-31,assessment,mlb_statcast,True,False,scale_half,7f6d93243a7e47d3a78948198dce6f30,bb4dcd5a4c431b74b20b93b9ff6ea5e6af09e5ea1ebcb52b60595efbdde9d59a
745297,657277,90,25,2024-08-21,assessment,mlb_statcast,False,False,scale_half,7f6d93243a7e47d3a78948198dce6f30,bb4dcd5a4c431b74b20b93b9ff6ea5e6af09e5ea1ebcb52b60595efbdde9d59a
745298,657277,61,14,2024-08-15,assessment,mlb_statcast,True,False,scale_half,7f6d93243a7e47d3a78948198dce6f30,bb4dcd5a4c431b74b20b93b9ff6ea5e6af09e5ea1ebcb52b60595efbdde9d59a
745304,657277,42,14,2024-08-10,assessment,mlb_statcast,True,True,scale_half,7f6d93243a7e47d3a78948198dce6f30,bb4dcd5a4c431b74b20b93b9ff6ea5e6af09e5ea1ebcb52b60595efbdde9d59a
745306,657277,105,34,2024-07-31,assessment,mlb_statcast,False,False,scale_half,7f6d93243a7e47d3a78948198dce6f30,bb4dcd5a4c431b74b20b93b9ff6ea5e6af09e5ea1ebcb52b60595efbdde9d59a
745316,579328,72,19,2024-07-09,assessment,mlb_statcast,True,False,scale_half,7f6d93243a7e47d3a78948198dce6f30,bb4dcd5a4c431b74b20b93b9ff6ea5e6af09e5ea1ebcb52b60595efbdde9d59a
745360,527048,68,18,2024-09-21,assessment,mlb_statcast,True,True,scale_half,7f6d93243a7e47d3a78948198dce6f30,bb4dcd5a4c431b74b20b93b9ff6ea5e6af09e5ea1ebcb52b60595efbdde9d59a
745360,527048,76,21,2024-09-21,assessment,mlb_statcast,True,False,scale_half,7f6d93243a7e47d3a78948198dce6f30,bb4dcd5a4c431b74b20b93b9ff6ea5e6af09e5ea1ebcb52b60595efbdde9d59a
745360,527048,79,21,2024-09-21,assessment,mlb_statcast,True,False,scale_half,7f6d93243a7e47d3a78948198dce6f30,bb4dcd5a4c431b74b20b93b9ff6ea5e6af09e5ea1ebcb52b60595efbdde9d59a
745364,605397,65,17,2024-09-20,assessment,mlb_statcast,True,False,scale_half,7f6d93243a7e47d3a78948198dce6f30,bb4dcd5a4c431b74b20b93b9ff6ea5e6af09e5ea1ebcb52b60595efbdde9d59a
745365,656302,63,16,2024-09-18,assessment,mlb_statcast,True,True,scale_half,7f6d93243a7e47d3a78948198dce6f30,bb4dcd5a4c431b74b20b93b9ff6ea5e6af09e5ea1ebcb52b60595efbdde9d59a
745365,656302,74,20,2024-09-18,assessment,mlb_statcast,True,False,scale_half,7f6d93243a7e47d3a78948198dce6f30,bb4dcd5a4c431b74b20b93b9ff6ea5e6af09e5ea1ebcb52b60595efbdde9d59a
745369,527048,69,21,2024-09-05,assessment,mlb_statcast,True,True,scale_half,7f6d93243a7e47d3a78948198dce6f30,bb4dcd5a4c431b74b20b93b9ff6ea5e6af09e5ea1ebcb52b60595efbdde9d59a
745372,656302,70,17,2024-09-07,assessment,mlb_statcast,True,False,scale_half,7f6d93243a7e47d3a78948198dce6f30,bb4dcd5a4c431b74b20b93b9ff6ea5e6af09e5ea1ebcb52b60595efbdde9d59a
745372,656302,73,18,2024-09-07,assessment,mlb_statcast,True,False,scale_half,7f6d93243a7e47d3a78948198dce6f30,bb4dcd5a4c431b74b20b93b9ff6ea5e6af09e5ea1ebcb52b60595efbdde9d59a
745372,656302,82,21,2024-09-07,assessment,mlb_statcast,True,False,scale_half,7f6d93243a7e47d3a78948198dce6f30,bb4dcd5a4c431b74b20b93b9ff6ea5e6af09e5ea1ebcb52b60595efbdde9d59a
745373,605397,56,15,2024-09-02,assessment,mlb_statcast,True,False,scale_half,7f6d93243a7e47d3a78948198dce6f30,bb4dcd5a4c431b74b20b93b9ff6ea5e6af09e5ea1ebcb52b60595efbdde9d59a
745376,527048,71,17,2024-08-25,assessment,mlb_statcast,True,False,scale_half,7f6d93243a7e47d3a78948198dce6f30,bb4dcd5a4c431b74b20b93b9ff6ea5e6af09e5ea1ebcb52b60595efbdde9d59a
745378,605397,51,14,2024-08-23,assessment,mlb_statcast,True,False,scale_half,7f6d93243a7e47d3a78948198dce6f30,bb4dcd5a4c431b74b20b93b9ff6ea5e6af09e5ea1ebcb52b60595efbdde9d59a
745379,656302,79,22,2024-08-22,assessment,mlb_statcast,True,False,scale_half,7f6d93243a7e47d3a78948198dce6f30,bb4dcd5a4c431b74b20b93b9ff6ea5e6af09e5ea1ebcb52b60595efbdde9d59a
745379,656302,85,24,2024-08-22,assessment,mlb_statcast,True,False,scale_half,7f6d93243a7e47d3a78948198dce6f30,bb4dcd5a4c431b74b20b93b9ff6ea5e6af09e5ea1ebcb52b60595efbdde9d59a
745379,656302,89,25,2024-08-22,assessment,mlb_statcast,True,False,scale_half,7f6d93243a7e47d3a78948198dce6f30,bb4dcd5a4c431b74b20b93b9ff6ea5e6af09e5ea1ebcb52b60595efbdde9d59a
745379,656302,96,27,2024-08-22,assessment,mlb_statcast,False,False,scale_half,7f6d93243a7e47d3a78948198dce6f30,bb4dcd5a4c431b74b20b93b9ff6ea5e6af09e5ea1ebcb52b60595efbdde9d59a
745379,656302,102,28,2024-08-22,assessment,mlb_statcast,False,False,scale_half,7f6d93243a7e47d3a78948198dce6f30,bb4dcd5a4c431b74b20b93b9ff6ea5e6af09e5ea1ebcb52b60595efbdde9d59a
745381,527048,75,18,2024-08-14,assessment,mlb_statcast,True,False,scale_half,7f6d93243a7e47d3a78948198dce6f30,bb4dcd5a4c431b74b20b93b9ff6ea5e6af09e5ea1ebcb52b60595efbdde9d59a
745383,605397,63,17,2024-08-12,assessment,mlb_statcast,False,False,scale_half,7f6d93243a7e47d3a78948198dce6f30,bb4dcd5a4c431b74b20b93b9ff6ea5e6af09e5ea1ebcb52b60595efbdde9d59a
745386,656302,60,14,2024-07-31,assessment,mlb_statcast,True,True,scale_half,7f6d93243a7e47d3a78948198dce6f30,bb4dcd5a4c431b74b20b93b9ff6ea5e6af09e5ea1ebcb52b60595efbdde9d59a
745386,656302,81,19,2024-07-31,assessment,mlb_statcast,True,False,scale_half,7f6d93243a7e47d3a78948198dce6f30,bb4dcd5a4c431b74b20b93b9ff6ea5e6af09e5ea1ebcb52b60595efbdde9d59a
745388,527048,74,19,2024-08-03,assessment,mlb_statcast,False,False,scale_half,7f6d93243a7e47d3a78948198dce6f30,bb4dcd5a4c431b74b20b93b9ff6ea5e6af09e5ea1ebcb52b60595efbdde9d59a
745391,656302,65,16,2024-07-07,assessment,mlb_statcast,True,False,scale_half,7f6d93243a7e47d3a78948198dce6f30,bb4dcd5a4c431b74b20b93b9ff6ea5e6af09e5ea1ebcb52b60595efbdde9d59a
745391,656302,80,19,2024-07-07,assessment,mlb_statcast,True,False,scale_half,7f6d93243a7e47d3a78948198dce6f30,bb4dcd5a4c431b74b20b93b9ff6ea5e6af09e5ea1ebcb52b60595efbdde9d59a
745391,669194,68,16,2024-07-07,assessment,mlb_statcast,True,False,scale_half,7f6d93243a7e47d3a78948198dce6f30,bb4dcd5a4c431b74b20b93b9ff6ea5e6af09e5ea1ebcb52b60595efbdde9d59a
745392,656302,57,13,2024-07-13,assessment,mlb_statcast,True,True,scale_half,7f6d93243a7e47d3a78948198dce6f30,bb4dcd5a4c431b74b20b93b9ff6ea5e6af09e5ea1ebcb52b60595efbdde9d59a
745443,650644,67,18,2024-09-26,assessment,mlb_statcast,True,False,scale_half,7f6d93243a7e47d3a78948198dce6f30,bb4dcd5a4c431b74b20b93b9ff6ea5e6af09e5ea1ebcb52b60595efbdde9d59a
745447,679525,96,23,2024-09-13,assessment,mlb_statcast,True,False,scale_half,7f6d93243a7e47d3a78948198dce6f30,bb4dcd5a4c431b74b20b93b9ff6ea5e6af09e5ea1ebcb52b60595efbdde9d59a
745449,663903,82,23,2024-09-15,assessment,mlb_statcast,True,False,scale_half,7f6d93243a7e47d3a78948198dce6f30,bb4dcd5a4c431b74b20b93b9ff6ea5e6af09e5ea1ebcb52b60595efbdde9d59a
745452,543294,62,14,2024-08-28,assessment,mlb_statcast,True,False,scale_half,7f6d93243a7e47d3a78948198dce6f30,bb4dcd5a4c431b74b20b93b9ff6ea5e6af09e5ea1ebcb52b60595efbdde9d59a
745468,669194,69,15,2024-08-04,assessment,mlb_statcast,True,False,scale_half,7f6d93243a7e47d3a78948198dce6f30,bb4dcd5a4c431b74b20b93b9ff6ea5e6af09e5ea1ebcb52b60595efbdde9d59a
745472,527048,76,23,2024-07-24,assessment,mlb_statcast,True,True,scale_half,7f6d93243a7e47d3a78948198dce6f30,bb4dcd5a4c431b74b20b93b9ff6ea5e6af09e5ea1ebcb52b60595efbdde9d59a
745478,650911,82,21,2024-07-20,assessment,mlb_statcast,True,False,scale_half,7f6d93243a7e47d3a78948198dce6f30,bb4dcd5a4c431b74b20b93b9ff6ea5e6af09e5ea1ebcb52b60595efbdde9d59a
745479,622663,80,25,2024-07-05,assessment,mlb_statcast,True,True,scale_half,7f6d93243a7e47d3a78948198dce6f30,bb4dcd5a4c431b74b20b93b9ff6ea5e6af09e5ea1ebcb52b60595efbdde9d59a
745481,527048,67,18,2024-07-19,assessment,mlb_statcast,True,True,scale_half,7f6d93243a7e47d3a78948198dce6f30,bb4dcd5a4c431b74b20b93b9ff6ea5e6af09e5ea1ebcb52b60595efbdde9d59a
745481,605400,69,19,2024-07-19,assessment,mlb_statcast,False,False,scale_half,7f6d93243a7e47d3a78948198dce6f30,bb4dcd5a4c431b74b20b93b9ff6ea5e6af09e5ea1ebcb52b60595efbdde9d59a
745484,527048,73,22,2024-07-04,assessment,mlb_statcast,True,False,scale_half,7f6d93243a7e47d3a78948198dce6f30,bb4dcd5a4c431b74b20b93b9ff6ea5e6af09e5ea1ebcb52b60595efbdde9d59a
745521,650911,86,20,2024-09-25,assessment,mlb_statcast,True,False,scale_half,7f6d93243a7e47d3a78948198dce6f30,bb4dcd5a4c431b74b20b93b9ff6ea5e6af09e5ea1ebcb52b60595efbdde9d59a
745527,605400,74,20,2024-09-23,assessment,mlb_statcast,True,False,scale_half,7f6d93243a7e47d3a78948198dce6f30,bb4dcd5a4c431b74b20b93b9ff6ea5e6af09e5ea1ebcb52b60595efbdde9d59a
745529,605400,64,15,2024-09-13,assessment,mlb_statcast,True,True,scale_half,7f6d93243a7e47d3a78948198dce6f30,bb4dcd5a4c431b74b20b93b9ff6ea5e6af09e5ea1ebcb52b60595efbdde9d59a
745531,650911,87,23,2024-08-29,assessment,mlb_statcast,True,False,scale_half,7f6d93243a7e47d3a78948198dce6f30,bb4dcd5a4c431b74b20b93b9ff6ea5e6af09e5ea1ebcb52b60595efbdde9d59a
745534,650911,78,20,2024-09-09,assessment,mlb_statcast,True,False,scale_half,7f6d93243a7e47d3a78948198dce6f30,bb4dcd5a4c431b74b20b93b9ff6ea5e6af09e5ea1ebcb52b60595efbdde9d59a
745536,605400,74,17,2024-09-01,assessment,mlb_statcast,True,False,scale_half,7f6d93243a7e47d3a78948198dce6f30,bb4dcd5a4c431b74b20b93b9ff6ea5e6af09e5ea1ebcb52b60595efbdde9d59a
745537,650911,98,28,2024-08-17,assessment,mlb_statcast,False,False,scale_half,7f6d93243a7e47d3a78948198dce6f30,bb4dcd5a4c431b74b20b93b9ff6ea5e6af09e5ea1ebcb52b60595efbdde9d59a
745540,605400,75,19,2024-08-27,assessment,mlb_statcast,True,False,scale_half,7f6d93243a7e47d3a78948198dce6f30,bb4dcd5a4c431b74b20b93b9ff6ea5e6af09e5ea1ebcb52b60595efbdde9d59a
745542,605400,60,18,2024-08-16,assessment,mlb_statcast,True,False,scale_half,7f6d93243a7e47d3a78948198dce6f30,bb4dcd5a4c431b74b20b93b9ff6ea5e6af09e5ea1ebcb52b60595efbdde9d59a
745543,641482,71,15,2024-07-31,assessment,mlb_statcast,True,True,scale_half,7f6d93243a7e47d3a78948198dce6f30,bb4dcd5a4c431b74b20b93b9ff6ea5e6af09e5ea1ebcb52b60595efbdde9d59a
745543,641482,87,19,2024-07-31,assessment,mlb_statcast,False,False,scale_half,7f6d93243a7e47d3a78948198dce6f30,bb4dcd5a4c431b74b20b93b9ff6ea5e6af09e5ea1ebcb52b60595efbdde9d59a
745543,650911,80,22,2024-07-31,assessment,mlb_statcast,False,False,scale_half,7f6d93243a7e47d3a78948198dce6f30,bb4dcd5a4c431b74b20b93b9ff6ea5e6af09e5ea1ebcb52b60595efbdde9d59a
745544,665795,69,17,2024-08-14,assessment,mlb_statcast,True,True,scale_half,7f6d93243a7e47d3a78948198dce6f30,bb4dcd5a4c431b74b20b93b9ff6ea5e6af09e5ea1ebcb52b60595efbdde9d59a
745546,605400,80,24,2024-07-30,assessment,mlb_statcast,True,False,scale_half,7f6d93243a7e47d3a78948198dce6f30,bb4dcd5a4c431b74b20b93b9ff6ea5e6af09e5ea1ebcb52b60595efbdde9d59a
745554,594902,77,19,2024-07-26,assessment,mlb_statcast,True,False,scale_half,7f6d93243a7e47d3a78948198dce6f30,bb4dcd5a4c431b74b20b93b9ff6ea5e6af09e5ea1ebcb52b60595efbdde9d59a
745554,650911,86,29,2024-07-26,assessment,mlb_statcast,False,False,scale_half,7f6d93243a7e47d3a78948198dce6f30,bb4dcd5a4c431b74b20b93b9ff6ea5e6af09e5ea1ebcb52b60595efbdde9d59a
745558,605400,79,20,2024-07-11,assessment,mlb_statcast,True,False,scale_half,7f6d93243a7e47d3a78948198dce6f30,bb4dcd5a4c431b74b20b93b9ff6ea5e6af09e5ea1ebcb52b60595efbdde9d59a
745606,543037,84,26,2024-09-20,assessment,mlb_statcast,True,False,scale_half,7f6d93243a7e47d3a78948198dce6f30,bb4dcd5a4c431b74b20b93b9ff6ea5e6af09e5ea1ebcb52b60595efbdde9d59a
745606,543037,96,29,2024-09-20,assessment,mlb_statcast,False,False,scale_half,7f6d93243a7e47d3a78948198dce6f30,bb4dcd5a4c431b74b20b93b9ff6ea5e6af09e5ea1ebcb52b60595efbdde9d59a
745606,543037,99,29,2024-09-20,assessment,mlb_statcast,False,False,scale_half,7f6d93243a7e47d3a78948198dce6f30,bb4dcd5a4c431b74b20b93b9ff6ea5e6af09e5ea1ebcb52b60595efbdde9d59a
745625,650644,60,16,2024-08-23,assessment,mlb_statcast,True,False,scale_half,7f6d93243a7e47d3a78948198dce6f30,bb4dcd5a4c431b74b20b93b9ff6ea5e6af09e5ea1ebcb52b60595efbdde9d59a
745625,650644,63,16,2024-08-23,assessment,mlb_statcast,True,False,scale_half,7f6d93243a7e47d3a78948198dce6f30,bb4dcd5a4c431b74b20b93b9ff6ea5e6af09e5ea1ebcb52b60595efbdde9d59a
745625,650644,75,19,2024-08-23,assessment,mlb_statcast,False,False,scale_half,7f6d93243a7e47d3a78948198dce6f30,bb4dcd5a4c431b74b20b93b9ff6ea5e6af09e5ea1ebcb52b60595efbdde9d59a
745636,656427,89,22,2024-08-03,assessment,mlb_statcast,True,False,scale_half,7f6d93243a7e47d3a78948198dce6f30,bb4dcd5a4c431b74b20b93b9ff6ea5e6af09e5ea1ebcb52b60595efbdde9d59a
745691,543037,80,17,2024-09-26,assessment,mlb_statcast,True,True,scale_half,7f6d93243a7e47d3a78948198dce6f30,bb4dcd5a4c431b74b20b93b9ff6ea5e6af09e5ea1ebcb52b60595efbdde9d59a
745691,543037,83,17,2024-09-26,assessment,mlb_statcast,True,False,scale_half,7f6d93243a7e47d3a78948198dce6f30,bb4dcd5a4c431b74b20b93b9ff6ea5e6af09e5ea1ebcb52b60595efbdde9d59a
745694,573186,80,23,2024-09-10,assessment,mlb_statcast,False,False,scale_half,7f6d93243a7e47d3a78948198dce6f30,bb4dcd5a4c431b74b20b93b9ff6ea5e6af09e5ea1ebcb52b60595efbdde9d59a
745695,641482,82,18,2024-09-12,assessment,mlb_statcast,True,False,scale_half,7f6d93243a7e47d3a78948198dce6f30,bb4dcd5a4c431b74b20b93b9ff6ea5e6af09e5ea1ebcb52b60595efbdde9d59a
745698,663903,75,18,2024-09-09,assessment,mlb_statcast,True,False,scale_half,7f6d93243a7e47d3a78948198dce6f30,bb4dcd5a4c431b74b20b93b9ff6ea5e6af09e5ea1ebcb52b60595efbdde9d59a
745700,573186,70,19,2024-08-30,assessment,mlb_statcast,True,False,scale_half,7f6d93243a7e47d3a78948198dce6f30,bb4dcd5a4c431b74b20b93b9ff6ea5e6af09e5ea1ebcb52b60595efbdde9d59a
745700,573186,79,23,2024-08-30,assessment,mlb_statcast,True,False,scale_half,7f6d93243a7e47d3a78948198dce6f30,bb4dcd5a4c431b74b20b93b9ff6ea5e6af09e5ea1ebcb52b60595efbdde9d59a
745700,573186,84,25,2024-08-30,assessment,mlb_statcast,False,False,scale_half,7f6d93243a7e47d3a78948198dce6f30,bb4dcd5a4c431b74b20b93b9ff6ea5e6af09e5ea1ebcb52b60595efbdde9d59a
745700,573186,88,26,2024-08-30,assessment,mlb_statcast,False,False,scale_half,7f6d93243a7e47d3a78948198dce6f30,bb4dcd5a4c431b74b20b93b9ff6ea5e6af09e5ea1ebcb52b60595efbdde9d59a
745700,573186,90,26,2024-08-30,assessment,mlb_statcast,False,False,scale_half,7f6d93243a7e47d3a78948198dce6f30,bb4dcd5a4c431b74b20b93b9ff6ea5e6af09e5ea1ebcb52b60595efbdde9d59a
745700,573186,92,26,2024-08-30,assessment,mlb_statcast,False,False,scale_half,7f6d93243a7e47d3a78948198dce6f30,bb4dcd5a4c431b74b20b93b9ff6ea5e6af09e5ea1ebcb52b60595efbdde9d59a
745700,573186,94,27,2024-08-30,assessment,mlb_statcast,False,False,scale_half,7f6d93243a7e47d3a78948198dce6f30,bb4dcd5a4c431b74b20b93b9ff6ea5e6af09e5ea1ebcb52b60595efbdde9d59a
745700,573186,97,27,2024-08-30,assessment,mlb_statcast,False,False,scale_half,7f6d93243a7e47d3a78948198dce6f30,bb4dcd5a4c431b74b20b93b9ff6ea5e6af09e5ea1ebcb52b60595efbdde9d59a
745704,641482,80,21,2024-08-21,assessment,mlb_statcast,True,False,scale_half,7f6d93243a7e47d3a78948198dce6f30,bb4dcd5a4c431b74b20b93b9ff6ea5e6af09e5ea1ebcb52b60595efbdde9d59a
745704,641482,96,22,2024-08-21,assessment,mlb_statcast,False,False,scale_half,7f6d93243a7e47d3a78948198dce6f30,bb4dcd5a4c431b74b20b93b9ff6ea5e6af09e5ea1ebcb52b60595efbdde9d59a
745705,543037,71,17,2024-08-22,assessment,mlb_statcast,True,False,scale_half,7f6d93243a7e47d3a78948198dce6f30,bb4dcd5a4c431b74b20b93b9ff6ea5e6af09e5ea1ebcb52b60595efbdde9d59a
745706,573186,78,17,2024-08-25,assessment,mlb_statcast,True,True,scale_half,7f6d93243a7e47d3a78948198dce6f30,bb4dcd5a4c431b74b20b93b9ff6ea5e6af09e5ea1ebcb52b60595efbdde9d59a
745706,573186,92,21,2024-08-25,assessment,mlb_statcast,True,True,scale_half,7f6d93243a7e47d3a78948198dce6f30,bb4dcd5a4c431b74b20b93b9ff6ea5e6af09e5ea1ebcb52b60595efbdde9d59a
745708,543037,71,18,2024-08-10,assessment,mlb_statcast,True,False,scale_half,7f6d93243a7e47d3a78948198dce6f30,bb4dcd5a4c431b74b20b93b9ff6ea5e6af09e5ea1ebcb52b60595efbdde9d59a
745710,641482,72,18,2024-08-08,assessment,mlb_statcast,True,False,scale_half,7f6d93243a7e47d3a78948198dce6f30,bb4dcd5a4c431b74b20b93b9ff6ea5e6af09e5ea1ebcb52b60595efbdde9d59a
745710,641482,82,19,2024-08-08,assessment,mlb_statcast,True,False,scale_half,7f6d93243a7e47d3a78948198dce6f30,bb4dcd5a4c431b74b20b93b9ff6ea5e6af09e5ea1ebcb52b60595efbdde9d59a
745716,543037,88,25,2024-07-24,assessment,mlb_statcast,True,True,scale_half,7f6d93243a7e47d3a78948198dce6f30,bb4dcd5a4c431b74b20b93b9ff6ea5e6af09e5ea1ebcb52b60595efbdde9d59a
745716,543037,100,27,2024-07-24,assessment,mlb_statcast,True,False,scale_half,7f6d93243a7e47d3a78948198dce6f30,bb4dcd5a4c431b74b20b93b9ff6ea5e6af09e5ea1ebcb52b60595efbdde9d59a
745718,543037,77,21,2024-08-04,assessment,mlb_statcast,True,False,scale_half,7f6d93243a7e47d3a78948198dce6f30,bb4dcd5a4c431b74b20b93b9ff6ea5e6af09e5ea1ebcb52b60595efbdde9d59a
745720,641482,80,20,2024-07-20,assessment,mlb_statcast,True,True,scale_half,7f6d93243a7e47d3a78948198dce6f30,bb4dcd5a4c431b74b20b93b9ff6ea5e6af09e5ea1ebcb52b60595efbdde9d59a
745721,543037,72,17,2024-07-19,assessment,mlb_statcast,True,False,scale_half,7f6d93243a7e47d3a78948198dce6f30,bb4dcd5a4c431b74b20b93b9ff6ea5e6af09e5ea1ebcb52b60595efbdde9d59a
745722,573186,83,20,2024-07-21,assessment,mlb_statcast,True,False,scale_half,7f6d93243a7e47d3a78948198dce6f30,bb4dcd5a4c431b74b20b93b9ff6ea5e6af09e5ea1ebcb52b60595efbdde9d59a
745722,573186,85,20,2024-07-21,assessment,mlb_statcast,True,False,scale_half,7f6d93243a7e47d3a78948198dce6f30,bb4dcd5a4c431b74b20b93b9ff6ea5e6af09e5ea1ebcb52b60595efbdde9d59a
745722,573186,87,21,2024-07-21,assessment,mlb_statcast,False,False,scale_half,7f6d93243a7e47d3a78948198dce6f30,bb4dcd5a4c431b74b20b93b9ff6ea5e6af09e5ea1ebcb52b60595efbdde9d59a
745724,543037,57,14,2024-07-06,assessment,mlb_statcast,True,False,scale_half,7f6d93243a7e47d3a78948198dce6f30,bb4dcd5a4c431b74b20b93b9ff6ea5e6af09e5ea1ebcb52b60595efbdde9d59a
745725,641482,87,21,2024-07-05,assessment,mlb_statcast,False,False,scale_half,7f6d93243a7e47d3a78948198dce6f30,bb4dcd5a4c431b74b20b93b9ff6ea5e6af09e5ea1ebcb52b60595efbdde9d59a
745726,573186,79,19,2024-07-04,assessment,mlb_statcast,True,False,scale_half,7f6d93243a7e47d3a78948198dce6f30,bb4dcd5a4c431b74b20b93b9ff6ea5e6af09e5ea1ebcb52b60595efbdde9d59a
745726,573186,87,21,2024-07-04,assessment,mlb_statcast,False,False,scale_half,7f6d93243a7e47d3a78948198dce6f30,bb4dcd5a4c431b74b20b93b9ff6ea5e6af09e5ea1ebcb52b60595efbdde9d59a
745726,573186,99,23,2024-07-04,assessment,mlb_statcast,False,False,scale_half,7f6d93243a7e47d3a78948198dce6f30,bb4dcd5a4c431b74b20b93b9ff6ea5e6af09e5ea1ebcb52b60595efbdde9d59a
745767,554430,85,25,2024-09-22,assessment,mlb_statcast,False,False,scale_half,7f6d93243a7e47d3a78948198dce6f30,bb4dcd5a4c431b74b20b93b9ff6ea5e6af09e5ea1ebcb52b60595efbdde9d59a
745770,650911,77,18,2024-09-20,assessment,mlb_statcast,True,True,scale_half,7f6d93243a7e47d3a78948198dce6f30,bb4dcd5a4c431b74b20b93b9ff6ea5e6af09e5ea1ebcb52b60595efbdde9d59a
745774,622663,83,21,2024-09-08,assessment,mlb_statcast,False,False,scale_half,7f6d93243a7e47d3a78948198dce6f30,bb4dcd5a4c431b74b20b93b9ff6ea5e6af09e5ea1ebcb52b60595efbdde9d59a
745777,640455,93,23,2024-09-06,assessment,mlb_statcast,True,True,scale_half,7f6d93243a7e47d3a78948198dce6f30,bb4dcd5a4c431b74b20b93b9ff6ea5e6af09e5ea1ebcb52b60595efbdde9d59a
745779,622663,93,24,2024-09-02,assessment,mlb_statcast,True,False,scale_half,7f6d93243a7e47d3a78948198dce6f30,bb4dcd5a4c431b74b20b93b9ff6ea5e6af09e5ea1ebcb52b60595efbdde9d59a
745781,640455,61,15,2024-08-21,assessment,mlb_statcast,True,True,scale_half,7f6d93243a7e47d3a78948198dce6f30,bb4dcd5a4c431b74b20b93b9ff6ea5e6af09e5ea1ebcb52b60595efbdde9d59a
745784,640455,100,26,2024-08-16,assessment,mlb_statcast,False,False,scale_half,7f6d93243a7e47d3a78948198dce6f30,bb4dcd5a4c431b74b20b93b9ff6ea5e6af09e5ea1ebcb52b60595efbdde9d59a
745785,622663,101,30,2024-08-17,assessment,mlb_statcast,False,False,scale_half,7f6d93243a7e47d3a78948198dce6f30,bb4dcd5a4c431b74b20b93b9ff6ea5e6af09e5ea1ebcb52b60595efbdde9d59a
745787,640455,70,19,2024-07-30,assessment,mlb_statcast,True,False,scale_half,7f6d93243a7e47d3a78948198dce6f30,bb4dcd5a4c431b74b20b93b9ff6ea5e6af09e5ea1ebcb52b60595efbdde9d59a
745787,640455,75,20,2024-07-30,assessment,mlb_statcast,True,False,scale_half,7f6d93243a7e47d3a78948198dce6f30,bb4dcd5a4c431b74b20b93b9ff6ea5e6af09e5ea1ebcb52b60595efbdde9d59a
745794,622663,88,22,2024-07-25,assessment,mlb_statcast,True,True,scale_half,7f6d93243a7e47d3a78948198dce6f30,bb4dcd5a4c431b74b20b93b9ff6ea5e6af09e5ea1ebcb52b60595efbdde9d59a
745874,663903,85,23,2024-08-12,assessment,mlb_statcast,False,False,scale_half,7f6d93243a7e47d3a78948198dce6f30,bb4dcd5a4c431b74b20b93b9ff6ea5e6af09e5ea1ebcb52b60595efbdde9d59a
745877,605400,56,15,2024-07-24,assessment,mlb_statcast,True,False,scale_half,7f6d93243a7e47d3a78948198dce6f30,bb4dcd5a4c431b74b20b93b9ff6ea5e6af09e5ea1ebcb52b60595efbdde9d59a
745882,650644,73,18,2024-07-21,assessment,mlb_statcast,True,True,scale_half,7f6d93243a7e47d3a78948198dce6f30,bb4dcd5a4c431b74b20b93b9ff6ea5e6af09e5ea1ebcb52b60595efbdde9d59a
745930,640455,85,19,2024-09-27,assessment,mlb_statcast,False,False,scale_half,7f6d93243a7e47d3a78948198dce6f30,bb4dcd5a4c431b74b20b93b9ff6ea5e6af09e5ea1ebcb52b60595efbdde9d59a
745932,656849,76,20,2024-09-29,assessment,mlb_statcast,True,False,scale_half,7f6d93243a7e47d3a78948198dce6f30,bb4dcd5a4c431b74b20b93b9ff6ea5e6af09e5ea1ebcb52b60595efbdde9d59a
745933,605400,63,16,2024-09-18,assessment,mlb_statcast,True,True,scale_half,7f6d93243a7e47d3a78948198dce6f30,bb4dcd5a4c431b74b20b93b9ff6ea5e6af09e5ea1ebcb52b60595efbdde9d59a
745936,650644,66,15,2024-09-21,assessment,mlb_statcast,True,False,scale_half,7f6d93243a7e47d3a78948198dce6f30,bb4dcd5a4c431b74b20b93b9ff6ea5e6af09e5ea1ebcb52b60595efbdde9d59a
745939,650644,74,18,2024-09-16,assessment,mlb_statcast,True,True,scale_half,7f6d93243a7e47d3a78948198dce6f30,bb4dcd5a4c431b74b20b93b9ff6ea5e6af09e5ea1ebcb52b60595efbdde9d59a
745940,607536,75,17,2024-09-08,assessment,mlb_statcast,False,False,scale_half,7f6d93243a7e47d3a78948198dce6f30,bb4dcd5a4c431b74b20b93b9ff6ea5e6af09e5ea1ebcb52b60595efbdde9d59a
745944,650644,68,17,2024-09-03,assessment,mlb_statcast,True,False,scale_half,7f6d93243a7e47d3a78948198dce6f30,bb4dcd5a4c431b74b20b93b9ff6ea5e6af09e5ea1ebcb52b60595efbdde9d59a
745944,650644,76,18,2024-09-03,assessment,mlb_statcast,False,False,scale_half,7f6d93243a7e47d3a78948198dce6f30,bb4dcd5a4c431b74b20b93b9ff6ea5e6af09e5ea1ebcb52b60595efbdde9d59a
745944,650644,88,20,2024-09-03,assessment,mlb_statcast,False,False,scale_half,7f6d93243a7e47d3a78948198dce6f30,bb4dcd5a4c431b74b20b93b9ff6ea5e6af09e5ea1ebcb52b60595efbdde9d59a
745945,650644,69,17,2024-08-29,assessment,mlb_statcast,True,True,scale_half,7f6d93243a7e47d3a78948198dce6f30,bb4dcd5a4c431b74b20b93b9ff6ea5e6af09e5ea1ebcb52b60595efbdde9d59a
745945,650644,74,19,2024-08-29,assessment,mlb_statcast,True,False,scale_half,7f6d93243a7e47d3a78948198dce6f30,bb4dcd5a4c431b74b20b93b9ff6ea5e6af09e5ea1ebcb52b60595efbdde9d59a
745945,650644,79,21,2024-08-29,assessment,mlb_statcast,False,False,scale_half,7f6d93243a7e47d3a78948198dce6f30,bb4dcd5a4c431b74b20b93b9ff6ea5e6af09e5ea1ebcb52b60595efbdde9d59a
745946,657277,102,22,2024-08-27,assessment,mlb_statcast,True,False,scale_half,7f6d93243a7e47d3a78948198dce6f30,bb4dcd5a4c431b74b20b93b9ff6ea5e6af09e5ea1ebcb52b60595efbdde9d59a
745948,594902,76,22,2024-08-18,assessment,mlb_statcast,False,False,scale_half,7f6d93243a7e47d3a78948198dce6f30,bb4dcd5a4c431b74b20b93b9ff6ea5e6af09e5ea1ebcb52b60595efbdde9d59a
745948,594902,80,24,2024-08-18,assessment,mlb_statcast,False,False,scale_half,7f6d93243a7e47d3a78948198dce6f30,bb4dcd5a4c431b74b20b93b9ff6ea5e6af09e5ea1ebcb52b60595efbdde9d59a
745949,650644,82,21,2024-08-16,assessment,mlb_statcast,False,False,scale_half,7f6d93243a7e47d3a78948198dce6f30,bb4dcd5a4c431b74b20b93b9ff6ea5e6af09e5ea1ebcb52b60595efbdde9d59a
745950,656427,93,20,2024-08-15,assessment,mlb_statcast,False,False,scale_half,7f6d93243a7e47d3a78948198dce6f30,bb4dcd5a4c431b74b20b93b9ff6ea5e6af09e5ea1ebcb52b60595efbdde9d59a
745957,650644,46,13,2024-08-09,assessment,mlb_statcast,True,False,scale_half,7f6d93243a7e47d3a78948198dce6f30,bb4dcd5a4c431b74b20b93b9ff6ea5e6af09e5ea1ebcb52b60595efbdde9d59a
745957,650644,48,13,2024-08-09,assessment,mlb_statcast,True,False,scale_half,7f6d93243a7e47d3a78948198dce6f30,bb4dcd5a4c431b74b20b93b9ff6ea5e6af09e5ea1ebcb52b60595efbdde9d59a
745957,650644,54,15,2024-08-09,assessment,mlb_statcast,True,False,scale_half,7f6d93243a7e47d3a78948198dce6f30,bb4dcd5a4c431b74b20b93b9ff6ea5e6af09e5ea1ebcb52b60595efbdde9d59a
745957,650644,58,16,2024-08-09,assessment,mlb_statcast,True,False,scale_half,7f6d93243a7e47d3a78948198dce6f30,bb4dcd5a4c431b74b20b93b9ff6ea5e6af09e5ea1ebcb52b60595efbdde9d59a
745957,650644,64,18,2024-08-09,assessment,mlb_statcast,True,False,scale_half,7f6d93243a7e47d3a78948198dce6f30,bb4dcd5a4c431b74b20b93b9ff6ea5e6af09e5ea1ebcb52b60595efbdde9d59a
745957,650644,93,24,2024-08-09,assessment,mlb_statcast,True,False,scale_half,7f6d93243a7e47d3a78948198dce6f30,bb4dcd5a4c431b74b20b93b9ff6ea5e6af09e5ea1ebcb52b60595efbdde9d59a
745966,650644,68,19,2024-07-27,assessment,mlb_statcast,True,False,scale_half,7f6d93243a7e47d3a78948198dce6f30,bb4dcd5a4c431b74b20b93b9ff6ea5e6af09e5ea1ebcb52b60595efbdde9d59a
745967,650644,73,22,2024-07-11,assessment,mlb_statcast,True,False,scale_half,7f6d93243a7e47d3a78948198dce6f30,bb4dcd5a4c431b74b20b93b9ff6ea5e6af09e5ea1ebcb52b60595efbdde9d59a
745969,527048,80,19,2024-07-10,assessment,mlb_statcast,True,True,scale_half,7f6d93243a7e47d3a78948198dce6f30,bb4dcd5a4c431b74b20b93b9ff6ea5e6af09e5ea1ebcb52b60595efbdde9d59a
746011,656427,72,18,2024-09-19,assessment,mlb_statcast,True,True,scale_half,7f6d93243a7e47d3a78948198dce6f30,bb4dcd5a4c431b74b20b93b9ff6ea5e6af09e5ea1ebcb52b60595efbdde9d59a
746017,665795,75,19,2024-09-08,assessment,mlb_statcast,True,True,scale_half,7f6d93243a7e47d3a78948198dce6f30,bb4dcd5a4c431b74b20b93b9ff6ea5e6af09e5ea1ebcb52b60595efbdde9d59a
746018,605400,58,13,2024-09-07,assessment,mlb_statcast,True,False,scale_half,7f6d93243a7e47d3a78948198dce6f30,bb4dcd5a4c431b74b20b93b9ff6ea5e6af09e5ea1ebcb52b60595efbdde9d59a
746024,543294,63,19,2024-08-23,assessment,mlb_statcast,True,True,scale_half,7f6d93243a7e47d3a78948198dce6f30,bb4dcd5a4c431b74b20b93b9ff6ea5e6af09e5ea1ebcb52b60595efbdde9d59a
746025,656302,59,17,2024-08-11,assessment,mlb_statcast,True,False,scale_half,7f6d93243a7e47d3a78948198dce6f30,bb4dcd5a4c431b74b20b93b9ff6ea5e6af09e5ea1ebcb52b60595efbdde9d59a
746025,656302,73,20,2024-08-11,assessment,mlb_statcast,True,False,scale_half,7f6d93243a7e47d3a78948198dce6f30,bb4dcd5a4c431b74b20b93b9ff6ea5e6af09e5ea1ebcb52b60595efbdde9d59a
746025,656302,82,22,2024-08-11,assessment,mlb_statcast,False,False,scale_half,7f6d93243a7e47d3a78948198dce6f30,bb4dcd5a4c431b74b20b93b9ff6ea5e6af09e5ea1ebcb52b60595efbdde9d59a
746029,665795,71,20,2024-08-20,assessment,mlb_statcast,True,True,scale_half,7f6d93243a7e47d3a78948198dce6f30,bb4dcd5a4c431b74b20b93b9ff6ea5e6af09e5ea1ebcb52b60595efbdde9d59a
746030,668881,71,18,2024-08-08,assessment,mlb_statcast,True,False,scale_half,7f6d93243a7e47d3a78948198dce6f30,bb4dcd5a4c431b74b20b93b9ff6ea5e6af09e5ea1ebcb52b60595efbdde9d59a
746032,527048,82,25,2024-08-09,assessment,mlb_statcast,False,False,scale_half,7f6d93243a7e47d3a78948198dce6f30,bb4dcd5a4c431b74b20b93b9ff6ea5e6af09e5ea1ebcb52b60595efbdde9d59a
746032,665795,87,21,2024-08-09,assessment,mlb_statcast,True,False,scale_half,7f6d93243a7e47d3a78948198dce6f30,bb4dcd5a4c431b74b20b93b9ff6ea5e6af09e5ea1ebcb52b60595efbdde9d59a
746035,665795,79,20,2024-07-24,assessment,mlb_statcast,True,True,scale_half,7f6d93243a7e47d3a78948198dce6f30,bb4dcd5a4c431b74b20b93b9ff6ea5e6af09e5ea1ebcb52b60595efbdde9d59a
746037,669203,66,19,2024-07-25,assessment,mlb_statcast,True,True,scale_half,7f6d93243a7e47d3a78948198dce6f30,bb4dcd5a4c431b74b20b93b9ff6ea5e6af09e5ea1ebcb52b60595efbdde9d59a
746039,665795,78,17,2024-07-07,assessment,mlb_statcast,True,False,scale_half,7f6d93243a7e47d3a78948198dce6f30,bb4dcd5a4c431b74b20b93b9ff6ea5e6af09e5ea1ebcb52b60595efbdde9d59a
746040,665795,71,19,2024-07-19,assessment,mlb_statcast,True,False,scale_half,7f6d93243a7e47d3a78948198dce6f30,bb4dcd5a4c431b74b20b93b9ff6ea5e6af09e5ea1ebcb52b60595efbdde9d59a
746041,622663,85,24,2024-07-20,assessment,mlb_statcast,True,False,scale_half,7f6d93243a7e47d3a78948198dce6f30,bb4dcd5a4c431b74b20b93b9ff6ea5e6af09e5ea1ebcb52b60595efbdde9d59a
746088,605397,69,22,2024-09-26,assessment,mlb_statcast,True,True,scale_half,7f6d93243a7e47d3a78948198dce6f30,bb4dcd5a4c431b74b20b93b9ff6ea5e6af09e5ea1ebcb52b60595efbdde9d59a
746095,656302,58,14,2024-09-25,assessment,mlb_statcast,True,True,scale_half,7f6d93243a7e47d3a78948198dce6f30,bb4dcd5a4c431b74b20b93b9ff6ea5e6af09e5ea1ebcb52b60595efbdde9d59a
746095,656427,68,13,2024-09-25,assessment,mlb_statcast,True,False,scale_half,7f6d93243a7e47d3a78948198dce6f30,bb4dcd5a4c431b74b20b93b9ff6ea5e6af09e5ea1ebcb52b60595efbdde9d59a
746098,656427,81,22,2024-09-08,assessment,mlb_statcast,False,False,scale_half,7f6d93243a7e47d3a78948198dce6f30,bb4dcd5a4c431b74b20b93b9ff6ea5e6af09e5ea1ebcb52b60595efbdde9d59a
746101,543294,59,14,2024-09-09,assessment,mlb_statcast,True,False,scale_half,7f6d93243a7e47d3a78948198dce6f30,bb4dcd5a4c431b74b20b93b9ff6ea5e6af09e5ea1ebcb52b60595efbdde9d59a
746103,669203,55,14,2024-08-28,assessment,mlb_statcast,True,False,scale_half,7f6d93243a7e47d3a78948198dce6f30,bb4dcd5a4c431b74b20b93b9ff6ea5e6af09e5ea1ebcb52b60595efbdde9d59a
746105,656427,90,24,2024-08-27,assessment,mlb_statcast,False,False,scale_half,7f6d93243a7e47d3a78948198dce6f30,bb4dcd5a4c431b74b20b93b9ff6ea5e6af09e5ea1ebcb52b60595efbdde9d59a
746110,656427,74,18,2024-08-21,assessment,mlb_statcast,True,True,scale_half,7f6d93243a7e47d3a78948198dce6f30,bb4dcd5a4c431b74b20b93b9ff6ea5e6af09e5ea1ebcb52b60595efbdde9d59a
746113,656427,96,24,2024-08-09,assessment,mlb_statcast,True,False,scale_half,7f6d93243a7e47d3a78948198dce6f30,bb4dcd5a4c431b74b20b93b9ff6ea5e6af09e5ea1ebcb52b60595efbdde9d59a
746116,605400,73,18,2024-08-05,assessment,mlb_statcast,True,True,scale_half,7f6d93243a7e47d3a78948198dce6f30,bb4dcd5a4c431b74b20b93b9ff6ea5e6af09e5ea1ebcb52b60595efbdde9d59a
746120,650911,63,17,2024-08-06,assessment,mlb_statcast,True,True,scale_half,7f6d93243a7e47d3a78948198dce6f30,bb4dcd5a4c431b74b20b93b9ff6ea5e6af09e5ea1ebcb52b60595efbdde9d59a
746127,650644,72,17,2024-07-05,assessment,mlb_statcast,True,False,scale_half,7f6d93243a7e47d3a78948198dce6f30,bb4dcd5a4c431b74b20b93b9ff6ea5e6af09e5ea1ebcb52b60595efbdde9d59a
746133,669194,52,14,2024-07-02,assessment,mlb_statcast,True,False,scale_half,7f6d93243a7e47d3a78948198dce6f30,bb4dcd5a4c431b74b20b93b9ff6ea5e6af09e5ea1ebcb52b60595efbdde9d59a
746181,579328,71,21,2024-09-13,assessment,mlb_statcast,True,True,scale_half,7f6d93243a7e47d3a78948198dce6f30,bb4dcd5a4c431b74b20b93b9ff6ea5e6af09e5ea1ebcb52b60595efbdde9d59a
746255,663903,82,22,2024-09-21,assessment,mlb_statcast,True,True,scale_half,7f6d93243a7e47d3a78948198dce6f30,bb4dcd5a4c431b74b20b93b9ff6ea5e6af09e5ea1ebcb52b60595efbdde9d59a
746257,666142,65,17,2024-09-06,assessment,mlb_statcast,True,False,scale_half,7f6d93243a7e47d3a78948198dce6f30,bb4dcd5a4c431b74b20b93b9ff6ea5e6af09e5ea1ebcb52b60595efbdde9d59a
746261,666142,95,25,2024-09-17,assessment,mlb_statcast,True,True,scale_half,7f6d93243a7e47d3a78948198dce6f30,bb4dcd5a4c431b74b20b93b9ff6ea5e6af09e5ea1ebcb52b60595efbdde9d59a
746262,594902,71,18,2024-09-04,assessment,mlb_statcast,True,True,scale_half,7f6d93243a7e47d3a78948198dce6f30,bb4dcd5a4c431b74b20b93b9ff6ea5e6af09e5ea1ebcb52b60595efbdde9d59a
746262,594902,79,20,2024-09-04,assessment,mlb_statcast,True,False,scale_half,7f6d93243a7e47d3a78948198dce6f30,bb4dcd5a4c431b74b20b93b9ff6ea5e6af09e5ea1ebcb52b60595efbdde9d59a
746264,663903,72,18,2024-09-03,assessment,mlb_statcast,True,True,scale_half,7f6d93243a7e47d3a78948198dce6f30,bb4dcd5a4c431b74b20b93b9ff6ea5e6af09e5ea1ebcb52b60595efbdde9d59a
746266,666142,86,19,2024-08-20,assessment,mlb_statcast,True,True,scale_half,7f6d93243a7e47d3a78948198dce6f30,bb4dcd5a4c431b74b20b93b9ff6ea5e6af09e5ea1ebcb52b60595efbdde9d59a
746271,663903,70,17,2024-08-24,assessment,mlb_statcast,True,False,scale_half,7f6d93243a7e47d3a78948198dce6f30,bb4dcd5a4c431b74b20b93b9ff6ea5e6af09e5ea1ebcb52b60595efbdde9d59a
746274,666142,94,23,2024-07-28,assessment,mlb_statcast,True,True,scale_half,7f6d93243a7e47d3a78948198dce6f30,bb4dcd5a4c431b74b20b93b9ff6ea5e6af09e5ea1ebcb52b60595efbdde9d59a
746276,663903,82,22,2024-08-05,assessment,mlb_statcast,True,False,scale_half,7f6d93243a7e47d3a78948198dce6f30,bb4dcd5a4c431b74b20b93b9ff6ea5e6af09e5ea1ebcb52b60595efbdde9d59a
746277,543294,68,16,2024-07-26,assessment,mlb_statcast,True,True,scale_half,7f6d93243a7e47d3a78948198dce6f30,bb4dcd5a4c431b74b20b93b9ff6ea5e6af09e5ea1ebcb52b60595efbdde9d59a
746277,663903,79,20,2024-07-26,assessment,mlb_statcast,True,False,scale_half,7f6d93243a7e47d3a78948198dce6f30,bb4dcd5a4c431b74b20b93b9ff6ea5e6af09e5ea1ebcb52b60595efbdde9d59a
746277,663903,81,20,2024-07-26,assessment,mlb_statcast,True,False,scale_half,7f6d93243a7e47d3a78948198dce6f30,bb4dcd5a4c431b74b20b93b9ff6ea5e6af09e5ea1ebcb52b60595efbdde9d59a
746279,669194,69,19,2024-07-24,assessment,mlb_statcast,True,False,scale_half,7f6d93243a7e47d3a78948198dce6f30,bb4dcd5a4c431b74b20b93b9ff6ea5e6af09e5ea1ebcb52b60595efbdde9d59a
746286,663903,80,23,2024-07-20,assessment,mlb_statcast,True,True,scale_half,7f6d93243a7e47d3a78948198dce6f30,bb4dcd5a4c431b74b20b93b9ff6ea5e6af09e5ea1ebcb52b60595efbdde9d59a
746331,579328,74,18,2024-09-25,assessment,mlb_statcast,True,False,scale_half,7f6d93243a7e47d3a78948198dce6f30,bb4dcd5a4c431b74b20b93b9ff6ea5e6af09e5ea1ebcb52b60595efbdde9d59a
746341,579328,71,17,2024-09-19,assessment,mlb_statcast,True,False,scale_half,7f6d93243a7e47d3a78948198dce6f30,bb4dcd5a4c431b74b20b93b9ff6ea5e6af09e5ea1ebcb52b60595efbdde9d59a
746344,579328,75,20,2024-09-07,assessment,mlb_statcast,True,True,scale_half,7f6d93243a7e47d3a78948198dce6f30,bb4dcd5a4c431b74b20b93b9ff6ea5e6af09e5ea1ebcb52b60595efbdde9d59a
746344,579328,78,21,2024-09-07,assessment,mlb_statcast,True,True,scale_half,7f6d93243a7e47d3a78948198dce6f30,bb4dcd5a4c431b74b20b93b9ff6ea5e6af09e5ea1ebcb52b60595efbdde9d59a
746345,669194,71,20,2024-09-08,assessment,mlb_statcast,True,False,scale_half,7f6d93243a7e47d3a78948198dce6f30,bb4dcd5a4c431b74b20b93b9ff6ea5e6af09e5ea1ebcb52b60595efbdde9d59a
746348,579328,68,17,2024-08-31,assessment,mlb_statcast,True,True,scale_half,7f6d93243a7e47d3a78948198dce6f30,bb4dcd5a4c431b74b20b93b9ff6ea5e6af09e5ea1ebcb52b60595efbdde9d59a
746351,579328,65,17,2024-08-19,assessment,mlb_statcast,True,False,scale_half,7f6d93243a7e47d3a78948198dce6f30,bb4dcd5a4c431b74b20b93b9ff6ea5e6af09e5ea1ebcb52b60595efbdde9d59a
746352,663903,92,23,2024-08-29,assessment,mlb_statcast,True,True,scale_half,7f6d93243a7e47d3a78948198dce6f30,bb4dcd5a4c431b74b20b93b9ff6ea5e6af09e5ea1ebcb52b60595efbdde9d59a
746354,579328,61,16,2024-08-02,assessment,mlb_statcast,True,False,scale_half,7f6d93243a7e47d3a78948198dce6f30,bb4dcd5a4c431b74b20b93b9ff6ea5e6af09e5ea1ebcb52b60595efbdde9d59a
746422,669203,84,20,2024-09-14,assessment,mlb_statcast,False,False,scale_half,7f6d93243a7e47d3a78948198dce6f30,bb4dcd5a4c431b74b20b93b9ff6ea5e6af09e5ea1ebcb52b60595efbdde9d59a
746438,543037,63,15,2024-08-16,assessment,mlb_statcast,True,False,scale_half,7f6d93243a7e47d3a78948198dce6f30,bb4dcd5a4c431b74b20b93b9ff6ea5e6af09e5ea1ebcb52b60595efbdde9d59a
746451,594902,79,23,2024-07-09,assessment,mlb_statcast,True,True,scale_half,7f6d93243a7e47d3a78948198dce6f30,bb4dcd5a4c431b74b20b93b9ff6ea5e6af09e5ea1ebcb52b60595efbdde9d59a
746453,681857,90,22,2024-07-10,assessment,mlb_statcast,False,False,scale_half,7f6d93243a7e47d3a78948198dce6f30,bb4dcd5a4c431b74b20b93b9ff6ea5e6af09e5ea1ebcb52b60595efbdde9d59a
746495,607536,69,19,2024-09-26,assessment,mlb_statcast,True,True,scale_half,7f6d93243a7e47d3a78948198dce6f30,bb4dcd5a4c431b74b20b93b9ff6ea5e6af09e5ea1ebcb52b60595efbdde9d59a
746500,593958,68,18,2024-09-18,assessment,mlb_statcast,True,False,scale_half,7f6d93243a7e47d3a78948198dce6f30,bb4dcd5a4c431b74b20b93b9ff6ea5e6af09e5ea1ebcb52b60595efbdde9d59a
746506,543294,62,18,2024-09-15,assessment,mlb_statcast,True,False,scale_half,7f6d93243a7e47d3a78948198dce6f30,bb4dcd5a4c431b74b20b93b9ff6ea5e6af09e5ea1ebcb52b60595efbdde9d59a
746512,607536,68,19,2024-08-28,assessment,mlb_statcast,True,True,scale_half,7f6d93243a7e47d3a78948198dce6f30,bb4dcd5a4c431b74b20b93b9ff6ea5e6af09e5ea1ebcb52b60595efbdde9d59a
746513,665795,58,14,2024-08-26,assessment,mlb_statcast,True,True,scale_half,7f6d93243a7e47d3a78948198dce6f30,bb4dcd5a4c431b74b20b93b9ff6ea5e6af09e5ea1ebcb52b60595efbdde9d59a
746515,656302,64,15,2024-08-17,assessment,mlb_statcast,True,True,scale_half,7f6d93243a7e47d3a78948198dce6f30,bb4dcd5a4c431b74b20b93b9ff6ea5e6af09e5ea1ebcb52b60595efbdde9d59a
746516,605397,59,15,2024-08-18,assessment,mlb_statcast,False,False,scale_half,7f6d93243a7e47d3a78948198dce6f30,bb4dcd5a4c431b74b20b93b9ff6ea5e6af09e5ea1ebcb52b60595efbdde9d59a
746519,622663,70,19,2024-08-06,assessment,mlb_statcast,True,False,scale_half,7f6d93243a7e47d3a78948198dce6f30,bb4dcd5a4c431b74b20b93b9ff6ea5e6af09e5ea1ebcb52b60595efbdde9d59a
746527,657277,88,25,2024-07-20,assessment,mlb_statcast,False,False,scale_half,7f6d93243a7e47d3a78948198dce6f30,bb4dcd5a4c431b74b20b93b9ff6ea5e6af09e5ea1ebcb52b60595efbdde9d59a
746527,657277,94,27,2024-07-20,assessment,mlb_statcast,False,False,scale_half,7f6d93243a7e47d3a78948198dce6f30,bb4dcd5a4c431b74b20b93b9ff6ea5e6af09e5ea1ebcb52b60595efbdde9d59a
746530,663903,83,26,2024-07-07,assessment,mlb_statcast,True,False,scale_half,7f6d93243a7e47d3a78948198dce6f30,bb4dcd5a4c431b74b20b93b9ff6ea5e6af09e5ea1ebcb52b60595efbdde9d59a
746533,666142,94,26,2024-07-05,assessment,mlb_statcast,False,False,scale_half,7f6d93243a7e47d3a78948198dce6f30,bb4dcd5a4c431b74b20b93b9ff6ea5e6af09e5ea1ebcb52b60595efbdde9d59a
746593,594902,90,24,2024-08-30,assessment,mlb_statcast,True,False,scale_half,7f6d93243a7e47d3a78948198dce6f30,bb4dcd5a4c431b74b20b93b9ff6ea5e6af09e5ea1ebcb52b60595efbdde9d59a
746593,594902,94,24,2024-08-30,assessment,mlb_statcast,True,False,scale_half,7f6d93243a7e47d3a78948198dce6f30,bb4dcd5a4c431b74b20b93b9ff6ea5e6af09e5ea1ebcb52b60595efbdde9d59a
746599,594902,87,23,2024-08-24,assessment,mlb_statcast,True,False,scale_half,7f6d93243a7e47d3a78948198dce6f30,bb4dcd5a4c431b74b20b93b9ff6ea5e6af09e5ea1ebcb52b60595efbdde9d59a
746600,671106,69,18,2024-08-05,assessment,mlb_statcast,True,False,scale_half,7f6d93243a7e47d3a78948198dce6f30,bb4dcd5a4c431b74b20b93b9ff6ea5e6af09e5ea1ebcb52b60595efbdde9d59a
746604,594902,90,22,2024-08-07,assessment,mlb_statcast,False,False,scale_half,7f6d93243a7e47d3a78948198dce6f30,bb4dcd5a4c431b74b20b93b9ff6ea5e6af09e5ea1ebcb52b60595efbdde9d59a
746606,669203,67,18,2024-08-04,assessment,mlb_statcast,True,False,scale_half,7f6d93243a7e47d3a78948198dce6f30,bb4dcd5a4c431b74b20b93b9ff6ea5e6af09e5ea1ebcb52b60595efbdde9d59a
746611,656427,89,21,2024-07-24,assessment,mlb_statcast,False,False,scale_half,7f6d93243a7e47d3a78948198dce6f30,bb4dcd5a4c431b74b20b93b9ff6ea5e6af09e5ea1ebcb52b60595efbdde9d59a
746611,656427,93,23,2024-07-24,assessment,mlb_statcast,False,False,scale_half,7f6d93243a7e47d3a78948198dce6f30,bb4dcd5a4c431b74b20b93b9ff6ea5e6af09e5ea1ebcb52b60595efbdde9d59a
746611,656427,95,23,2024-07-24,assessment,mlb_statcast,False,False,scale_half,7f6d93243a7e47d3a78948198dce6f30,bb4dcd5a4c431b74b20b93b9ff6ea5e6af09e5ea1ebcb52b60595efbdde9d59a
746613,656302,61,15,2024-07-20,assessment,mlb_statcast,True,False,scale_half,7f6d93243a7e47d3a78948198dce6f30,bb4dcd5a4c431b74b20b93b9ff6ea5e6af09e5ea1ebcb52b60595efbdde9d59a
746615,671106,63,16,2024-07-06,assessment,mlb_statcast,True,False,scale_half,7f6d93243a7e47d3a78948198dce6f30,bb4dcd5a4c431b74b20b93b9ff6ea5e6af09e5ea1ebcb52b60595efbdde9d59a
746619,594902,89,24,2024-07-04,assessment,mlb_statcast,True,False,scale_half,7f6d93243a7e47d3a78948198dce6f30,bb4dcd5a4c431b74b20b93b9ff6ea5e6af09e5ea1ebcb52b60595efbdde9d59a
746673,668881,83,20,2024-08-13,assessment,mlb_statcast,True,True,scale_half,7f6d93243a7e47d3a78948198dce6f30,bb4dcd5a4c431b74b20b93b9ff6ea5e6af09e5ea1ebcb52b60595efbdde9d59a
746676,663903,63,14,2024-08-18,assessment,mlb_statcast,True,False,scale_half,7f6d93243a7e47d3a78948198dce6f30,bb4dcd5a4c431b74b20b93b9ff6ea5e6af09e5ea1ebcb52b60595efbdde9d59a
746678,543294,69,17,2024-07-31,assessment,mlb_statcast,True,False,scale_half,7f6d93243a7e47d3a78948198dce6f30,bb4dcd5a4c431b74b20b93b9ff6ea5e6af09e5ea1ebcb52b60595efbdde9d59a
746681,668881,84,17,2024-08-03,assessment,mlb_statcast,True,False,scale_half,7f6d93243a7e47d3a78948198dce6f30,bb4dcd5a4c431b74b20b93b9ff6ea5e6af09e5ea1ebcb52b60595efbdde9d59a
746688,668881,82,18,2024-07-11,assessment,mlb_statcast,True,False,scale_half,7f6d93243a7e47d3a78948198dce6f30,bb4dcd5a4c431b74b20b93b9ff6ea5e6af09e5ea1ebcb52b60595efbdde9d59a
746688,668881,92,21,2024-07-11,assessment,mlb_statcast,False,False,scale_half,7f6d93243a7e47d3a78948198dce6f30,bb4dcd5a4c431b74b20b93b9ff6ea5e6af09e5ea1ebcb52b60595efbdde9d59a
746694,668881,83,19,2024-07-06,assessment,mlb_statcast,True,False,scale_half,7f6d93243a7e47d3a78948198dce6f30,bb4dcd5a4c431b74b20b93b9ff6ea5e6af09e5ea1ebcb52b60595efbdde9d59a
746757,641482,102,24,2024-08-13,assessment,mlb_statcast,True,False,scale_half,7f6d93243a7e47d3a78948198dce6f30,bb4dcd5a4c431b74b20b93b9ff6ea5e6af09e5ea1ebcb52b60595efbdde9d59a
746764,663903,72,24,2024-07-31,assessment,mlb_statcast,True,False,scale_half,7f6d93243a7e47d3a78948198dce6f30,bb4dcd5a4c431b74b20b93b9ff6ea5e6af09e5ea1ebcb52b60595efbdde9d59a
746819,543294,66,22,2024-09-28,assessment,mlb_statcast,True,False,scale_half,7f6d93243a7e47d3a78948198dce6f30,bb4dcd5a4c431b74b20b93b9ff6ea5e6af09e5ea1ebcb52b60595efbdde9d59a
746826,543294,68,17,2024-09-21,assessment,mlb_statcast,True,True,scale_half,7f6d93243a7e47d3a78948198dce6f30,bb4dcd5a4c431b74b20b93b9ff6ea5e6af09e5ea1ebcb52b60595efbdde9d59a
746827,543037,80,20,2024-09-08,assessment,mlb_statcast,True,False,scale_half,7f6d93243a7e47d3a78948198dce6f30,bb4dcd5a4c431b74b20b93b9ff6ea5e6af09e5ea1ebcb52b60595efbdde9d59a
746834,543294,67,16,2024-09-03,assessment,mlb_statcast,True,False,scale_half,7f6d93243a7e47d3a78948198dce6f30,bb4dcd5a4c431b74b20b93b9ff6ea5e6af09e5ea1ebcb52b60595efbdde9d59a
746843,543294,66,16,2024-08-16,assessment,mlb_statcast,True,True,scale_half,7f6d93243a7e47d3a78948198dce6f30,bb4dcd5a4c431b74b20b93b9ff6ea5e6af09e5ea1ebcb52b60595efbdde9d59a
746847,543294,82,20,2024-08-05,assessment,mlb_statcast,False,False,scale_half,7f6d93243a7e47d3a78948198dce6f30,bb4dcd5a4c431b74b20b93b9ff6ea5e6af09e5ea1ebcb52b60595efbdde9d59a
746852,543294,77,21,2024-07-20,assessment,mlb_statcast,True,False,scale_half,7f6d93243a7e47d3a78948198dce6f30,bb4dcd5a4c431b74b20b93b9ff6ea5e6af09e5ea1ebcb52b60595efbdde9d59a
746854,669194,68,16,2024-07-19,assessment,mlb_statcast,True,False,scale_half,7f6d93243a7e47d3a78948198dce6f30,bb4dcd5a4c431b74b20b93b9ff6ea5e6af09e5ea1ebcb52b60595efbdde9d59a
746857,650911,55,16,2024-07-04,assessment,mlb_statcast,True,False,scale_half,7f6d93243a7e47d3a78948198dce6f30,bb4dcd5a4c431b74b20b93b9ff6ea5e6af09e5ea1ebcb52b60595efbdde9d59a
746920,669194,71,19,2024-08-23,assessment,mlb_statcast,True,False,scale_half,7f6d93243a7e47d3a78948198dce6f30,bb4dcd5a4c431b74b20b93b9ff6ea5e6af09e5ea1ebcb52b60595efbdde9d59a
746932,663903,72,16,2024-07-14,assessment,mlb_statcast,False,False,scale_half,7f6d93243a7e47d3a78948198dce6f30,bb4dcd5a4c431b74b20b93b9ff6ea5e6af09e5ea1ebcb52b60595efbdde9d59a
746933,641482,73,25,2024-07-26,assessment,mlb_statcast,False,False,scale_half,7f6d93243a7e47d3a78948198dce6f30,bb4dcd5a4c431b74b20b93b9ff6ea5e6af09e5ea1ebcb52b60595efbdde9d59a
746933,641482,80,26,2024-07-26,assessment,mlb_statcast,False,False,scale_half,7f6d93243a7e47d3a78948198dce6f30,bb4dcd5a4c431b74b20b93b9ff6ea5e6af09e5ea1ebcb52b60595efbdde9d59a
746989,669203,58,15,2024-09-08,assessment,mlb_statcast,True,False,scale_half,7f6d93243a7e47d3a78948198dce6f30,bb4dcd5a4c431b74b20b93b9ff6ea5e6af09e5ea1ebcb52b60595efbdde9d59a
746989,669203,69,19,2024-09-08,assessment,mlb_statcast,True,True,scale_half,7f6d93243a7e47d3a78948198dce6f30,bb4dcd5a4c431b74b20b93b9ff6ea5e6af09e5ea1ebcb52b60595efbdde9d59a
746989,669203,79,22,2024-09-08,assessment,mlb_statcast,True,False,scale_half,7f6d93243a7e47d3a78948198dce6f30,bb4dcd5a4c431b74b20b93b9ff6ea5e6af09e5ea1ebcb52b60595efbdde9d59a
746992,669203,26,8,2024-09-02,assessment,mlb_statcast,True,False,scale_half,7f6d93243a7e47d3a78948198dce6f30,bb4dcd5a4c431b74b20b93b9ff6ea5e6af09e5ea1ebcb52b60595efbdde9d59a
746992,669203,76,18,2024-09-02,assessment,mlb_statcast,False,False,scale_half,7f6d93243a7e47d3a78948198dce6f30,bb4dcd5a4c431b74b20b93b9ff6ea5e6af09e5ea1ebcb52b60595efbdde9d59a
746992,669203,78,18,2024-09-02,assessment,mlb_statcast,False,False,scale_half,7f6d93243a7e47d3a78948198dce6f30,bb4dcd5a4c431b74b20b93b9ff6ea5e6af09e5ea1ebcb52b60595efbdde9d59a
746992,669203,87,20,2024-09-02,assessment,mlb_statcast,False,False,scale_half,7f6d93243a7e47d3a78948198dce6f30,bb4dcd5a4c431b74b20b93b9ff6ea5e6af09e5ea1ebcb52b60595efbdde9d59a
746994,579328,73,16,2024-08-25,assessment,mlb_statcast,True,False,scale_half,7f6d93243a7e47d3a78948198dce6f30,bb4dcd5a4c431b74b20b93b9ff6ea5e6af09e5ea1ebcb52b60595efbdde9d59a
746994,579328,80,18,2024-08-25,assessment,mlb_statcast,True,False,scale_half,7f6d93243a7e47d3a78948198dce6f30,bb4dcd5a4c431b74b20b93b9ff6ea5e6af09e5ea1ebcb52b60595efbdde9d59a
746998,669203,83,24,2024-08-22,assessment,mlb_statcast,True,True,scale_half,7f6d93243a7e47d3a78948198dce6f30,bb4dcd5a4c431b74b20b93b9ff6ea5e6af09e5ea1ebcb52b60595efbdde9d59a
747001,669203,77,20,2024-08-16,assessment,mlb_statcast,True,True,scale_half,7f6d93243a7e47d3a78948198dce6f30,bb4dcd5a4c431b74b20b93b9ff6ea5e6af09e5ea1ebcb52b60595efbdde9d59a
747005,669203,63,19,2024-07-30,assessment,mlb_statcast,True,True,scale_half,7f6d93243a7e47d3a78948198dce6f30,bb4dcd5a4c431b74b20b93b9ff6ea5e6af09e5ea1ebcb52b60595efbdde9d59a
747006,650633,84,20,2024-07-27,assessment,mlb_statcast,True,False,scale_half,7f6d93243a7e47d3a78948198dce6f30,bb4dcd5a4c431b74b20b93b9ff6ea5e6af09e5ea1ebcb52b60595efbdde9d59a
747012,543037,69,17,2024-07-12,assessment,mlb_statcast,True,False,scale_half,7f6d93243a7e47d3a78948198dce6f30,bb4dcd5a4c431b74b20b93b9ff6ea5e6af09e5ea1ebcb52b60595efbdde9d59a
747015,669203,71,20,2024-07-10,assessment,mlb_statcast,True,False,scale_half,7f6d93243a7e47d3a78948198dce6f30,bb4dcd5a4c431b74b20b93b9ff6ea5e6af09e5ea1ebcb52b60595efbdde9d59a
747065,663903,95,26,2024-09-27,assessment,mlb_statcast,False,False,scale_half,7f6d93243a7e47d3a78948198dce6f30,bb4dcd5a4c431b74b20b93b9ff6ea5e6af09e5ea1ebcb52b60595efbdde9d59a
747082,650911,80,22,2024-08-22,assessment,mlb_statcast,True,True,scale_half,7f6d93243a7e47d3a78948198dce6f30,bb4dcd5a4c431b74b20b93b9ff6ea5e6af09e5ea1ebcb52b60595efbdde9d59a
747084,605400,79,21,2024-08-21,assessment,mlb_statcast,True,False,scale_half,7f6d93243a7e47d3a78948198dce6f30,bb4dcd5a4c431b74b20b93b9ff6ea5e6af09e5ea1ebcb52b60595efbdde9d59a
747088,665795,67,14,2024-08-04,assessment,mlb_statcast,True,False,scale_half,7f6d93243a7e47d3a78948198dce6f30,bb4dcd5a4c431b74b20b93b9ff6ea5e6af09e5ea1ebcb52b60595efbdde9d59a
747095,668881,66,17,2024-07-22,assessment,mlb_statcast,True,False,scale_half,7f6d93243a7e47d3a78948198dce6f30,bb4dcd5a4c431b74b20b93b9ff6ea5e6af09e5ea1ebcb52b60595efbdde9d59a
747097,605400,75,16,2024-07-05,assessment,mlb_statcast,True,True,scale_half,7f6d93243a7e47d3a78948198dce6f30,bb4dcd5a4c431b74b20b93b9ff6ea5e6af09e5ea1ebcb52b60595efbdde9d59a
747147,527048,61,20,2024-09-29,assessment,mlb_statcast,True,False,scale_half,7f6d93243a7e47d3a78948198dce6f30,bb4dcd5a4c431b74b20b93b9ff6ea5e6af09e5ea1ebcb52b60595efbdde9d59a
747149,657277,93,22,2024-09-24,assessment,mlb_statcast,False,False,scale_half,7f6d93243a7e47d3a78948198dce6f30,bb4dcd5a4c431b74b20b93b9ff6ea5e6af09e5ea1ebcb52b60595efbdde9d59a
747155,656427,88,22,2024-09-02,assessment,mlb_statcast,True,True,scale_half,7f6d93243a7e47d3a78948198dce6f30,bb4dcd5a4c431b74b20b93b9ff6ea5e6af09e5ea1ebcb52b60595efbdde9d59a
747159,669194,76,20,2024-08-29,assessment,mlb_statcast,True,False,scale_half,7f6d93243a7e47d3a78948198dce6f30,bb4dcd5a4c431b74b20b93b9ff6ea5e6af09e5ea1ebcb52b60595efbdde9d59a
747161,622663,85,19,2024-08-28,assessment,mlb_statcast,True,False,scale_half,7f6d93243a7e47d3a78948198dce6f30,bb4dcd5a4c431b74b20b93b9ff6ea5e6af09e5ea1ebcb52b60595efbdde9d59a
747164,605400,69,18,2024-08-10,assessment,mlb_statcast,True,True,scale_half,7f6d93243a7e47d3a78948198dce6f30,bb4dcd5a4c431b74b20b93b9ff6ea5e6af09e5ea1ebcb52b60595efbdde9d59a
747166,650911,77,22,2024-08-11,assessment,mlb_statcast,True,True,scale_half,7f6d93243a7e47d3a78948198dce6f30,bb4dcd5a4c431b74b20b93b9ff6ea5e6af09e5ea1ebcb52b60595efbdde9d59a
747167,669194,62,13,2024-07-30,assessment,mlb_statcast,True,False,scale_half,7f6d93243a7e47d3a78948198dce6f30,bb4dcd5a4c431b74b20b93b9ff6ea5e6af09e5ea1ebcb52b60595efbdde9d59a
747168,669194,63,18,2024-08-09,assessment,mlb_statcast,True,True,scale_half,7f6d93243a7e47d3a78948198dce6f30,bb4dcd5a4c431b74b20b93b9ff6ea5e6af09e5ea1ebcb52b60595efbdde9d59a
747175,669194,80,24,2024-07-12,assessment,mlb_statcast,True,False,scale_half,7f6d93243a7e47d3a78948198dce6f30,bb4dcd5a4c431b74b20b93b9ff6ea5e6af09e5ea1ebcb52b60595efbdde9d59a
747176,579328,67,18,2024-07-14,assessment,mlb_statcast,True,False,scale_half,7f6d93243a7e47d3a78948198dce6f30,bb4dcd5a4c431b74b20b93b9ff6ea5e6af09e5ea1ebcb52b60595efbdde9d59a
744798,605400,68,16,2024-09-29,assessment,mlb_statcast,True,False,proposed,7f6d93243a7e47d3a78948198dce6f30,bb4dcd5a4c431b74b20b93b9ff6ea5e6af09e5ea1ebcb52b60595efbdde9d59a
744799,554430,97,23,2024-09-28,assessment,mlb_statcast,False,False,proposed,7f6d93243a7e47d3a78948198dce6f30,bb4dcd5a4c431b74b20b93b9ff6ea5e6af09e5ea1ebcb52b60595efbdde9d59a
744800,665795,73,18,2024-09-13,assessment,mlb_statcast,True,False,proposed,7f6d93243a7e47d3a78948198dce6f30,bb4dcd5a4c431b74b20b93b9ff6ea5e6af09e5ea1ebcb52b60595efbdde9d59a
744811,543037,78,21,2024-08-27,assessment,mlb_statcast,False,False,proposed,7f6d93243a7e47d3a78948198dce6f30,bb4dcd5a4c431b74b20b93b9ff6ea5e6af09e5ea1ebcb52b60595efbdde9d59a
744813,641482,90,26,2024-08-26,assessment,mlb_statcast,True,False,proposed,7f6d93243a7e47d3a78948198dce6f30,bb4dcd5a4c431b74b20b93b9ff6ea5e6af09e5ea1ebcb52b60595efbdde9d59a
744821,657277,90,22,2024-08-05,assessment,mlb_statcast,True,False,proposed,7f6d93243a7e47d3a78948198dce6f30,bb4dcd5a4c431b74b20b93b9ff6ea5e6af09e5ea1ebcb52b60595efbdde9d59a
744823,650644,58,14,2024-08-03,assessment,mlb_statcast,True,False,proposed,7f6d93243a7e47d3a78948198dce6f30,bb4dcd5a4c431b74b20b93b9ff6ea5e6af09e5ea1ebcb52b60595efbdde9d59a
744827,656302,64,15,2024-07-25,assessment,mlb_statcast,True,False,proposed,7f6d93243a7e47d3a78948198dce6f30,bb4dcd5a4c431b74b20b93b9ff6ea5e6af09e5ea1ebcb52b60595efbdde9d59a
744838,640455,84,25,2024-07-02,assessment,mlb_statcast,True,False,proposed,7f6d93243a7e47d3a78948198dce6f30,bb4dcd5a4c431b74b20b93b9ff6ea5e6af09e5ea1ebcb52b60595efbdde9d59a
744881,640455,96,25,2024-09-11,assessment,mlb_statcast,True,True,proposed,7f6d93243a7e47d3a78948198dce6f30,bb4dcd5a4c431b74b20b93b9ff6ea5e6af09e5ea1ebcb52b60595efbdde9d59a
744884,502043,89,22,2024-09-14,assessment,mlb_statcast,True,False,proposed,7f6d93243a7e47d3a78948198dce6f30,bb4dcd5a4c431b74b20b93b9ff6ea5e6af09e5ea1ebcb52b60595efbdde9d59a
744887,650911,59,17,2024-09-04,assessment,mlb_statcast,True,False,proposed,7f6d93243a7e47d3a78948198dce6f30,bb4dcd5a4c431b74b20b93b9ff6ea5e6af09e5ea1ebcb52b60595efbdde9d59a
744892,592332,87,22,2024-08-25,assessment,mlb_statcast,False,False,proposed,7f6d93243a7e47d3a78948198dce6f30,bb4dcd5a4c431b74b20b93b9ff6ea5e6af09e5ea1ebcb52b60595efbdde9d59a
744906,579328,75,18,2024-07-26,assessment,mlb_statcast,True,False,proposed,7f6d93243a7e47d3a78948198dce6f30,bb4dcd5a4c431b74b20b93b9ff6ea5e6af09e5ea1ebcb52b60595efbdde9d59a
744908,592332,117,34,2024-07-27,assessment,mlb_statcast,False,False,proposed,7f6d93243a7e47d3a78948198dce6f30,bb4dcd5a4c431b74b20b93b9ff6ea5e6af09e5ea1ebcb52b60595efbdde9d59a
744910,579328,70,17,2024-07-20,assessment,mlb_statcast,True,False,proposed,7f6d93243a7e47d3a78948198dce6f30,bb4dcd5a4c431b74b20b93b9ff6ea5e6af09e5ea1ebcb52b60595efbdde9d59a
744911,656427,81,19,2024-07-19,assessment,mlb_statcast,True,True,proposed,7f6d93243a7e47d3a78948198dce6f30,bb4dcd5a4c431b74b20b93b9ff6ea5e6af09e5ea1ebcb52b60595efbdde9d59a
744915,579328,71,16,2024-07-03,assessment,mlb_statcast,True,False,proposed,7f6d93243a7e47d3a78948198dce6f30,bb4dcd5a4c431b74b20b93b9ff6ea5e6af09e5ea1ebcb52b60595efbdde9d59a
744972,543037,67,18,2024-09-02,assessment,mlb_statcast,True,False,proposed,7f6d93243a7e47d3a78948198dce6f30,bb4dcd5a4c431b74b20b93b9ff6ea5e6af09e5ea1ebcb52b60595efbdde9d59a
744981,579328,57,15,2024-08-07,assessment,mlb_statcast,True,False,proposed,7f6d93243a7e47d3a78948198dce6f30,bb4dcd5a4c431b74b20b93b9ff6ea5e6af09e5ea1ebcb52b60595efbdde9d59a
744990,669203,65,16,2024-07-19,assessment,mlb_statcast,True,False,proposed,7f6d93243a7e47d3a78948198dce6f30,bb4dcd5a4c431b74b20b93b9ff6ea5e6af09e5ea1ebcb52b60595efbdde9d59a
744999,656302,58,13,2024-07-02,assessment,mlb_statcast,True,False,proposed,7f6d93243a7e47d3a78948198dce6f30,bb4dcd5a4c431b74b20b93b9ff6ea5e6af09e5ea1ebcb52b60595efbdde9d59a
745048,656302,75,19,2024-09-01,assessment,mlb_statcast,True,False,proposed,7f6d93243a7e47d3a78948198dce6f30,bb4dcd5a4c431b74b20b93b9ff6ea5e6af09e5ea1ebcb52b60595efbdde9d59a
745052,527048,69,16,2024-08-30,assessment,mlb_statcast,True,False,proposed,7f6d93243a7e47d3a78948198dce6f30,bb4dcd5a4c431b74b20b93b9ff6ea5e6af09e5ea1ebcb52b60595efbdde9d59a
745054,669194,61,16,2024-08-16,assessment,mlb_statcast,True,False,proposed,7f6d93243a7e47d3a78948198dce6f30,bb4dcd5a4c431b74b20b93b9ff6ea5e6af09e5ea1ebcb52b60595efbdde9d59a
745055,579328,80,16,2024-08-13,assessment,mlb_statcast,False,False,proposed,7f6d93243a7e47d3a78948198dce6f30,bb4dcd5a4c431b74b20b93b9ff6ea5e6af09e5ea1ebcb52b60595efbdde9d59a
745056,669203,54,13,2024-08-10,assessment,mlb_statcast,True,True,proposed,7f6d93243a7e47d3a78948198dce6f30,bb4dcd5a4c431b74b20b93b9ff6ea5e6af09e5ea1ebcb52b60595efbdde9d59a
745056,669203,68,17,2024-08-10,assessment,mlb_statcast,True,True,proposed,7f6d93243a7e47d3a78948198dce6f30,bb4dcd5a4c431b74b20b93b9ff6ea5e6af09e5ea1ebcb52b60595efbdde9d59a
745060,665795,69,17,2024-07-30,assessment,mlb_statcast,False,False,proposed,7f6d93243a7e47d3a78948198dce6f30,bb4dcd5a4c431b74b20b93b9ff6ea5e6af09e5ea1ebcb52b60595efbdde9d59a
745063,668881,65,18,2024-07-28,assessment,mlb_statcast,True,True,proposed,7f6d93243a7e47d3a78948198dce6f30,bb4dcd5a4c431b74b20b93b9ff6ea5e6af09e5ea1ebcb52b60595efbdde9d59a
745065,641482,87,21,2024-07-11,assessment,mlb_statcast,True,True,proposed,7f6d93243a7e47d3a78948198dce6f30,bb4dcd5a4c431b74b20b93b9ff6ea5e6af09e5ea1ebcb52b60595efbdde9d59a
745066,594902,76,22,2024-07-14,assessment,mlb_statcast,True,False,proposed,7f6d93243a7e47d3a78948198dce6f30,bb4dcd5a4c431b74b20b93b9ff6ea5e6af09e5ea1ebcb52b60595efbdde9d59a
745125,502043,97,23,2024-09-07,assessment,mlb_statcast,True,True,proposed,7f6d93243a7e47d3a78948198dce6f30,bb4dcd5a4c431b74b20b93b9ff6ea5e6af09e5ea1ebcb52b60595efbdde9d59a
745132,656302,89,23,2024-08-27,assessment,mlb_statcast,False,False,proposed,7f6d93243a7e47d3a78948198dce6f30,bb4dcd5a4c431b74b20b93b9ff6ea5e6af09e5ea1ebcb52b60595efbdde9d59a
745134,605397,76,22,2024-08-28,assessment,mlb_statcast,True,True,proposed,7f6d93243a7e47d3a78948198dce6f30,bb4dcd5a4c431b74b20b93b9ff6ea5e6af09e5ea1ebcb52b60595efbdde9d59a
745135,650633,93,21,2024-08-29,assessment,mlb_statcast,True,True,proposed,7f6d93243a7e47d3a78948198dce6f30,bb4dcd5a4c431b74b20b93b9ff6ea5e6af09e5ea1ebcb52b60595efbdde9d59a
745153,543294,73,20,2024-07-12,assessment,mlb_statcast,True,False,proposed,7f6d93243a7e47d3a78948198dce6f30,bb4dcd5a4c431b74b20b93b9ff6ea5e6af09e5ea1ebcb52b60595efbdde9d59a
745155,679525,97,22,2024-07-10,assessment,mlb_statcast,False,False,proposed,7f6d93243a7e47d3a78948198dce6f30,bb4dcd5a4c431b74b20b93b9ff6ea5e6af09e5ea1ebcb52b60595efbdde9d59a
745184,640455,97,28,2024-08-05,assessment,mlb_statcast,False,False,proposed,7f6d93243a7e47d3a78948198dce6f30,bb4dcd5a4c431b74b20b93b9ff6ea5e6af09e5ea1ebcb52b60595efbdde9d59a
745222,554430,55,15,2024-08-04,assessment,mlb_statcast,True,False,proposed,7f6d93243a7e47d3a78948198dce6f30,bb4dcd5a4c431b74b20b93b9ff6ea5e6af09e5ea1ebcb52b60595efbdde9d59a
745222,554430,67,19,2024-08-04,assessment,mlb_statcast,True,True,proposed,7f6d93243a7e47d3a78948198dce6f30,bb4dcd5a4c431b74b20b93b9ff6ea5e6af09e5ea1ebcb52b60595efbdde9d59a
745236,669203,67,15,2024-07-04,assessment,mlb_statcast,True,False,proposed,7f6d93243a7e47d3a78948198dce6f30,bb4dcd5a4c431b74b20b93b9ff6ea5e6af09e5ea1ebcb52b60595efbdde9d59a
745237,592332,89,22,2024-07-05,assessment,mlb_statcast,True,True,proposed,7f6d93243a7e47d3a78948198dce6f30,bb4dcd5a4c431b74b20b93b9ff6ea5e6af09e5ea1ebcb52b60595efbdde9d59a
745284,605397,74,18,2024-09-14,assessment,mlb_statcast,True,False,proposed,7f6d93243a7e47d3a78948198dce6f30,bb4dcd5a4c431b74b20b93b9ff6ea5e6af09e5ea1ebcb52b60595efbdde9d59a
745286,656302,61,15,2024-09-13,assessment,mlb_statcast,True,False,proposed,7f6d93243a7e47d3a78948198dce6f30,bb4dcd5a4c431b74b20b93b9ff6ea5e6af09e5ea1ebcb52b60595efbdde9d59a
745287,527048,65,17,2024-09-15,assessment,mlb_statcast,True,True,proposed,7f6d93243a7e47d3a78948198dce6f30,bb4dcd5a4c431b74b20b93b9ff6ea5e6af09e5ea1ebcb52b60595efbdde9d59a
745291,650644,62,19,2024-09-10,assessment,mlb_statcast,False,False,proposed,7f6d93243a7e47d3a78948198dce6f30,bb4dcd5a4c431b74b20b93b9ff6ea5e6af09e5ea1ebcb52b60595efbdde9d59a
745291,650644,65,20,2024-09-10,assessment,mlb_statcast,False,False,proposed,7f6d93243a7e47d3a78948198dce6f30,bb4dcd5a4c431b74b20b93b9ff6ea5e6af09e5ea1ebcb52b60595efbdde9d59a
745292,657277,78,23,2024-09-01,assessment,mlb_statcast,False,False,proposed,7f6d93243a7e47d3a78948198dce6f30,bb4dcd5a4c431b74b20b93b9ff6ea5e6af09e5ea1ebcb52b60595efbdde9d59a
745293,669194,57,14,2024-09-03,assessment,mlb_statcast,True,False,proposed,7f6d93243a7e47d3a78948198dce6f30,bb4dcd5a4c431b74b20b93b9ff6ea5e6af09e5ea1ebcb52b60595efbdde9d59a
745296,665795,69,15,2024-08-31,assessment,mlb_statcast,True,False,proposed,7f6d93243a7e47d3a78948198dce6f30,bb4dcd5a4c431b74b20b93b9ff6ea5e6af09e5ea1ebcb52b60595efbdde9d59a
745297,657277,86,24,2024-08-21,assessment,mlb_statcast,False,False,proposed,7f6d93243a7e47d3a78948198dce6f30,bb4dcd5a4c431b74b20b93b9ff6ea5e6af09e5ea1ebcb52b60595efbdde9d59a
745298,657277,57,14,2024-08-15,assessment,mlb_statcast,True,False,proposed,7f6d93243a7e47d3a78948198dce6f30,bb4dcd5a4c431b74b20b93b9ff6ea5e6af09e5ea1ebcb52b60595efbdde9d59a
745304,657277,42,14,2024-08-10,assessment,mlb_statcast,True,True,proposed,7f6d93243a7e47d3a78948198dce6f30,bb4dcd5a4c431b74b20b93b9ff6ea5e6af09e5ea1ebcb52b60595efbdde9d59a
745306,657277,98,31,2024-07-31,assessment,mlb_statcast,True,False,proposed,7f6d93243a7e47d3a78948198dce6f30,bb4dcd5a4c431b74b20b93b9ff6ea5e6af09e5ea1ebcb52b60595efbdde9d59a
745316,579328,75,20,2024-07-09,assessment,mlb_statcast,True,False,proposed,7f6d93243a7e47d3a78948198dce6f30,bb4dcd5a4c431b74b20b93b9ff6ea5e6af09e5ea1ebcb52b60595efbdde9d59a
745360,527048,70,18,2024-09-21,assessment,mlb_statcast,True,True,proposed,7f6d93243a7e47d3a78948198dce6f30,bb4dcd5a4c431b74b20b93b9ff6ea5e6af09e5ea1ebcb52b60595efbdde9d59a
745360,527048,76,21,2024-09-21,assessment,mlb_statcast,True,False,proposed,7f6d93243a7e47d3a78948198dce6f30,bb4dcd5a4c431b74b20b93b9ff6ea5e6af09e5ea1ebcb52b60595efbdde9d59a
745360,527048,79,21,2024-09-21,assessment,mlb_statcast,True,False,proposed,7f6d93243a7e47d3a78948198dce6f30,bb4dcd5a4c431b74b20b93b9ff6ea5e6af09e5ea1ebcb52b60595efbdde9d59a
745364,605397,68,17,2024-09-20,assessment,mlb_statcast,True,False,proposed,7f6d93243a7e47d3a78948198dce6f30,bb4dcd5a4c431b74b20b93b9ff6ea5e6af09e5ea1ebcb52b60595efbdde9d59a
745365,656302,65,17,2024-09-18,assessment,mlb_statcast,True,True,proposed,7f6d93243a7e47d3a78948198dce6f30,bb4dcd5a4c431b74b20b93b9ff6ea5e6af09e5ea1ebcb52b60595efbdde9d59a
745365,656302,74,20,2024-09-18,assessment,mlb_statcast,True,False,proposed,7f6d93243a7e47d3a78948198dce6f30,bb4dcd5a4c431b74b20b93b9ff6ea5e6af09e5ea1ebcb52b60595efbdde9d59a
745369,527048,72,22,2024-09-05,assessment,mlb_statcast,True,True,proposed,7f6d93243a7e47d3a78948198dce6f30,bb4dcd5a4c431b74b20b93b9ff6ea5e6af09e5ea1ebcb52b60595efbdde9d59a
745372,656302,71,17,2024-09-07,assessment,mlb_statcast,True,False,proposed,7f6d93243a7e47d3a78948198dce6f30,bb4dcd5a4c431b74b20b93b9ff6ea5e6af09e5ea1ebcb52b60595efbdde9d59a
745372,656302,73,18,2024-09-07,assessment,mlb_statcast,True,False,proposed,7f6d93243a7e47d3a78948198dce6f30,bb4dcd5a4c431b74b20b93b9ff6ea5e6af09e5ea1ebcb52b60595efbdde9d59a
745372,656302,82,21,2024-09-07,assessment,mlb_statcast,True,False,proposed,7f6d93243a7e47d3a78948198dce6f30,bb4dcd5a4c431b74b20b93b9ff6ea5e6af09e5ea1ebcb52b60595efbdde9d59a
745373,605397,57,16,2024-09-02,assessment,mlb_statcast,True,False,proposed,7f6d93243a7e47d3a78948198dce6f30,bb4dcd5a4c431b74b20b93b9ff6ea5e6af09e5ea1ebcb52b60595efbdde9d59a
745376,527048,73,17,2024-08-25,assessment,mlb_statcast,True,False,proposed,7f6d93243a7e47d3a78948198dce6f30,bb4dcd5a4c431b74b20b93b9ff6ea5e6af09e5ea1ebcb52b60595efbdde9d59a
745378,605397,53,15,2024-08-23,assessment,mlb_statcast,True,False,proposed,7f6d93243a7e47d3a78948198dce6f30,bb4dcd5a4c431b74b20b93b9ff6ea5e6af09e5ea1ebcb52b60595efbdde9d59a
745379,656302,81,22,2024-08-22,assessment,mlb_statcast,True,False,proposed,7f6d93243a7e47d3a78948198dce6f30,bb4dcd5a4c431b74b20b93b9ff6ea5e6af09e5ea1ebcb52b60595efbdde9d59a
745379,656302,85,24,2024-08-22,assessment,mlb_statcast,True,False,proposed,7f6d93243a7e47d3a78948198dce6f30,bb4dcd5a4c431b74b20b93b9ff6ea5e6af09e5ea1ebcb52b60595efbdde9d59a
745379,656302,89,25,2024-08-22,assessment,mlb_statcast,True,False,proposed,7f6d93243a7e47d3a78948198dce6f30,bb4dcd5a4c431b74b20b93b9ff6ea5e6af09e5ea1ebcb52b60595efbdde9d59a
745379,656302,96,27,2024-08-22,assessment,mlb_statcast,False,False,proposed,7f6d93243a7e47d3a78948198dce6f30,bb4dcd5a4c431b74b20b93b9ff6ea5e6af09e5ea1ebcb52b60595efbdde9d59a
745379,656302,102,28,2024-08-22,assessment,mlb_statcast,False,False,proposed,7f6d93243a7e47d3a78948198dce6f30,bb4dcd5a4c431b74b20b93b9ff6ea5e6af09e5ea1ebcb52b60595efbdde9d59a
745381,527048,78,19,2024-08-14,assessment,mlb_statcast,True,False,proposed,7f6d93243a7e47d3a78948198dce6f30,bb4dcd5a4c431b74b20b93b9ff6ea5e6af09e5ea1ebcb52b60595efbdde9d59a
745386,656302,61,14,2024-07-31,assessment,mlb_statcast,True,True,proposed,7f6d93243a7e47d3a78948198dce6f30,bb4dcd5a4c431b74b20b93b9ff6ea5e6af09e5ea1ebcb52b60595efbdde9d59a
745386,656302,81,19,2024-07-31,assessment,mlb_statcast,True,False,proposed,7f6d93243a7e47d3a78948198dce6f30,bb4dcd5a4c431b74b20b93b9ff6ea5e6af09e5ea1ebcb52b60595efbdde9d59a
745388,527048,78,20,2024-08-03,assessment,mlb_statcast,False,False,proposed,7f6d93243a7e47d3a78948198dce6f30,bb4dcd5a4c431b74b20b93b9ff6ea5e6af09e5ea1ebcb52b60595efbdde9d59a
745391,656302,66,16,2024-07-07,assessment,mlb_statcast,True,False,proposed,7f6d93243a7e47d3a78948198dce6f30,bb4dcd5a4c431b74b20b93b9ff6ea5e6af09e5ea1ebcb52b60595efbdde9d59a
745391,656302,80,19,2024-07-07,assessment,mlb_statcast,True,False,proposed,7f6d93243a7e47d3a78948198dce6f30,bb4dcd5a4c431b74b20b93b9ff6ea5e6af09e5ea1ebcb52b60595efbdde9d59a
745391,669194,69,17,2024-07-07,assessment,mlb_statcast,True,False,proposed,7f6d93243a7e47d3a78948198dce6f30,bb4dcd5a4c431b74b20b93b9ff6ea5e6af09e5ea1ebcb52b60595efbdde9d59a
745392,656302,59,13,2024-07-13,assessment,mlb_statcast,True,True,proposed,7f6d93243a7e47d3a78948198dce6f30,bb4dcd5a4c431b74b20b93b9ff6ea5e6af09e5ea1ebcb52b60595efbdde9d59a
745443,650644,68,19,2024-09-26,assessment,mlb_statcast,True,False,proposed,7f6d93243a7e47d3a78948198dce6f30,bb4dcd5a4c431b74b20b93b9ff6ea5e6af09e5ea1ebcb52b60595efbdde9d59a
745447,679525,90,22,2024-09-13,assessment,mlb_statcast,True,True,proposed,7f6d93243a7e47d3a78948198dce6f30,bb4dcd5a4c431b74b20b93b9ff6ea5e6af09e5ea1ebcb52b60595efbdde9d59a
745449,663903,81,23,2024-09-15,assessment,mlb_statcast,True,False,proposed,7f6d93243a7e47d3a78948198dce6f30,bb4dcd5a4c431b74b20b93b9ff6ea5e6af09e5ea1ebcb52b60595efbdde9d59a
745452,543294,66,16,2024-08-28,assessment,mlb_statcast,True,False,proposed,7f6d93243a7e47d3a78948198dce6f30,bb4dcd5a4c431b74b20b93b9ff6ea5e6af09e5ea1ebcb52b60595efbdde9d59a
745468,669194,70,16,2024-08-04,assessment,mlb_statcast,True,False,proposed,7f6d93243a7e47d3a78948198dce6f30,bb4dcd5a4c431b74b20b93b9ff6ea5e6af09e5ea1ebcb52b60595efbdde9d59a
745469,650633,87,23,2024-08-07,assessment,mlb_statcast,False,False,proposed,7f6d93243a7e47d3a78948198dce6f30,bb4dcd5a4c431b74b20b93b9ff6ea5e6af09e5ea1ebcb52b60595efbdde9d59a
745472,527048,79,23,2024-07-24,assessment,mlb_statcast,True,True,proposed,7f6d93243a7e47d3a78948198dce6f30,bb4dcd5a4c431b74b20b93b9ff6ea5e6af09e5ea1ebcb52b60595efbdde9d59a
745478,650911,84,22,2024-07-20,assessment,mlb_statcast,True,False,proposed,7f6d93243a7e47d3a78948198dce6f30,bb4dcd5a4c431b74b20b93b9ff6ea5e6af09e5ea1ebcb52b60595efbdde9d59a
745479,622663,75,24,2024-07-05,assessment,mlb_statcast,True,True,proposed,7f6d93243a7e47d3a78948198dce6f30,bb4dcd5a4c431b74b20b93b9ff6ea5e6af09e5ea1ebcb52b60595efbdde9d59a
745481,527048,67,18,2024-07-19,assessment,mlb_statcast,True,True,proposed,7f6d93243a7e47d3a78948198dce6f30,bb4dcd5a4c431b74b20b93b9ff6ea5e6af09e5ea1ebcb52b60595efbdde9d59a
745481,605400,70,19,2024-07-19,assessment,mlb_statcast,False,False,proposed,7f6d93243a7e47d3a78948198dce6f30,bb4dcd5a4c431b74b20b93b9ff6ea5e6af09e5ea1ebcb52b60595efbdde9d59a
745484,527048,75,22,2024-07-04,assessment,mlb_statcast,True,False,proposed,7f6d93243a7e47d3a78948198dce6f30,bb4dcd5a4c431b74b20b93b9ff6ea5e6af09e5ea1ebcb52b60595efbdde9d59a
745521,650911,87,20,2024-09-25,assessment,mlb_statcast,True,False,proposed,7f6d93243a7e47d3a78948198dce6f30,bb4dcd5a4c431b74b20b93b9ff6ea5e6af09e5ea1ebcb52b60595efbdde9d59a
745527,605400,75,20,2024-09-23,assessment,mlb_statcast,True,False,proposed,7f6d93243a7e47d3a78948198dce6f30,bb4dcd5a4c431b74b20b93b9ff6ea5e6af09e5ea1ebcb52b60595efbdde9d59a
745529,605400,65,15,2024-09-13,assessment,mlb_statcast,True,True,proposed,7f6d93243a7e47d3a78948198dce6f30,bb4dcd5a4c431b74b20b93b9ff6ea5e6af09e5ea1ebcb52b60595efbdde9d59a
745531,650911,89,23,2024-08-29,assessment,mlb_statcast,True,False,proposed,7f6d93243a7e47d3a78948198dce6f30,bb4dcd5a4c431b74b20b93b9ff6ea5e6af09e5ea1ebcb52b60595efbdde9d59a
745534,650911,78,20,2024-09-09,assessment,mlb_statcast,True,False,proposed,7f6d93243a7e47d3a78948198dce6f30,bb4dcd5a4c431b74b20b93b9ff6ea5e6af09e5ea1ebcb52b60595efbdde9d59a
745536,605400,76,17,2024-09-01,assessment,mlb_statcast,True,False,proposed,7f6d93243a7e47d3a78948198dce6f30,bb4dcd5a4c431b74b20b93b9ff6ea5e6af09e5ea1ebcb52b60595efbdde9d59a
745537,650911,99,29,2024-08-17,assessment,mlb_statcast,False,False,proposed,7f6d93243a7e47d3a78948198dce6f30,bb4dcd5a4c431b74b20b93b9ff6ea5e6af09e5ea1ebcb52b60595efbdde9d59a
745540,605400,77,19,2024-08-27,assessment,mlb_statcast,True,False,proposed,7f6d93243a7e47d3a78948198dce6f30,bb4dcd5a4c431b74b20b93b9ff6ea5e6af09e5ea1ebcb52b60595efbdde9d59a
745542,605400,60,18,2024-08-16,assessment,mlb_statcast,True,False,proposed,7f6d93243a7e47d3a78948198dce6f30,bb4dcd5a4c431b74b20b93b9ff6ea5e6af09e5ea1ebcb52b60595efbdde9d59a
745543,641482,70,15,2024-07-31,assessment,mlb_statcast,True,True,proposed,7f6d93243a7e47d3a78948198dce6f30,bb4dcd5a4c431b74b20b93b9ff6ea5e6af09e5ea1ebcb52b60595efbdde9d59a
745543,641482,87,19,2024-07-31,assessment,mlb_statcast,False,False,proposed,7f6d93243a7e47d3a78948198dce6f30,bb4dcd5a4c431b74b20b93b9ff6ea5e6af09e5ea1ebcb52b60595efbdde9d59a
745543,650911,81,22,2024-07-31,assessment,mlb_statcast,False,False,proposed,7f6d93243a7e47d3a78948198dce6f30,bb4dcd5a4c431b74b20b93b9ff6ea5e6af09e5ea1ebcb52b60595efbdde9d59a
745544,665795,71,17,2024-08-14,assessment,mlb_statcast,True,True,proposed,7f6d93243a7e47d3a78948198dce6f30,bb4dcd5a4c431b74b20b93b9ff6ea5e6af09e5ea1ebcb52b60595efbdde9d59a
745546,605400,82,25,2024-07-30,assessment,mlb_statcast,False,False,proposed,7f6d93243a7e47d3a78948198dce6f30,bb4dcd5a4c431b74b20b93b9ff6ea5e6af09e5ea1ebcb52b60595efbdde9d59a
745554,594902,77,19,2024-07-26,assessment,mlb_statcast,True,False,proposed,7f6d93243a7e47d3a78948198dce6f30,bb4dcd5a4c431b74b20b93b9ff6ea5e6af09e5ea1ebcb52b60595efbdde9d59a
745554,650911,88,29,2024-07-26,assessment,mlb_statcast,False,False,proposed,7f6d93243a7e47d3a78948198dce6f30,bb4dcd5a4c431b74b20b93b9ff6ea5e6af09e5ea1ebcb52b60595efbdde9d59a
745558,605400,80,20,2024-07-11,assessment,mlb_statcast,True,False,proposed,7f6d93243a7e47d3a78948198dce6f30,bb4dcd5a4c431b74b20b93b9ff6ea5e6af09e5ea1ebcb52b60595efbdde9d59a
745606,543037,84,26,2024-09-20,assessment,mlb_statcast,True,False,proposed,7f6d93243a7e47d3a78948198dce6f30,bb4dcd5a4c431b74b20b93b9ff6ea5e6af09e5ea1ebcb52b60595efbdde9d59a
745606,543037,96,29,2024-09-20,assessment,mlb_statcast,False,False,proposed,7f6d93243a7e47d3a78948198dce6f30,bb4dcd5a4c431b74b20b93b9ff6ea5e6af09e5ea1ebcb52b60595efbdde9d59a
745606,543037,99,29,2024-09-20,assessment,mlb_statcast,False,False,proposed,7f6d93243a7e47d3a78948198dce6f30,bb4dcd5a4c431b74b20b93b9ff6ea5e6af09e5ea1ebcb52b60595efbdde9d59a
745625,650644,63,16,2024-08-23,assessment,mlb_statcast,True,False,proposed,7f6d93243a7e47d3a78948198dce6f30,bb4dcd5a4c431b74b20b93b9ff6ea5e6af09e5ea1ebcb52b60595efbdde9d59a
745625,650644,75,19,2024-08-23,assessment,mlb_statcast,False,False,proposed,7f6d93243a7e47d3a78948198dce6f30,bb4dcd5a4c431b74b20b93b9ff6ea5e6af09e5ea1ebcb52b60595efbdde9d59a
745636,656427,86,22,2024-08-03,assessment,mlb_statcast,True,False,proposed,7f6d93243a7e47d3a78948198dce6f30,bb4dcd5a4c431b74b20b93b9ff6ea5e6af09e5ea1ebcb52b60595efbdde9d59a
745691,543037,79,17,2024-09-26,assessment,mlb_statcast,True,True,proposed,7f6d93243a7e47d3a78948198dce6f30,bb4dcd5a4c431b74b20b93b9ff6ea5e6af09e5ea1ebcb52b60595efbdde9d59a
745691,543037,83,17,2024-09-26,assessment,mlb_statcast,True,False,proposed,7f6d93243a7e47d3a78948198dce6f30,bb4dcd5a4c431b74b20b93b9ff6ea5e6af09e5ea1ebcb52b60595efbdde9d59a
745694,573186,83,24,2024-09-10,assessment,mlb_statcast,False,False,proposed,7f6d93243a7e47d3a78948198dce6f30,bb4dcd5a4c431b74b20b93b9ff6ea5e6af09e5ea1ebcb52b60595efbdde9d59a
745695,641482,81,18,2024-09-12,assessment,mlb_statcast,True,False,proposed,7f6d93243a7e47d3a78948198dce6f30,bb4dcd5a4c431b74b20b93b9ff6ea5e6af09e5ea1ebcb52b60595efbdde9d59a
745697,666142,94,22,2024-09-11,assessment,mlb_statcast,True,False,proposed,7f6d93243a7e47d3a78948198dce6f30,bb4dcd5a4c431b74b20b93b9ff6ea5e6af09e5ea1ebcb52b60595efbdde9d59a
745698,663903,74,18,2024-09-09,assessment,mlb_statcast,True,False,proposed,7f6d93243a7e47d3a78948198dce6f30,bb4dcd5a4c431b74b20b93b9ff6ea5e6af09e5ea1ebcb52b60595efbdde9d59a
745700,573186,72,20,2024-08-30,assessment,mlb_statcast,True,False,proposed,7f6d93243a7e47d3a78948198dce6f30,bb4dcd5a4c431b74b20b93b9ff6ea5e6af09e5ea1ebcb52b60595efbdde9d59a
745700,573186,79,23,2024-08-30,assessment,mlb_statcast,True,False,proposed,7f6d93243a7e47d3a78948198dce6f30,bb4dcd5a4c431b74b20b93b9ff6ea5e6af09e5ea1ebcb52b60595efbdde9d59a
745700,573186,84,25,2024-08-30,assessment,mlb_statcast,False,False,proposed,7f6d93243a7e47d3a78948198dce6f30,bb4dcd5a4c431b74b20b93b9ff6ea5e6af09e5ea1ebcb52b60595efbdde9d59a
745700,573186,88,26,2024-08-30,assessment,mlb_statcast,False,False,proposed,7f6d93243a7e47d3a78948198dce6f30,bb4dcd5a4c431b74b20b93b9ff6ea5e6af09e5ea1ebcb52b60595efbdde9d59a
745700,573186,90,26,2024-08-30,assessment,mlb_statcast,False,False,proposed,7f6d93243a7e47d3a78948198dce6f30,bb4dcd5a4c431b74b20b93b9ff6ea5e6af09e5ea1ebcb52b60595efbdde9d59a
745700,573186,92,26,2024-08-30,assessment,mlb_statcast,False,False,proposed,7f6d93243a7e47d3a78948198dce6f30,bb4dcd5a4c431b74b20b93b9ff6ea5e6af09e5ea1ebcb52b60595efbdde9d59a
745700,573186,94,27,2024-08-30,assessment,mlb_statcast,False,False,proposed,7f6d93243a7e47d3a78948198dce6f30,bb4dcd5a4c431b74b20b93b9ff6ea5e6af09e5ea1ebcb52b60595efbdde9d59a
745700,573186,97,27,2024-08-30,assessment,mlb_statcast,False,False,proposed,7f6d93243a7e47d3a78948198dce6f30,bb4dcd5a4c431b74b20b93b9ff6ea5e6af09e5ea1ebcb52b60595efbdde9d59a
745702,607536,103,27,2024-08-23,assessment,mlb_statcast,False,False,proposed,7f6d93243a7e47d3a78948198dce6f30,bb4dcd5a4c431b74b20b93b9ff6ea5e6af09e5ea1ebcb52b60595efbdde9d59a
745704,641482,79,21,2024-08-21,assessment,mlb_statcast,True,False,proposed,7f6d93243a7e47d3a78948198dce6f30,bb4dcd5a4c431b74b20b93b9ff6ea5e6af09e5ea1ebcb52b60595efbdde9d59a
745704,641482,96,22,2024-08-21,assessment,mlb_statcast,False,False,proposed,7f6d93243a7e47d3a78948198dce6f30,bb4dcd5a4c431b74b20b93b9ff6ea5e6af09e5ea1ebcb52b60595efbdde9d59a
745705,543037,71,17,2024-08-22,assessment,mlb_statcast,True,False,proposed,7f6d93243a7e47d3a78948198dce6f30,bb4dcd5a4c431b74b20b93b9ff6ea5e6af09e5ea1ebcb52b60595efbdde9d59a
745706,573186,81,17,2024-08-25,assessment,mlb_statcast,True,True,proposed,7f6d93243a7e47d3a78948198dce6f30,bb4dcd5a4c431b74b20b93b9ff6ea5e6af09e5ea1ebcb52b60595efbdde9d59a
745706,573186,92,21,2024-08-25,assessment,mlb_statcast,True,True,proposed,7f6d93243a7e47d3a78948198dce6f30,bb4dcd5a4c431b74b20b93b9ff6ea5e6af09e5ea1ebcb52b60595efbdde9d59a
745708,543037,71,18,2024-08-10,assessment,mlb_statcast,True,False,proposed,7f6d93243a7e47d3a78948198dce6f30,bb4dcd5a4c431b74b20b93b9ff6ea5e6af09e5ea1ebcb52b60595efbdde9d59a
745710,641482,72,18,2024-08-08,assessment,mlb_statcast,True,False,proposed,7f6d93243a7e47d3a78948198dce6f30,bb4dcd5a4c431b74b20b93b9ff6ea5e6af09e5ea1ebcb52b60595efbdde9d59a
745710,641482,82,19,2024-08-08,assessment,mlb_statcast,True,False,proposed,7f6d93243a7e47d3a78948198dce6f30,bb4dcd5a4c431b74b20b93b9ff6ea5e6af09e5ea1ebcb52b60595efbdde9d59a
745716,543037,88,25,2024-07-24,assessment,mlb_statcast,True,True,proposed,7f6d93243a7e47d3a78948198dce6f30,bb4dcd5a4c431b74b20b93b9ff6ea5e6af09e5ea1ebcb52b60595efbdde9d59a
745716,543037,100,27,2024-07-24,assessment,mlb_statcast,True,False,proposed,7f6d93243a7e47d3a78948198dce6f30,bb4dcd5a4c431b74b20b93b9ff6ea5e6af09e5ea1ebcb52b60595efbdde9d59a
745718,543037,76,20,2024-08-04,assessment,mlb_statcast,True,False,proposed,7f6d93243a7e47d3a78948198dce6f30,bb4dcd5a4c431b74b20b93b9ff6ea5e6af09e5ea1ebcb52b60595efbdde9d59a
745719,592332,92,23,2024-08-02,assessment,mlb_statcast,True,False,proposed,7f6d93243a7e47d3a78948198dce6f30,bb4dcd5a4c431b74b20b93b9ff6ea5e6af09e5ea1ebcb52b60595efbdde9d59a
745720,641482,80,20,2024-07-20,assessment,mlb_statcast,True,True,proposed,7f6d93243a7e47d3a78948198dce6f30,bb4dcd5a4c431b74b20b93b9ff6ea5e6af09e5ea1ebcb52b60595efbdde9d59a
745721,543037,71,16,2024-07-19,assessment,mlb_statcast,True,False,proposed,7f6d93243a7e47d3a78948198dce6f30,bb4dcd5a4c431b74b20b93b9ff6ea5e6af09e5ea1ebcb52b60595efbdde9d59a
745722,573186,87,21,2024-07-21,assessment,mlb_statcast,False,False,proposed,7f6d93243a7e47d3a78948198dce6f30,bb4dcd5a4c431b74b20b93b9ff6ea5e6af09e5ea1ebcb52b60595efbdde9d59a
745724,543037,57,14,2024-07-06,assessment,mlb_statcast,True,False,proposed,7f6d93243a7e47d3a78948198dce6f30,bb4dcd5a4c431b74b20b93b9ff6ea5e6af09e5ea1ebcb52b60595efbdde9d59a
745725,641482,87,21,2024-07-05,assessment,mlb_statcast,False,False,proposed,7f6d93243a7e47d3a78948198dce6f30,bb4dcd5a4c431b74b20b93b9ff6ea5e6af09e5ea1ebcb52b60595efbdde9d59a
745726,573186,82,20,2024-07-04,assessment,mlb_statcast,True,False,proposed,7f6d93243a7e47d3a78948198dce6f30,bb4dcd5a4c431b74b20b93b9ff6ea5e6af09e5ea1ebcb52b60595efbdde9d59a
745726,573186,87,21,2024-07-04,assessment,mlb_statcast,False,False,proposed,7f6d93243a7e47d3a78948198dce6f30,bb4dcd5a4c431b74b20b93b9ff6ea5e6af09e5ea1ebcb52b60595efbdde9d59a
745726,573186,99,23,2024-07-04,assessment,mlb_statcast,False,False,proposed,7f6d93243a7e47d3a78948198dce6f30,bb4dcd5a4c431b74b20b93b9ff6ea5e6af09e5ea1ebcb52b60595efbdde9d59a
745767,554430,83,25,2024-09-22,assessment,mlb_statcast,False,False,proposed,7f6d93243a7e47d3a78948198dce6f30,bb4dcd5a4c431b74b20b93b9ff6ea5e6af09e5ea1ebcb52b60595efbdde9d59a
745770,650911,78,18,2024-09-20,assessment,mlb_statcast,True,True,proposed,7f6d93243a7e47d3a78948198dce6f30,bb4dcd5a4c431b74b20b93b9ff6ea5e6af09e5ea1ebcb52b60595efbdde9d59a
745774,622663,79,20,2024-09-08,assessment,mlb_statcast,True,False,proposed,7f6d93243a7e47d3a78948198dce6f30,bb4dcd5a4c431b74b20b93b9ff6ea5e6af09e5ea1ebcb52b60595efbdde9d59a
745777,640455,85,21,2024-09-06,assessment,mlb_statcast,True,True,proposed,7f6d93243a7e47d3a78948198dce6f30,bb4dcd5a4c431b74b20b93b9ff6ea5e6af09e5ea1ebcb52b60595efbdde9d59a
745779,622663,88,23,2024-09-02,assessment,mlb_statcast,True,False,proposed,7f6d93243a7e47d3a78948198dce6f30,bb4dcd5a4c431b74b20b93b9ff6ea5e6af09e5ea1ebcb52b60595efbdde9d59a
745781,640455,61,15,2024-08-21,assessment,mlb_statcast,True,True,proposed,7f6d93243a7e47d3a78948198dce6f30,bb4dcd5a4c431b74b20b93b9ff6ea5e6af09e5ea1ebcb52b60595efbdde9d59a
745784,640455,92,24,2024-08-16,assessment,mlb_statcast,False,False,proposed,7f6d93243a7e47d3a78948198dce6f30,bb4dcd5a4c431b74b20b93b9ff6ea5e6af09e5ea1ebcb52b60595efbdde9d59a
745785,622663,94,27,2024-08-17,assessment,mlb_statcast,True,True,proposed,7f6d93243a7e47d3a78948198dce6f30,bb4dcd5a4c431b74b20b93b9ff6ea5e6af09e5ea1ebcb52b60595efbdde9d59a
745787,640455,66,17,2024-07-30,assessment,mlb_statcast,True,False,proposed,7f6d93243a7e47d3a78948198dce6f30,bb4dcd5a4c431b74b20b93b9ff6ea5e6af09e5ea1ebcb52b60595efbdde9d59a
745787,640455,75,20,2024-07-30,assessment,mlb_statcast,True,False,proposed,7f6d93243a7e47d3a78948198dce6f30,bb4dcd5a4c431b74b20b93b9ff6ea5e6af09e5ea1ebcb52b60595efbdde9d59a
745794,622663,84,21,2024-07-25,assessment,mlb_statcast,True,True,proposed,7f6d93243a7e47d3a78948198dce6f30,bb4dcd5a4c431b74b20b93b9ff6ea5e6af09e5ea1ebcb52b60595efbdde9d59a
745869,666142,102,26,2024-08-14,assessment,mlb_statcast,False,False,proposed,7f6d93243a7e47d3a78948198dce6f30,bb4dcd5a4c431b74b20b93b9ff6ea5e6af09e5ea1ebcb52b60595efbdde9d59a
745874,663903,83,22,2024-08-12,assessment,mlb_statcast,False,False,proposed,7f6d93243a7e47d3a78948198dce6f30,bb4dcd5a4c431b74b20b93b9ff6ea5e6af09e5ea1ebcb52b60595efbdde9d59a
745877,605400,57,16,2024-07-24,assessment,mlb_statcast,True,False,proposed,7f6d93243a7e47d3a78948198dce6f30,bb4dcd5a4c431b74b20b93b9ff6ea5e6af09e5ea1ebcb52b60595efbdde9d59a
745878,554430,106,26,2024-07-23,assessment,mlb_statcast,False,False,proposed,7f6d93243a7e47d3a78948198dce6f30,bb4dcd5a4c431b74b20b93b9ff6ea5e6af09e5ea1ebcb52b60595efbdde9d59a
745882,650644,75,19,2024-07-21,assessment,mlb_statcast,True,False,proposed,7f6d93243a7e47d3a78948198dce6f30,bb4dcd5a4c431b74b20b93b9ff6ea5e6af09e5ea1ebcb52b60595efbdde9d59a
745930,640455,75,18,2024-09-27,assessment,mlb_statcast,True,False,proposed,7f6d93243a7e47d3a78948198dce6f30,bb4dcd5a4c431b74b20b93b9ff6ea5e6af09e5ea1ebcb52b60595efbdde9d59a
745932,656849,76,20,2024-09-29,assessment,mlb_statcast,True,False,proposed,7f6d93243a7e47d3a78948198dce6f30,bb4dcd5a4c431b74b20b93b9ff6ea5e6af09e5ea1ebcb52b60595efbdde9d59a
745933,605400,64,16,2024-09-18,assessment,mlb_statcast,True,True,proposed,7f6d93243a7e47d3a78948198dce6f30,bb4dcd5a4c431b74b20b93b9ff6ea5e6af09e5ea1ebcb52b60595efbdde9d59a
745936,650644,68,16,2024-09-21,assessment,mlb_statcast,True,True,proposed,7f6d93243a7e47d3a78948198dce6f30,bb4dcd5a4c431b74b20b93b9ff6ea5e6af09e5ea1ebcb52b60595efbdde9d59a
745939,650644,77,18,2024-09-16,assessment,mlb_statcast,True,True,proposed,7f6d93243a7e47d3a78948198dce6f30,bb4dcd5a4c431b74b20b93b9ff6ea5e6af09e5ea1ebcb52b60595efbdde9d59a
745940,607536,70,16,2024-09-08,assessment,mlb_statcast,True,False,proposed,7f6d93243a7e47d3a78948198dce6f30,bb4dcd5a4c431b74b20b93b9ff6ea5e6af09e5ea1ebcb52b60595efbdde9d59a
745944,650644,69,17,2024-09-03,assessment,mlb_statcast,True,False,proposed,7f6d93243a7e47d3a78948198dce6f30,bb4dcd5a4c431b74b20b93b9ff6ea5e6af09e5ea1ebcb52b60595efbdde9d59a
745944,650644,76,18,2024-09-03,assessment,mlb_statcast,False,False,proposed,7f6d93243a7e47d3a78948198dce6f30,bb4dcd5a4c431b74b20b93b9ff6ea5e6af09e5ea1ebcb52b60595efbdde9d59a
745944,650644,88,20,2024-09-03,assessment,mlb_statcast,False,False,proposed,7f6d93243a7e47d3a78948198dce6f30,bb4dcd5a4c431b74b20b93b9ff6ea5e6af09e5ea1ebcb52b60595efbdde9d59a
745945,650644,71,18,2024-08-29,assessment,mlb_statcast,True,False,proposed,7f6d93243a7e47d3a78948198dce6f30,bb4dcd5a4c431b74b20b93b9ff6ea5e6af09e5ea1ebcb52b60595efbdde9d59a
745945,650644,74,19,2024-08-29,assessment,mlb_statcast,True,False,proposed,7f6d93243a7e47d3a78948198dce6f30,bb4dcd5a4c431b74b20b93b9ff6ea5e6af09e5ea1ebcb52b60595efbdde9d59a
745945,650644,79,21,2024-08-29,assessment,mlb_statcast,False,False,proposed,7f6d93243a7e47d3a78948198dce6f30,bb4dcd5a4c431b74b20b93b9ff6ea5e6af09e5ea1ebcb52b60595efbdde9d59a
745946,657277,96,21,2024-08-27,assessment,mlb_statcast,True,True,proposed,7f6d93243a7e47d3a78948198dce6f30,bb4dcd5a4c431b74b20b93b9ff6ea5e6af09e5ea1ebcb52b60595efbdde9d59a
745948,594902,76,22,2024-08-18,assessment,mlb_statcast,False,False,proposed,7f6d93243a7e47d3a78948198dce6f30,bb4dcd5a4c431b74b20b93b9ff6ea5e6af09e5ea1ebcb52b60595efbdde9d59a
745948,594902,80,24,2024-08-18,assessment,mlb_statcast,False,False,proposed,7f6d93243a7e47d3a78948198dce6f30,bb4dcd5a4c431b74b20b93b9ff6ea5e6af09e5ea1ebcb52b60595efbdde9d59a
745949,650644,85,23,2024-08-16,assessment,mlb_statcast,False,False,proposed,7f6d93243a7e47d3a78948198dce6f30,bb4dcd5a4c431b74b20b93b9ff6ea5e6af09e5ea1ebcb52b60595efbdde9d59a
745950,656427,91,20,2024-08-15,assessment,mlb_statcast,False,False,proposed,7f6d93243a7e47d3a78948198dce6f30,bb4dcd5a4c431b74b20b93b9ff6ea5e6af09e5ea1ebcb52b60595efbdde9d59a
745957,650644,48,13,2024-08-09,assessment,mlb_statcast,True,False,proposed,7f6d93243a7e47d3a78948198dce6f30,bb4dcd5a4c431b74b20b93b9ff6ea5e6af09e5ea1ebcb52b60595efbdde9d59a
745957,650644,54,15,2024-08-09,assessment,mlb_statcast,True,False,proposed,7f6d93243a7e47d3a78948198dce6f30,bb4dcd5a4c431b74b20b93b9ff6ea5e6af09e5ea1ebcb52b60595efbdde9d59a
745957,650644,58,16,2024-08-09,assessment,mlb_statcast,True,False,proposed,7f6d93243a7e47d3a78948198dce6f30,bb4dcd5a4c431b74b20b93b9ff6ea5e6af09e5ea1ebcb52b60595efbdde9d59a
745957,650644,64,18,2024-08-09,assessment,mlb_statcast,True,False,proposed,7f6d93243a7e47d3a78948198dce6f30,bb4dcd5a4c431b74b20b93b9ff6ea5e6af09e5ea1ebcb52b60595efbdde9d59a
745957,650644,93,24,2024-08-09,assessment,mlb_statcast,True,False,proposed,7f6d93243a7e47d3a78948198dce6f30,bb4dcd5a4c431b74b20b93b9ff6ea5e6af09e5ea1ebcb52b60595efbdde9d59a
745960,519242,85,23,2024-07-31,assessment,mlb_statcast,True,False,proposed,7f6d93243a7e47d3a78948198dce6f30,bb4dcd5a4c431b74b20b93b9ff6ea5e6af09e5ea1ebcb52b60595efbdde9d59a
745966,650644,70,19,2024-07-27,assessment,mlb_statcast,True,False,proposed,7f6d93243a7e47d3a78948198dce6f30,bb4dcd5a4c431b74b20b93b9ff6ea5e6af09e5ea1ebcb52b60595efbdde9d59a
745967,650644,76,23,2024-07-11,assessment,mlb_statcast,True,False,proposed,7f6d93243a7e47d3a78948198dce6f30,bb4dcd5a4c431b74b20b93b9ff6ea5e6af09e5ea1ebcb52b60595efbdde9d59a
745969,527048,84,20,2024-07-10,assessment,mlb_statcast,True,True,proposed,7f6d93243a7e47d3a78948198dce6f30,bb4dcd5a4c431b74b20b93b9ff6ea5e6af09e5ea1ebcb52b60595efbdde9d59a
746011,656427,71,18,2024-09-19,assessment,mlb_statcast,True,True,proposed,7f6d93243a7e47d3a78948198dce6f30,bb4dcd5a4c431b74b20b93b9ff6ea5e6af09e5ea1ebcb52b60595efbdde9d59a
746016,554430,84,21,2024-09-06,assessment,mlb_statcast,False,False,proposed,7f6d93243a7e47d3a78948198dce6f30,bb4dcd5a4c431b74b20b93b9ff6ea5e6af09e5ea1ebcb52b60595efbdde9d59a
746017,665795,77,19,2024-09-08,assessment,mlb_statcast,True,True,proposed,7f6d93243a7e47d3a78948198dce6f30,bb4dcd5a4c431b74b20b93b9ff6ea5e6af09e5ea1ebcb52b60595efbdde9d59a
746018,605400,58,13,2024-09-07,assessment,mlb_statcast,True,False,proposed,7f6d93243a7e47d3a78948198dce6f30,bb4dcd5a4c431b74b20b93b9ff6ea5e6af09e5ea1ebcb52b60595efbdde9d59a
746024,543294,66,20,2024-08-23,assessment,mlb_statcast,True,False,proposed,7f6d93243a7e47d3a78948198dce6f30,bb4dcd5a4c431b74b20b93b9ff6ea5e6af09e5ea1ebcb52b60595efbdde9d59a
746025,656302,61,17,2024-08-11,assessment,mlb_statcast,True,False,proposed,7f6d93243a7e47d3a78948198dce6f30,bb4dcd5a4c431b74b20b93b9ff6ea5e6af09e5ea1ebcb52b60595efbdde9d59a
746025,656302,73,20,2024-08-11,assessment,mlb_statcast,True,False,proposed,7f6d93243a7e47d3a78948198dce6f30,bb4dcd5a4c431b74b20b93b9ff6ea5e6af09e5ea1ebcb52b60595efbdde9d59a
746025,656302,82,22,2024-08-11,assessment,mlb_statcast,False,False,proposed,7f6d93243a7e47d3a78948198dce6f30,bb4dcd5a4c431b74b20b93b9ff6ea5e6af09e5ea1ebcb52b60595efbdde9d59a
746029,665795,72,21,2024-08-20,assessment,mlb_statcast,True,True,proposed,7f6d93243a7e47d3a78948198dce6f30,bb4dcd5a4c431b74b20b93b9ff6ea5e6af09e5ea1ebcb52b60595efbdde9d59a
746030,668881,71,18,2024-08-08,assessment,mlb_statcast,True,False,proposed,7f6d93243a7e47d3a78948198dce6f30,bb4dcd5a4c431b74b20b93b9ff6ea5e6af09e5ea1ebcb52b60595efbdde9d59a
746032,527048,87,26,2024-08-09,assessment,mlb_statcast,False,False,proposed,7f6d93243a7e47d3a78948198dce6f30,bb4dcd5a4c431b74b20b93b9ff6ea5e6af09e5ea1ebcb52b60595efbdde9d59a
746032,665795,89,22,2024-08-09,assessment,mlb_statcast,True,False,proposed,7f6d93243a7e47d3a78948198dce6f30,bb4dcd5a4c431b74b20b93b9ff6ea5e6af09e5ea1ebcb52b60595efbdde9d59a
746035,665795,81,21,2024-07-24,assessment,mlb_statcast,True,True,proposed,7f6d93243a7e47d3a78948198dce6f30,bb4dcd5a4c431b74b20b93b9ff6ea5e6af09e5ea1ebcb52b60595efbdde9d59a
746037,669203,67,19,2024-07-25,assessment,mlb_statcast,True,True,proposed,7f6d93243a7e47d3a78948198dce6f30,bb4dcd5a4c431b74b20b93b9ff6ea5e6af09e5ea1ebcb52b60595efbdde9d59a
746039,665795,79,17,2024-07-07,assessment,mlb_statcast,True,False,proposed,7f6d93243a7e47d3a78948198dce6f30,bb4dcd5a4c431b74b20b93b9ff6ea5e6af09e5ea1ebcb52b60595efbdde9d59a
746040,665795,74,20,2024-07-19,assessment,mlb_statcast,True,False,proposed,7f6d93243a7e47d3a78948198dce6f30,bb4dcd5a4c431b74b20b93b9ff6ea5e6af09e5ea1ebcb52b60595efbdde9d59a
746041,622663,80,23,2024-07-20,assessment,mlb_statcast,True,True,proposed,7f6d93243a7e47d3a78948198dce6f30,bb4dcd5a4c431b74b20b93b9ff6ea5e6af09e5ea1ebcb52b60595efbdde9d59a
746088,605397,72,23,2024-09-26,assessment,mlb_statcast,True,True,proposed,7f6d93243a7e47d3a78948198dce6f30,bb4dcd5a4c431b74b20b93b9ff6ea5e6af09e5ea1ebcb52b60595efbdde9d59a
746093,650633,91,21,2024-09-24,assessment,mlb_statcast,False,False,proposed,7f6d93243a7e47d3a78948198dce6f30,bb4dcd5a4c431b74b20b93b9ff6ea5e6af09e5ea1ebcb52b60595efbdde9d59a
746094,607536,85,24,2024-09-20,assessment,mlb_statcast,False,False,proposed,7f6d93243a7e47d3a78948198dce6f30,bb4dcd5a4c431b74b20b93b9ff6ea5e6af09e5ea1ebcb52b60595efbdde9d59a
746095,656302,60,14,2024-09-25,assessment,mlb_statcast,True,True,proposed,7f6d93243a7e47d3a78948198dce6f30,bb4dcd5a4c431b74b20b93b9ff6ea5e6af09e5ea1ebcb52b60595efbdde9d59a
746095,656427,68,13,2024-09-25,assessment,mlb_statcast,True,False,proposed,7f6d93243a7e47d3a78948198dce6f30,bb4dcd5a4c431b74b20b93b9ff6ea5e6af09e5ea1ebcb52b60595efbdde9d59a
746098,656427,81,22,2024-09-08,assessment,mlb_statcast,False,False,proposed,7f6d93243a7e47d3a78948198dce6f30,bb4dcd5a4c431b74b20b93b9ff6ea5e6af09e5ea1ebcb52b60595efbdde9d59a
746101,543294,62,14,2024-09-09,assessment,mlb_statcast,True,False,proposed,7f6d93243a7e47d3a78948198dce6f30,bb4dcd5a4c431b74b20b93b9ff6ea5e6af09e5ea1ebcb52b60595efbdde9d59a
746103,669203,56,14,2024-08-28,assessment,mlb_statcast,True,False,proposed,7f6d93243a7e47d3a78948198dce6f30,bb4dcd5a4c431b74b20b93b9ff6ea5e6af09e5ea1ebcb52b60595efbdde9d59a
746105,656427,89,24,2024-08-27,assessment,mlb_statcast,False,False,proposed,7f6d93243a7e47d3a78948198dce6f30,bb4dcd5a4c431b74b20b93b9ff6ea5e6af09e5ea1ebcb52b60595efbdde9d59a
746110,656427,73,18,2024-08-21,assessment,mlb_statcast,True,True,proposed,7f6d93243a7e47d3a78948198dce6f30,bb4dcd5a4c431b74b20b93b9ff6ea5e6af09e5ea1ebcb52b60595efbdde9d59a
746113,656427,95,24,2024-08-09,assessment,mlb_statcast,True,False,proposed,7f6d93243a7e47d3a78948198dce6f30,bb4dcd5a4c431b74b20b93b9ff6ea5e6af09e5ea1ebcb52b60595efbdde9d59a
746116,605400,74,19,2024-08-05,assessment,mlb_statcast,True,True,proposed,7f6d93243a7e47d3a78948198dce6f30,bb4dcd5a4c431b74b20b93b9ff6ea5e6af09e5ea1ebcb52b60595efbdde9d59a
746120,650911,65,18,2024-08-06,assessment,mlb_statcast,True,False,proposed,7f6d93243a7e47d3a78948198dce6f30,bb4dcd5a4c431b74b20b93b9ff6ea5e6af09e5ea1ebcb52b60595efbdde9d59a
746127,650644,74,18,2024-07-05,assessment,mlb_statcast,True,False,proposed,7f6d93243a7e47d3a78948198dce6f30,bb4dcd5a4c431b74b20b93b9ff6ea5e6af09e5ea1ebcb52b60595efbdde9d59a
746133,669194,53,14,2024-07-02,assessment,mlb_statcast,True,False,proposed,7f6d93243a7e47d3a78948198dce6f30,bb4dcd5a4c431b74b20b93b9ff6ea5e6af09e5ea1ebcb52b60595efbdde9d59a
746181,579328,73,22,2024-09-13,assessment,mlb_statcast,True,True,proposed,7f6d93243a7e47d3a78948198dce6f30,bb4dcd5a4c431b74b20b93b9ff6ea5e6af09e5ea1ebcb52b60595efbdde9d59a
746187,592332,102,27,2024-08-13,assessment,mlb_statcast,False,False,proposed,7f6d93243a7e47d3a78948198dce6f30,bb4dcd5a4c431b74b20b93b9ff6ea5e6af09e5ea1ebcb52b60595efbdde9d59a
746255,663903,81,22,2024-09-21,assessment,mlb_statcast,True,True,proposed,7f6d93243a7e47d3a78948198dce6f30,bb4dcd5a4c431b74b20b93b9ff6ea5e6af09e5ea1ebcb52b60595efbdde9d59a
746257,666142,58,15,2024-09-06,assessment,mlb_statcast,True,False,proposed,7f6d93243a7e47d3a78948198dce6f30,bb4dcd5a4c431b74b20b93b9ff6ea5e6af09e5ea1ebcb52b60595efbdde9d59a
746257,666142,64,17,2024-09-06,assessment,mlb_statcast,True,False,proposed,7f6d93243a7e47d3a78948198dce6f30,bb4dcd5a4c431b74b20b93b9ff6ea5e6af09e5ea1ebcb52b60595efbdde9d59a
746259,679525,80,19,2024-09-07,assessment,mlb_statcast,True,True,proposed,7f6d93243a7e47d3a78948198dce6f30,bb4dcd5a4c431b74b20b93b9ff6ea5e6af09e5ea1ebcb52b60595efbdde9d59a
746261,666142,95,25,2024-09-17,assessment,mlb_statcast,True,True,proposed,7f6d93243a7e47d3a78948198dce6f30,bb4dcd5a4c431b74b20b93b9ff6ea5e6af09e5ea1ebcb52b60595efbdde9d59a
746262,594902,70,17,2024-09-04,assessment,mlb_statcast,True,True,proposed,7f6d93243a7e47d3a78948198dce6f30,bb4dcd5a4c431b74b20b93b9ff6ea5e6af09e5ea1ebcb52b60595efbdde9d59a
746262,594902,79,20,2024-09-04,assessment,mlb_statcast,True,False,proposed,7f6d93243a7e47d3a78948198dce6f30,bb4dcd5a4c431b74b20b93b9ff6ea5e6af09e5ea1ebcb52b60595efbdde9d59a
746264,663903,71,17,2024-09-03,assessment,mlb_statcast,True,True,proposed,7f6d93243a7e47d3a78948198dce6f30,bb4dcd5a4c431b74b20b93b9ff6ea5e6af09e5ea1ebcb52b60595efbdde9d59a
746266,542881,94,30,2024-08-20,assessment,mlb_statcast,True,False,proposed,7f6d93243a7e47d3a78948198dce6f30,bb4dcd5a4c431b74b20b93b9ff6ea5e6af09e5ea1ebcb52b60595efbdde9d59a
746266,666142,78,18,2024-08-20,assessment,mlb_statcast,True,True,proposed,7f6d93243a7e47d3a78948198dce6f30,bb4dcd5a4c431b74b20b93b9ff6ea5e6af09e5ea1ebcb52b60595efbdde9d59a
746271,663903,69,17,2024-08-24,assessment,mlb_statcast,True,False,proposed,7f6d93243a7e47d3a78948198dce6f30,bb4dcd5a4c431b74b20b93b9ff6ea5e6af09e5ea1ebcb52b60595efbdde9d59a
746272,666142,106,27,2024-08-07,assessment,mlb_statcast,True,False,proposed,7f6d93243a7e47d3a78948198dce6f30,bb4dcd5a4c431b74b20b93b9ff6ea5e6af09e5ea1ebcb52b60595efbdde9d59a
746274,666142,88,22,2024-07-28,assessment,mlb_statcast,True,True,proposed,7f6d93243a7e47d3a78948198dce6f30,bb4dcd5a4c431b74b20b93b9ff6ea5e6af09e5ea1ebcb52b60595efbdde9d59a
746276,663903,81,22,2024-08-05,assessment,mlb_statcast,True,False,proposed,7f6d93243a7e47d3a78948198dce6f30,bb4dcd5a4c431b74b20b93b9ff6ea5e6af09e5ea1ebcb52b60595efbdde9d59a
746277,543294,71,18,2024-07-26,assessment,mlb_statcast,True,True,proposed,7f6d93243a7e47d3a78948198dce6f30,bb4dcd5a4c431b74b20b93b9ff6ea5e6af09e5ea1ebcb52b60595efbdde9d59a
746277,663903,78,20,2024-07-26,assessment,mlb_statcast,True,False,proposed,7f6d93243a7e47d3a78948198dce6f30,bb4dcd5a4c431b74b20b93b9ff6ea5e6af09e5ea1ebcb52b60595efbdde9d59a
746277,663903,81,20,2024-07-26,assessment,mlb_statcast,True,False,proposed,7f6d93243a7e47d3a78948198dce6f30,bb4dcd5a4c431b74b20b93b9ff6ea5e6af09e5ea1ebcb52b60595efbdde9d59a
746279,669194,72,20,2024-07-24,assessment,mlb_statcast,True,False,proposed,7f6d93243a7e47d3a78948198dce6f30,bb4dcd5a4c431b74b20b93b9ff6ea5e6af09e5ea1ebcb52b60595efbdde9d59a
746280,666142,105,26,2024-07-22,assessment,mlb_statcast,False,False,proposed,7f6d93243a7e47d3a78948198dce6f30,bb4dcd5a4c431b74b20b93b9ff6ea5e6af09e5ea1ebcb52b60595efbdde9d59a
746286,663903,78,22,2024-07-20,assessment,mlb_statcast,True,True,proposed,7f6d93243a7e47d3a78948198dce6f30,bb4dcd5a4c431b74b20b93b9ff6ea5e6af09e5ea1ebcb52b60595efbdde9d59a
746331,579328,77,19,2024-09-25,assessment,mlb_statcast,True,False,proposed,7f6d93243a7e47d3a78948198dce6f30,bb4dcd5a4c431b74b20b93b9ff6ea5e6af09e5ea1ebcb52b60595efbdde9d59a
746341,579328,73,17,2024-09-19,assessment,mlb_statcast,True,False,proposed,7f6d93243a7e47d3a78948198dce6f30,bb4dcd5a4c431b74b20b93b9ff6ea5e6af09e5ea1ebcb52b60595efbdde9d59a
746344,579328,76,20,2024-09-07,assessment,mlb_statcast,True,True,proposed,7f6d93243a7e47d3a78948198dce6f30,bb4dcd5a4c431b74b20b93b9ff6ea5e6af09e5ea1ebcb52b60595efbdde9d59a
746344,579328,78,21,2024-09-07,assessment,mlb_statcast,True,True,proposed,7f6d93243a7e47d3a78948198dce6f30,bb4dcd5a4c431b74b20b93b9ff6ea5e6af09e5ea1ebcb52b60595efbdde9d59a
746344,593958,85,23,2024-09-07,assessment,mlb_statcast,False,False,proposed,7f6d93243a7e47d3a78948198dce6f30,bb4dcd5a4c431b74b20b93b9ff6ea5e6af09e5ea1ebcb52b60595efbdde9d59a
746345,669194,72,20,2024-09-08,assessment,mlb_statcast,True,False,proposed,7f6d93243a7e47d3a78948198dce6f30,bb4dcd5a4c431b74b20b93b9ff6ea5e6af09e5ea1ebcb52b60595efbdde9d59a
746347,679525,69,19,2024-09-01,assessment,mlb_statcast,True,False,proposed,7f6d93243a7e47d3a78948198dce6f30,bb4dcd5a4c431b74b20b93b9ff6ea5e6af09e5ea1ebcb52b60595efbdde9d59a
746348,579328,70,17,2024-08-31,assessment,mlb_statcast,True,True,proposed,7f6d93243a7e47d3a78948198dce6f30,bb4dcd5a4c431b74b20b93b9ff6ea5e6af09e5ea1ebcb52b60595efbdde9d59a
746348,666142,85,20,2024-08-31,assessment,mlb_statcast,True,False,proposed,7f6d93243a7e47d3a78948198dce6f30,bb4dcd5a4c431b74b20b93b9ff6ea5e6af09e5ea1ebcb52b60595efbdde9d59a
746351,579328,67,18,2024-08-19,assessment,mlb_statcast,True,False,proposed,7f6d93243a7e47d3a78948198dce6f30,bb4dcd5a4c431b74b20b93b9ff6ea5e6af09e5ea1ebcb52b60595efbdde9d59a
746352,663903,92,23,2024-08-29,assessment,mlb_statcast,True,True,proposed,7f6d93243a7e47d3a78948198dce6f30,bb4dcd5a4c431b74b20b93b9ff6ea5e6af09e5ea1ebcb52b60595efbdde9d59a
746354,579328,63,16,2024-08-02,assessment,mlb_statcast,True,False,proposed,7f6d93243a7e47d3a78948198dce6f30,bb4dcd5a4c431b74b20b93b9ff6ea5e6af09e5ea1ebcb52b60595efbdde9d59a
746422,669203,85,20,2024-09-14,assessment,mlb_statcast,False,False,proposed,7f6d93243a7e47d3a78948198dce6f30,bb4dcd5a4c431b74b20b93b9ff6ea5e6af09e5ea1ebcb52b60595efbdde9d59a
746438,543037,63,15,2024-08-16,assessment,mlb_statcast,True,False,proposed,7f6d93243a7e47d3a78948198dce6f30,bb4dcd5a4c431b74b20b93b9ff6ea5e6af09e5ea1ebcb52b60595efbdde9d59a
746451,594902,78,23,2024-07-09,assessment,mlb_statcast,True,True,proposed,7f6d93243a7e47d3a78948198dce6f30,bb4dcd5a4c431b74b20b93b9ff6ea5e6af09e5ea1ebcb52b60595efbdde9d59a
746453,681857,91,23,2024-07-10,assessment,mlb_statcast,False,False,proposed,7f6d93243a7e47d3a78948198dce6f30,bb4dcd5a4c431b74b20b93b9ff6ea5e6af09e5ea1ebcb52b60595efbdde9d59a
746495,607536,66,18,2024-09-26,assessment,mlb_statcast,True,False,proposed,7f6d93243a7e47d3a78948198dce6f30,bb4dcd5a4c431b74b20b93b9ff6ea5e6af09e5ea1ebcb52b60595efbdde9d59a
746500,593958,66,17,2024-09-18,assessment,mlb_statcast,True,False,proposed,7f6d93243a7e47d3a78948198dce6f30,bb4dcd5a4c431b74b20b93b9ff6ea5e6af09e5ea1ebcb52b60595efbdde9d59a
746506,543294,67,19,2024-09-15,assessment,mlb_statcast,True,False,proposed,7f6d93243a7e47d3a78948198dce6f30,bb4dcd5a4c431b74b20b93b9ff6ea5e6af09e5ea1ebcb52b60595efbdde9d59a
746508,607536,93,29,2024-09-14,assessment,mlb_statcast,False,False,proposed,7f6d93243a7e47d3a78948198dce6f30,bb4dcd5a4c431b74b20b93b9ff6ea5e6af09e5ea1ebcb52b60595efbdde9d59a
746512,607536,66,18,2024-08-28,assessment,mlb_statcast,True,True,proposed,7f6d93243a7e47d3a78948198dce6f30,bb4dcd5a4c431b74b20b93b9ff6ea5e6af09e5ea1ebcb52b60595efbdde9d59a
746513,665795,59,15,2024-08-26,assessment,mlb_statcast,True,True,proposed,7f6d93243a7e47d3a78948198dce6f30,bb4dcd5a4c431b74b20b93b9ff6ea5e6af09e5ea1ebcb52b60595efbdde9d59a
746515,656302,66,15,2024-08-17,assessment,mlb_statcast,True,True,proposed,7f6d93243a7e47d3a78948198dce6f30,bb4dcd5a4c431b74b20b93b9ff6ea5e6af09e5ea1ebcb52b60595efbdde9d59a
746516,605397,61,16,2024-08-18,assessment,mlb_statcast,False,False,proposed,7f6d93243a7e47d3a78948198dce6f30,bb4dcd5a4c431b74b20b93b9ff6ea5e6af09e5ea1ebcb52b60595efbdde9d59a
746519,622663,70,19,2024-08-06,assessment,mlb_statcast,True,False,proposed,7f6d93243a7e47d3a78948198dce6f30,bb4dcd5a4c431b74b20b93b9ff6ea5e6af09e5ea1ebcb52b60595efbdde9d59a
746527,657277,85,24,2024-07-20,assessment,mlb_statcast,False,False,proposed,7f6d93243a7e47d3a78948198dce6f30,bb4dcd5a4c431b74b20b93b9ff6ea5e6af09e5ea1ebcb52b60595efbdde9d59a
746527,657277,94,27,2024-07-20,assessment,mlb_statcast,False,False,proposed,7f6d93243a7e47d3a78948198dce6f30,bb4dcd5a4c431b74b20b93b9ff6ea5e6af09e5ea1ebcb52b60595efbdde9d59a
746530,663903,82,25,2024-07-07,assessment,mlb_statcast,True,False,proposed,7f6d93243a7e47d3a78948198dce6f30,bb4dcd5a4c431b74b20b93b9ff6ea5e6af09e5ea1ebcb52b60595efbdde9d59a
746533,666142,86,24,2024-07-05,assessment,mlb_statcast,True,False,proposed,7f6d93243a7e47d3a78948198dce6f30,bb4dcd5a4c431b74b20b93b9ff6ea5e6af09e5ea1ebcb52b60595efbdde9d59a
746593,594902,90,24,2024-08-30,assessment,mlb_statcast,True,False,proposed,7f6d93243a7e47d3a78948198dce6f30,bb4dcd5a4c431b74b20b93b9ff6ea5e6af09e5ea1ebcb52b60595efbdde9d59a
746593,594902,94,24,2024-08-30,assessment,mlb_statcast,True,False,proposed,7f6d93243a7e47d3a78948198dce6f30,bb4dcd5a4c431b74b20b93b9ff6ea5e6af09e5ea1ebcb52b60595efbdde9d59a
746599,594902,87,23,2024-08-24,assessment,mlb_statcast,True,False,proposed,7f6d93243a7e47d3a78948198dce6f30,bb4dcd5a4c431b74b20b93b9ff6ea5e6af09e5ea1ebcb52b60595efbdde9d59a
746600,671106,70,18,2024-08-05,assessment,mlb_statcast,False,False,proposed,7f6d93243a7e47d3a78948198dce6f30,bb4dcd5a4c431b74b20b93b9ff6ea5e6af09e5ea1ebcb52b60595efbdde9d59a
746604,594902,90,22,2024-08-07,assessment,mlb_statcast,False,False,proposed,7f6d93243a7e47d3a78948198dce6f30,bb4dcd5a4c431b74b20b93b9ff6ea5e6af09e5ea1ebcb52b60595efbdde9d59a
746606,669203,67,18,2024-08-04,assessment,mlb_statcast,True,False,proposed,7f6d93243a7e47d3a78948198dce6f30,bb4dcd5a4c431b74b20b93b9ff6ea5e6af09e5ea1ebcb52b60595efbdde9d59a
746611,656427,89,21,2024-07-24,assessment,mlb_statcast,False,False,proposed,7f6d93243a7e47d3a78948198dce6f30,bb4dcd5a4c431b74b20b93b9ff6ea5e6af09e5ea1ebcb52b60595efbdde9d59a
746611,656427,93,23,2024-07-24,assessment,mlb_statcast,False,False,proposed,7f6d93243a7e47d3a78948198dce6f30,bb4dcd5a4c431b74b20b93b9ff6ea5e6af09e5ea1ebcb52b60595efbdde9d59a
746611,656427,95,23,2024-07-24,assessment,mlb_statcast,False,False,proposed,7f6d93243a7e47d3a78948198dce6f30,bb4dcd5a4c431b74b20b93b9ff6ea5e6af09e5ea1ebcb52b60595efbdde9d59a
746613,656302,62,15,2024-07-20,assessment,mlb_statcast,True,False,proposed,7f6d93243a7e47d3a78948198dce6f30,bb4dcd5a4c431b74b20b93b9ff6ea5e6af09e5ea1ebcb52b60595efbdde9d59a
746615,671106,64,16,2024-07-06,assessment,mlb_statcast,True,False,proposed,7f6d93243a7e47d3a78948198dce6f30,bb4dcd5a4c431b74b20b93b9ff6ea5e6af09e5ea1ebcb52b60595efbdde9d59a
746619,594902,89,24,2024-07-04,assessment,mlb_statcast,True,False,proposed,7f6d93243a7e47d3a78948198dce6f30,bb4dcd5a4c431b74b20b93b9ff6ea5e6af09e5ea1ebcb52b60595efbdde9d59a
746628,666142,94,20,2024-08-26,assessment,mlb_statcast,True,False,proposed,7f6d93243a7e47d3a78948198dce6f30,bb4dcd5a4c431b74b20b93b9ff6ea5e6af09e5ea1ebcb52b60595efbdde9d59a
746673,668881,84,21,2024-08-13,assessment,mlb_statcast,True,True,proposed,7f6d93243a7e47d3a78948198dce6f30,bb4dcd5a4c431b74b20b93b9ff6ea5e6af09e5ea1ebcb52b60595efbdde9d59a
746676,663903,62,13,2024-08-18,assessment,mlb_statcast,True,False,proposed,7f6d93243a7e47d3a78948198dce6f30,bb4dcd5a4c431b74b20b93b9ff6ea5e6af09e5ea1ebcb52b60595efbdde9d59a
746677,502043,91,23,2024-08-14,assessment,mlb_statcast,True,False,proposed,7f6d93243a7e47d3a78948198dce6f30,bb4dcd5a4c431b74b20b93b9ff6ea5e6af09e5ea1ebcb52b60595efbdde9d59a
746678,543294,73,19,2024-07-31,assessment,mlb_statcast,False,False,proposed,7f6d93243a7e47d3a78948198dce6f30,bb4dcd5a4c431b74b20b93b9ff6ea5e6af09e5ea1ebcb52b60595efbdde9d59a
746681,668881,84,17,2024-08-03,assessment,mlb_statcast,True,False,proposed,7f6d93243a7e47d3a78948198dce6f30,bb4dcd5a4c431b74b20b93b9ff6ea5e6af09e5ea1ebcb52b60595efbdde9d59a
746688,668881,83,18,2024-07-11,assessment,mlb_statcast,False,False,proposed,7f6d93243a7e47d3a78948198dce6f30,bb4dcd5a4c431b74b20b93b9ff6ea5e6af09e5ea1ebcb52b60595efbdde9d59a
746688,668881,92,21,2024-07-11,assessment,mlb_statcast,False,False,proposed,7f6d93243a7e47d3a78948198dce6f30,bb4dcd5a4c431b74b20b93b9ff6ea5e6af09e5ea1ebcb52b60595efbdde9d59a
746689,607536,86,26,2024-07-10,assessment,mlb_statcast,True,True,proposed,7f6d93243a7e47d3a78948198dce6f30,bb4dcd5a4c431b74b20b93b9ff6ea5e6af09e5ea1ebcb52b60595efbdde9d59a
746694,668881,83,19,2024-07-06,assessment,mlb_statcast,True,False,proposed,7f6d93243a7e47d3a78948198dce6f30,bb4dcd5a4c431b74b20b93b9ff6ea5e6af09e5ea1ebcb52b60595efbdde9d59a
746750,640455,93,25,2024-09-01,assessment,mlb_statcast,True,False,proposed,7f6d93243a7e47d3a78948198dce6f30,bb4dcd5a4c431b74b20b93b9ff6ea5e6af09e5ea1ebcb52b60595efbdde9d59a
746757,641482,102,24,2024-08-13,assessment,mlb_statcast,True,False,proposed,7f6d93243a7e47d3a78948198dce6f30,bb4dcd5a4c431b74b20b93b9ff6ea5e6af09e5ea1ebcb52b60595efbdde9d59a
746764,663903,71,24,2024-07-31,assessment,mlb_statcast,True,False,proposed,7f6d93243a7e47d3a78948198dce6f30,bb4dcd5a4c431b74b20b93b9ff6ea5e6af09e5ea1ebcb52b60595efbdde9d59a
746819,543294,70,22,2024-09-28,assessment,mlb_statcast,False,False,proposed,7f6d93243a7e47d3a78948198dce6f30,bb4dcd5a4c431b74b20b93b9ff6ea5e6af09e5ea1ebcb52b60595efbdde9d59a
746826,543294,72,19,2024-09-21,assessment,mlb_statcast,True,True,proposed,7f6d93243a7e47d3a78948198dce6f30,bb4dcd5a4c431b74b20b93b9ff6ea5e6af09e5ea1ebcb52b60595efbdde9d59a
746827,543037,80,20,2024-09-08,assessment,mlb_statcast,True,False,proposed,7f6d93243a7e47d3a78948198dce6f30,bb4dcd5a4c431b74b20b93b9ff6ea5e6af09e5ea1ebcb52b60595efbdde9d59a
746834,543294,73,17,2024-09-03,assessment,mlb_statcast,True,False,proposed,7f6d93243a7e47d3a78948198dce6f30,bb4dcd5a4c431b74b20b93b9ff6ea5e6af09e5ea1ebcb52b60595efbdde9d59a
746843,543294,70,17,2024-08-16,assessment,mlb_statcast,True,True,proposed,7f6d93243a7e47d3a78948198dce6f30,bb4dcd5a4c431b74b20b93b9ff6ea5e6af09e5ea1ebcb52b60595efbdde9d59a
746847,543294,88,22,2024-08-05,assessment,mlb_statcast,False,False,proposed,7f6d93243a7e47d3a78948198dce6f30,bb4dcd5a4c431b74b20b93b9ff6ea5e6af09e5ea1ebcb52b60595efbdde9d59a
746852,543294,79,21,2024-07-20,assessment,mlb_statcast,True,False,proposed,7f6d93243a7e47d3a78948198dce6f30,bb4dcd5a4c431b74b20b93b9ff6ea5e6af09e5ea1ebcb52b60595efbdde9d59a
746854,669194,71,17,2024-07-19,assessment,mlb_statcast,True,False,proposed,7f6d93243a7e47d3a78948198dce6f30,bb4dcd5a4c431b74b20b93b9ff6ea5e6af09e5ea1ebcb52b60595efbdde9d59a
746857,650911,56,16,2024-07-04,assessment,mlb_statcast,True,False,proposed,7f6d93243a7e47d3a78948198dce6f30,bb4dcd5a4c431b74b20b93b9ff6ea5e6af09e5ea1ebcb52b60595efbdde9d59a
746920,669194,71,19,2024-08-23,assessment,mlb_statcast,True,False,proposed,7f6d93243a7e47d3a78948198dce6f30,bb4dcd5a4c431b74b20b93b9ff6ea5e6af09e5ea1ebcb52b60595efbdde9d59a
746932,663903,71,16,2024-07-14,assessment,mlb_statcast,False,False,proposed,7f6d93243a7e47d3a78948198dce6f30,bb4dcd5a4c431b74b20b93b9ff6ea5e6af09e5ea1ebcb52b60595efbdde9d59a
746933,641482,73,25,2024-07-26,assessment,mlb_statcast,False,False,proposed,7f6d93243a7e47d3a78948198dce6f30,bb4dcd5a4c431b74b20b93b9ff6ea5e6af09e5ea1ebcb52b60595efbdde9d59a
746933,641482,80,26,2024-07-26,assessment,mlb_statcast,False,False,proposed,7f6d93243a7e47d3a78948198dce6f30,bb4dcd5a4c431b74b20b93b9ff6ea5e6af09e5ea1ebcb52b60595efbdde9d59a
746936,666142,99,25,2024-07-12,assessment,mlb_statcast,False,False,proposed,7f6d93243a7e47d3a78948198dce6f30,bb4dcd5a4c431b74b20b93b9ff6ea5e6af09e5ea1ebcb52b60595efbdde9d59a
746985,657277,92,20,2024-09-19,assessment,mlb_statcast,False,False,proposed,7f6d93243a7e47d3a78948198dce6f30,bb4dcd5a4c431b74b20b93b9ff6ea5e6af09e5ea1ebcb52b60595efbdde9d59a
746985,657277,95,21,2024-09-19,assessment,mlb_statcast,False,False,proposed,7f6d93243a7e47d3a78948198dce6f30,bb4dcd5a4c431b74b20b93b9ff6ea5e6af09e5ea1ebcb52b60595efbdde9d59a
746989,669203,58,15,2024-09-08,assessment,mlb_statcast,True,False,proposed,7f6d93243a7e47d3a78948198dce6f30,bb4dcd5a4c431b74b20b93b9ff6ea5e6af09e5ea1ebcb52b60595efbdde9d59a
746989,669203,69,19,2024-09-08,assessment,mlb_statcast,True,True,proposed,7f6d93243a7e47d3a78948198dce6f30,bb4dcd5a4c431b74b20b93b9ff6ea5e6af09e5ea1ebcb52b60595efbdde9d59a
746989,669203,79,22,2024-09-08,assessment,mlb_statcast,True,False,proposed,7f6d93243a7e47d3a78948198dce6f30,bb4dcd5a4c431b74b20b93b9ff6ea5e6af09e5ea1ebcb52b60595efbdde9d59a
746992,669203,26,8,2024-09-02,assessment,mlb_statcast,True,False,proposed,7f6d93243a7e47d3a78948198dce6f30,bb4dcd5a4c431b74b20b93b9ff6ea5e6af09e5ea1ebcb52b60595efbdde9d59a
746992,669203,76,18,2024-09-02,assessment,mlb_statcast,False,False,proposed,7f6d93243a7e47d3a78948198dce6f30,bb4dcd5a4c431b74b20b93b9ff6ea5e6af09e5ea1ebcb52b60595efbdde9d59a
746992,669203,78,18,2024-09-02,assessment,mlb_statcast,False,False,proposed,7f6d93243a7e47d3a78948198dce6f30,bb4dcd5a4c431b74b20b93b9ff6ea5e6af09e5ea1ebcb52b60595efbdde9d59a
746992,669203,87,20,2024-09-02,assessment,mlb_statcast,False,False,proposed,7f6d93243a7e47d3a78948198dce6f30,bb4dcd5a4c431b74b20b93b9ff6ea5e6af09e5ea1ebcb52b60595efbdde9d59a
746994,579328,75,17,2024-08-25,assessment,mlb_statcast,True,False,proposed,7f6d93243a7e47d3a78948198dce6f30,bb4dcd5a4c431b74b20b93b9ff6ea5e6af09e5ea1ebcb52b60595efbdde9d59a
746994,579328,80,18,2024-08-25,assessment,mlb_statcast,True,False,proposed,7f6d93243a7e47d3a78948198dce6f30,bb4dcd5a4c431b74b20b93b9ff6ea5e6af09e5ea1ebcb52b60595efbdde9d59a
746998,669203,84,24,2024-08-22,assessment,mlb_statcast,True,True,proposed,7f6d93243a7e47d3a78948198dce6f30,bb4dcd5a4c431b74b20b93b9ff6ea5e6af09e5ea1ebcb52b60595efbdde9d59a
747001,669203,78,20,2024-08-16,assessment,mlb_statcast,True,True,proposed,7f6d93243a7e47d3a78948198dce6f30,bb4dcd5a4c431b74b20b93b9ff6ea5e6af09e5ea1ebcb52b60595efbdde9d59a
747005,669203,63,19,2024-07-30,assessment,mlb_statcast,True,True,proposed,7f6d93243a7e47d3a78948198dce6f30,bb4dcd5a4c431b74b20b93b9ff6ea5e6af09e5ea1ebcb52b60595efbdde9d59a
747006,650633,78,18,2024-07-27,assessment,mlb_statcast,True,False,proposed,7f6d93243a7e47d3a78948198dce6f30,bb4dcd5a4c431b74b20b93b9ff6ea5e6af09e5ea1ebcb52b60595efbdde9d59a
747012,543037,69,17,2024-07-12,assessment,mlb_statcast,True,False,proposed,7f6d93243a7e47d3a78948198dce6f30,bb4dcd5a4c431b74b20b93b9ff6ea5e6af09e5ea1ebcb52b60595efbdde9d59a
747015,669203,71,20,2024-07-10,assessment,mlb_statcast,True,False,proposed,7f6d93243a7e47d3a78948198dce6f30,bb4dcd5a4c431b74b20b93b9ff6ea5e6af09e5ea1ebcb52b60595efbdde9d59a
747065,663903,93,25,2024-09-27,assessment,mlb_statcast,True,False,proposed,7f6d93243a7e47d3a78948198dce6f30,bb4dcd5a4c431b74b20b93b9ff6ea5e6af09e5ea1ebcb52b60595efbdde9d59a
747074,592332,99,24,2024-09-06,assessment,mlb_statcast,False,False,proposed,7f6d93243a7e47d3a78948198dce6f30,bb4dcd5a4c431b74b20b93b9ff6ea5e6af09e5ea1ebcb52b60595efbdde9d59a
747082,650911,81,22,2024-08-22,assessment,mlb_statcast,True,True,proposed,7f6d93243a7e47d3a78948198dce6f30,bb4dcd5a4c431b74b20b93b9ff6ea5e6af09e5ea1ebcb52b60595efbdde9d59a
747084,605400,81,21,2024-08-21,assessment,mlb_statcast,True,False,proposed,7f6d93243a7e47d3a78948198dce6f30,bb4dcd5a4c431b74b20b93b9ff6ea5e6af09e5ea1ebcb52b60595efbdde9d59a
747088,665795,67,14,2024-08-04,assessment,mlb_statcast,True,False,proposed,7f6d93243a7e47d3a78948198dce6f30,bb4dcd5a4c431b74b20b93b9ff6ea5e6af09e5ea1ebcb52b60595efbdde9d59a
747095,668881,66,17,2024-07-22,assessment,mlb_statcast,True,False,proposed,7f6d93243a7e47d3a78948198dce6f30,bb4dcd5a4c431b74b20b93b9ff6ea5e6af09e5ea1ebcb52b60595efbdde9d59a
747097,605400,77,18,2024-07-05,assessment,mlb_statcast,True,True,proposed,7f6d93243a7e47d3a78948198dce6f30,bb4dcd5a4c431b74b20b93b9ff6ea5e6af09e5ea1ebcb52b60595efbdde9d59a
747103,657277,103,27,2024-07-04,assessment,mlb_statcast,False,False,proposed,7f6d93243a7e47d3a78948198dce6f30,bb4dcd5a4c431b74b20b93b9ff6ea5e6af09e5ea1ebcb52b60595efbdde9d59a
747147,527048,63,20,2024-09-29,assessment,mlb_statcast,True,False,proposed,7f6d93243a7e47d3a78948198dce6f30,bb4dcd5a4c431b74b20b93b9ff6ea5e6af09e5ea1ebcb52b60595efbdde9d59a
747149,657277,89,21,2024-09-24,assessment,mlb_statcast,False,False,proposed,7f6d93243a7e47d3a78948198dce6f30,bb4dcd5a4c431b74b20b93b9ff6ea5e6af09e5ea1ebcb52b60595efbdde9d59a
747155,656427,87,22,2024-09-02,assessment,mlb_statcast,True,True,proposed,7f6d93243a7e47d3a78948198dce6f30,bb4dcd5a4c431b74b20b93b9ff6ea5e6af09e5ea1ebcb52b60595efbdde9d59a
747159,669194,79,21,2024-08-29,assessment,mlb_statcast,True,False,proposed,7f6d93243a7e47d3a78948198dce6f30,bb4dcd5a4c431b74b20b93b9ff6ea5e6af09e5ea1ebcb52b60595efbdde9d59a
747161,593958,89,22,2024-08-28,assessment,mlb_statcast,False,False,proposed,7f6d93243a7e47d3a78948198dce6f30,bb4dcd5a4c431b74b20b93b9ff6ea5e6af09e5ea1ebcb52b60595efbdde9d59a
747161,622663,77,18,2024-08-28,assessment,mlb_statcast,True,True,proposed,7f6d93243a7e47d3a78948198dce6f30,bb4dcd5a4c431b74b20b93b9ff6ea5e6af09e5ea1ebcb52b60595efbdde9d59a
747162,640455,94,23,2024-08-27,assessment,mlb_statcast,True,True,proposed,7f6d93243a7e47d3a78948198dce6f30,bb4dcd5a4c431b74b20b93b9ff6ea5e6af09e5ea1ebcb52b60595efbdde9d59a
747164,605400,71,18,2024-08-10,assessment,mlb_statcast,True,True,proposed,7f6d93243a7e47d3a78948198dce6f30,bb4dcd5a4c431b74b20b93b9ff6ea5e6af09e5ea1ebcb52b60595efbdde9d59a
747166,650911,79,23,2024-08-11,assessment,mlb_statcast,True,True,proposed,7f6d93243a7e47d3a78948198dce6f30,bb4dcd5a4c431b74b20b93b9ff6ea5e6af09e5ea1ebcb52b60595efbdde9d59a
747167,669194,65,15,2024-07-30,assessment,mlb_statcast,True,False,proposed,7f6d93243a7e47d3a78948198dce6f30,bb4dcd5a4c431b74b20b93b9ff6ea5e6af09e5ea1ebcb52b60595efbdde9d59a
747168,669194,64,18,2024-08-09,assessment,mlb_statcast,True,True,proposed,7f6d93243a7e47d3a78948198dce6f30,bb4dcd5a4c431b74b20b93b9ff6ea5e6af09e5ea1ebcb52b60595efbdde9d59a
747175,669194,82,25,2024-07-12,assessment,mlb_statcast,True,False,proposed,7f6d93243a7e47d3a78948198dce6f30,bb4dcd5a4c431b74b20b93b9ff6ea5e6af09e5ea1ebcb52b60595efbdde9d59a
747176,579328,68,19,2024-07-14,assessment,mlb_statcast,True,False,proposed,7f6d93243a7e47d3a78948198dce6f30,bb4dcd5a4c431b74b20b93b9ff6ea5e6af09e5ea1ebcb52b60595efbdde9d59a
744798,605400,70,17,2024-09-29,assessment,mlb_statcast,True,False,scale_double,7f6d93243a7e47d3a78948198dce6f30,bb4dcd5a4c431b74b20b93b9ff6ea5e6af09e5ea1ebcb52b60595efbdde9d59a
744799,554430,88,22,2024-09-28,assessment,mlb_statcast,True,False,scale_double,7f6d93243a7e47d3a78948198dce6f30,bb4dcd5a4c431b74b20b93b9ff6ea5e6af09e5ea1ebcb52b60595efbdde9d59a
744800,665795,74,18,2024-09-13,assessment,mlb_statcast,True,False,scale_double,7f6d93243a7e47d3a78948198dce6f30,bb4dcd5a4c431b74b20b93b9ff6ea5e6af09e5ea1ebcb52b60595efbdde9d59a
744811,543037,79,21,2024-08-27,assessment,mlb_statcast,False,False,scale_double,7f6d93243a7e47d3a78948198dce6f30,bb4dcd5a4c431b74b20b93b9ff6ea5e6af09e5ea1ebcb52b60595efbdde9d59a
744813,641482,89,26,2024-08-26,assessment,mlb_statcast,True,False,scale_double,7f6d93243a7e47d3a78948198dce6f30,bb4dcd5a4c431b74b20b93b9ff6ea5e6af09e5ea1ebcb52b60595efbdde9d59a
744821,657277,88,22,2024-08-05,assessment,mlb_statcast,True,False,scale_double,7f6d93243a7e47d3a78948198dce6f30,bb4dcd5a4c431b74b20b93b9ff6ea5e6af09e5ea1ebcb52b60595efbdde9d59a
744823,650644,59,14,2024-08-03,assessment,mlb_statcast,True,False,scale_double,7f6d93243a7e47d3a78948198dce6f30,bb4dcd5a4c431b74b20b93b9ff6ea5e6af09e5ea1ebcb52b60595efbdde9d59a
744827,656302,66,16,2024-07-25,assessment,mlb_statcast,True,False,scale_double,7f6d93243a7e47d3a78948198dce6f30,bb4dcd5a4c431b74b20b93b9ff6ea5e6af09e5ea1ebcb52b60595efbdde9d59a
744838,640455,80,24,2024-07-02,assessment,mlb_statcast,True,True,scale_double,7f6d93243a7e47d3a78948198dce6f30,bb4dcd5a4c431b74b20b93b9ff6ea5e6af09e5ea1ebcb52b60595efbdde9d59a
744881,640455,88,24,2024-09-11,assessment,mlb_statcast,True,False,scale_double,7f6d93243a7e47d3a78948198dce6f30,bb4dcd5a4c431b74b20b93b9ff6ea5e6af09e5ea1ebcb52b60595efbdde9d59a
744884,502043,81,21,2024-09-14,assessment,mlb_statcast,True,False,scale_double,7f6d93243a7e47d3a78948198dce6f30,bb4dcd5a4c431b74b20b93b9ff6ea5e6af09e5ea1ebcb52b60595efbdde9d59a
744887,650911,61,17,2024-09-04,assessment,mlb_statcast,True,False,scale_double,7f6d93243a7e47d3a78948198dce6f30,bb4dcd5a4c431b74b20b93b9ff6ea5e6af09e5ea1ebcb52b60595efbdde9d59a
744892,592332,79,20,2024-08-25,assessment,mlb_statcast,True,False,scale_double,7f6d93243a7e47d3a78948198dce6f30,bb4dcd5a4c431b74b20b93b9ff6ea5e6af09e5ea1ebcb52b60595efbdde9d59a
744906,579328,79,19,2024-07-26,assessment,mlb_statcast,True,False,scale_double,7f6d93243a7e47d3a78948198dce6f30,bb4dcd5a4c431b74b20b93b9ff6ea5e6af09e5ea1ebcb52b60595efbdde9d59a
744908,592332,106,32,2024-07-27,assessment,mlb_statcast,True,True,scale_double,7f6d93243a7e47d3a78948198dce6f30,bb4dcd5a4c431b74b20b93b9ff6ea5e6af09e5ea1ebcb52b60595efbdde9d59a
744910,579328,74,18,2024-07-20,assessment,mlb_statcast,True,True,scale_double,7f6d93243a7e47d3a78948198dce6f30,bb4dcd5a4c431b74b20b93b9ff6ea5e6af09e5ea1ebcb52b60595efbdde9d59a
744911,656427,81,19,2024-07-19,assessment,mlb_statcast,True,True,scale_double,7f6d93243a7e47d3a78948198dce6f30,bb4dcd5a4c431b74b20b93b9ff6ea5e6af09e5ea1ebcb52b60595efbdde9d59a
744915,579328,76,17,2024-07-03,assessment,mlb_statcast,True,True,scale_double,7f6d93243a7e47d3a78948198dce6f30,bb4dcd5a4c431b74b20b93b9ff6ea5e6af09e5ea1ebcb52b60595efbdde9d59a
744972,543037,68,18,2024-09-02,assessment,mlb_statcast,False,False,scale_double,7f6d93243a7e47d3a78948198dce6f30,bb4dcd5a4c431b74b20b93b9ff6ea5e6af09e5ea1ebcb52b60595efbdde9d59a
744981,579328,62,16,2024-08-07,assessment,mlb_statcast,True,False,scale_double,7f6d93243a7e47d3a78948198dce6f30,bb4dcd5a4c431b74b20b93b9ff6ea5e6af09e5ea1ebcb52b60595efbdde9d59a
744990,669203,66,16,2024-07-19,assessment,mlb_statcast,True,False,scale_double,7f6d93243a7e47d3a78948198dce6f30,bb4dcd5a4c431b74b20b93b9ff6ea5e6af09e5ea1ebcb52b60595efbdde9d59a
744996,650633,92,21,2024-07-04,assessment,mlb_statcast,True,False,scale_double,7f6d93243a7e47d3a78948198dce6f30,bb4dcd5a4c431b74b20b93b9ff6ea5e6af09e5ea1ebcb52b60595efbdde9d59a
744999,656302,61,14,2024-07-02,assessment,mlb_statcast,True,False,scale_double,7f6d93243a7e47d3a78948198dce6f30,bb4dcd5a4c431b74b20b93b9ff6ea5e6af09e5ea1ebcb52b60595efbdde9d59a
745048,656302,77,19,2024-09-01,assessment,mlb_statcast,True,False,scale_double,7f6d93243a7e47d3a78948198dce6f30,bb4dcd5a4c431b74b20b93b9ff6ea5e6af09e5ea1ebcb52b60595efbdde9d59a
745052,527048,71,16,2024-08-30,assessment,mlb_statcast,True,False,scale_double,7f6d93243a7e47d3a78948198dce6f30,bb4dcd5a4c431b74b20b93b9ff6ea5e6af09e5ea1ebcb52b60595efbdde9d59a
745054,669194,62,17,2024-08-16,assessment,mlb_statcast,True,False,scale_double,7f6d93243a7e47d3a78948198dce6f30,bb4dcd5a4c431b74b20b93b9ff6ea5e6af09e5ea1ebcb52b60595efbdde9d59a
745055,579328,84,17,2024-08-13,assessment,mlb_statcast,False,False,scale_double,7f6d93243a7e47d3a78948198dce6f30,bb4dcd5a4c431b74b20b93b9ff6ea5e6af09e5ea1ebcb52b60595efbdde9d59a
745056,669203,55,13,2024-08-10,assessment,mlb_statcast,True,True,scale_double,7f6d93243a7e47d3a78948198dce6f30,bb4dcd5a4c431b74b20b93b9ff6ea5e6af09e5ea1ebcb52b60595efbdde9d59a
745056,669203,68,17,2024-08-10,assessment,mlb_statcast,True,True,scale_double,7f6d93243a7e47d3a78948198dce6f30,bb4dcd5a4c431b74b20b93b9ff6ea5e6af09e5ea1ebcb52b60595efbdde9d59a
745060,665795,70,17,2024-07-30,assessment,mlb_statcast,False,False,scale_double,7f6d93243a7e47d3a78948198dce6f30,bb4dcd5a4c431b74b20b93b9ff6ea5e6af09e5ea1ebcb52b60595efbdde9d59a
745063,668881,65,18,2024-07-28,assessment,mlb_statcast,True,True,scale_double,7f6d93243a7e47d3a78948198dce6f30,bb4dcd5a4c431b74b20b93b9ff6ea5e6af09e5ea1ebcb52b60595efbdde9d59a
745065,641482,87,21,2024-07-11,assessment,mlb_statcast,True,True,scale_double,7f6d93243a7e47d3a78948198dce6f30,bb4dcd5a4c431b74b20b93b9ff6ea5e6af09e5ea1ebcb52b60595efbdde9d59a
745066,594902,76,22,2024-07-14,assessment,mlb_statcast,True,False,scale_double,7f6d93243a7e47d3a78948198dce6f30,bb4dcd5a4c431b74b20b93b9ff6ea5e6af09e5ea1ebcb52b60595efbdde9d59a
745125,502043,90,22,2024-09-07,assessment,mlb_statcast,True,False,scale_double,7f6d93243a7e47d3a78948198dce6f30,bb4dcd5a4c431b74b20b93b9ff6ea5e6af09e5ea1ebcb52b60595efbdde9d59a
745132,656302,93,24,2024-08-27,assessment,mlb_statcast,False,False,scale_double,7f6d93243a7e47d3a78948198dce6f30,bb4dcd5a4c431b74b20b93b9ff6ea5e6af09e5ea1ebcb52b60595efbdde9d59a
745133,502043,89,23,2024-08-26,assessment,mlb_statcast,False,False,scale_double,7f6d93243a7e47d3a78948198dce6f30,bb4dcd5a4c431b74b20b93b9ff6ea5e6af09e5ea1ebcb52b60595efbdde9d59a
745134,605397,79,23,2024-08-28,assessment,mlb_statcast,True,True,scale_double,7f6d93243a7e47d3a78948198dce6f30,bb4dcd5a4c431b74b20b93b9ff6ea5e6af09e5ea1ebcb52b60595efbdde9d59a
745135,650633,89,20,2024-08-29,assessment,mlb_statcast,True,True,scale_double,7f6d93243a7e47d3a78948198dce6f30,bb4dcd5a4c431b74b20b93b9ff6ea5e6af09e5ea1ebcb52b60595efbdde9d59a
745150,502043,90,24,2024-07-27,assessment,mlb_statcast,True,False,scale_double,7f6d93243a7e47d3a78948198dce6f30,bb4dcd5a4c431b74b20b93b9ff6ea5e6af09e5ea1ebcb52b60595efbdde9d59a
745153,543294,77,22,2024-07-12,assessment,mlb_statcast,False,False,scale_double,7f6d93243a7e47d3a78948198dce6f30,bb4dcd5a4c431b74b20b93b9ff6ea5e6af09e5ea1ebcb52b60595efbdde9d59a
745155,679525,92,21,2024-07-10,assessment,mlb_statcast,False,False,scale_double,7f6d93243a7e47d3a78948198dce6f30,bb4dcd5a4c431b74b20b93b9ff6ea5e6af09e5ea1ebcb52b60595efbdde9d59a
745184,640455,89,25,2024-08-05,assessment,mlb_statcast,False,False,scale_double,7f6d93243a7e47d3a78948198dce6f30,bb4dcd5a4c431b74b20b93b9ff6ea5e6af09e5ea1ebcb52b60595efbdde9d59a
745214,650633,89,22,2024-09-11,assessment,mlb_statcast,False,False,scale_double,7f6d93243a7e47d3a78948198dce6f30,bb4dcd5a4c431b74b20b93b9ff6ea5e6af09e5ea1ebcb52b60595efbdde9d59a
745222,554430,55,15,2024-08-04,assessment,mlb_statcast,True,False,scale_double,7f6d93243a7e47d3a78948198dce6f30,bb4dcd5a4c431b74b20b93b9ff6ea5e6af09e5ea1ebcb52b60595efbdde9d59a
745222,554430,67,19,2024-08-04,assessment,mlb_statcast,True,True,scale_double,7f6d93243a7e47d3a78948198dce6f30,bb4dcd5a4c431b74b20b93b9ff6ea5e6af09e5ea1ebcb52b60595efbdde9d59a
745236,669203,69,16,2024-07-04,assessment,mlb_statcast,True,False,scale_double,7f6d93243a7e47d3a78948198dce6f30,bb4dcd5a4c431b74b20b93b9ff6ea5e6af09e5ea1ebcb52b60595efbdde9d59a
745237,592332,82,20,2024-07-05,assessment,mlb_statcast,True,True,scale_double,7f6d93243a7e47d3a78948198dce6f30,bb4dcd5a4c431b74b20b93b9ff6ea5e6af09e5ea1ebcb52b60595efbdde9d59a
745284,605397,77,19,2024-09-14,assessment,mlb_statcast,False,False,scale_double,7f6d93243a7e47d3a78948198dce6f30,bb4dcd5a4c431b74b20b93b9ff6ea5e6af09e5ea1ebcb52b60595efbdde9d59a
745286,656302,63,15,2024-09-13,assessment,mlb_statcast,True,False,scale_double,7f6d93243a7e47d3a78948198dce6f30,bb4dcd5a4c431b74b20b93b9ff6ea5e6af09e5ea1ebcb52b60595efbdde9d59a
745287,527048,67,17,2024-09-15,assessment,mlb_statcast,True,True,scale_double,7f6d93243a7e47d3a78948198dce6f30,bb4dcd5a4c431b74b20b93b9ff6ea5e6af09e5ea1ebcb52b60595efbdde9d59a
745291,650644,65,20,2024-09-10,assessment,mlb_statcast,False,False,scale_double,7f6d93243a7e47d3a78948198dce6f30,bb4dcd5a4c431b74b20b93b9ff6ea5e6af09e5ea1ebcb52b60595efbdde9d59a
745292,657277,78,23,2024-09-01,assessment,mlb_statcast,False,False,scale_double,7f6d93243a7e47d3a78948198dce6f30,bb4dcd5a4c431b74b20b93b9ff6ea5e6af09e5ea1ebcb52b60595efbdde9d59a
745293,669194,58,14,2024-09-03,assessment,mlb_statcast,True,False,scale_double,7f6d93243a7e47d3a78948198dce6f30,bb4dcd5a4c431b74b20b93b9ff6ea5e6af09e5ea1ebcb52b60595efbdde9d59a
745296,665795,71,17,2024-08-31,assessment,mlb_statcast,True,False,scale_double,7f6d93243a7e47d3a78948198dce6f30,bb4dcd5a4c431b74b20b93b9ff6ea5e6af09e5ea1ebcb52b60595efbdde9d59a
745297,657277,84,24,2024-08-21,assessment,mlb_statcast,False,False,scale_double,7f6d93243a7e47d3a78948198dce6f30,bb4dcd5a4c431b74b20b93b9ff6ea5e6af09e5ea1ebcb52b60595efbdde9d59a
745298,657277,55,13,2024-08-15,assessment,mlb_statcast,True,False,scale_double,7f6d93243a7e47d3a78948198dce6f30,bb4dcd5a4c431b74b20b93b9ff6ea5e6af09e5ea1ebcb52b60595efbdde9d59a
745300,519242,95,22,2024-08-12,assessment,mlb_statcast,False,False,scale_double,7f6d93243a7e47d3a78948198dce6f30,bb4dcd5a4c431b74b20b93b9ff6ea5e6af09e5ea1ebcb52b60595efbdde9d59a
745304,657277,42,14,2024-08-10,assessment,mlb_statcast,True,True,scale_double,7f6d93243a7e47d3a78948198dce6f30,bb4dcd5a4c431b74b20b93b9ff6ea5e6af09e5ea1ebcb52b60595efbdde9d59a
745306,657277,93,28,2024-07-31,assessment,mlb_statcast,True,True,scale_double,7f6d93243a7e47d3a78948198dce6f30,bb4dcd5a4c431b74b20b93b9ff6ea5e6af09e5ea1ebcb52b60595efbdde9d59a
745316,579328,80,22,2024-07-09,assessment,mlb_statcast,True,False,scale_double,7f6d93243a7e47d3a78948198dce6f30,bb4dcd5a4c431b74b20b93b9ff6ea5e6af09e5ea1ebcb52b60595efbdde9d59a
745360,527048,72,19,2024-09-21,assessment,mlb_statcast,True,True,scale_double,7f6d93243a7e47d3a78948198dce6f30,bb4dcd5a4c431b74b20b93b9ff6ea5e6af09e5ea1ebcb52b60595efbdde9d59a
745360,527048,76,21,2024-09-21,assessment,mlb_statcast,True,False,scale_double,7f6d93243a7e47d3a78948198dce6f30,bb4dcd5a4c431b74b20b93b9ff6ea5e6af09e5ea1ebcb52b60595efbdde9d59a
745360,527048,79,21,2024-09-21,assessment,mlb_statcast,True,False,scale_double,7f6d93243a7e47d3a78948198dce6f30,bb4dcd5a4c431b74b20b93b9ff6ea5e6af09e5ea1ebcb52b60595efbdde9d59a
745364,605397,70,18,2024-09-20,assessment,mlb_statcast,True,False,scale_double,7f6d93243a7e47d3a78948198dce6f30,bb4dcd5a4c431b74b20b93b9ff6ea5e6af09e5ea1ebcb52b60595efbdde9d59a
745365,656302,68,18,2024-09-18,assessment,mlb_statcast,True,False,scale_double,7f6d93243a7e47d3a78948198dce6f30,bb4dcd5a4c431b74b20b93b9ff6ea5e6af09e5ea1ebcb52b60595efbdde9d59a
745365,656302,74,20,2024-09-18,assessment,mlb_statcast,True,False,scale_double,7f6d93243a7e47d3a78948198dce6f30,bb4dcd5a4c431b74b20b93b9ff6ea5e6af09e5ea1ebcb52b60595efbdde9d59a
745369,527048,73,23,2024-09-05,assessment,mlb_statcast,True,True,scale_double,7f6d93243a7e47d3a78948198dce6f30,bb4dcd5a4c431b74b20b93b9ff6ea5e6af09e5ea1ebcb52b60595efbdde9d59a
745372,656302,75,19,2024-09-07,assessment,mlb_statcast,True,False,scale_double,7f6d93243a7e47d3a78948198dce6f30,bb4dcd5a4c431b74b20b93b9ff6ea5e6af09e5ea1ebcb52b60595efbdde9d59a
745372,656302,82,21,2024-09-07,assessment,mlb_statcast,True,False,scale_double,7f6d93243a7e47d3a78948198dce6f30,bb4dcd5a4c431b74b20b93b9ff6ea5e6af09e5ea1ebcb52b60595efbdde9d59a
745373,605397,59,16,2024-09-02,assessment,mlb_statcast,True,False,scale_double,7f6d93243a7e47d3a78948198dce6f30,bb4dcd5a4c431b74b20b93b9ff6ea5e6af09e5ea1ebcb52b60595efbdde9d59a
745376,527048,75,18,2024-08-25,assessment,mlb_statcast,True,False,scale_double,7f6d93243a7e47d3a78948198dce6f30,bb4dcd5a4c431b74b20b93b9ff6ea5e6af09e5ea1ebcb52b60595efbdde9d59a
745378,605397,55,16,2024-08-23,assessment,mlb_statcast,True,False,scale_double,7f6d93243a7e47d3a78948198dce6f30,bb4dcd5a4c431b74b20b93b9ff6ea5e6af09e5ea1ebcb52b60595efbdde9d59a
745379,656302,87,24,2024-08-22,assessment,mlb_statcast,True,False,scale_double,7f6d93243a7e47d3a78948198dce6f30,bb4dcd5a4c431b74b20b93b9ff6ea5e6af09e5ea1ebcb52b60595efbdde9d59a
745379,656302,89,25,2024-08-22,assessment,mlb_statcast,True,False,scale_double,7f6d93243a7e47d3a78948198dce6f30,bb4dcd5a4c431b74b20b93b9ff6ea5e6af09e5ea1ebcb52b60595efbdde9d59a
745379,656302,96,27,2024-08-22,assessment,mlb_statcast,False,False,scale_double,7f6d93243a7e47d3a78948198dce6f30,bb4dcd5a4c431b74b20b93b9ff6ea5e6af09e5ea1ebcb52b60595efbdde9d59a
745379,656302,102,28,2024-08-22,assessment,mlb_statcast,False,False,scale_double,7f6d93243a7e47d3a78948198dce6f30,bb4dcd5a4c431b74b20b93b9ff6ea5e6af09e5ea1ebcb52b60595efbdde9d59a
745380,650633,85,25,2024-08-19,assessment,mlb_statcast,False,False,scale_double,7f6d93243a7e47d3a78948198dce6f30,bb4dcd5a4c431b74b20b93b9ff6ea5e6af09e5ea1ebcb52b60595efbdde9d59a
745381,527048,80,20,2024-08-14,assessment,mlb_statcast,False,False,scale_double,7f6d93243a7e47d3a78948198dce6f30,bb4dcd5a4c431b74b20b93b9ff6ea5e6af09e5ea1ebcb52b60595efbdde9d59a
745386,656302,64,15,2024-07-31,assessment,mlb_statcast,True,True,scale_double,7f6d93243a7e47d3a78948198dce6f30,bb4dcd5a4c431b74b20b93b9ff6ea5e6af09e5ea1ebcb52b60595efbdde9d59a
745386,656302,81,19,2024-07-31,assessment,mlb_statcast,True,False,scale_double,7f6d93243a7e47d3a78948198dce6f30,bb4dcd5a4c431b74b20b93b9ff6ea5e6af09e5ea1ebcb52b60595efbdde9d59a
745391,656302,69,17,2024-07-07,assessment,mlb_statcast,True,False,scale_double,7f6d93243a7e47d3a78948198dce6f30,bb4dcd5a4c431b74b20b93b9ff6ea5e6af09e5ea1ebcb52b60595efbdde9d59a
745391,656302,80,19,2024-07-07,assessment,mlb_statcast,True,False,scale_double,7f6d93243a7e47d3a78948198dce6f30,bb4dcd5a4c431b74b20b93b9ff6ea5e6af09e5ea1ebcb52b60595efbdde9d59a
745391,669194,72,17,2024-07-07,assessment,mlb_statcast,True,False,scale_double,7f6d93243a7e47d3a78948198dce6f30,bb4dcd5a4c431b74b20b93b9ff6ea5e6af09e5ea1ebcb52b60595efbdde9d59a
745392,656302,61,13,2024-07-13,assessment,mlb_statcast,True,True,scale_double,7f6d93243a7e47d3a78948198dce6f30,bb4dcd5a4c431b74b20b93b9ff6ea5e6af09e5ea1ebcb52b60595efbdde9d59a
745394,650633,87,23,2024-07-10,assessment,mlb_statcast,False,False,scale_double,7f6d93243a7e47d3a78948198dce6f30,bb4dcd5a4c431b74b20b93b9ff6ea5e6af09e5ea1ebcb52b60595efbdde9d59a
745443,650644,71,20,2024-09-26,assessment,mlb_statcast,True,False,scale_double,7f6d93243a7e47d3a78948198dce6f30,bb4dcd5a4c431b74b20b93b9ff6ea5e6af09e5ea1ebcb52b60595efbdde9d59a
745447,679525,86,21,2024-09-13,assessment,mlb_statcast,True,True,scale_double,7f6d93243a7e47d3a78948198dce6f30,bb4dcd5a4c431b74b20b93b9ff6ea5e6af09e5ea1ebcb52b60595efbdde9d59a
745449,663903,81,23,2024-09-15,assessment,mlb_statcast,True,False,scale_double,7f6d93243a7e47d3a78948198dce6f30,bb4dcd5a4c431b74b20b93b9ff6ea5e6af09e5ea1ebcb52b60595efbdde9d59a
745468,669194,73,17,2024-08-04,assessment,mlb_statcast,True,False,scale_double,7f6d93243a7e47d3a78948198dce6f30,bb4dcd5a4c431b74b20b93b9ff6ea5e6af09e5ea1ebcb52b60595efbdde9d59a
745469,650633,83,22,2024-08-07,assessment,mlb_statcast,True,False,scale_double,7f6d93243a7e47d3a78948198dce6f30,bb4dcd5a4c431b74b20b93b9ff6ea5e6af09e5ea1ebcb52b60595efbdde9d59a
745472,527048,81,24,2024-07-24,assessment,mlb_statcast,True,True,scale_double,7f6d93243a7e47d3a78948198dce6f30,bb4dcd5a4c431b74b20b93b9ff6ea5e6af09e5ea1ebcb52b60595efbdde9d59a
745478,650911,86,23,2024-07-20,assessment,mlb_statcast,False,False,scale_double,7f6d93243a7e47d3a78948198dce6f30,bb4dcd5a4c431b74b20b93b9ff6ea5e6af09e5ea1ebcb52b60595efbdde9d59a
745479,622663,71,24,2024-07-05,assessment,mlb_statcast,True,False,scale_double,7f6d93243a7e47d3a78948198dce6f30,bb4dcd5a4c431b74b20b93b9ff6ea5e6af09e5ea1ebcb52b60595efbdde9d59a
745481,527048,68,18,2024-07-19,assessment,mlb_statcast,True,True,scale_double,7f6d93243a7e47d3a78948198dce6f30,bb4dcd5a4c431b74b20b93b9ff6ea5e6af09e5ea1ebcb52b60595efbdde9d59a
745481,605400,73,20,2024-07-19,assessment,mlb_statcast,False,False,scale_double,7f6d93243a7e47d3a78948198dce6f30,bb4dcd5a4c431b74b20b93b9ff6ea5e6af09e5ea1ebcb52b60595efbdde9d59a
745484,527048,76,23,2024-07-04,assessment,mlb_statcast,True,False,scale_double,7f6d93243a7e47d3a78948198dce6f30,bb4dcd5a4c431b74b20b93b9ff6ea5e6af09e5ea1ebcb52b60595efbdde9d59a
745521,650911,89,20,2024-09-25,assessment,mlb_statcast,True,False,scale_double,7f6d93243a7e47d3a78948198dce6f30,bb4dcd5a4c431b74b20b93b9ff6ea5e6af09e5ea1ebcb52b60595efbdde9d59a
745527,605400,78,21,2024-09-23,assessment,mlb_statcast,True,False,scale_double,7f6d93243a7e47d3a78948198dce6f30,bb4dcd5a4c431b74b20b93b9ff6ea5e6af09e5ea1ebcb52b60595efbdde9d59a
745528,622663,85,22,2024-09-14,assessment,mlb_statcast,True,False,scale_double,7f6d93243a7e47d3a78948198dce6f30,bb4dcd5a4c431b74b20b93b9ff6ea5e6af09e5ea1ebcb52b60595efbdde9d59a
745529,605400,68,16,2024-09-13,assessment,mlb_statcast,True,False,scale_double,7f6d93243a7e47d3a78948198dce6f30,bb4dcd5a4c431b74b20b93b9ff6ea5e6af09e5ea1ebcb52b60595efbdde9d59a
745531,650911,90,23,2024-08-29,assessment,mlb_statcast,True,False,scale_double,7f6d93243a7e47d3a78948198dce6f30,bb4dcd5a4c431b74b20b93b9ff6ea5e6af09e5ea1ebcb52b60595efbdde9d59a
745534,650911,78,20,2024-09-09,assessment,mlb_statcast,True,False,scale_double,7f6d93243a7e47d3a78948198dce6f30,bb4dcd5a4c431b74b20b93b9ff6ea5e6af09e5ea1ebcb52b60595efbdde9d59a
745536,605400,79,18,2024-09-01,assessment,mlb_statcast,True,False,scale_double,7f6d93243a7e47d3a78948198dce6f30,bb4dcd5a4c431b74b20b93b9ff6ea5e6af09e5ea1ebcb52b60595efbdde9d59a
745540,605400,80,20,2024-08-27,assessment,mlb_statcast,True,False,scale_double,7f6d93243a7e47d3a78948198dce6f30,bb4dcd5a4c431b74b20b93b9ff6ea5e6af09e5ea1ebcb52b60595efbdde9d59a
745542,605400,62,18,2024-08-16,assessment,mlb_statcast,True,False,scale_double,7f6d93243a7e47d3a78948198dce6f30,bb4dcd5a4c431b74b20b93b9ff6ea5e6af09e5ea1ebcb52b60595efbdde9d59a
745543,641482,70,15,2024-07-31,assessment,mlb_statcast,True,True,scale_double,7f6d93243a7e47d3a78948198dce6f30,bb4dcd5a4c431b74b20b93b9ff6ea5e6af09e5ea1ebcb52b60595efbdde9d59a
745543,641482,87,19,2024-07-31,assessment,mlb_statcast,False,False,scale_double,7f6d93243a7e47d3a78948198dce6f30,bb4dcd5a4c431b74b20b93b9ff6ea5e6af09e5ea1ebcb52b60595efbdde9d59a
745543,650911,82,22,2024-07-31,assessment,mlb_statcast,False,False,scale_double,7f6d93243a7e47d3a78948198dce6f30,bb4dcd5a4c431b74b20b93b9ff6ea5e6af09e5ea1ebcb52b60595efbdde9d59a
745544,665795,72,17,2024-08-14,assessment,mlb_statcast,True,True,scale_double,7f6d93243a7e47d3a78948198dce6f30,bb4dcd5a4c431b74b20b93b9ff6ea5e6af09e5ea1ebcb52b60595efbdde9d59a
745546,605400,85,25,2024-07-30,assessment,mlb_statcast,False,False,scale_double,7f6d93243a7e47d3a78948198dce6f30,bb4dcd5a4c431b74b20b93b9ff6ea5e6af09e5ea1ebcb52b60595efbdde9d59a
745554,594902,76,19,2024-07-26,assessment,mlb_statcast,True,False,scale_double,7f6d93243a7e47d3a78948198dce6f30,bb4dcd5a4c431b74b20b93b9ff6ea5e6af09e5ea1ebcb52b60595efbdde9d59a
745558,605400,83,20,2024-07-11,assessment,mlb_statcast,True,False,scale_double,7f6d93243a7e47d3a78948198dce6f30,bb4dcd5a4c431b74b20b93b9ff6ea5e6af09e5ea1ebcb52b60595efbdde9d59a
745606,543037,85,26,2024-09-20,assessment,mlb_statcast,False,False,scale_double,7f6d93243a7e47d3a78948198dce6f30,bb4dcd5a4c431b74b20b93b9ff6ea5e6af09e5ea1ebcb52b60595efbdde9d59a
745606,543037,96,29,2024-09-20,assessment,mlb_statcast,False,False,scale_double,7f6d93243a7e47d3a78948198dce6f30,bb4dcd5a4c431b74b20b93b9ff6ea5e6af09e5ea1ebcb52b60595efbdde9d59a
745606,543037,99,29,2024-09-20,assessment,mlb_statcast,False,False,scale_double,7f6d93243a7e47d3a78948198dce6f30,bb4dcd5a4c431b74b20b93b9ff6ea5e6af09e5ea1ebcb52b60595efbdde9d59a
745625,650644,65,17,2024-08-23,assessment,mlb_statcast,True,False,scale_double,7f6d93243a7e47d3a78948198dce6f30,bb4dcd5a4c431b74b20b93b9ff6ea5e6af09e5ea1ebcb52b60595efbdde9d59a
745625,650644,75,19,2024-08-23,assessment,mlb_statcast,False,False,scale_double,7f6d93243a7e47d3a78948198dce6f30,bb4dcd5a4c431b74b20b93b9ff6ea5e6af09e5ea1ebcb52b60595efbdde9d59a
745636,656427,86,22,2024-08-03,assessment,mlb_statcast,True,False,scale_double,7f6d93243a7e47d3a78948198dce6f30,bb4dcd5a4c431b74b20b93b9ff6ea5e6af09e5ea1ebcb52b60595efbdde9d59a
745691,543037,81,17,2024-09-26,assessment,mlb_statcast,True,True,scale_double,7f6d93243a7e47d3a78948198dce6f30,bb4dcd5a4c431b74b20b93b9ff6ea5e6af09e5ea1ebcb52b60595efbdde9d59a
745691,543037,83,17,2024-09-26,assessment,mlb_statcast,True,False,scale_double,7f6d93243a7e47d3a78948198dce6f30,bb4dcd5a4c431b74b20b93b9ff6ea5e6af09e5ea1ebcb52b60595efbdde9d59a
745694,573186,87,24,2024-09-10,assessment,mlb_statcast,False,False,scale_double,7f6d93243a7e47d3a78948198dce6f30,bb4dcd5a4c431b74b20b93b9ff6ea5e6af09e5ea1ebcb52b60595efbdde9d59a
745695,641482,81,18,2024-09-12,assessment,mlb_statcast,True,False,scale_double,7f6d93243a7e47d3a78948198dce6f30,bb4dcd5a4c431b74b20b93b9ff6ea5e6af09e5ea1ebcb52b60595efbdde9d59a
745697,666142,88,21,2024-09-11,assessment,mlb_statcast,True,False,scale_double,7f6d93243a7e47d3a78948198dce6f30,bb4dcd5a4c431b74b20b93b9ff6ea5e6af09e5ea1ebcb52b60595efbdde9d59a
745698,663903,74,18,2024-09-09,assessment,mlb_statcast,True,False,scale_double,7f6d93243a7e47d3a78948198dce6f30,bb4dcd5a4c431b74b20b93b9ff6ea5e6af09e5ea1ebcb52b60595efbdde9d59a
745699,502043,91,26,2024-08-31,assessment,mlb_statcast,False,False,scale_double,7f6d93243a7e47d3a78948198dce6f30,bb4dcd5a4c431b74b20b93b9ff6ea5e6af09e5ea1ebcb52b60595efbdde9d59a
745700,573186,75,21,2024-08-30,assessment,mlb_statcast,True,False,scale_double,7f6d93243a7e47d3a78948198dce6f30,bb4dcd5a4c431b74b20b93b9ff6ea5e6af09e5ea1ebcb52b60595efbdde9d59a
745700,573186,79,23,2024-08-30,assessment,mlb_statcast,True,False,scale_double,7f6d93243a7e47d3a78948198dce6f30,bb4dcd5a4c431b74b20b93b9ff6ea5e6af09e5ea1ebcb52b60595efbdde9d59a
745700,573186,84,25,2024-08-30,assessment,mlb_statcast,False,False,scale_double,7f6d93243a7e47d3a78948198dce6f30,bb4dcd5a4c431b74b20b93b9ff6ea5e6af09e5ea1ebcb52b60595efbdde9d59a
745700,573186,88,26,2024-08-30,assessment,mlb_statcast,False,False,scale_double,7f6d93243a7e47d3a78948198dce6f30,bb4dcd5a4c431b74b20b93b9ff6ea5e6af09e5ea1ebcb52b60595efbdde9d59a
745700,573186,90,26,2024-08-30,assessment,mlb_statcast,False,False,scale_double,7f6d93243a7e47d3a78948198dce6f30,bb4dcd5a4c431b74b20b93b9ff6ea5e6af09e5ea1ebcb52b60595efbdde9d59a
745700,573186,92,26,2024-08-30,assessment,mlb_statcast,False,False,scale_double,7f6d93243a7e47d3a78948198dce6f30,bb4dcd5a4c431b74b20b93b9ff6ea5e6af09e5ea1ebcb52b60595efbdde9d59a
745700,573186,94,27,2024-08-30,assessment,mlb_statcast,False,False,scale_double,7f6d93243a7e47d3a78948198dce6f30,bb4dcd5a4c431b74b20b93b9ff6ea5e6af09e5ea1ebcb52b60595efbdde9d59a
745700,573186,97,27,2024-08-30,assessment,mlb_statcast,False,False,scale_double,7f6d93243a7e47d3a78948198dce6f30,bb4dcd5a4c431b74b20b93b9ff6ea5e6af09e5ea1ebcb52b60595efbdde9d59a
745702,607536,98,26,2024-08-23,assessment,mlb_statcast,False,False,scale_double,7f6d93243a7e47d3a78948198dce6f30,bb4dcd5a4c431b74b20b93b9ff6ea5e6af09e5ea1ebcb52b60595efbdde9d59a
745704,641482,78,20,2024-08-21,assessment,mlb_statcast,True,False,scale_double,7f6d93243a7e47d3a78948198dce6f30,bb4dcd5a4c431b74b20b93b9ff6ea5e6af09e5ea1ebcb52b60595efbdde9d59a
745704,641482,96,22,2024-08-21,assessment,mlb_statcast,False,False,scale_double,7f6d93243a7e47d3a78948198dce6f30,bb4dcd5a4c431b74b20b93b9ff6ea5e6af09e5ea1ebcb52b60595efbdde9d59a
745705,543037,72,17,2024-08-22,assessment,mlb_statcast,True,False,scale_double,7f6d93243a7e47d3a78948198dce6f30,bb4dcd5a4c431b74b20b93b9ff6ea5e6af09e5ea1ebcb52b60595efbdde9d59a
745706,573186,83,19,2024-08-25,assessment,mlb_statcast,True,True,scale_double,7f6d93243a7e47d3a78948198dce6f30,bb4dcd5a4c431b74b20b93b9ff6ea5e6af09e5ea1ebcb52b60595efbdde9d59a
745706,573186,92,21,2024-08-25,assessment,mlb_statcast,True,True,scale_double,7f6d93243a7e47d3a78948198dce6f30,bb4dcd5a4c431b74b20b93b9ff6ea5e6af09e5ea1ebcb52b60595efbdde9d59a
745708,543037,72,18,2024-08-10,assessment,mlb_statcast,True,False,scale_double,7f6d93243a7e47d3a78948198dce6f30,bb4dcd5a4c431b74b20b93b9ff6ea5e6af09e5ea1ebcb52b60595efbdde9d59a
745710,641482,71,18,2024-08-08,assessment,mlb_statcast,True,False,scale_double,7f6d93243a7e47d3a78948198dce6f30,bb4dcd5a4c431b74b20b93b9ff6ea5e6af09e5ea1ebcb52b60595efbdde9d59a
745710,641482,82,19,2024-08-08,assessment,mlb_statcast,True,False,scale_double,7f6d93243a7e47d3a78948198dce6f30,bb4dcd5a4c431b74b20b93b9ff6ea5e6af09e5ea1ebcb52b60595efbdde9d59a
745716,543037,89,25,2024-07-24,assessment,mlb_statcast,True,True,scale_double,7f6d93243a7e47d3a78948198dce6f30,bb4dcd5a4c431b74b20b93b9ff6ea5e6af09e5ea1ebcb52b60595efbdde9d59a
745716,543037,100,27,2024-07-24,assessment,mlb_statcast,True,False,scale_double,7f6d93243a7e47d3a78948198dce6f30,bb4dcd5a4c431b74b20b93b9ff6ea5e6af09e5ea1ebcb52b60595efbdde9d59a
745718,543037,78,22,2024-08-04,assessment,mlb_statcast,False,False,scale_double,7f6d93243a7e47d3a78948198dce6f30,bb4dcd5a4c431b74b20b93b9ff6ea5e6af09e5ea1ebcb52b60595efbdde9d59a
745719,592332,85,21,2024-08-02,assessment,mlb_statcast,True,False,scale_double,7f6d93243a7e47d3a78948198dce6f30,bb4dcd5a4c431b74b20b93b9ff6ea5e6af09e5ea1ebcb52b60595efbdde9d59a
745720,641482,79,20,2024-07-20,assessment,mlb_statcast,True,True,scale_double,7f6d93243a7e47d3a78948198dce6f30,bb4dcd5a4c431b74b20b93b9ff6ea5e6af09e5ea1ebcb52b60595efbdde9d59a
745721,543037,73,17,2024-07-19,assessment,mlb_statcast,True,False,scale_double,7f6d93243a7e47d3a78948198dce6f30,bb4dcd5a4c431b74b20b93b9ff6ea5e6af09e5ea1ebcb52b60595efbdde9d59a
745724,543037,57,14,2024-07-06,assessment,mlb_statcast,True,False,scale_double,7f6d93243a7e47d3a78948198dce6f30,bb4dcd5a4c431b74b20b93b9ff6ea5e6af09e5ea1ebcb52b60595efbdde9d59a
745725,641482,86,21,2024-07-05,assessment,mlb_statcast,False,False,scale_double,7f6d93243a7e47d3a78948198dce6f30,bb4dcd5a4c431b74b20b93b9ff6ea5e6af09e5ea1ebcb52b60595efbdde9d59a
745726,573186,85,21,2024-07-04,assessment,mlb_statcast,False,False,scale_double,7f6d93243a7e47d3a78948198dce6f30,bb4dcd5a4c431b74b20b93b9ff6ea5e6af09e5ea1ebcb52b60595efbdde9d59a
745726,573186,87,21,2024-07-04,assessment,mlb_statcast,False,False,scale_double,7f6d93243a7e47d3a78948198dce6f30,bb4dcd5a4c431b74b20b93b9ff6ea5e6af09e5ea1ebcb52b60595efbdde9d59a
745726,573186,99,23,2024-07-04,assessment,mlb_statcast,False,False,scale_double,7f6d93243a7e47d3a78948198dce6f30,bb4dcd5a4c431b74b20b93b9ff6ea5e6af09e5ea1ebcb52b60595efbdde9d59a
745767,554430,76,23,2024-09-22,assessment,mlb_statcast,True,False,scale_double,7f6d93243a7e47d3a78948198dce6f30,bb4dcd5a4c431b74b20b93b9ff6ea5e6af09e5ea1ebcb52b60595efbdde9d59a
745768,640455,86,23,2024-09-21,assessment,mlb_statcast,False,False,scale_double,7f6d93243a7e47d3a78948198dce6f30,bb4dcd5a4c431b74b20b93b9ff6ea5e6af09e5ea1ebcb52b60595efbdde9d59a
745770,650911,79,19,2024-09-20,assessment,mlb_statcast,True,True,scale_double,7f6d93243a7e47d3a78948198dce6f30,bb4dcd5a4c431b74b20b93b9ff6ea5e6af09e5ea1ebcb52b60595efbdde9d59a
745774,622663,75,19,2024-09-08,assessment,mlb_statcast,True,False,scale_double,7f6d93243a7e47d3a78948198dce6f30,bb4dcd5a4c431b74b20b93b9ff6ea5e6af09e5ea1ebcb52b60595efbdde9d59a
745777,640455,79,20,2024-09-06,assessment,mlb_statcast,True,False,scale_double,7f6d93243a7e47d3a78948198dce6f30,bb4dcd5a4c431b74b20b93b9ff6ea5e6af09e5ea1ebcb52b60595efbdde9d59a
745779,622663,81,22,2024-09-02,assessment,mlb_statcast,True,False,scale_double,7f6d93243a7e47d3a78948198dce6f30,bb4dcd5a4c431b74b20b93b9ff6ea5e6af09e5ea1ebcb52b60595efbdde9d59a
745781,640455,61,15,2024-08-21,assessment,mlb_statcast,True,True,scale_double,7f6d93243a7e47d3a78948198dce6f30,bb4dcd5a4c431b74b20b93b9ff6ea5e6af09e5ea1ebcb52b60595efbdde9d59a
745784,640455,86,23,2024-08-16,assessment,mlb_statcast,True,False,scale_double,7f6d93243a7e47d3a78948198dce6f30,bb4dcd5a4c431b74b20b93b9ff6ea5e6af09e5ea1ebcb52b60595efbdde9d59a
745785,622663,90,27,2024-08-17,assessment,mlb_statcast,True,True,scale_double,7f6d93243a7e47d3a78948198dce6f30,bb4dcd5a4c431b74b20b93b9ff6ea5e6af09e5ea1ebcb52b60595efbdde9d59a
745787,640455,62,17,2024-07-30,assessment,mlb_statcast,True,False,scale_double,7f6d93243a7e47d3a78948198dce6f30,bb4dcd5a4c431b74b20b93b9ff6ea5e6af09e5ea1ebcb52b60595efbdde9d59a
745787,640455,75,20,2024-07-30,assessment,mlb_statcast,True,False,scale_double,7f6d93243a7e47d3a78948198dce6f30,bb4dcd5a4c431b74b20b93b9ff6ea5e6af09e5ea1ebcb52b60595efbdde9d59a
745794,622663,82,21,2024-07-25,assessment,mlb_statcast,True,True,scale_double,7f6d93243a7e47d3a78948198dce6f30,bb4dcd5a4c431b74b20b93b9ff6ea5e6af09e5ea1ebcb52b60595efbdde9d59a
745796,622663,92,27,2024-07-10,assessment,mlb_statcast,False,False,scale_double,7f6d93243a7e47d3a78948198dce6f30,bb4dcd5a4c431b74b20b93b9ff6ea5e6af09e5ea1ebcb52b60595efbdde9d59a
745799,656849,99,25,2024-07-11,assessment,mlb_statcast,False,False,scale_double,7f6d93243a7e47d3a78948198dce6f30,bb4dcd5a4c431b74b20b93b9ff6ea5e6af09e5ea1ebcb52b60595efbdde9d59a
745869,666142,96,25,2024-08-14,assessment,mlb_statcast,False,False,scale_double,7f6d93243a7e47d3a78948198dce6f30,bb4dcd5a4c431b74b20b93b9ff6ea5e6af09e5ea1ebcb52b60595efbdde9d59a
745874,663903,83,22,2024-08-12,assessment,mlb_statcast,False,False,scale_double,7f6d93243a7e47d3a78948198dce6f30,bb4dcd5a4c431b74b20b93b9ff6ea5e6af09e5ea1ebcb52b60595efbdde9d59a
745877,605400,59,17,2024-07-24,assessment,mlb_statcast,True,False,scale_double,7f6d93243a7e47d3a78948198dce6f30,bb4dcd5a4c431b74b20b93b9ff6ea5e6af09e5ea1ebcb52b60595efbdde9d59a
745878,554430,99,25,2024-07-23,assessment,mlb_statcast,False,False,scale_double,7f6d93243a7e47d3a78948198dce6f30,bb4dcd5a4c431b74b20b93b9ff6ea5e6af09e5ea1ebcb52b60595efbdde9d59a
745882,650644,78,19,2024-07-21,assessment,mlb_statcast,True,False,scale_double,7f6d93243a7e47d3a78948198dce6f30,bb4dcd5a4c431b74b20b93b9ff6ea5e6af09e5ea1ebcb52b60595efbdde9d59a
745930,640455,69,16,2024-09-27,assessment,mlb_statcast,True,False,scale_double,7f6d93243a7e47d3a78948198dce6f30,bb4dcd5a4c431b74b20b93b9ff6ea5e6af09e5ea1ebcb52b60595efbdde9d59a
745932,656849,70,18,2024-09-29,assessment,mlb_statcast,True,False,scale_double,7f6d93243a7e47d3a78948198dce6f30,bb4dcd5a4c431b74b20b93b9ff6ea5e6af09e5ea1ebcb52b60595efbdde9d59a
745933,605400,68,17,2024-09-18,assessment,mlb_statcast,True,True,scale_double,7f6d93243a7e47d3a78948198dce6f30,bb4dcd5a4c431b74b20b93b9ff6ea5e6af09e5ea1ebcb52b60595efbdde9d59a
745935,554430,99,24,2024-09-17,assessment,mlb_statcast,False,False,scale_double,7f6d93243a7e47d3a78948198dce6f30,bb4dcd5a4c431b74b20b93b9ff6ea5e6af09e5ea1ebcb52b60595efbdde9d59a
745936,650644,71,16,2024-09-21,assessment,mlb_statcast,True,True,scale_double,7f6d93243a7e47d3a78948198dce6f30,bb4dcd5a4c431b74b20b93b9ff6ea5e6af09e5ea1ebcb52b60595efbdde9d59a
745939,650644,81,19,2024-09-16,assessment,mlb_statcast,True,True,scale_double,7f6d93243a7e47d3a78948198dce6f30,bb4dcd5a4c431b74b20b93b9ff6ea5e6af09e5ea1ebcb52b60595efbdde9d59a
745940,607536,66,15,2024-09-08,assessment,mlb_statcast,True,False,scale_double,7f6d93243a7e47d3a78948198dce6f30,bb4dcd5a4c431b74b20b93b9ff6ea5e6af09e5ea1ebcb52b60595efbdde9d59a
745944,650644,72,18,2024-09-03,assessment,mlb_statcast,True,False,scale_double,7f6d93243a7e47d3a78948198dce6f30,bb4dcd5a4c431b74b20b93b9ff6ea5e6af09e5ea1ebcb52b60595efbdde9d59a
745944,650644,76,18,2024-09-03,assessment,mlb_statcast,False,False,scale_double,7f6d93243a7e47d3a78948198dce6f30,bb4dcd5a4c431b74b20b93b9ff6ea5e6af09e5ea1ebcb52b60595efbdde9d59a
745944,650644,88,20,2024-09-03,assessment,mlb_statcast,False,False,scale_double,7f6d93243a7e47d3a78948198dce6f30,bb4dcd5a4c431b74b20b93b9ff6ea5e6af09e5ea1ebcb52b60595efbdde9d59a
745945,650644,74,19,2024-08-29,assessment,mlb_statcast,True,False,scale_double,7f6d93243a7e47d3a78948198dce6f30,bb4dcd5a4c431b74b20b93b9ff6ea5e6af09e5ea1ebcb52b60595efbdde9d59a
745945,650644,79,21,2024-08-29,assessment,mlb_statcast,False,False,scale_double,7f6d93243a7e47d3a78948198dce6f30,bb4dcd5a4c431b74b20b93b9ff6ea5e6af09e5ea1ebcb52b60595efbdde9d59a
745946,657277,93,21,2024-08-27,assessment,mlb_statcast,True,True,scale_double,7f6d93243a7e47d3a78948198dce6f30,bb4dcd5a4c431b74b20b93b9ff6ea5e6af09e5ea1ebcb52b60595efbdde9d59a
745948,594902,75,22,2024-08-18,assessment,mlb_statcast,False,False,scale_double,7f6d93243a7e47d3a78948198dce6f30,bb4dcd5a4c431b74b20b93b9ff6ea5e6af09e5ea1ebcb52b60595efbdde9d59a
745948,594902,80,24,2024-08-18,assessment,mlb_statcast,False,False,scale_double,7f6d93243a7e47d3a78948198dce6f30,bb4dcd5a4c431b74b20b93b9ff6ea5e6af09e5ea1ebcb52b60595efbdde9d59a
745949,650644,87,23,2024-08-16,assessment,mlb_statcast,False,False,scale_double,7f6d93243a7e47d3a78948198dce6f30,bb4dcd5a4c431b74b20b93b9ff6ea5e6af09e5ea1ebcb52b60595efbdde9d59a
745950,656427,92,20,2024-08-15,assessment,mlb_statcast,False,False,scale_double,7f6d93243a7e47d3a78948198dce6f30,bb4dcd5a4c431b74b20b93b9ff6ea5e6af09e5ea1ebcb52b60595efbdde9d59a
745957,650644,49,14,2024-08-09,assessment,mlb_statcast,True,False,scale_double,7f6d93243a7e47d3a78948198dce6f30,bb4dcd5a4c431b74b20b93b9ff6ea5e6af09e5ea1ebcb52b60595efbdde9d59a
745957,650644,54,15,2024-08-09,assessment,mlb_statcast,True,False,scale_double,7f6d93243a7e47d3a78948198dce6f30,bb4dcd5a4c431b74b20b93b9ff6ea5e6af09e5ea1ebcb52b60595efbdde9d59a
745957,650644,58,16,2024-08-09,assessment,mlb_statcast,True,False,scale_double,7f6d93243a7e47d3a78948198dce6f30,bb4dcd5a4c431b74b20b93b9ff6ea5e6af09e5ea1ebcb52b60595efbdde9d59a
745957,650644,64,18,2024-08-09,assessment,mlb_statcast,True,False,scale_double,7f6d93243a7e47d3a78948198dce6f30,bb4dcd5a4c431b74b20b93b9ff6ea5e6af09e5ea1ebcb52b60595efbdde9d59a
745957,650644,93,24,2024-08-09,assessment,mlb_statcast,True,False,scale_double,7f6d93243a7e47d3a78948198dce6f30,bb4dcd5a4c431b74b20b93b9ff6ea5e6af09e5ea1ebcb52b60595efbdde9d59a
745960,519242,75,20,2024-07-31,assessment,mlb_statcast,True,False,scale_double,7f6d93243a7e47d3a78948198dce6f30,bb4dcd5a4c431b74b20b93b9ff6ea5e6af09e5ea1ebcb52b60595efbdde9d59a
745966,650644,71,19,2024-07-27,assessment,mlb_statcast,True,False,scale_double,7f6d93243a7e47d3a78948198dce6f30,bb4dcd5a4c431b74b20b93b9ff6ea5e6af09e5ea1ebcb52b60595efbdde9d59a
745967,650644,77,24,2024-07-11,assessment,mlb_statcast,True,False,scale_double,7f6d93243a7e47d3a78948198dce6f30,bb4dcd5a4c431b74b20b93b9ff6ea5e6af09e5ea1ebcb52b60595efbdde9d59a
745969,527048,88,22,2024-07-10,assessment,mlb_statcast,True,True,scale_double,7f6d93243a7e47d3a78948198dce6f30,bb4dcd5a4c431b74b20b93b9ff6ea5e6af09e5ea1ebcb52b60595efbdde9d59a
746011,656427,71,18,2024-09-19,assessment,mlb_statcast,True,True,scale_double,7f6d93243a7e47d3a78948198dce6f30,bb4dcd5a4c431b74b20b93b9ff6ea5e6af09e5ea1ebcb52b60595efbdde9d59a
746016,554430,77,19,2024-09-06,assessment,mlb_statcast,False,False,scale_double,7f6d93243a7e47d3a78948198dce6f30,bb4dcd5a4c431b74b20b93b9ff6ea5e6af09e5ea1ebcb52b60595efbdde9d59a
746017,665795,78,20,2024-09-08,assessment,mlb_statcast,True,True,scale_double,7f6d93243a7e47d3a78948198dce6f30,bb4dcd5a4c431b74b20b93b9ff6ea5e6af09e5ea1ebcb52b60595efbdde9d59a
746018,605400,61,13,2024-09-07,assessment,mlb_statcast,True,False,scale_double,7f6d93243a7e47d3a78948198dce6f30,bb4dcd5a4c431b74b20b93b9ff6ea5e6af09e5ea1ebcb52b60595efbdde9d59a
746024,543294,69,20,2024-08-23,assessment,mlb_statcast,True,False,scale_double,7f6d93243a7e47d3a78948198dce6f30,bb4dcd5a4c431b74b20b93b9ff6ea5e6af09e5ea1ebcb52b60595efbdde9d59a
746025,656302,63,18,2024-08-11,assessment,mlb_statcast,True,False,scale_double,7f6d93243a7e47d3a78948198dce6f30,bb4dcd5a4c431b74b20b93b9ff6ea5e6af09e5ea1ebcb52b60595efbdde9d59a
746025,656302,73,20,2024-08-11,assessment,mlb_statcast,True,False,scale_double,7f6d93243a7e47d3a78948198dce6f30,bb4dcd5a4c431b74b20b93b9ff6ea5e6af09e5ea1ebcb52b60595efbdde9d59a
746025,656302,82,22,2024-08-11,assessment,mlb_statcast,False,False,scale_double,7f6d93243a7e47d3a78948198dce6f30,bb4dcd5a4c431b74b20b93b9ff6ea5e6af09e5ea1ebcb52b60595efbdde9d59a
746029,593958,99,23,2024-08-20,assessment,mlb_statcast,True,False,scale_double,7f6d93243a7e47d3a78948198dce6f30,bb4dcd5a4c431b74b20b93b9ff6ea5e6af09e5ea1ebcb52b60595efbdde9d59a
746029,665795,74,21,2024-08-20,assessment,mlb_statcast,True,True,scale_double,7f6d93243a7e47d3a78948198dce6f30,bb4dcd5a4c431b74b20b93b9ff6ea5e6af09e5ea1ebcb52b60595efbdde9d59a
746030,668881,71,18,2024-08-08,assessment,mlb_statcast,True,False,scale_double,7f6d93243a7e47d3a78948198dce6f30,bb4dcd5a4c431b74b20b93b9ff6ea5e6af09e5ea1ebcb52b60595efbdde9d59a
746032,527048,89,26,2024-08-09,assessment,mlb_statcast,False,False,scale_double,7f6d93243a7e47d3a78948198dce6f30,bb4dcd5a4c431b74b20b93b9ff6ea5e6af09e5ea1ebcb52b60595efbdde9d59a
746032,665795,91,23,2024-08-09,assessment,mlb_statcast,True,False,scale_double,7f6d93243a7e47d3a78948198dce6f30,bb4dcd5a4c431b74b20b93b9ff6ea5e6af09e5ea1ebcb52b60595efbdde9d59a
746035,665795,82,21,2024-07-24,assessment,mlb_statcast,True,True,scale_double,7f6d93243a7e47d3a78948198dce6f30,bb4dcd5a4c431b74b20b93b9ff6ea5e6af09e5ea1ebcb52b60595efbdde9d59a
746037,669203,69,19,2024-07-25,assessment,mlb_statcast,True,True,scale_double,7f6d93243a7e47d3a78948198dce6f30,bb4dcd5a4c431b74b20b93b9ff6ea5e6af09e5ea1ebcb52b60595efbdde9d59a
746039,665795,81,17,2024-07-07,assessment,mlb_statcast,True,False,scale_double,7f6d93243a7e47d3a78948198dce6f30,bb4dcd5a4c431b74b20b93b9ff6ea5e6af09e5ea1ebcb52b60595efbdde9d59a
746040,665795,75,20,2024-07-19,assessment,mlb_statcast,True,False,scale_double,7f6d93243a7e47d3a78948198dce6f30,bb4dcd5a4c431b74b20b93b9ff6ea5e6af09e5ea1ebcb52b60595efbdde9d59a
746041,622663,76,22,2024-07-20,assessment,mlb_statcast,True,True,scale_double,7f6d93243a7e47d3a78948198dce6f30,bb4dcd5a4c431b74b20b93b9ff6ea5e6af09e5ea1ebcb52b60595efbdde9d59a
746088,605397,75,23,2024-09-26,assessment,mlb_statcast,True,True,scale_double,7f6d93243a7e47d3a78948198dce6f30,bb4dcd5a4c431b74b20b93b9ff6ea5e6af09e5ea1ebcb52b60595efbdde9d59a
746093,650633,85,20,2024-09-24,assessment,mlb_statcast,False,False,scale_double,7f6d93243a7e47d3a78948198dce6f30,bb4dcd5a4c431b74b20b93b9ff6ea5e6af09e5ea1ebcb52b60595efbdde9d59a
746094,607536,81,23,2024-09-20,assessment,mlb_statcast,True,False,scale_double,7f6d93243a7e47d3a78948198dce6f30,bb4dcd5a4c431b74b20b93b9ff6ea5e6af09e5ea1ebcb52b60595efbdde9d59a
746095,656302,61,14,2024-09-25,assessment,mlb_statcast,True,True,scale_double,7f6d93243a7e47d3a78948198dce6f30,bb4dcd5a4c431b74b20b93b9ff6ea5e6af09e5ea1ebcb52b60595efbdde9d59a
746095,656427,68,13,2024-09-25,assessment,mlb_statcast,True,False,scale_double,7f6d93243a7e47d3a78948198dce6f30,bb4dcd5a4c431b74b20b93b9ff6ea5e6af09e5ea1ebcb52b60595efbdde9d59a
746098,656427,81,22,2024-09-08,assessment,mlb_statcast,False,False,scale_double,7f6d93243a7e47d3a78948198dce6f30,bb4dcd5a4c431b74b20b93b9ff6ea5e6af09e5ea1ebcb52b60595efbdde9d59a
746101,543294,69,17,2024-09-09,assessment,mlb_statcast,True,False,scale_double,7f6d93243a7e47d3a78948198dce6f30,bb4dcd5a4c431b74b20b93b9ff6ea5e6af09e5ea1ebcb52b60595efbdde9d59a
746103,669203,57,14,2024-08-28,assessment,mlb_statcast,True,False,scale_double,7f6d93243a7e47d3a78948198dce6f30,bb4dcd5a4c431b74b20b93b9ff6ea5e6af09e5ea1ebcb52b60595efbdde9d59a
746105,656427,89,24,2024-08-27,assessment,mlb_statcast,False,False,scale_double,7f6d93243a7e47d3a78948198dce6f30,bb4dcd5a4c431b74b20b93b9ff6ea5e6af09e5ea1ebcb52b60595efbdde9d59a
746110,656427,73,18,2024-08-21,assessment,mlb_statcast,True,True,scale_double,7f6d93243a7e47d3a78948198dce6f30,bb4dcd5a4c431b74b20b93b9ff6ea5e6af09e5ea1ebcb52b60595efbdde9d59a
746113,656427,95,24,2024-08-09,assessment,mlb_statcast,True,False,scale_double,7f6d93243a7e47d3a78948198dce6f30,bb4dcd5a4c431b74b20b93b9ff6ea5e6af09e5ea1ebcb52b60595efbdde9d59a
746116,605400,76,19,2024-08-05,assessment,mlb_statcast,True,True,scale_double,7f6d93243a7e47d3a78948198dce6f30,bb4dcd5a4c431b74b20b93b9ff6ea5e6af09e5ea1ebcb52b60595efbdde9d59a
746117,657277,90,26,2024-07-25,assessment,mlb_statcast,False,False,scale_double,7f6d93243a7e47d3a78948198dce6f30,bb4dcd5a4c431b74b20b93b9ff6ea5e6af09e5ea1ebcb52b60595efbdde9d59a
746120,650911,66,19,2024-08-06,assessment,mlb_statcast,True,False,scale_double,7f6d93243a7e47d3a78948198dce6f30,bb4dcd5a4c431b74b20b93b9ff6ea5e6af09e5ea1ebcb52b60595efbdde9d59a
746127,650644,76,18,2024-07-05,assessment,mlb_statcast,True,False,scale_double,7f6d93243a7e47d3a78948198dce6f30,bb4dcd5a4c431b74b20b93b9ff6ea5e6af09e5ea1ebcb52b60595efbdde9d59a
746133,669194,53,14,2024-07-02,assessment,mlb_statcast,True,False,scale_double,7f6d93243a7e47d3a78948198dce6f30,bb4dcd5a4c431b74b20b93b9ff6ea5e6af09e5ea1ebcb52b60595efbdde9d59a
746181,579328,75,22,2024-09-13,assessment,mlb_statcast,True,True,scale_double,7f6d93243a7e47d3a78948198dce6f30,bb4dcd5a4c431b74b20b93b9ff6ea5e6af09e5ea1ebcb52b60595efbdde9d59a
746187,592332,90,25,2024-08-13,assessment,mlb_statcast,True,False,scale_double,7f6d93243a7e47d3a78948198dce6f30,bb4dcd5a4c431b74b20b93b9ff6ea5e6af09e5ea1ebcb52b60595efbdde9d59a
746198,607536,84,24,2024-07-31,assessment,mlb_statcast,True,True,scale_double,7f6d93243a7e47d3a78948198dce6f30,bb4dcd5a4c431b74b20b93b9ff6ea5e6af09e5ea1ebcb52b60595efbdde9d59a
746255,663903,81,22,2024-09-21,assessment,mlb_statcast,True,True,scale_double,7f6d93243a7e47d3a78948198dce6f30,bb4dcd5a4c431b74b20b93b9ff6ea5e6af09e5ea1ebcb52b60595efbdde9d59a
746257,666142,54,14,2024-09-06,assessment,mlb_statcast,True,False,scale_double,7f6d93243a7e47d3a78948198dce6f30,bb4dcd5a4c431b74b20b93b9ff6ea5e6af09e5ea1ebcb52b60595efbdde9d59a
746257,666142,64,17,2024-09-06,assessment,mlb_statcast,True,False,scale_double,7f6d93243a7e47d3a78948198dce6f30,bb4dcd5a4c431b74b20b93b9ff6ea5e6af09e5ea1ebcb52b60595efbdde9d59a
746259,679525,75,18,2024-09-07,assessment,mlb_statcast,True,True,scale_double,7f6d93243a7e47d3a78948198dce6f30,bb4dcd5a4c431b74b20b93b9ff6ea5e6af09e5ea1ebcb52b60595efbdde9d59a
746261,666142,89,23,2024-09-17,assessment,mlb_statcast,True,True,scale_double,7f6d93243a7e47d3a78948198dce6f30,bb4dcd5a4c431b74b20b93b9ff6ea5e6af09e5ea1ebcb52b60595efbdde9d59a
746262,594902,69,16,2024-09-04,assessment,mlb_statcast,True,True,scale_double,7f6d93243a7e47d3a78948198dce6f30,bb4dcd5a4c431b74b20b93b9ff6ea5e6af09e5ea1ebcb52b60595efbdde9d59a
746262,594902,79,20,2024-09-04,assessment,mlb_statcast,True,False,scale_double,7f6d93243a7e47d3a78948198dce6f30,bb4dcd5a4c431b74b20b93b9ff6ea5e6af09e5ea1ebcb52b60595efbdde9d59a
746264,663903,71,17,2024-09-03,assessment,mlb_statcast,True,True,scale_double,7f6d93243a7e47d3a78948198dce6f30,bb4dcd5a4c431b74b20b93b9ff6ea5e6af09e5ea1ebcb52b60595efbdde9d59a
746266,542881,90,29,2024-08-20,assessment,mlb_statcast,True,False,scale_double,7f6d93243a7e47d3a78948198dce6f30,bb4dcd5a4c431b74b20b93b9ff6ea5e6af09e5ea1ebcb52b60595efbdde9d59a
746266,542881,94,30,2024-08-20,assessment,mlb_statcast,True,False,scale_double,7f6d93243a7e47d3a78948198dce6f30,bb4dcd5a4c431b74b20b93b9ff6ea5e6af09e5ea1ebcb52b60595efbdde9d59a
746266,666142,78,18,2024-08-20,assessment,mlb_statcast,True,True,scale_double,7f6d93243a7e47d3a78948198dce6f30,bb4dcd5a4c431b74b20b93b9ff6ea5e6af09e5ea1ebcb52b60595efbdde9d59a
746271,663903,69,17,2024-08-24,assessment,mlb_statcast,True,False,scale_double,7f6d93243a7e47d3a78948198dce6f30,bb4dcd5a4c431b74b20b93b9ff6ea5e6af09e5ea1ebcb52b60595efbdde9d59a
746272,666142,101,26,2024-08-07,assessment,mlb_statcast,True,True,scale_double,7f6d93243a7e47d3a78948198dce6f30,bb4dcd5a4c431b74b20b93b9ff6ea5e6af09e5ea1ebcb52b60595efbdde9d59a
746274,666142,84,21,2024-07-28,assessment,mlb_statcast,True,True,scale_double,7f6d93243a7e47d3a78948198dce6f30,bb4dcd5a4c431b74b20b93b9ff6ea5e6af09e5ea1ebcb52b60595efbdde9d59a
746276,663903,81,22,2024-08-05,assessment,mlb_statcast,True,False,scale_double,7f6d93243a7e47d3a78948198dce6f30,bb4dcd5a4c431b74b20b93b9ff6ea5e6af09e5ea1ebcb52b60595efbdde9d59a
746277,543294,76,20,2024-07-26,assessment,mlb_statcast,True,True,scale_double,7f6d93243a7e47d3a78948198dce6f30,bb4dcd5a4c431b74b20b93b9ff6ea5e6af09e5ea1ebcb52b60595efbdde9d59a
746277,663903,78,20,2024-07-26,assessment,mlb_statcast,True,False,scale_double,7f6d93243a7e47d3a78948198dce6f30,bb4dcd5a4c431b74b20b93b9ff6ea5e6af09e5ea1ebcb52b60595efbdde9d59a
746277,663903,81,20,2024-07-26,assessment,mlb_statcast,True,False,scale_double,7f6d93243a7e47d3a78948198dce6f30,bb4dcd5a4c431b74b20b93b9ff6ea5e6af09e5ea1ebcb52b60595efbdde9d59a
746279,669194,74,20,2024-07-24,assessment,mlb_statcast,True,False,scale_double,7f6d93243a7e47d3a78948198dce6f30,bb4dcd5a4c431b74b20b93b9ff6ea5e6af09e5ea1ebcb52b60595efbdde9d59a
746280,666142,99,25,2024-07-22,assessment,mlb_statcast,False,False,scale_double,7f6d93243a7e47d3a78948198dce6f30,bb4dcd5a4c431b74b20b93b9ff6ea5e6af09e5ea1ebcb52b60595efbdde9d59a
746281,679525,87,22,2024-07-23,assessment,mlb_statcast,True,False,scale_double,7f6d93243a7e47d3a78948198dce6f30,bb4dcd5a4c431b74b20b93b9ff6ea5e6af09e5ea1ebcb52b60595efbdde9d59a
746286,663903,78,22,2024-07-20,assessment,mlb_statcast,True,True,scale_double,7f6d93243a7e47d3a78948198dce6f30,bb4dcd5a4c431b74b20b93b9ff6ea5e6af09e5ea1ebcb52b60595efbdde9d59a
746331,579328,80,19,2024-09-25,assessment,mlb_statcast,True,False,scale_double,7f6d93243a7e47d3a78948198dce6f30,bb4dcd5a4c431b74b20b93b9ff6ea5e6af09e5ea1ebcb52b60595efbdde9d59a
746341,579328,76,18,2024-09-19,assessment,mlb_statcast,True,False,scale_double,7f6d93243a7e47d3a78948198dce6f30,bb4dcd5a4c431b74b20b93b9ff6ea5e6af09e5ea1ebcb52b60595efbdde9d59a
746344,579328,82,22,2024-09-07,assessment,mlb_statcast,True,True,scale_double,7f6d93243a7e47d3a78948198dce6f30,bb4dcd5a4c431b74b20b93b9ff6ea5e6af09e5ea1ebcb52b60595efbdde9d59a
746344,593958,83,22,2024-09-07,assessment,mlb_statcast,True,False,scale_double,7f6d93243a7e47d3a78948198dce6f30,bb4dcd5a4c431b74b20b93b9ff6ea5e6af09e5ea1ebcb52b60595efbdde9d59a
746345,669194,74,21,2024-09-08,assessment,mlb_statcast,True,False,scale_double,7f6d93243a7e47d3a78948198dce6f30,bb4dcd5a4c431b74b20b93b9ff6ea5e6af09e5ea1ebcb52b60595efbdde9d59a
746347,679525,65,17,2024-09-01,assessment,mlb_statcast,True,True,scale_double,7f6d93243a7e47d3a78948198dce6f30,bb4dcd5a4c431b74b20b93b9ff6ea5e6af09e5ea1ebcb52b60595efbdde9d59a
746348,579328,73,18,2024-08-31,assessment,mlb_statcast,True,True,scale_double,7f6d93243a7e47d3a78948198dce6f30,bb4dcd5a4c431b74b20b93b9ff6ea5e6af09e5ea1ebcb52b60595efbdde9d59a
746348,666142,80,20,2024-08-31,assessment,mlb_statcast,True,False,scale_double,7f6d93243a7e47d3a78948198dce6f30,bb4dcd5a4c431b74b20b93b9ff6ea5e6af09e5ea1ebcb52b60595efbdde9d59a
746351,579328,70,19,2024-08-19,assessment,mlb_statcast,True,False,scale_double,7f6d93243a7e47d3a78948198dce6f30,bb4dcd5a4c431b74b20b93b9ff6ea5e6af09e5ea1ebcb52b60595efbdde9d59a
746352,663903,92,23,2024-08-29,assessment,mlb_statcast,True,True,scale_double,7f6d93243a7e47d3a78948198dce6f30,bb4dcd5a4c431b74b20b93b9ff6ea5e6af09e5ea1ebcb52b60595efbdde9d59a
746354,579328,66,17,2024-08-02,assessment,mlb_statcast,True,False,scale_double,7f6d93243a7e47d3a78948198dce6f30,bb4dcd5a4c431b74b20b93b9ff6ea5e6af09e5ea1ebcb52b60595efbdde9d59a
746422,669203,88,20,2024-09-14,assessment,mlb_statcast,False,False,scale_double,7f6d93243a7e47d3a78948198dce6f30,bb4dcd5a4c431b74b20b93b9ff6ea5e6af09e5ea1ebcb52b60595efbdde9d59a
746438,543037,64,15,2024-08-16,assessment,mlb_statcast,True,False,scale_double,7f6d93243a7e47d3a78948198dce6f30,bb4dcd5a4c431b74b20b93b9ff6ea5e6af09e5ea1ebcb52b60595efbdde9d59a
746451,594902,78,23,2024-07-09,assessment,mlb_statcast,True,True,scale_double,7f6d93243a7e47d3a78948198dce6f30,bb4dcd5a4c431b74b20b93b9ff6ea5e6af09e5ea1ebcb52b60595efbdde9d59a
746453,681857,92,23,2024-07-10,assessment,mlb_statcast,False,False,scale_double,7f6d93243a7e47d3a78948198dce6f30,bb4dcd5a4c431b74b20b93b9ff6ea5e6af09e5ea1ebcb52b60595efbdde9d59a
746495,502043,75,20,2024-09-26,assessment,mlb_statcast,False,False,scale_double,7f6d93243a7e47d3a78948198dce6f30,bb4dcd5a4c431b74b20b93b9ff6ea5e6af09e5ea1ebcb52b60595efbdde9d59a
746495,607536,63,17,2024-09-26,assessment,mlb_statcast,True,False,scale_double,7f6d93243a7e47d3a78948198dce6f30,bb4dcd5a4c431b74b20b93b9ff6ea5e6af09e5ea1ebcb52b60595efbdde9d59a
746500,593958,65,17,2024-09-18,assessment,mlb_statcast,True,False,scale_double,7f6d93243a7e47d3a78948198dce6f30,bb4dcd5a4c431b74b20b93b9ff6ea5e6af09e5ea1ebcb52b60595efbdde9d59a
746506,543294,70,19,2024-09-15,assessment,mlb_statcast,True,False,scale_double,7f6d93243a7e47d3a78948198dce6f30,bb4dcd5a4c431b74b20b93b9ff6ea5e6af09e5ea1ebcb52b60595efbdde9d59a
746508,607536,89,28,2024-09-14,assessment,mlb_statcast,True,False,scale_double,7f6d93243a7e47d3a78948198dce6f30,bb4dcd5a4c431b74b20b93b9ff6ea5e6af09e5ea1ebcb52b60595efbdde9d59a
746512,607536,63,17,2024-08-28,assessment,mlb_statcast,True,True,scale_double,7f6d93243a7e47d3a78948198dce6f30,bb4dcd5a4c431b74b20b93b9ff6ea5e6af09e5ea1ebcb52b60595efbdde9d59a
746513,665795,60,15,2024-08-26,assessment,mlb_statcast,True,True,scale_double,7f6d93243a7e47d3a78948198dce6f30,bb4dcd5a4c431b74b20b93b9ff6ea5e6af09e5ea1ebcb52b60595efbdde9d59a
746515,607536,93,25,2024-08-17,assessment,mlb_statcast,False,False,scale_double,7f6d93243a7e47d3a78948198dce6f30,bb4dcd5a4c431b74b20b93b9ff6ea5e6af09e5ea1ebcb52b60595efbdde9d59a
746515,656302,68,16,2024-08-17,assessment,mlb_statcast,True,True,scale_double,7f6d93243a7e47d3a78948198dce6f30,bb4dcd5a4c431b74b20b93b9ff6ea5e6af09e5ea1ebcb52b60595efbdde9d59a
746516,605397,63,16,2024-08-18,assessment,mlb_statcast,False,False,scale_double,7f6d93243a7e47d3a78948198dce6f30,bb4dcd5a4c431b74b20b93b9ff6ea5e6af09e5ea1ebcb52b60595efbdde9d59a
746519,622663,70,19,2024-08-06,assessment,mlb_statcast,True,False,scale_double,7f6d93243a7e47d3a78948198dce6f30,bb4dcd5a4c431b74b20b93b9ff6ea5e6af09e5ea1ebcb52b60595efbdde9d59a
746527,657277,83,23,2024-07-20,assessment,mlb_statcast,True,False,scale_double,7f6d93243a7e47d3a78948198dce6f30,bb4dcd5a4c431b74b20b93b9ff6ea5e6af09e5ea1ebcb52b60595efbdde9d59a
746527,657277,94,27,2024-07-20,assessment,mlb_statcast,False,False,scale_double,7f6d93243a7e47d3a78948198dce6f30,bb4dcd5a4c431b74b20b93b9ff6ea5e6af09e5ea1ebcb52b60595efbdde9d59a
746530,663903,82,25,2024-07-07,assessment,mlb_statcast,True,False,scale_double,7f6d93243a7e47d3a78948198dce6f30,bb4dcd5a4c431b74b20b93b9ff6ea5e6af09e5ea1ebcb52b60595efbdde9d59a
746533,666142,81,23,2024-07-05,assessment,mlb_statcast,True,False,scale_double,7f6d93243a7e47d3a78948198dce6f30,bb4dcd5a4c431b74b20b93b9ff6ea5e6af09e5ea1ebcb52b60595efbdde9d59a
746593,594902,90,24,2024-08-30,assessment,mlb_statcast,True,False,scale_double,7f6d93243a7e47d3a78948198dce6f30,bb4dcd5a4c431b74b20b93b9ff6ea5e6af09e5ea1ebcb52b60595efbdde9d59a
746593,594902,94,24,2024-08-30,assessment,mlb_statcast,True,False,scale_double,7f6d93243a7e47d3a78948198dce6f30,bb4dcd5a4c431b74b20b93b9ff6ea5e6af09e5ea1ebcb52b60595efbdde9d59a
746599,594902,85,22,2024-08-24,assessment,mlb_statcast,True,False,scale_double,7f6d93243a7e47d3a78948198dce6f30,bb4dcd5a4c431b74b20b93b9ff6ea5e6af09e5ea1ebcb52b60595efbdde9d59a
746600,671106,72,18,2024-08-05,assessment,mlb_statcast,False,False,scale_double,7f6d93243a7e47d3a78948198dce6f30,bb4dcd5a4c431b74b20b93b9ff6ea5e6af09e5ea1ebcb52b60595efbdde9d59a
746604,594902,89,21,2024-08-07,assessment,mlb_statcast,False,False,scale_double,7f6d93243a7e47d3a78948198dce6f30,bb4dcd5a4c431b74b20b93b9ff6ea5e6af09e5ea1ebcb52b60595efbdde9d59a
746606,669203,68,18,2024-08-04,assessment,mlb_statcast,True,False,scale_double,7f6d93243a7e47d3a78948198dce6f30,bb4dcd5a4c431b74b20b93b9ff6ea5e6af09e5ea1ebcb52b60595efbdde9d59a
746611,656427,89,21,2024-07-24,assessment,mlb_statcast,False,False,scale_double,7f6d93243a7e47d3a78948198dce6f30,bb4dcd5a4c431b74b20b93b9ff6ea5e6af09e5ea1ebcb52b60595efbdde9d59a
746611,656427,93,23,2024-07-24,assessment,mlb_statcast,False,False,scale_double,7f6d93243a7e47d3a78948198dce6f30,bb4dcd5a4c431b74b20b93b9ff6ea5e6af09e5ea1ebcb52b60595efbdde9d59a
746611,656427,95,23,2024-07-24,assessment,mlb_statcast,False,False,scale_double,7f6d93243a7e47d3a78948198dce6f30,bb4dcd5a4c431b74b20b93b9ff6ea5e6af09e5ea1ebcb52b60595efbdde9d59a
746613,656302,65,15,2024-07-20,assessment,mlb_statcast,True,False,scale_double,7f6d93243a7e47d3a78948198dce6f30,bb4dcd5a4c431b74b20b93b9ff6ea5e6af09e5ea1ebcb52b60595efbdde9d59a
746615,671106,65,16,2024-07-06,assessment,mlb_statcast,True,False,scale_double,7f6d93243a7e47d3a78948198dce6f30,bb4dcd5a4c431b74b20b93b9ff6ea5e6af09e5ea1ebcb52b60595efbdde9d59a
746619,594902,89,24,2024-07-04,assessment,mlb_statcast,True,False,scale_double,7f6d93243a7e47d3a78948198dce6f30,bb4dcd5a4c431b74b20b93b9ff6ea5e6af09e5ea1ebcb52b60595efbdde9d59a
746628,666142,92,20,2024-08-26,assessment,mlb_statcast,True,False,scale_double,7f6d93243a7e47d3a78948198dce6f30,bb4dcd5a4c431b74b20b93b9ff6ea5e6af09e5ea1ebcb52b60595efbdde9d59a
746673,668881,85,21,2024-08-13,assessment,mlb_statcast,True,True,scale_double,7f6d93243a7e47d3a78948198dce6f30,bb4dcd5a4c431b74b20b93b9ff6ea5e6af09e5ea1ebcb52b60595efbdde9d59a
746676,663903,62,13,2024-08-18,assessment,mlb_statcast,True,False,scale_double,7f6d93243a7e47d3a78948198dce6f30,bb4dcd5a4c431b74b20b93b9ff6ea5e6af09e5ea1ebcb52b60595efbdde9d59a
746677,502043,82,19,2024-08-14,assessment,mlb_statcast,True,True,scale_double,7f6d93243a7e47d3a78948198dce6f30,bb4dcd5a4c431b74b20b93b9ff6ea5e6af09e5ea1ebcb52b60595efbdde9d59a
746681,668881,86,18,2024-08-03,assessment,mlb_statcast,False,False,scale_double,7f6d93243a7e47d3a78948198dce6f30,bb4dcd5a4c431b74b20b93b9ff6ea5e6af09e5ea1ebcb52b60595efbdde9d59a
746688,668881,83,18,2024-07-11,assessment,mlb_statcast,False,False,scale_double,7f6d93243a7e47d3a78948198dce6f30,bb4dcd5a4c431b74b20b93b9ff6ea5e6af09e5ea1ebcb52b60595efbdde9d59a
746688,668881,92,21,2024-07-11,assessment,mlb_statcast,False,False,scale_double,7f6d93243a7e47d3a78948198dce6f30,bb4dcd5a4c431b74b20b93b9ff6ea5e6af09e5ea1ebcb52b60595efbdde9d59a
746689,607536,81,25,2024-07-10,assessment,mlb_statcast,True,True,scale_double,7f6d93243a7e47d3a78948198dce6f30,bb4dcd5a4c431b74b20b93b9ff6ea5e6af09e5ea1ebcb52b60595efbdde9d59a
746694,668881,84,19,2024-07-06,assessment,mlb_statcast,True,False,scale_double,7f6d93243a7e47d3a78948198dce6f30,bb4dcd5a4c431b74b20b93b9ff6ea5e6af09e5ea1ebcb52b60595efbdde9d59a
746750,640455,85,24,2024-09-01,assessment,mlb_statcast,True,False,scale_double,7f6d93243a7e47d3a78948198dce6f30,bb4dcd5a4c431b74b20b93b9ff6ea5e6af09e5ea1ebcb52b60595efbdde9d59a
746757,641482,101,24,2024-08-13,assessment,mlb_statcast,True,False,scale_double,7f6d93243a7e47d3a78948198dce6f30,bb4dcd5a4c431b74b20b93b9ff6ea5e6af09e5ea1ebcb52b60595efbdde9d59a
746764,663903,71,24,2024-07-31,assessment,mlb_statcast,True,False,scale_double,7f6d93243a7e47d3a78948198dce6f30,bb4dcd5a4c431b74b20b93b9ff6ea5e6af09e5ea1ebcb52b60595efbdde9d59a
746819,543294,74,23,2024-09-28,assessment,mlb_statcast,False,False,scale_double,7f6d93243a7e47d3a78948198dce6f30,bb4dcd5a4c431b74b20b93b9ff6ea5e6af09e5ea1ebcb52b60595efbdde9d59a
746826,543294,77,21,2024-09-21,assessment,mlb_statcast,True,True,scale_double,7f6d93243a7e47d3a78948198dce6f30,bb4dcd5a4c431b74b20b93b9ff6ea5e6af09e5ea1ebcb52b60595efbdde9d59a
746827,543037,81,20,2024-09-08,assessment,mlb_statcast,True,False,scale_double,7f6d93243a7e47d3a78948198dce6f30,bb4dcd5a4c431b74b20b93b9ff6ea5e6af09e5ea1ebcb52b60595efbdde9d59a
746834,543294,79,19,2024-09-03,assessment,mlb_statcast,False,False,scale_double,7f6d93243a7e47d3a78948198dce6f30,bb4dcd5a4c431b74b20b93b9ff6ea5e6af09e5ea1ebcb52b60595efbdde9d59a
746843,543294,75,19,2024-08-16,assessment,mlb_statcast,True,False,scale_double,7f6d93243a7e47d3a78948198dce6f30,bb4dcd5a4c431b74b20b93b9ff6ea5e6af09e5ea1ebcb52b60595efbdde9d59a
746846,502043,96,27,2024-08-03,assessment,mlb_statcast,False,False,scale_double,7f6d93243a7e47d3a78948198dce6f30,bb4dcd5a4c431b74b20b93b9ff6ea5e6af09e5ea1ebcb52b60595efbdde9d59a
746852,543294,84,22,2024-07-20,assessment,mlb_statcast,False,False,scale_double,7f6d93243a7e47d3a78948198dce6f30,bb4dcd5a4c431b74b20b93b9ff6ea5e6af09e5ea1ebcb52b60595efbdde9d59a
746854,669194,74,18,2024-07-19,assessment,mlb_statcast,True,False,scale_double,7f6d93243a7e47d3a78948198dce6f30,bb4dcd5a4c431b74b20b93b9ff6ea5e6af09e5ea1ebcb52b60595efbdde9d59a
746857,650911,57,16,2024-07-04,assessment,mlb_statcast,True,False,scale_double,7f6d93243a7e47d3a78948198dce6f30,bb4dcd5a4c431b74b20b93b9ff6ea5e6af09e5ea1ebcb52b60595efbdde9d59a
746858,554430,100,26,2024-07-03,assessment,mlb_statcast,False,False,scale_double,7f6d93243a7e47d3a78948198dce6f30,bb4dcd5a4c431b74b20b93b9ff6ea5e6af09e5ea1ebcb52b60595efbdde9d59a
746920,669194,74,20,2024-08-23,assessment,mlb_statcast,True,False,scale_double,7f6d93243a7e47d3a78948198dce6f30,bb4dcd5a4c431b74b20b93b9ff6ea5e6af09e5ea1ebcb52b60595efbdde9d59a
746932,663903,71,16,2024-07-14,assessment,mlb_statcast,False,False,scale_double,7f6d93243a7e47d3a78948198dce6f30,bb4dcd5a4c431b74b20b93b9ff6ea5e6af09e5ea1ebcb52b60595efbdde9d59a
746933,641482,72,25,2024-07-26,assessment,mlb_statcast,False,False,scale_double,7f6d93243a7e47d3a78948198dce6f30,bb4dcd5a4c431b74b20b93b9ff6ea5e6af09e5ea1ebcb52b60595efbdde9d59a
746933,641482,80,26,2024-07-26,assessment,mlb_statcast,False,False,scale_double,7f6d93243a7e47d3a78948198dce6f30,bb4dcd5a4c431b74b20b93b9ff6ea5e6af09e5ea1ebcb52b60595efbdde9d59a
746936,666142,93,23,2024-07-12,assessment,mlb_statcast,False,False,scale_double,7f6d93243a7e47d3a78948198dce6f30,bb4dcd5a4c431b74b20b93b9ff6ea5e6af09e5ea1ebcb52b60595efbdde9d59a
746985,657277,86,19,2024-09-19,assessment,mlb_statcast,False,False,scale_double,7f6d93243a7e47d3a78948198dce6f30,bb4dcd5a4c431b74b20b93b9ff6ea5e6af09e5ea1ebcb52b60595efbdde9d59a
746985,657277,88,19,2024-09-19,assessment,mlb_statcast,False,False,scale_double,7f6d93243a7e47d3a78948198dce6f30,bb4dcd5a4c431b74b20b93b9ff6ea5e6af09e5ea1ebcb52b60595efbdde9d59a
746985,657277,90,20,2024-09-19,assessment,mlb_statcast,False,False,scale_double,7f6d93243a7e47d3a78948198dce6f30,bb4dcd5a4c431b74b20b93b9ff6ea5e6af09e5ea1ebcb52b60595efbdde9d59a
746985,657277,92,20,2024-09-19,assessment,mlb_statcast,False,False,scale_double,7f6d93243a7e47d3a78948198dce6f30,bb4dcd5a4c431b74b20b93b9ff6ea5e6af09e5ea1ebcb52b60595efbdde9d59a
746985,657277,95,21,2024-09-19,assessment,mlb_statcast,False,False,scale_double,7f6d93243a7e47d3a78948198dce6f30,bb4dcd5a4c431b74b20b93b9ff6ea5e6af09e5ea1ebcb52b60595efbdde9d59a
746989,669203,60,17,2024-09-08,assessment,mlb_statcast,True,False,scale_double,7f6d93243a7e47d3a78948198dce6f30,bb4dcd5a4c431b74b20b93b9ff6ea5e6af09e5ea1ebcb52b60595efbdde9d59a
746989,669203,69,19,2024-09-08,assessment,mlb_statcast,True,True,scale_double,7f6d93243a7e47d3a78948198dce6f30,bb4dcd5a4c431b74b20b93b9ff6ea5e6af09e5ea1ebcb52b60595efbdde9d59a
746989,669203,79,22,2024-09-08,assessment,mlb_statcast,True,False,scale_double,7f6d93243a7e47d3a78948198dce6f30,bb4dcd5a4c431b74b20b93b9ff6ea5e6af09e5ea1ebcb52b60595efbdde9d59a
746992,669203,27,8,2024-09-02,assessment,mlb_statcast,True,False,scale_double,7f6d93243a7e47d3a78948198dce6f30,bb4dcd5a4c431b74b20b93b9ff6ea5e6af09e5ea1ebcb52b60595efbdde9d59a
746992,669203,76,18,2024-09-02,assessment,mlb_statcast,False,False,scale_double,7f6d93243a7e47d3a78948198dce6f30,bb4dcd5a4c431b74b20b93b9ff6ea5e6af09e5ea1ebcb52b60595efbdde9d59a
746992,669203,78,18,2024-09-02,assessment,mlb_statcast,False,False,scale_double,7f6d93243a7e47d3a78948198dce6f30,bb4dcd5a4c431b74b20b93b9ff6ea5e6af09e5ea1ebcb52b60595efbdde9d59a
746992,669203,87,20,2024-09-02,assessment,mlb_statcast,False,False,scale_double,7f6d93243a7e47d3a78948198dce6f30,bb4dcd5a4c431b74b20b93b9ff6ea5e6af09e5ea1ebcb52b60595efbdde9d59a
746994,579328,82,18,2024-08-25,assessment,mlb_statcast,True,False,scale_double,7f6d93243a7e47d3a78948198dce6f30,bb4dcd5a4c431b74b20b93b9ff6ea5e6af09e5ea1ebcb52b60595efbdde9d59a
746998,669203,87,24,2024-08-22,assessment,mlb_statcast,True,True,scale_double,7f6d93243a7e47d3a78948198dce6f30,bb4dcd5a4c431b74b20b93b9ff6ea5e6af09e5ea1ebcb52b60595efbdde9d59a
747001,669203,80,21,2024-08-16,assessment,mlb_statcast,True,True,scale_double,7f6d93243a7e47d3a78948198dce6f30,bb4dcd5a4c431b74b20b93b9ff6ea5e6af09e5ea1ebcb52b60595efbdde9d59a
747005,669203,65,21,2024-07-30,assessment,mlb_statcast,True,True,scale_double,7f6d93243a7e47d3a78948198dce6f30,bb4dcd5a4c431b74b20b93b9ff6ea5e6af09e5ea1ebcb52b60595efbdde9d59a
747006,650633,73,16,2024-07-27,assessment,mlb_statcast,True,False,scale_double,7f6d93243a7e47d3a78948198dce6f30,bb4dcd5a4c431b74b20b93b9ff6ea5e6af09e5ea1ebcb52b60595efbdde9d59a
747012,543037,70,17,2024-07-12,assessment,mlb_statcast,True,False,scale_double,7f6d93243a7e47d3a78948198dce6f30,bb4dcd5a4c431b74b20b93b9ff6ea5e6af09e5ea1ebcb52b60595efbdde9d59a
747015,669203,72,20,2024-07-10,assessment,mlb_statcast,True,False,scale_double,7f6d93243a7e47d3a78948198dce6f30,bb4dcd5a4c431b74b20b93b9ff6ea5e6af09e5ea1ebcb52b60595efbdde9d59a
747061,679525,74,21,2024-09-29,assessment,mlb_statcast,False,False,scale_double,7f6d93243a7e47d3a78948198dce6f30,bb4dcd5a4c431b74b20b93b9ff6ea5e6af09e5ea1ebcb52b60595efbdde9d59a
747065,663903,93,25,2024-09-27,assessment,mlb_statcast,True,False,scale_double,7f6d93243a7e47d3a78948198dce6f30,bb4dcd5a4c431b74b20b93b9ff6ea5e6af09e5ea1ebcb52b60595efbdde9d59a
747074,592332,88,21,2024-09-06,assessment,mlb_statcast,True,False,scale_double,7f6d93243a7e47d3a78948198dce6f30,bb4dcd5a4c431b74b20b93b9ff6ea5e6af09e5ea1ebcb52b60595efbdde9d59a
747082,650911,82,22,2024-08-22,assessment,mlb_statcast,True,True,scale_double,7f6d93243a7e47d3a78948198dce6f30,bb4dcd5a4c431b74b20b93b9ff6ea5e6af09e5ea1ebcb52b60595efbdde9d59a
747084,605400,87,23,2024-08-21,assessment,mlb_statcast,False,False,scale_double,7f6d93243a7e47d3a78948198dce6f30,bb4dcd5a4c431b74b20b93b9ff6ea5e6af09e5ea1ebcb52b60595efbdde9d59a
747088,665795,68,14,2024-08-04,assessment,mlb_statcast,True,False,scale_double,7f6d93243a7e47d3a78948198dce6f30,bb4dcd5a4c431b74b20b93b9ff6ea5e6af09e5ea1ebcb52b60595efbdde9d59a
747093,502043,95,23,2024-07-20,assessment,mlb_statcast,False,False,scale_double,7f6d93243a7e47d3a78948198dce6f30,bb4dcd5a4c431b74b20b93b9ff6ea5e6af09e5ea1ebcb52b60595efbdde9d59a
747095,668881,68,17,2024-07-22,assessment,mlb_statcast,True,False,scale_double,7f6d93243a7e47d3a78948198dce6f30,bb4dcd5a4c431b74b20b93b9ff6ea5e6af09e5ea1ebcb52b60595efbdde9d59a
747097,605400,82,20,2024-07-05,assessment,mlb_statcast,True,False,scale_double,7f6d93243a7e47d3a78948198dce6f30,bb4dcd5a4c431b74b20b93b9ff6ea5e6af09e5ea1ebcb52b60595efbdde9d59a
747103,657277,98,26,2024-07-04,assessment,mlb_statcast,False,False,scale_double,7f6d93243a7e47d3a78948198dce6f30,bb4dcd5a4c431b74b20b93b9ff6ea5e6af09e5ea1ebcb52b60595efbdde9d59a
747149,657277,86,20,2024-09-24,assessment,mlb_statcast,False,False,scale_double,7f6d93243a7e47d3a78948198dce6f30,bb4dcd5a4c431b74b20b93b9ff6ea5e6af09e5ea1ebcb52b60595efbdde9d59a
747150,593958,103,24,2024-09-23,assessment,mlb_statcast,True,False,scale_double,7f6d93243a7e47d3a78948198dce6f30,bb4dcd5a4c431b74b20b93b9ff6ea5e6af09e5ea1ebcb52b60595efbdde9d59a
747155,656427,87,22,2024-09-02,assessment,mlb_statcast,True,True,scale_double,7f6d93243a7e47d3a78948198dce6f30,bb4dcd5a4c431b74b20b93b9ff6ea5e6af09e5ea1ebcb52b60595efbdde9d59a
747159,669194,81,21,2024-08-29,assessment,mlb_statcast,True,False,scale_double,7f6d93243a7e47d3a78948198dce6f30,bb4dcd5a4c431b74b20b93b9ff6ea5e6af09e5ea1ebcb52b60595efbdde9d59a
747161,593958,86,22,2024-08-28,assessment,mlb_statcast,False,False,scale_double,7f6d93243a7e47d3a78948198dce6f30,bb4dcd5a4c431b74b20b93b9ff6ea5e6af09e5ea1ebcb52b60595efbdde9d59a
747161,622663,73,17,2024-08-28,assessment,mlb_statcast,True,True,scale_double,7f6d93243a7e47d3a78948198dce6f30,bb4dcd5a4c431b74b20b93b9ff6ea5e6af09e5ea1ebcb52b60595efbdde9d59a
747162,640455,87,21,2024-08-27,assessment,mlb_statcast,True,True,scale_double,7f6d93243a7e47d3a78948198dce6f30,bb4dcd5a4c431b74b20b93b9ff6ea5e6af09e5ea1ebcb52b60595efbdde9d59a
747164,605400,74,19,2024-08-10,assessment,mlb_statcast,True,True,scale_double,7f6d93243a7e47d3a78948198dce6f30,bb4dcd5a4c431b74b20b93b9ff6ea5e6af09e5ea1ebcb52b60595efbdde9d59a
747166,650911,80,23,2024-08-11,assessment,mlb_statcast,True,True,scale_double,7f6d93243a7e47d3a78948198dce6f30,bb4dcd5a4c431b74b20b93b9ff6ea5e6af09e5ea1ebcb52b60595efbdde9d59a
747167,669194,67,16,2024-07-30,assessment,mlb_statcast,True,False,scale_double,7f6d93243a7e47d3a78948198dce6f30,bb4dcd5a4c431b74b20b93b9ff6ea5e6af09e5ea1ebcb52b60595efbdde9d59a
747168,554430,100,25,2024-08-09,assessment,mlb_statcast,False,False,scale_double,7f6d93243a7e47d3a78948198dce6f30,bb4dcd5a4c431b74b20b93b9ff6ea5e6af09e5ea1ebcb52b60595efbdde9d59a
747168,669194,67,19,2024-08-09,assessment,mlb_statcast,True,True,scale_double,7f6d93243a7e47d3a78948198dce6f30,bb4dcd5a4c431b74b20b93b9ff6ea5e6af09e5ea1ebcb52b60595efbdde9d59a
747175,669194,84,25,2024-07-12,assessment,mlb_statcast,True,False,scale_double,7f6d93243a7e47d3a78948198dce6f30,bb4dcd5a4c431b74b20b93b9ff6ea5e6af09e5ea1ebcb52b60595efbdde9d59a
747176,579328,73,20,2024-07-14,assessment,mlb_statcast,True,False,scale_double,7f6d93243a7e47d3a78948198dce6f30,bb4dcd5a4c431b74b20b93b9ff6ea5e6af09e5ea1ebcb52b60595efbdde9d59a
